,month,day,time,light,location,intersection,atmosphere,collision,municipality,department,road,traffic,nblanes,reslane,laneprofile,plan,surface,user,sex,route,pedlocation,pedaction,pedcondition,birth,dirtraffic,catvehicle,nboccupants,obstacle,movobstacle,impact,maneuver
262,9,27,2100,5,2,2,1.0,3.0,44.0,590,3.0,2.0,2.0,0.0,1.0,1.0,1.0,1,4,1.0,0.0,0.0,0.0,1962.0,1.0,30,0,0.0,2.0,5.0,15.0
263,9,27,2100,5,2,2,1.0,3.0,44.0,590,3.0,2.0,2.0,0.0,1.0,1.0,1.0,1,4,1.0,0.0,0.0,0.0,1962.0,2.0,7,0,0.0,2.0,2.0,1.0
264,11,26,200,3,1,1,1.0,6.0,44.0,590,3.0,2.0,2.0,1.0,1.0,1.0,1.0,1,1,4.0,0.0,0.0,0.0,1987.0,0.0,7,0,2.0,0.0,1.0,0.0
265,12,3,1745,5,2,1,1.0,1.0,13.0,590,3.0,2.0,0.0,1.0,1.0,1.0,1.0,1,1,4.0,0.0,0.0,0.0,1981.0,2.0,7,0,0.0,2.0,1.0,1.0
266,12,3,1745,5,2,1,1.0,1.0,13.0,590,3.0,2.0,0.0,1.0,1.0,1.0,1.0,1,1,4.0,0.0,0.0,0.0,1981.0,1.0,7,0,0.0,2.0,1.0,1.0
267,12,3,1745,5,2,1,1.0,1.0,13.0,590,3.0,2.0,0.0,1.0,1.0,1.0,1.0,1,1,4.0,0.0,0.0,0.0,1978.0,2.0,7,0,0.0,2.0,1.0,1.0
268,12,3,1745,5,2,1,1.0,1.0,13.0,590,3.0,2.0,0.0,1.0,1.0,1.0,1.0,1,1,4.0,0.0,0.0,0.0,1978.0,1.0,7,0,0.0,2.0,1.0,1.0
269,3,29,1615,1,2,1,1.0,2.0,42.0,590,3.0,2.0,2.0,0.0,1.0,1.0,1.0,1,4,9.0,0.0,0.0,0.0,1945.0,0.0,7,0,0.0,0.0,2.0,2.0
270,3,29,1615,1,2,1,1.0,2.0,42.0,590,3.0,2.0,2.0,0.0,1.0,1.0,1.0,1,4,9.0,0.0,0.0,0.0,1945.0,0.0,1,0,0.0,0.0,4.0,0.0
271,3,29,1615,1,2,1,1.0,2.0,42.0,590,3.0,2.0,2.0,0.0,1.0,1.0,1.0,1,1,9.0,0.0,0.0,0.0,1954.0,0.0,7,0,0.0,0.0,2.0,2.0
272,3,29,1615,1,2,1,1.0,2.0,42.0,590,3.0,2.0,2.0,0.0,1.0,1.0,1.0,1,1,9.0,0.0,0.0,0.0,1954.0,0.0,1,0,0.0,0.0,4.0,0.0
273,4,21,830,1,1,1,1.0,3.0,523.0,590,3.0,2.0,2.0,1.0,1.0,1.0,1.0,1,1,1.0,0.0,0.0,0.0,1981.0,1.0,33,0,0.0,2.0,1.0,1.0
274,4,21,830,1,1,1,1.0,3.0,523.0,590,3.0,2.0,2.0,1.0,1.0,1.0,1.0,1,1,1.0,0.0,0.0,0.0,1981.0,0.0,14,0,0.0,2.0,6.0,10.0
275,4,21,830,1,1,1,1.0,3.0,523.0,590,3.0,2.0,2.0,1.0,1.0,1.0,1.0,1,1,1.0,0.0,0.0,0.0,1985.0,1.0,33,0,0.0,2.0,1.0,1.0
276,4,21,830,1,1,1,1.0,3.0,523.0,590,3.0,2.0,2.0,1.0,1.0,1.0,1.0,1,1,1.0,0.0,0.0,0.0,1985.0,0.0,14,0,0.0,2.0,6.0,10.0
277,7,23,600,2,1,1,1.0,7.0,419.0,590,3.0,2.0,0.0,2.0,1.0,1.0,1.0,1,1,4.0,0.0,0.0,0.0,1994.0,0.0,7,0,0.0,0.0,0.0,0.0
278,7,23,600,2,1,1,1.0,7.0,419.0,590,3.0,2.0,0.0,2.0,1.0,1.0,1.0,4,1,0.0,0.0,0.0,0.0,1992.0,0.0,7,0,0.0,0.0,0.0,0.0
279,7,23,600,2,1,1,1.0,7.0,419.0,590,3.0,2.0,0.0,2.0,1.0,1.0,1.0,4,1,0.0,0.0,0.0,0.0,1991.0,0.0,7,0,0.0,0.0,0.0,0.0
280,7,23,600,2,1,1,1.0,7.0,419.0,590,3.0,2.0,0.0,2.0,1.0,1.0,1.0,4,1,0.0,0.0,0.0,0.0,1992.0,0.0,7,0,0.0,0.0,0.0,0.0
281,7,23,600,2,1,1,1.0,7.0,419.0,590,3.0,2.0,0.0,2.0,1.0,1.0,1.0,4,1,0.0,0.0,0.0,0.0,1993.0,0.0,7,0,0.0,0.0,0.0,0.0
282,10,2,930,1,1,1,3.0,6.0,523.0,590,3.0,0.0,0.0,0.0,0.0,3.0,2.0,1,1,0.0,0.0,0.0,0.0,1975.0,0.0,7,0,8.0,0.0,8.0,0.0
283,1,2,2100,3,1,1,2.0,6.0,643.0,590,3.0,2.0,2.0,0.0,1.0,0.0,2.0,1,1,4.0,0.0,0.0,0.0,1972.0,2.0,7,0,0.0,1.0,2.0,1.0
284,1,2,2100,3,1,1,2.0,6.0,643.0,590,3.0,2.0,2.0,0.0,1.0,0.0,2.0,4,4,0.0,0.0,0.0,0.0,1994.0,2.0,7,0,0.0,1.0,2.0,1.0
285,1,2,2100,3,1,1,2.0,6.0,643.0,590,3.0,2.0,2.0,0.0,1.0,0.0,2.0,3,1,4.0,1.0,3.0,1.0,1956.0,2.0,7,0,0.0,1.0,2.0,1.0
286,1,22,1130,1,1,2,1.0,3.0,643.0,590,3.0,2.0,2.0,2.0,1.0,1.0,1.0,1,1,2.0,0.0,0.0,0.0,1967.0,2.0,7,0,0.0,2.0,5.0,1.0
287,1,22,1130,1,1,2,1.0,3.0,643.0,590,3.0,2.0,2.0,2.0,1.0,1.0,1.0,1,1,2.0,0.0,0.0,0.0,1967.0,0.0,30,0,0.0,2.0,1.0,1.0
288,1,22,1130,1,1,2,1.0,3.0,643.0,590,3.0,2.0,2.0,2.0,1.0,1.0,1.0,1,1,4.0,0.0,0.0,0.0,1962.0,2.0,7,0,0.0,2.0,5.0,1.0
289,1,22,1130,1,1,2,1.0,3.0,643.0,590,3.0,2.0,2.0,2.0,1.0,1.0,1.0,1,1,4.0,0.0,0.0,0.0,1962.0,0.0,30,0,0.0,2.0,1.0,1.0
290,3,20,1615,1,2,1,1.0,5.0,482.0,590,3.0,2.0,2.0,0.0,1.0,1.0,1.0,1,1,4.0,0.0,0.0,0.0,1999.0,2.0,31,0,0.0,2.0,1.0,21.0
291,3,20,1615,1,2,1,1.0,5.0,482.0,590,3.0,2.0,2.0,0.0,1.0,1.0,1.0,1,1,4.0,0.0,0.0,0.0,1999.0,2.0,2,0,0.0,2.0,3.0,15.0
292,3,20,1615,1,2,1,1.0,5.0,482.0,590,3.0,2.0,2.0,0.0,1.0,1.0,1.0,1,1,4.0,0.0,0.0,0.0,1999.0,0.0,7,0,0.0,2.0,4.0,0.0
293,3,20,1615,1,2,1,1.0,5.0,482.0,590,3.0,2.0,2.0,0.0,1.0,1.0,1.0,1,1,4.0,0.0,0.0,0.0,1999.0,2.0,31,0,0.0,2.0,1.0,21.0
294,3,20,1615,1,2,1,1.0,5.0,482.0,590,3.0,2.0,2.0,0.0,1.0,1.0,1.0,1,1,4.0,0.0,0.0,0.0,1999.0,2.0,2,0,0.0,2.0,3.0,15.0
295,3,20,1615,1,2,1,1.0,5.0,482.0,590,3.0,2.0,2.0,0.0,1.0,1.0,1.0,1,1,4.0,0.0,0.0,0.0,1999.0,0.0,7,0,0.0,2.0,4.0,0.0
296,3,20,1615,1,2,1,1.0,5.0,482.0,590,3.0,2.0,2.0,0.0,1.0,1.0,1.0,1,1,0.0,0.0,0.0,0.0,1982.0,2.0,31,0,0.0,2.0,1.0,21.0
297,3,20,1615,1,2,1,1.0,5.0,482.0,590,3.0,2.0,2.0,0.0,1.0,1.0,1.0,1,1,0.0,0.0,0.0,0.0,1982.0,2.0,2,0,0.0,2.0,3.0,15.0
298,3,20,1615,1,2,1,1.0,5.0,482.0,590,3.0,2.0,2.0,0.0,1.0,1.0,1.0,1,1,0.0,0.0,0.0,0.0,1982.0,0.0,7,0,0.0,2.0,4.0,0.0
299,4,2,815,1,2,8,1.0,3.0,482.0,590,3.0,2.0,2.0,0.0,1.0,1.0,1.0,1,1,4.0,0.0,0.0,0.0,1965.0,2.0,1,0,0.0,4.0,2.0,0.0
300,4,2,815,1,2,8,1.0,3.0,482.0,590,3.0,2.0,2.0,0.0,1.0,1.0,1.0,1,1,4.0,0.0,0.0,0.0,1965.0,1.0,39,0,0.0,2.0,3.0,1.0
301,4,2,815,1,2,8,1.0,3.0,482.0,590,3.0,2.0,2.0,0.0,1.0,1.0,1.0,1,1,2.0,0.0,0.0,0.0,1968.0,2.0,1,0,0.0,4.0,2.0,0.0
302,4,2,815,1,2,8,1.0,3.0,482.0,590,3.0,2.0,2.0,0.0,1.0,1.0,1.0,1,1,2.0,0.0,0.0,0.0,1968.0,1.0,39,0,0.0,2.0,3.0,1.0
303,4,2,200,3,1,1,1.0,2.0,252.0,590,3.0,2.0,2.0,2.0,1.0,1.0,1.0,1,4,1.0,0.0,0.0,0.0,1997.0,2.0,7,0,0.0,2.0,2.0,2.0
304,4,2,200,3,1,1,1.0,2.0,252.0,590,3.0,2.0,2.0,2.0,1.0,1.0,1.0,1,4,1.0,0.0,0.0,0.0,1997.0,2.0,1,0,0.0,2.0,8.0,2.0
305,4,2,200,3,1,1,1.0,2.0,252.0,590,3.0,2.0,2.0,2.0,1.0,1.0,1.0,1,1,4.0,0.0,0.0,0.0,1974.0,2.0,7,0,0.0,2.0,2.0,2.0
306,4,2,200,3,1,1,1.0,2.0,252.0,590,3.0,2.0,2.0,2.0,1.0,1.0,1.0,1,1,4.0,0.0,0.0,0.0,1974.0,2.0,1,0,0.0,2.0,8.0,2.0
307,4,15,1000,1,1,1,1.0,6.0,611.0,590,3.0,2.0,2.0,0.0,1.0,3.0,1.0,1,1,4.0,0.0,0.0,0.0,1994.0,2.0,7,0,1.0,0.0,7.0,0.0
308,4,16,1030,1,2,1,1.0,6.0,482.0,590,3.0,0.0,2.0,1.0,0.0,1.0,1.0,1,1,4.0,0.0,0.0,0.0,1987.0,2.0,10,0,2.0,0.0,3.0,14.0
309,5,30,1145,1,1,6,2.0,2.0,173.0,590,3.0,2.0,2.0,0.0,1.0,1.0,2.0,1,1,4.0,0.0,0.0,0.0,1947.0,1.0,7,0,0.0,2.0,6.0,6.0
310,5,30,1145,1,1,6,2.0,2.0,173.0,590,3.0,2.0,2.0,0.0,1.0,1.0,2.0,1,1,4.0,0.0,0.0,0.0,1947.0,1.0,7,0,0.0,2.0,1.0,6.0
311,5,30,1145,1,1,6,2.0,2.0,173.0,590,3.0,2.0,2.0,0.0,1.0,1.0,2.0,1,4,0.0,0.0,0.0,0.0,1985.0,1.0,7,0,0.0,2.0,6.0,6.0
312,5,30,1145,1,1,6,2.0,2.0,173.0,590,3.0,2.0,2.0,0.0,1.0,1.0,2.0,1,4,0.0,0.0,0.0,0.0,1985.0,1.0,7,0,0.0,2.0,1.0,6.0
313,8,9,1345,1,2,6,1.0,3.0,252.0,590,3.0,2.0,2.0,0.0,1.0,1.0,1.0,1,4,4.0,0.0,0.0,0.0,1992.0,2.0,7,0,0.0,2.0,7.0,1.0
314,8,9,1345,1,2,6,1.0,3.0,252.0,590,3.0,2.0,2.0,0.0,1.0,1.0,1.0,1,4,4.0,0.0,0.0,0.0,1992.0,2.0,30,0,0.0,2.0,1.0,1.0
315,8,9,1345,1,2,6,1.0,3.0,252.0,590,3.0,2.0,2.0,0.0,1.0,1.0,1.0,1,1,9.0,0.0,0.0,0.0,1993.0,2.0,7,0,0.0,2.0,7.0,1.0
316,8,9,1345,1,2,6,1.0,3.0,252.0,590,3.0,2.0,2.0,0.0,1.0,1.0,1.0,1,1,9.0,0.0,0.0,0.0,1993.0,2.0,30,0,0.0,2.0,1.0,1.0
317,8,9,1345,1,2,6,1.0,3.0,252.0,590,3.0,2.0,2.0,0.0,1.0,1.0,1.0,4,4,0.0,0.0,0.0,0.0,1993.0,2.0,7,0,0.0,2.0,7.0,1.0
318,8,9,1345,1,2,6,1.0,3.0,252.0,590,3.0,2.0,2.0,0.0,1.0,1.0,1.0,4,4,0.0,0.0,0.0,0.0,1993.0,2.0,30,0,0.0,2.0,1.0,1.0
319,9,10,530,3,1,1,1.0,1.0,252.0,590,3.0,2.0,2.0,0.0,1.0,1.0,1.0,1,1,1.0,0.0,0.0,0.0,1991.0,2.0,7,0,0.0,2.0,3.0,1.0
320,9,10,530,3,1,1,1.0,1.0,252.0,590,3.0,2.0,2.0,0.0,1.0,1.0,1.0,1,1,1.0,0.0,0.0,0.0,1991.0,1.0,7,0,0.0,2.0,3.0,13.0
321,9,10,530,3,1,1,1.0,1.0,252.0,590,3.0,2.0,2.0,0.0,1.0,1.0,1.0,1,1,1.0,0.0,0.0,0.0,1967.0,2.0,7,0,0.0,2.0,3.0,1.0
322,9,10,530,3,1,1,1.0,1.0,252.0,590,3.0,2.0,2.0,0.0,1.0,1.0,1.0,1,1,1.0,0.0,0.0,0.0,1967.0,1.0,7,0,0.0,2.0,3.0,13.0
323,12,24,530,5,1,1,1.0,6.0,173.0,590,3.0,2.0,0.0,1.0,0.0,1.0,2.0,1,1,4.0,0.0,0.0,0.0,1992.0,2.0,7,0,6.0,0.0,8.0,13.0
324,1,9,1600,1,1,9,1.0,7.0,166.0,590,3.0,1.0,2.0,0.0,1.0,1.0,0.0,1,1,4.0,0.0,0.0,0.0,1959.0,0.0,33,0,0.0,0.0,0.0,0.0
325,4,5,1015,1,1,1,1.0,6.0,559.0,590,3.0,2.0,2.0,0.0,1.0,1.0,1.0,1,4,4.0,0.0,0.0,0.0,1997.0,1.0,7,0,13.0,0.0,1.0,1.0
326,4,5,1015,1,1,1,1.0,6.0,559.0,590,3.0,2.0,2.0,0.0,1.0,1.0,1.0,4,4,0.0,0.0,0.0,0.0,2000.0,1.0,7,0,13.0,0.0,1.0,1.0
327,8,8,2315,5,1,1,1.0,6.0,221.0,590,3.0,2.0,0.0,0.0,1.0,1.0,1.0,1,1,4.0,0.0,0.0,0.0,1964.0,0.0,7,0,8.0,0.0,7.0,13.0
328,10,1,1515,1,1,1,1.0,3.0,471.0,590,3.0,2.0,2.0,0.0,2.0,1.0,1.0,1,1,4.0,0.0,0.0,0.0,1990.0,0.0,33,0,0.0,2.0,1.0,1.0
329,10,1,1515,1,1,1,1.0,3.0,471.0,590,3.0,2.0,2.0,0.0,2.0,1.0,1.0,1,1,4.0,0.0,0.0,0.0,1990.0,0.0,21,0,0.0,2.0,2.0,15.0
330,10,1,1515,1,1,1,1.0,3.0,471.0,590,3.0,2.0,2.0,0.0,2.0,1.0,1.0,1,1,2.0,0.0,0.0,0.0,1992.0,0.0,33,0,0.0,2.0,1.0,1.0
331,10,1,1515,1,1,1,1.0,3.0,471.0,590,3.0,2.0,2.0,0.0,2.0,1.0,1.0,1,1,2.0,0.0,0.0,0.0,1992.0,0.0,21,0,0.0,2.0,2.0,15.0
332,4,4,1530,1,1,1,1.0,1.0,313.0,590,3.0,2.0,0.0,0.0,1.0,1.0,2.0,1,4,0.0,0.0,0.0,0.0,1994.0,0.0,7,0,0.0,2.0,1.0,1.0
333,4,4,1530,1,1,1,1.0,1.0,313.0,590,3.0,2.0,0.0,0.0,1.0,1.0,2.0,1,4,0.0,0.0,0.0,0.0,1994.0,0.0,7,0,0.0,2.0,1.0,1.0
334,4,4,1530,1,1,1,1.0,1.0,313.0,590,3.0,2.0,0.0,0.0,1.0,1.0,2.0,4,1,0.0,0.0,0.0,0.0,2014.0,0.0,7,0,0.0,2.0,1.0,1.0
335,4,4,1530,1,1,1,1.0,1.0,313.0,590,3.0,2.0,0.0,0.0,1.0,1.0,2.0,4,1,0.0,0.0,0.0,0.0,2014.0,0.0,7,0,0.0,2.0,1.0,1.0
336,4,4,1530,1,1,1,1.0,1.0,313.0,590,3.0,2.0,0.0,0.0,1.0,1.0,2.0,1,1,0.0,0.0,0.0,0.0,1932.0,0.0,7,0,0.0,2.0,1.0,1.0
337,4,4,1530,1,1,1,1.0,1.0,313.0,590,3.0,2.0,0.0,0.0,1.0,1.0,2.0,1,1,0.0,0.0,0.0,0.0,1932.0,0.0,7,0,0.0,2.0,1.0,1.0
338,4,4,1530,1,1,1,1.0,1.0,313.0,590,3.0,2.0,0.0,0.0,1.0,1.0,2.0,4,4,0.0,0.0,0.0,0.0,1931.0,0.0,7,0,0.0,2.0,1.0,1.0
339,4,4,1530,1,1,1,1.0,1.0,313.0,590,3.0,2.0,0.0,0.0,1.0,1.0,2.0,4,4,0.0,0.0,0.0,0.0,1931.0,0.0,7,0,0.0,2.0,1.0,1.0
340,11,30,1745,3,1,1,1.0,3.0,348.0,590,3.0,2.0,2.0,0.0,1.0,4.0,1.0,1,1,4.0,0.0,0.0,0.0,1993.0,2.0,7,0,0.0,2.0,2.0,1.0
341,11,30,1745,3,1,1,1.0,3.0,348.0,590,3.0,2.0,2.0,0.0,1.0,4.0,1.0,1,1,4.0,0.0,0.0,0.0,1993.0,1.0,7,0,0.0,2.0,1.0,1.0
342,11,30,1745,3,1,1,1.0,3.0,348.0,590,3.0,2.0,2.0,0.0,1.0,4.0,1.0,4,4,0.0,0.0,0.0,0.0,1975.0,2.0,7,0,0.0,2.0,2.0,1.0
343,11,30,1745,3,1,1,1.0,3.0,348.0,590,3.0,2.0,2.0,0.0,1.0,4.0,1.0,4,4,0.0,0.0,0.0,0.0,1975.0,1.0,7,0,0.0,2.0,1.0,1.0
344,11,30,1745,3,1,1,1.0,3.0,348.0,590,3.0,2.0,2.0,0.0,1.0,4.0,1.0,4,4,0.0,0.0,0.0,0.0,1996.0,2.0,7,0,0.0,2.0,2.0,1.0
345,11,30,1745,3,1,1,1.0,3.0,348.0,590,3.0,2.0,2.0,0.0,1.0,4.0,1.0,4,4,0.0,0.0,0.0,0.0,1996.0,1.0,7,0,0.0,2.0,1.0,1.0
346,11,30,1745,3,1,1,1.0,3.0,348.0,590,3.0,2.0,2.0,0.0,1.0,4.0,1.0,1,4,4.0,0.0,0.0,0.0,1979.0,2.0,7,0,0.0,2.0,2.0,1.0
347,11,30,1745,3,1,1,1.0,3.0,348.0,590,3.0,2.0,2.0,0.0,1.0,4.0,1.0,1,4,4.0,0.0,0.0,0.0,1979.0,1.0,7,0,0.0,2.0,1.0,1.0
348,3,15,1730,1,2,1,1.0,6.0,434.0,590,3.0,2.0,2.0,0.0,0.0,0.0,1.0,1,4,9.0,0.0,0.0,0.0,1996.0,0.0,7,0,0.0,1.0,1.0,21.0
349,3,15,1730,1,2,1,1.0,6.0,434.0,590,3.0,2.0,2.0,0.0,0.0,0.0,1.0,3,1,4.0,1.0,1.0,1.0,1980.0,0.0,7,0,0.0,1.0,1.0,21.0
350,8,28,1430,1,1,1,1.0,1.0,238.0,590,3.0,2.0,1.0,0.0,1.0,1.0,1.0,1,1,4.0,0.0,0.0,0.0,1978.0,0.0,33,0,0.0,2.0,1.0,1.0
351,8,28,1430,1,1,1,1.0,1.0,238.0,590,3.0,2.0,1.0,0.0,1.0,1.0,1.0,1,1,4.0,0.0,0.0,0.0,1978.0,0.0,7,0,0.0,2.0,1.0,1.0
352,8,28,1430,1,1,1,1.0,1.0,238.0,590,3.0,2.0,1.0,0.0,1.0,1.0,1.0,4,4,0.0,0.0,0.0,0.0,1968.0,0.0,33,0,0.0,2.0,1.0,1.0
353,8,28,1430,1,1,1,1.0,1.0,238.0,590,3.0,2.0,1.0,0.0,1.0,1.0,1.0,4,4,0.0,0.0,0.0,0.0,1968.0,0.0,7,0,0.0,2.0,1.0,1.0
354,8,28,1430,1,1,1,1.0,1.0,238.0,590,3.0,2.0,1.0,0.0,1.0,1.0,1.0,1,4,4.0,0.0,0.0,0.0,1980.0,0.0,33,0,0.0,2.0,1.0,1.0
355,8,28,1430,1,1,1,1.0,1.0,238.0,590,3.0,2.0,1.0,0.0,1.0,1.0,1.0,1,4,4.0,0.0,0.0,0.0,1980.0,0.0,7,0,0.0,2.0,1.0,1.0
356,2,4,2115,5,2,1,1.0,6.0,374.0,590,3.0,2.0,2.0,0.0,2.0,1.0,1.0,1,1,4.0,0.0,0.0,0.0,1978.0,0.0,7,0,2.0,0.0,1.0,1.0
357,2,4,2115,5,2,1,1.0,6.0,374.0,590,3.0,2.0,2.0,0.0,2.0,1.0,1.0,4,4,0.0,0.0,0.0,0.0,1983.0,0.0,7,0,2.0,0.0,1.0,1.0
358,3,9,2000,5,2,1,1.0,6.0,36.0,590,4.0,1.0,0.0,0.0,1.0,1.0,1.0,3,1,3.0,4.0,1.0,1.0,1990.0,0.0,7,0,0.0,1.0,2.0,15.0
359,4,14,1400,1,1,1,1.0,5.0,35.0,590,2.0,2.0,2.0,0.0,3.0,1.0,1.0,1,1,1.0,0.0,0.0,0.0,1985.0,2.0,7,0,0.0,0.0,1.0,0.0
360,4,14,1400,1,1,1,1.0,5.0,35.0,590,2.0,2.0,2.0,0.0,3.0,1.0,1.0,1,1,1.0,0.0,0.0,0.0,1985.0,2.0,7,0,0.0,2.0,3.0,1.0
361,4,14,1400,1,1,1,1.0,5.0,35.0,590,2.0,2.0,2.0,0.0,3.0,1.0,1.0,1,1,1.0,0.0,0.0,0.0,1985.0,1.0,7,0,0.0,2.0,1.0,13.0
362,4,14,1400,1,1,1,1.0,5.0,35.0,590,2.0,2.0,2.0,0.0,3.0,1.0,1.0,1,4,1.0,0.0,0.0,0.0,1963.0,2.0,7,0,0.0,0.0,1.0,0.0
363,4,14,1400,1,1,1,1.0,5.0,35.0,590,2.0,2.0,2.0,0.0,3.0,1.0,1.0,1,4,1.0,0.0,0.0,0.0,1963.0,2.0,7,0,0.0,2.0,3.0,1.0
364,4,14,1400,1,1,1,1.0,5.0,35.0,590,2.0,2.0,2.0,0.0,3.0,1.0,1.0,1,4,1.0,0.0,0.0,0.0,1963.0,1.0,7,0,0.0,2.0,1.0,13.0
365,4,14,1400,1,1,1,1.0,5.0,35.0,590,2.0,2.0,2.0,0.0,3.0,1.0,1.0,1,1,0.0,0.0,0.0,0.0,1982.0,2.0,7,0,0.0,0.0,1.0,0.0
366,4,14,1400,1,1,1,1.0,5.0,35.0,590,2.0,2.0,2.0,0.0,3.0,1.0,1.0,1,1,0.0,0.0,0.0,0.0,1982.0,2.0,7,0,0.0,2.0,3.0,1.0
367,4,14,1400,1,1,1,1.0,5.0,35.0,590,2.0,2.0,2.0,0.0,3.0,1.0,1.0,1,1,0.0,0.0,0.0,0.0,1982.0,1.0,7,0,0.0,2.0,1.0,13.0
368,6,19,1515,1,1,1,1.0,1.0,534.0,590,3.0,2.0,2.0,0.0,1.0,2.0,1.0,1,1,4.0,0.0,0.0,0.0,2001.0,0.0,36,0,0.0,2.0,7.0,19.0
369,6,19,1515,1,1,1,1.0,1.0,534.0,590,3.0,2.0,2.0,0.0,1.0,2.0,1.0,1,1,4.0,0.0,0.0,0.0,2001.0,1.0,7,0,0.0,2.0,8.0,0.0
370,6,19,1515,1,1,1,1.0,1.0,534.0,590,3.0,2.0,2.0,0.0,1.0,2.0,1.0,1,4,4.0,0.0,0.0,0.0,1989.0,0.0,36,0,0.0,2.0,7.0,19.0
371,6,19,1515,1,1,1,1.0,1.0,534.0,590,3.0,2.0,2.0,0.0,1.0,2.0,1.0,1,4,4.0,0.0,0.0,0.0,1989.0,1.0,7,0,0.0,2.0,8.0,0.0
372,8,16,1345,2,1,1,1.0,7.0,181.0,590,3.0,2.0,0.0,0.0,0.0,2.0,0.0,1,1,1.0,0.0,0.0,0.0,1983.0,0.0,7,0,13.0,0.0,1.0,1.0
373,11,25,930,1,2,1,1.0,1.0,35.0,590,3.0,2.0,0.0,0.0,0.0,1.0,1.0,1,4,1.0,0.0,0.0,0.0,1979.0,0.0,7,0,0.0,9.0,2.0,9.0
374,11,25,930,1,2,1,1.0,1.0,35.0,590,3.0,2.0,0.0,0.0,0.0,1.0,1.0,1,4,1.0,0.0,0.0,0.0,1979.0,0.0,2,0,0.0,2.0,1.0,1.0
375,11,25,930,1,2,1,1.0,1.0,35.0,590,3.0,2.0,0.0,0.0,0.0,1.0,1.0,1,1,3.0,0.0,0.0,0.0,1961.0,0.0,7,0,0.0,9.0,2.0,9.0
376,11,25,930,1,2,1,1.0,1.0,35.0,590,3.0,2.0,0.0,0.0,0.0,1.0,1.0,1,1,3.0,0.0,0.0,0.0,1961.0,0.0,2,0,0.0,2.0,1.0,1.0
377,12,23,1945,3,1,1,2.0,7.0,406.0,590,3.0,2.0,0.0,0.0,0.0,1.0,2.0,1,1,4.0,0.0,0.0,0.0,1960.0,1.0,7,0,0.0,0.0,1.0,1.0
378,1,6,1230,1,2,1,1.0,6.0,12.0,590,3.0,2.0,2.0,0.0,1.0,1.0,1.0,1,4,4.0,0.0,0.0,0.0,1937.0,0.0,7,0,0.0,1.0,1.0,17.0
379,1,6,1230,1,2,1,1.0,6.0,12.0,590,3.0,2.0,2.0,0.0,1.0,1.0,1.0,3,1,4.0,2.0,2.0,1.0,2003.0,0.0,7,0,0.0,1.0,1.0,17.0
380,3,20,300,3,2,1,1.0,7.0,12.0,590,3.0,2.0,2.0,0.0,1.0,1.0,1.0,1,1,4.0,0.0,0.0,0.0,1995.0,0.0,7,0,1.0,0.0,0.0,1.0
381,3,20,300,3,2,1,1.0,7.0,12.0,590,3.0,2.0,2.0,0.0,1.0,1.0,1.0,4,1,0.0,0.0,0.0,0.0,1996.0,0.0,7,0,1.0,0.0,0.0,1.0
382,5,28,2030,2,1,1,1.0,3.0,12.0,590,3.0,2.0,2.0,0.0,1.0,1.0,1.0,1,1,4.0,0.0,0.0,0.0,1990.0,0.0,33,0,0.0,2.0,2.0,1.0
383,5,28,2030,2,1,1,1.0,3.0,12.0,590,3.0,2.0,2.0,0.0,1.0,1.0,1.0,1,1,4.0,0.0,0.0,0.0,1990.0,0.0,7,0,0.0,2.0,2.0,10.0
384,5,28,2030,2,1,1,1.0,3.0,12.0,590,3.0,2.0,2.0,0.0,1.0,1.0,1.0,4,4,0.0,0.0,0.0,0.0,1987.0,0.0,33,0,0.0,2.0,2.0,1.0
385,5,28,2030,2,1,1,1.0,3.0,12.0,590,3.0,2.0,2.0,0.0,1.0,1.0,1.0,4,4,0.0,0.0,0.0,0.0,1987.0,0.0,7,0,0.0,2.0,2.0,10.0
386,5,28,2030,2,1,1,1.0,3.0,12.0,590,3.0,2.0,2.0,0.0,1.0,1.0,1.0,1,4,4.0,0.0,0.0,0.0,1974.0,0.0,33,0,0.0,2.0,2.0,1.0
387,5,28,2030,2,1,1,1.0,3.0,12.0,590,3.0,2.0,2.0,0.0,1.0,1.0,1.0,1,4,4.0,0.0,0.0,0.0,1974.0,0.0,7,0,0.0,2.0,2.0,10.0
388,8,12,1715,1,1,1,1.0,1.0,249.0,590,3.0,3.0,4.0,0.0,1.0,1.0,1.0,1,1,4.0,0.0,0.0,0.0,1998.0,0.0,31,0,0.0,2.0,1.0,1.0
389,8,12,1715,1,1,1,1.0,1.0,249.0,590,3.0,3.0,4.0,0.0,1.0,1.0,1.0,1,1,4.0,0.0,0.0,0.0,1998.0,0.0,10,0,0.0,2.0,2.0,15.0
390,8,12,1715,1,1,1,1.0,1.0,249.0,590,3.0,3.0,4.0,0.0,1.0,1.0,1.0,4,4,0.0,0.0,0.0,0.0,1998.0,0.0,31,0,0.0,2.0,1.0,1.0
391,8,12,1715,1,1,1,1.0,1.0,249.0,590,3.0,3.0,4.0,0.0,1.0,1.0,1.0,4,4,0.0,0.0,0.0,0.0,1998.0,0.0,10,0,0.0,2.0,2.0,15.0
392,8,12,1715,1,1,1,1.0,1.0,249.0,590,3.0,3.0,4.0,0.0,1.0,1.0,1.0,1,4,4.0,0.0,0.0,0.0,1960.0,0.0,31,0,0.0,2.0,1.0,1.0