,month,day,time,light,location,intersection,atmosphere,collision,municipality,department,road,traffic,nblanes,reslane,laneprofile,plan,surface,user,sex,route,pedlocation,pedaction,pedcondition,birth,dirtraffic,catvehicle,nboccupants,obstacle,movobstacle,impact,maneuver
393,8,12,1715,1,1,1,1.0,1.0,249.0,590,3.0,3.0,4.0,0.0,1.0,1.0,1.0,1,4,4.0,0.0,0.0,0.0,1960.0,0.0,10,0,0.0,2.0,2.0,15.0
394,11,26,1745,1,2,1,1.0,6.0,249.0,590,4.0,2.0,2.0,0.0,1.0,1.0,1.0,1,1,9.0,0.0,0.0,0.0,1994.0,1.0,7,0,2.0,0.0,1.0,1.0
395,11,27,1800,5,2,1,8.0,6.0,249.0,590,3.0,2.0,2.0,0.0,1.0,3.0,1.0,1,1,4.0,0.0,0.0,0.0,1977.0,0.0,7,0,0.0,1.0,3.0,0.0
396,11,27,1800,5,2,1,8.0,6.0,249.0,590,3.0,2.0,2.0,0.0,1.0,3.0,1.0,4,4,0.0,0.0,0.0,0.0,1988.0,0.0,7,0,0.0,1.0,3.0,0.0
397,11,27,1800,5,2,1,8.0,6.0,249.0,590,3.0,2.0,2.0,0.0,1.0,3.0,1.0,4,4,0.0,0.0,0.0,0.0,2010.0,0.0,7,0,0.0,1.0,3.0,0.0
398,11,27,1800,5,2,1,8.0,6.0,249.0,590,3.0,2.0,2.0,0.0,1.0,3.0,1.0,4,1,0.0,0.0,0.0,0.0,2007.0,0.0,7,0,0.0,1.0,3.0,0.0
399,11,27,1800,5,2,1,8.0,6.0,249.0,590,3.0,2.0,2.0,0.0,1.0,3.0,1.0,4,4,0.0,0.0,0.0,0.0,2005.0,0.0,7,0,0.0,1.0,3.0,0.0
400,11,27,1800,5,2,1,8.0,6.0,249.0,590,3.0,2.0,2.0,0.0,1.0,3.0,1.0,3,4,4.0,1.0,3.0,1.0,1941.0,0.0,7,0,0.0,1.0,3.0,0.0
401,12,2,745,2,2,1,5.0,7.0,12.0,590,4.0,2.0,2.0,0.0,1.0,3.0,2.0,1,4,4.0,0.0,0.0,0.0,1972.0,2.0,7,0,0.0,0.0,3.0,1.0
402,12,2,745,2,2,1,5.0,7.0,12.0,590,4.0,2.0,2.0,0.0,1.0,3.0,2.0,4,4,0.0,0.0,0.0,0.0,2005.0,2.0,7,0,0.0,0.0,3.0,1.0
403,12,2,745,2,2,1,5.0,7.0,12.0,590,4.0,2.0,2.0,0.0,1.0,3.0,2.0,4,4,0.0,0.0,0.0,0.0,2005.0,2.0,7,0,0.0,0.0,3.0,1.0
404,12,2,1345,1,2,1,5.0,6.0,12.0,590,4.0,2.0,0.0,0.0,1.0,1.0,2.0,1,1,4.0,0.0,0.0,0.0,1948.0,0.0,7,0,8.0,0.0,2.0,1.0
405,12,5,815,1,2,2,1.0,3.0,249.0,590,4.0,2.0,0.0,0.0,1.0,1.0,1.0,1,4,0.0,0.0,0.0,0.0,1992.0,0.0,7,0,0.0,2.0,3.0,1.0
406,12,5,815,1,2,2,1.0,3.0,249.0,590,4.0,2.0,0.0,0.0,1.0,1.0,1.0,1,4,0.0,0.0,0.0,0.0,1992.0,0.0,7,0,0.0,2.0,3.0,1.0
407,12,5,815,1,2,2,1.0,3.0,249.0,590,4.0,2.0,0.0,0.0,1.0,1.0,1.0,1,1,9.0,0.0,0.0,0.0,1933.0,0.0,7,0,0.0,2.0,3.0,1.0
408,12,5,815,1,2,2,1.0,3.0,249.0,590,4.0,2.0,0.0,0.0,1.0,1.0,1.0,1,1,9.0,0.0,0.0,0.0,1933.0,0.0,7,0,0.0,2.0,3.0,1.0
409,12,9,2000,3,1,1,2.0,7.0,12.0,590,3.0,2.0,0.0,0.0,1.0,2.0,2.0,1,1,4.0,0.0,0.0,0.0,1997.0,0.0,7,0,13.0,0.0,1.0,1.0
410,12,13,1530,1,1,1,1.0,6.0,659.0,590,3.0,0.0,0.0,0.0,1.0,1.0,1.0,1,1,4.0,0.0,0.0,0.0,1954.0,0.0,7,0,13.0,0.0,2.0,1.0
411,12,18,345,5,2,1,9.0,6.0,249.0,590,4.0,2.0,2.0,0.0,2.0,1.0,2.0,1,1,4.0,0.0,0.0,0.0,1994.0,0.0,7,0,6.0,0.0,9.0,0.0
412,12,18,345,5,2,1,9.0,6.0,249.0,590,4.0,2.0,2.0,0.0,2.0,1.0,2.0,4,1,0.0,0.0,0.0,0.0,1995.0,0.0,7,0,6.0,0.0,9.0,0.0
413,12,18,345,5,2,1,9.0,6.0,249.0,590,4.0,2.0,2.0,0.0,2.0,1.0,2.0,4,4,0.0,0.0,0.0,0.0,2000.0,0.0,7,0,6.0,0.0,9.0,0.0
414,12,18,345,5,2,1,9.0,6.0,249.0,590,4.0,2.0,2.0,0.0,2.0,1.0,2.0,4,1,0.0,0.0,0.0,0.0,1997.0,0.0,7,0,6.0,0.0,9.0,0.0
415,12,18,345,5,2,1,9.0,6.0,249.0,590,4.0,2.0,2.0,0.0,2.0,1.0,2.0,4,1,0.0,0.0,0.0,0.0,1996.0,0.0,7,0,6.0,0.0,9.0,0.0
416,7,24,2115,1,2,1,1.0,6.0,425.0,590,3.0,2.0,0.0,0.0,1.0,2.0,1.0,1,1,4.0,0.0,0.0,0.0,1996.0,0.0,2,0,8.0,0.0,1.0,0.0
417,8,2,1515,1,1,1,2.0,1.0,503.0,590,3.0,2.0,2.0,0.0,2.0,3.0,2.0,1,1,2.0,0.0,0.0,0.0,1965.0,2.0,17,0,0.0,2.0,1.0,1.0
418,8,2,1515,1,1,1,2.0,1.0,503.0,590,3.0,2.0,2.0,0.0,2.0,3.0,2.0,1,1,2.0,0.0,0.0,0.0,1965.0,1.0,7,0,0.0,2.0,1.0,13.0
419,8,2,1515,1,1,1,2.0,1.0,503.0,590,3.0,2.0,2.0,0.0,2.0,3.0,2.0,1,4,9.0,0.0,0.0,0.0,1976.0,2.0,17,0,0.0,2.0,1.0,1.0
420,8,2,1515,1,1,1,2.0,1.0,503.0,590,3.0,2.0,2.0,0.0,2.0,3.0,2.0,1,4,9.0,0.0,0.0,0.0,1976.0,1.0,7,0,0.0,2.0,1.0,13.0
421,8,2,1515,1,1,1,2.0,1.0,503.0,590,3.0,2.0,2.0,0.0,2.0,3.0,2.0,4,1,0.0,0.0,0.0,0.0,1972.0,2.0,17,0,0.0,2.0,1.0,1.0
422,8,2,1515,1,1,1,2.0,1.0,503.0,590,3.0,2.0,2.0,0.0,2.0,3.0,2.0,4,1,0.0,0.0,0.0,0.0,1972.0,1.0,7,0,0.0,2.0,1.0,13.0
423,8,2,1515,1,1,1,2.0,1.0,503.0,590,3.0,2.0,2.0,0.0,2.0,3.0,2.0,4,1,0.0,0.0,0.0,0.0,2009.0,2.0,17,0,0.0,2.0,1.0,1.0
424,8,2,1515,1,1,1,2.0,1.0,503.0,590,3.0,2.0,2.0,0.0,2.0,3.0,2.0,4,1,0.0,0.0,0.0,0.0,2009.0,1.0,7,0,0.0,2.0,1.0,13.0
425,10,21,615,5,2,1,5.0,1.0,99.0,590,3.0,2.0,0.0,0.0,1.0,1.0,2.0,1,1,2.0,0.0,0.0,0.0,1962.0,2.0,15,0,0.0,2.0,8.0,1.0
426,10,21,615,5,2,1,5.0,1.0,99.0,590,3.0,2.0,0.0,0.0,1.0,1.0,2.0,1,1,2.0,0.0,0.0,0.0,1962.0,1.0,7,0,0.0,2.0,1.0,1.0
427,10,21,615,5,2,1,5.0,1.0,99.0,590,3.0,2.0,0.0,0.0,1.0,1.0,2.0,1,4,1.0,0.0,0.0,0.0,1990.0,2.0,15,0,0.0,2.0,8.0,1.0
428,10,21,615,5,2,1,5.0,1.0,99.0,590,3.0,2.0,0.0,0.0,1.0,1.0,2.0,1,4,1.0,0.0,0.0,0.0,1990.0,1.0,7,0,0.0,2.0,1.0,1.0
429,10,29,1545,1,1,1,1.0,7.0,353.0,590,3.0,2.0,1.0,0.0,0.0,2.0,1.0,1,1,9.0,0.0,0.0,0.0,1958.0,2.0,33,0,15.0,0.0,1.0,0.0
430,11,10,730,2,1,1,1.0,5.0,194.0,590,3.0,2.0,2.0,0.0,4.0,1.0,2.0,1,1,1.0,0.0,0.0,0.0,1966.0,1.0,7,0,0.0,2.0,1.0,1.0
431,11,10,730,2,1,1,1.0,5.0,194.0,590,3.0,2.0,2.0,0.0,4.0,1.0,2.0,1,1,1.0,0.0,0.0,0.0,1966.0,1.0,7,0,0.0,2.0,2.0,1.0
432,11,10,730,2,1,1,1.0,5.0,194.0,590,3.0,2.0,2.0,0.0,4.0,1.0,2.0,1,1,1.0,0.0,0.0,0.0,1966.0,2.0,7,0,0.0,2.0,1.0,14.0
433,11,10,730,2,1,1,1.0,5.0,194.0,590,3.0,2.0,2.0,0.0,4.0,1.0,2.0,1,1,2.0,0.0,0.0,0.0,1970.0,1.0,7,0,0.0,2.0,1.0,1.0
434,11,10,730,2,1,1,1.0,5.0,194.0,590,3.0,2.0,2.0,0.0,4.0,1.0,2.0,1,1,2.0,0.0,0.0,0.0,1970.0,1.0,7,0,0.0,2.0,2.0,1.0
435,11,10,730,2,1,1,1.0,5.0,194.0,590,3.0,2.0,2.0,0.0,4.0,1.0,2.0,1,1,2.0,0.0,0.0,0.0,1970.0,2.0,7,0,0.0,2.0,1.0,14.0
436,11,10,730,2,1,1,1.0,5.0,194.0,590,3.0,2.0,2.0,0.0,4.0,1.0,2.0,1,1,4.0,0.0,0.0,0.0,1998.0,1.0,7,0,0.0,2.0,1.0,1.0
437,11,10,730,2,1,1,1.0,5.0,194.0,590,3.0,2.0,2.0,0.0,4.0,1.0,2.0,1,1,4.0,0.0,0.0,0.0,1998.0,1.0,7,0,0.0,2.0,2.0,1.0
438,11,10,730,2,1,1,1.0,5.0,194.0,590,3.0,2.0,2.0,0.0,4.0,1.0,2.0,1,1,4.0,0.0,0.0,0.0,1998.0,2.0,7,0,0.0,2.0,1.0,14.0
439,12,17,45,5,2,1,1.0,6.0,194.0,590,3.0,2.0,0.0,0.0,0.0,1.0,1.0,1,1,0.0,0.0,0.0,0.0,1986.0,2.0,7,0,8.0,0.0,1.0,0.0
440,8,21,1245,1,2,1,1.0,1.0,261.0,590,4.0,0.0,0.0,0.0,0.0,0.0,0.0,1,1,4.0,0.0,0.0,0.0,1993.0,0.0,7,0,0.0,2.0,3.0,5.0
441,8,21,1245,1,2,1,1.0,1.0,261.0,590,4.0,0.0,0.0,0.0,0.0,0.0,0.0,1,1,4.0,0.0,0.0,0.0,1993.0,0.0,3,0,12.0,0.0,3.0,5.0
442,8,21,1245,1,2,1,1.0,1.0,261.0,590,4.0,0.0,0.0,0.0,0.0,0.0,0.0,1,1,4.0,0.0,0.0,0.0,1959.0,0.0,7,0,0.0,2.0,3.0,5.0
443,8,21,1245,1,2,1,1.0,1.0,261.0,590,4.0,0.0,0.0,0.0,0.0,0.0,0.0,1,1,4.0,0.0,0.0,0.0,1959.0,0.0,3,0,12.0,0.0,3.0,5.0
444,12,10,1000,1,1,1,9.0,6.0,601.0,590,3.0,2.0,2.0,0.0,0.0,1.0,7.0,1,4,1.0,0.0,0.0,0.0,1992.0,1.0,7,0,2.0,0.0,3.0,19.0
445,12,26,2045,3,1,1,5.0,3.0,229.0,590,3.0,2.0,0.0,0.0,2.0,3.0,9.0,1,4,1.0,0.0,0.0,0.0,1993.0,0.0,7,0,0.0,2.0,8.0,13.0
446,12,26,2045,3,1,1,5.0,3.0,229.0,590,3.0,2.0,0.0,0.0,2.0,3.0,9.0,1,4,1.0,0.0,0.0,0.0,1993.0,0.0,7,0,0.0,2.0,1.0,1.0
447,12,26,2045,3,1,1,5.0,3.0,229.0,590,3.0,2.0,0.0,0.0,2.0,3.0,9.0,1,1,4.0,0.0,0.0,0.0,1968.0,0.0,7,0,0.0,2.0,8.0,13.0
448,12,26,2045,3,1,1,5.0,3.0,229.0,590,3.0,2.0,0.0,0.0,2.0,3.0,9.0,1,1,4.0,0.0,0.0,0.0,1968.0,0.0,7,0,0.0,2.0,1.0,1.0
449,1,23,1845,1,1,1,1.0,1.0,23.0,590,3.0,2.0,2.0,0.0,1.0,1.0,1.0,1,1,4.0,0.0,0.0,0.0,1994.0,1.0,7,0,0.0,2.0,1.0,1.0
450,1,23,1845,1,1,1,1.0,1.0,23.0,590,3.0,2.0,2.0,0.0,1.0,1.0,1.0,1,1,4.0,0.0,0.0,0.0,1994.0,2.0,7,0,0.0,2.0,1.0,5.0
451,1,23,1845,1,1,1,1.0,1.0,23.0,590,3.0,2.0,2.0,0.0,1.0,1.0,1.0,4,4,0.0,0.0,0.0,0.0,1995.0,1.0,7,0,0.0,2.0,1.0,1.0
452,1,23,1845,1,1,1,1.0,1.0,23.0,590,3.0,2.0,2.0,0.0,1.0,1.0,1.0,4,4,0.0,0.0,0.0,0.0,1995.0,2.0,7,0,0.0,2.0,1.0,5.0
453,1,23,1845,1,1,1,1.0,1.0,23.0,590,3.0,2.0,2.0,0.0,1.0,1.0,1.0,1,1,4.0,0.0,0.0,0.0,1989.0,1.0,7,0,0.0,2.0,1.0,1.0
454,1,23,1845,1,1,1,1.0,1.0,23.0,590,3.0,2.0,2.0,0.0,1.0,1.0,1.0,1,1,4.0,0.0,0.0,0.0,1989.0,2.0,7,0,0.0,2.0,1.0,5.0
455,1,23,1845,1,1,1,1.0,1.0,23.0,590,3.0,2.0,2.0,0.0,1.0,1.0,1.0,4,1,0.0,0.0,0.0,0.0,1995.0,1.0,7,0,0.0,2.0,1.0,1.0
456,1,23,1845,1,1,1,1.0,1.0,23.0,590,3.0,2.0,2.0,0.0,1.0,1.0,1.0,4,1,0.0,0.0,0.0,0.0,1995.0,2.0,7,0,0.0,2.0,1.0,5.0
457,4,3,1630,1,1,1,1.0,6.0,595.0,590,3.0,2.0,0.0,0.0,1.0,1.0,1.0,1,1,4.0,0.0,0.0,0.0,1989.0,0.0,33,0,0.0,0.0,8.0,1.0
458,2,7,615,5,2,1,2.0,6.0,274.0,590,3.0,2.0,0.0,0.0,1.0,3.0,2.0,1,1,4.0,0.0,0.0,0.0,1994.0,2.0,7,0,5.0,0.0,1.0,1.0
459,2,7,615,5,2,1,2.0,6.0,274.0,590,3.0,2.0,0.0,0.0,1.0,3.0,2.0,4,4,0.0,0.0,0.0,0.0,1992.0,2.0,7,0,5.0,0.0,1.0,1.0
460,2,7,615,5,2,1,2.0,6.0,274.0,590,3.0,2.0,0.0,0.0,1.0,3.0,2.0,4,1,0.0,0.0,0.0,0.0,1994.0,2.0,7,0,5.0,0.0,1.0,1.0
461,8,23,2115,3,1,1,1.0,3.0,136.0,590,3.0,2.0,0.0,0.0,1.0,1.0,1.0,1,1,1.0,0.0,0.0,0.0,1992.0,0.0,33,0,0.0,2.0,1.0,1.0
462,8,23,2115,3,1,1,1.0,3.0,136.0,590,3.0,2.0,0.0,0.0,1.0,1.0,1.0,1,1,1.0,0.0,0.0,0.0,1992.0,0.0,10,0,0.0,2.0,1.0,2.0
463,8,23,2115,3,1,1,1.0,3.0,136.0,590,3.0,2.0,0.0,0.0,1.0,1.0,1.0,1,1,4.0,0.0,0.0,0.0,1967.0,0.0,33,0,0.0,2.0,1.0,1.0
464,8,23,2115,3,1,1,1.0,3.0,136.0,590,3.0,2.0,0.0,0.0,1.0,1.0,1.0,1,1,4.0,0.0,0.0,0.0,1967.0,0.0,10,0,0.0,2.0,1.0,2.0
465,10,16,1015,1,2,1,1.0,6.0,136.0,590,4.0,2.0,2.0,0.0,3.0,1.0,1.0,1,1,3.0,0.0,0.0,0.0,1953.0,0.0,7,0,0.0,1.0,2.0,1.0
466,10,16,1015,1,2,1,1.0,6.0,136.0,590,4.0,2.0,2.0,0.0,3.0,1.0,1.0,3,1,4.0,2.0,3.0,4.0,1945.0,0.0,7,0,0.0,1.0,2.0,1.0
467,10,16,1015,1,2,1,1.0,6.0,136.0,590,4.0,2.0,2.0,0.0,3.0,1.0,1.0,3,4,4.0,2.0,3.0,4.0,1947.0,0.0,7,0,0.0,1.0,2.0,1.0
468,10,20,1030,1,1,1,1.0,3.0,450.0,590,3.0,2.0,0.0,0.0,1.0,1.0,1.0,1,1,0.0,0.0,0.0,0.0,1975.0,0.0,16,0,0.0,2.0,3.0,2.0
469,10,20,1030,1,1,1,1.0,3.0,450.0,590,3.0,2.0,0.0,0.0,1.0,1.0,1.0,1,1,0.0,0.0,0.0,0.0,1975.0,0.0,15,0,0.0,2.0,5.0,17.0
470,10,20,1030,1,1,1,1.0,3.0,450.0,590,3.0,2.0,0.0,0.0,1.0,1.0,1.0,1,1,2.0,0.0,0.0,0.0,1959.0,0.0,16,0,0.0,2.0,3.0,2.0
471,10,20,1030,1,1,1,1.0,3.0,450.0,590,3.0,2.0,0.0,0.0,1.0,1.0,1.0,1,1,2.0,0.0,0.0,0.0,1959.0,0.0,15,0,0.0,2.0,5.0,17.0
472,6,20,1500,1,2,1,3.0,6.0,139.0,590,3.0,2.0,0.0,0.0,1.0,1.0,2.0,3,1,4.0,2.0,3.0,1.0,1964.0,0.0,7,0,0.0,1.0,3.0,0.0
473,6,21,2315,5,2,1,1.0,6.0,321.0,590,3.0,2.0,2.0,0.0,1.0,1.0,1.0,1,1,4.0,0.0,0.0,0.0,1982.0,0.0,7,0,14.0,2.0,2.0,21.0
474,6,21,2315,5,2,1,1.0,6.0,321.0,590,3.0,2.0,2.0,0.0,1.0,1.0,1.0,4,4,0.0,0.0,0.0,0.0,1985.0,0.0,7,0,14.0,2.0,2.0,21.0
475,6,21,2315,5,2,1,1.0,6.0,321.0,590,3.0,2.0,2.0,0.0,1.0,1.0,1.0,4,1,0.0,0.0,0.0,0.0,2015.0,0.0,7,0,14.0,2.0,2.0,21.0
476,6,21,2315,5,2,1,1.0,6.0,321.0,590,3.0,2.0,2.0,0.0,1.0,1.0,1.0,4,1,0.0,0.0,0.0,0.0,1997.0,0.0,7,0,14.0,2.0,2.0,21.0
477,6,21,2315,5,2,1,1.0,6.0,321.0,590,3.0,2.0,2.0,0.0,1.0,1.0,1.0,4,1,0.0,0.0,0.0,0.0,2009.0,0.0,7,0,14.0,2.0,2.0,21.0
478,8,27,2115,5,2,1,1.0,1.0,139.0,590,4.0,3.0,0.0,0.0,1.0,1.0,1.0,1,1,4.0,0.0,0.0,0.0,1990.0,0.0,7,0,0.0,2.0,1.0,13.0
479,8,27,2115,5,2,1,1.0,1.0,139.0,590,4.0,3.0,0.0,0.0,1.0,1.0,1.0,1,1,4.0,0.0,0.0,0.0,1990.0,0.0,33,0,0.0,2.0,1.0,1.0
480,8,27,2115,5,2,1,1.0,1.0,139.0,590,4.0,3.0,0.0,0.0,1.0,1.0,1.0,1,1,3.0,0.0,0.0,0.0,1962.0,0.0,7,0,0.0,2.0,1.0,13.0
481,8,27,2115,5,2,1,1.0,1.0,139.0,590,4.0,3.0,0.0,0.0,1.0,1.0,1.0,1,1,3.0,0.0,0.0,0.0,1962.0,0.0,33,0,0.0,2.0,1.0,1.0
482,9,3,1730,1,2,1,1.0,6.0,139.0,590,4.0,1.0,1.0,0.0,1.0,1.0,1.0,1,4,4.0,0.0,0.0,0.0,1977.0,0.0,7,0,0.0,1.0,2.0,1.0
483,9,3,1730,1,2,1,1.0,6.0,139.0,590,4.0,1.0,1.0,0.0,1.0,1.0,1.0,3,1,4.0,4.0,4.0,4.0,2010.0,0.0,7,0,0.0,1.0,2.0,1.0
484,9,10,200,3,1,1,1.0,6.0,614.0,590,3.0,2.0,2.0,0.0,1.0,0.0,1.0,1,1,4.0,0.0,0.0,0.0,1967.0,1.0,33,0,13.0,0.0,1.0,1.0
485,2,5,1530,1,2,2,1.0,3.0,382.0,590,3.0,2.0,2.0,0.0,1.0,1.0,1.0,1,1,4.0,0.0,0.0,0.0,1996.0,0.0,32,0,0.0,2.0,1.0,1.0
486,2,5,1530,1,2,2,1.0,3.0,382.0,590,3.0,2.0,2.0,0.0,1.0,1.0,1.0,1,1,4.0,0.0,0.0,0.0,1996.0,0.0,7,0,0.0,2.0,2.0,1.0
487,2,5,1530,1,2,2,1.0,3.0,382.0,590,3.0,2.0,2.0,0.0,1.0,1.0,1.0,1,1,4.0,0.0,0.0,0.0,1942.0,0.0,32,0,0.0,2.0,1.0,1.0
488,2,5,1530,1,2,2,1.0,3.0,382.0,590,3.0,2.0,2.0,0.0,1.0,1.0,1.0,1,1,4.0,0.0,0.0,0.0,1942.0,0.0,7,0,0.0,2.0,2.0,1.0
489,5,30,1330,1,1,1,3.0,1.0,209.0,590,3.0,2.0,2.0,0.0,2.0,4.0,2.0,1,1,4.0,0.0,0.0,0.0,1992.0,0.0,7,0,0.0,2.0,1.0,17.0
490,5,30,1330,1,1,1,3.0,1.0,209.0,590,3.0,2.0,2.0,0.0,2.0,4.0,2.0,1,1,4.0,0.0,0.0,0.0,1992.0,0.0,7,0,0.0,0.0,1.0,1.0
491,5,30,1330,1,1,1,3.0,1.0,209.0,590,3.0,2.0,2.0,0.0,2.0,4.0,2.0,1,4,1.0,0.0,0.0,0.0,1961.0,0.0,7,0,0.0,2.0,1.0,17.0
492,5,30,1330,1,1,1,3.0,1.0,209.0,590,3.0,2.0,2.0,0.0,2.0,4.0,2.0,1,4,1.0,0.0,0.0,0.0,1961.0,0.0,7,0,0.0,0.0,1.0,1.0
493,12,9,1145,1,1,1,1.0,6.0,149.0,590,3.0,2.0,2.0,0.0,2.0,3.0,1.0,1,1,9.0,0.0,0.0,0.0,1960.0,2.0,7,0,2.0,0.0,3.0,1.0
494,5,27,1700,1,1,1,1.0,6.0,595.0,590,3.0,2.0,0.0,1.0,1.0,1.0,1.0,1,4,1.0,0.0,0.0,0.0,1991.0,1.0,33,0,0.0,1.0,1.0,18.0
495,5,27,1700,1,1,1,1.0,6.0,595.0,590,3.0,2.0,0.0,1.0,1.0,1.0,1.0,3,1,9.0,8.0,3.0,1.0,1970.0,1.0,33,0,0.0,1.0,1.0,18.0
496,7,22,2100,1,1,1,1.0,7.0,1.0,590,3.0,3.0,2.0,0.0,1.0,1.0,1.0,1,1,0.0,0.0,0.0,0.0,1991.0,0.0,7,0,0.0,0.0,1.0,1.0
497,8,26,2100,1,1,1,1.0,6.0,121.0,590,3.0,2.0,0.0,0.0,1.0,1.0,1.0,1,1,9.0,0.0,0.0,0.0,1980.0,2.0,2,0,15.0,0.0,1.0,1.0
498,12,15,630,5,2,1,1.0,6.0,552.0,590,3.0,1.0,1.0,0.0,2.0,2.0,1.0,1,1,9.0,0.0,0.0,0.0,1982.0,1.0,10,0,6.0,0.0,1.0,0.0
499,7,22,1330,1,2,1,1.0,1.0,377.0,590,3.0,2.0,0.0,0.0,1.0,1.0,1.0,1,1,2.0,0.0,0.0,0.0,1987.0,2.0,15,0,14.0,0.0,0.0,1.0
500,7,22,1330,1,2,1,1.0,1.0,377.0,590,3.0,2.0,0.0,0.0,1.0,1.0,1.0,1,1,2.0,0.0,0.0,0.0,1987.0,1.0,2,0,0.0,9.0,0.0,1.0
501,7,22,1330,1,2,1,1.0,1.0,377.0,590,3.0,2.0,0.0,0.0,1.0,1.0,1.0,1,1,4.0,0.0,0.0,0.0,1970.0,2.0,15,0,14.0,0.0,0.0,1.0
502,7,22,1330,1,2,1,1.0,1.0,377.0,590,3.0,2.0,0.0,0.0,1.0,1.0,1.0,1,1,4.0,0.0,0.0,0.0,1970.0,1.0,2,0,0.0,9.0,0.0,1.0
503,8,8,1700,1,2,1,1.0,3.0,97.0,590,3.0,2.0,0.0,0.0,2.0,1.0,1.0,1,1,2.0,0.0,0.0,0.0,1983.0,1.0,15,0,0.0,2.0,2.0,1.0
504,8,8,1700,1,2,1,1.0,3.0,97.0,590,3.0,2.0,0.0,0.0,2.0,1.0,1.0,1,1,2.0,0.0,0.0,0.0,1983.0,0.0,30,0,0.0,2.0,7.0,1.0
505,8,8,1700,1,2,1,1.0,3.0,97.0,590,3.0,2.0,0.0,0.0,2.0,1.0,1.0,1,1,4.0,0.0,0.0,0.0,2002.0,1.0,15,0,0.0,2.0,2.0,1.0
506,8,8,1700,1,2,1,1.0,3.0,97.0,590,3.0,2.0,0.0,0.0,2.0,1.0,1.0,1,1,4.0,0.0,0.0,0.0,2002.0,0.0,30,0,0.0,2.0,7.0,1.0
507,8,8,1700,1,2,1,1.0,3.0,97.0,590,3.0,2.0,0.0,0.0,2.0,1.0,1.0,4,1,0.0,0.0,0.0,0.0,2000.0,1.0,15,0,0.0,2.0,2.0,1.0
508,8,8,1700,1,2,1,1.0,3.0,97.0,590,3.0,2.0,0.0,0.0,2.0,1.0,1.0,4,1,0.0,0.0,0.0,0.0,2000.0,0.0,30,0,0.0,2.0,7.0,1.0
509,8,19,2200,3,1,1,1.0,2.0,176.0,590,3.0,2.0,2.0,0.0,1.0,1.0,2.0,1,1,4.0,0.0,0.0,0.0,1996.0,2.0,2,0,0.0,2.0,4.0,2.0
510,8,19,2200,3,1,1,1.0,2.0,176.0,590,3.0,2.0,2.0,0.0,1.0,1.0,2.0,1,1,4.0,0.0,0.0,0.0,1996.0,2.0,7,0,0.0,2.0,2.0,2.0
511,8,19,2200,3,1,1,1.0,2.0,176.0,590,3.0,2.0,2.0,0.0,1.0,1.0,2.0,1,1,4.0,0.0,0.0,0.0,1984.0,2.0,2,0,0.0,2.0,4.0,2.0
512,8,19,2200,3,1,1,1.0,2.0,176.0,590,3.0,2.0,2.0,0.0,1.0,1.0,2.0,1,1,4.0,0.0,0.0,0.0,1984.0,2.0,7,0,0.0,2.0,2.0,2.0
513,2,6,1400,1,1,1,1.0,6.0,571.0,590,4.0,2.0,0.0,0.0,0.0,1.0,1.0,1,1,2.0,0.0,0.0,0.0,1970.0,0.0,38,0,0.0,1.0,2.0,1.0
514,2,6,1400,1,1,1,1.0,6.0,571.0,590,4.0,2.0,0.0,0.0,0.0,1.0,1.0,3,4,9.0,4.0,3.0,4.0,1982.0,0.0,38,0,0.0,1.0,2.0,1.0
515,2,24,1345,1,1,1,1.0,1.0,289.0,590,3.0,2.0,2.0,0.0,1.0,1.0,1.0,1,4,1.0,0.0,0.0,0.0,1976.0,1.0,7,0,0.0,2.0,2.0,5.0
516,2,24,1345,1,1,1,1.0,1.0,289.0,590,3.0,2.0,2.0,0.0,1.0,1.0,1.0,1,4,1.0,0.0,0.0,0.0,1976.0,2.0,15,0,0.0,2.0,3.0,0.0
517,2,24,1345,1,1,1,1.0,1.0,289.0,590,3.0,2.0,2.0,0.0,1.0,1.0,1.0,1,1,2.0,0.0,0.0,0.0,1973.0,1.0,7,0,0.0,2.0,2.0,5.0
518,2,24,1345,1,1,1,1.0,1.0,289.0,590,3.0,2.0,2.0,0.0,1.0,1.0,1.0,1,1,2.0,0.0,0.0,0.0,1973.0,2.0,15,0,0.0,2.0,3.0,0.0
519,6,16,300,3,2,1,1.0,7.0,571.0,590,3.0,2.0,2.0,0.0,1.0,0.0,0.0,1,4,4.0,0.0,0.0,0.0,1982.0,2.0,7,0,6.0,0.0,1.0,1.0
520,7,8,1830,1,2,1,1.0,6.0,571.0,590,3.0,2.0,2.0,0.0,0.0,1.0,1.0,1,1,1.0,0.0,0.0,0.0,1959.0,0.0,7,0,0.0,1.0,3.0,1.0
521,7,8,1830,1,2,1,1.0,6.0,571.0,590,3.0,2.0,2.0,0.0,0.0,1.0,1.0,3,4,4.0,4.0,4.0,1.0,2001.0,0.0,7,0,0.0,1.0,3.0,1.0
522,9,12,945,1,2,1,1.0,6.0,289.0,590,3.0,2.0,2.0,0.0,1.0,1.0,1.0,1,1,1.0,0.0,0.0,0.0,1998.0,2.0,7,0,0.0,1.0,3.0,1.0