,month,day,time,light,location,intersection,atmosphere,collision,municipality,department,road,traffic,nblanes,reslane,laneprofile,plan,surface,user,sex,route,pedlocation,pedaction,pedcondition,birth,dirtraffic,catvehicle,nboccupants,obstacle,movobstacle,impact,maneuver
523,9,12,945,1,2,1,1.0,6.0,289.0,590,3.0,2.0,2.0,0.0,1.0,1.0,1.0,3,1,3.0,4.0,4.0,4.0,2011.0,2.0,7,0,0.0,1.0,3.0,1.0
524,11,2,2230,3,1,1,1.0,6.0,608.0,590,3.0,2.0,0.0,0.0,1.0,1.0,1.0,1,1,4.0,0.0,0.0,0.0,1984.0,1.0,33,0,13.0,0.0,1.0,0.0
525,2,11,645,2,2,1,1.0,7.0,26.0,590,3.0,2.0,2.0,0.0,1.0,1.0,1.0,1,1,1.0,0.0,0.0,0.0,1964.0,1.0,30,0,0.0,0.0,1.0,1.0
526,7,2,1400,1,2,1,1.0,6.0,224.0,590,3.0,2.0,0.0,0.0,1.0,2.0,1.0,1,1,4.0,0.0,0.0,0.0,1988.0,1.0,33,0,6.0,0.0,1.0,14.0
527,8,28,2000,2,2,1,1.0,3.0,15.0,590,3.0,2.0,0.0,0.0,2.0,1.0,1.0,1,1,4.0,0.0,0.0,0.0,1996.0,2.0,7,0,0.0,2.0,7.0,11.0
528,8,28,2000,2,2,1,1.0,3.0,15.0,590,3.0,2.0,0.0,0.0,2.0,1.0,1.0,1,1,4.0,0.0,0.0,0.0,1996.0,1.0,33,0,0.0,2.0,2.0,1.0
529,8,28,2000,2,2,1,1.0,3.0,15.0,590,3.0,2.0,0.0,0.0,2.0,1.0,1.0,1,1,4.0,0.0,0.0,0.0,1961.0,2.0,7,0,0.0,2.0,7.0,11.0
530,8,28,2000,2,2,1,1.0,3.0,15.0,590,3.0,2.0,0.0,0.0,2.0,1.0,1.0,1,1,4.0,0.0,0.0,0.0,1961.0,1.0,33,0,0.0,2.0,2.0,1.0
531,12,17,2100,5,2,1,2.0,1.0,224.0,590,4.0,2.0,0.0,0.0,1.0,1.0,2.0,1,1,4.0,0.0,0.0,0.0,1980.0,0.0,7,0,0.0,2.0,3.0,17.0
532,12,17,2100,5,2,1,2.0,1.0,224.0,590,4.0,2.0,0.0,0.0,1.0,1.0,2.0,1,1,4.0,0.0,0.0,0.0,1980.0,0.0,35,0,0.0,2.0,7.0,21.0
533,12,17,2100,5,2,1,2.0,1.0,224.0,590,4.0,2.0,0.0,0.0,1.0,1.0,2.0,1,1,4.0,0.0,0.0,0.0,1997.0,0.0,7,0,0.0,2.0,3.0,17.0
534,12,17,2100,5,2,1,2.0,1.0,224.0,590,4.0,2.0,0.0,0.0,1.0,1.0,2.0,1,1,4.0,0.0,0.0,0.0,1997.0,0.0,35,0,0.0,2.0,7.0,21.0
535,12,21,500,3,1,6,1.0,7.0,126.0,590,3.0,3.0,2.0,0.0,1.0,1.0,2.0,1,1,4.0,0.0,0.0,0.0,1971.0,1.0,7,0,14.0,0.0,1.0,1.0
536,12,27,1015,1,2,6,1.0,3.0,409.0,590,3.0,2.0,2.0,0.0,1.0,1.0,1.0,1,4,9.0,0.0,0.0,0.0,1972.0,1.0,7,0,0.0,2.0,3.0,19.0
537,12,27,1015,1,2,6,1.0,3.0,409.0,590,3.0,2.0,2.0,0.0,1.0,1.0,1.0,1,4,9.0,0.0,0.0,0.0,1972.0,2.0,1,0,0.0,2.0,1.0,19.0
538,12,27,1015,1,2,6,1.0,3.0,409.0,590,3.0,2.0,2.0,0.0,1.0,1.0,1.0,1,1,4.0,0.0,0.0,0.0,1970.0,1.0,7,0,0.0,2.0,3.0,19.0
539,12,27,1015,1,2,6,1.0,3.0,409.0,590,3.0,2.0,2.0,0.0,1.0,1.0,1.0,1,1,4.0,0.0,0.0,0.0,1970.0,2.0,1,0,0.0,2.0,1.0,19.0
540,1,28,715,3,2,1,1.0,6.0,158.0,590,3.0,2.0,0.0,0.0,1.0,1.0,1.0,1,1,1.0,0.0,0.0,0.0,1968.0,2.0,7,0,0.0,1.0,2.0,1.0
541,1,28,715,3,2,1,1.0,6.0,158.0,590,3.0,2.0,0.0,0.0,1.0,1.0,1.0,3,4,1.0,4.0,3.0,1.0,1958.0,2.0,7,0,0.0,1.0,2.0,1.0
542,7,9,2100,1,2,1,1.0,2.0,80.0,590,3.0,0.0,1.0,0.0,1.0,1.0,1.0,1,1,0.0,0.0,0.0,0.0,1974.0,0.0,2,0,0.0,0.0,4.0,1.0
543,7,9,2100,1,2,1,1.0,2.0,80.0,590,3.0,0.0,1.0,0.0,1.0,1.0,1.0,1,1,0.0,0.0,0.0,0.0,1974.0,0.0,2,0,0.0,0.0,1.0,2.0
544,7,9,2100,1,2,1,1.0,2.0,80.0,590,3.0,0.0,1.0,0.0,1.0,1.0,1.0,1,1,0.0,0.0,0.0,0.0,1970.0,0.0,2,0,0.0,0.0,4.0,1.0
545,7,9,2100,1,2,1,1.0,2.0,80.0,590,3.0,0.0,1.0,0.0,1.0,1.0,1.0,1,1,0.0,0.0,0.0,0.0,1970.0,0.0,2,0,0.0,0.0,1.0,2.0
546,8,30,1500,1,2,1,7.0,6.0,29.0,590,3.0,2.0,0.0,0.0,1.0,1.0,1.0,1,1,1.0,0.0,0.0,0.0,1969.0,0.0,7,0,0.0,1.0,2.0,1.0
547,8,30,1500,1,2,1,7.0,6.0,29.0,590,3.0,2.0,0.0,0.0,1.0,1.0,1.0,3,4,4.0,1.0,3.0,1.0,1932.0,0.0,7,0,0.0,1.0,2.0,1.0
548,9,2,1315,1,1,1,1.0,4.0,449.0,590,3.0,2.0,0.0,0.0,1.0,1.0,1.0,1,1,3.0,0.0,0.0,0.0,1969.0,0.0,7,0,0.0,2.0,1.0,1.0
549,9,2,1315,1,1,1,1.0,4.0,449.0,590,3.0,2.0,0.0,0.0,1.0,1.0,1.0,1,1,3.0,0.0,0.0,0.0,1969.0,0.0,7,0,0.0,2.0,8.0,0.0
550,9,2,1315,1,1,1,1.0,4.0,449.0,590,3.0,2.0,0.0,0.0,1.0,1.0,1.0,1,1,3.0,0.0,0.0,0.0,1969.0,0.0,7,0,0.0,2.0,1.0,11.0
551,9,2,1315,1,1,1,1.0,4.0,449.0,590,3.0,2.0,0.0,0.0,1.0,1.0,1.0,1,1,1.0,0.0,0.0,0.0,1994.0,0.0,7,0,0.0,2.0,1.0,1.0
552,9,2,1315,1,1,1,1.0,4.0,449.0,590,3.0,2.0,0.0,0.0,1.0,1.0,1.0,1,1,1.0,0.0,0.0,0.0,1994.0,0.0,7,0,0.0,2.0,8.0,0.0
553,9,2,1315,1,1,1,1.0,4.0,449.0,590,3.0,2.0,0.0,0.0,1.0,1.0,1.0,1,1,1.0,0.0,0.0,0.0,1994.0,0.0,7,0,0.0,2.0,1.0,11.0
554,9,2,1315,1,1,1,1.0,4.0,449.0,590,3.0,2.0,0.0,0.0,1.0,1.0,1.0,1,1,4.0,0.0,0.0,0.0,1975.0,0.0,7,0,0.0,2.0,1.0,1.0
555,9,2,1315,1,1,1,1.0,4.0,449.0,590,3.0,2.0,0.0,0.0,1.0,1.0,1.0,1,1,4.0,0.0,0.0,0.0,1975.0,0.0,7,0,0.0,2.0,8.0,0.0
556,9,2,1315,1,1,1,1.0,4.0,449.0,590,3.0,2.0,0.0,0.0,1.0,1.0,1.0,1,1,4.0,0.0,0.0,0.0,1975.0,0.0,7,0,0.0,2.0,1.0,11.0
557,9,13,1000,1,2,1,1.0,1.0,435.0,590,4.0,0.0,2.0,0.0,0.0,1.0,1.0,1,1,4.0,0.0,0.0,0.0,1926.0,1.0,1,0,0.0,2.0,2.0,1.0
558,9,13,1000,1,2,1,1.0,1.0,435.0,590,4.0,0.0,2.0,0.0,0.0,1.0,1.0,1,1,4.0,0.0,0.0,0.0,1926.0,2.0,10,0,0.0,2.0,6.0,4.0
559,9,13,1000,1,2,1,1.0,1.0,435.0,590,4.0,0.0,2.0,0.0,0.0,1.0,1.0,1,1,2.0,0.0,0.0,0.0,1990.0,1.0,1,0,0.0,2.0,2.0,1.0
560,9,13,1000,1,2,1,1.0,1.0,435.0,590,4.0,0.0,2.0,0.0,0.0,1.0,1.0,1,1,2.0,0.0,0.0,0.0,1990.0,2.0,10,0,0.0,2.0,6.0,4.0
561,10,14,800,2,1,1,1.0,6.0,158.0,590,3.0,2.0,2.0,0.0,0.0,1.0,0.0,1,1,1.0,0.0,0.0,0.0,1982.0,2.0,7,0,0.0,1.0,1.0,1.0
562,10,14,800,2,1,1,1.0,6.0,158.0,590,3.0,2.0,2.0,0.0,0.0,1.0,0.0,3,4,4.0,2.0,3.0,1.0,2002.0,2.0,7,0,0.0,1.0,1.0,1.0
563,10,30,1445,1,2,1,1.0,2.0,29.0,590,3.0,2.0,2.0,0.0,1.0,1.0,1.0,1,1,4.0,0.0,0.0,0.0,1970.0,2.0,7,0,0.0,2.0,5.0,15.0
564,10,30,1445,1,2,1,1.0,2.0,29.0,590,3.0,2.0,2.0,0.0,1.0,1.0,1.0,1,1,4.0,0.0,0.0,0.0,1970.0,2.0,33,0,0.0,2.0,1.0,1.0
565,10,30,1445,1,2,1,1.0,2.0,29.0,590,3.0,2.0,2.0,0.0,1.0,1.0,1.0,1,1,4.0,0.0,0.0,0.0,1977.0,2.0,7,0,0.0,2.0,5.0,15.0
566,10,30,1445,1,2,1,1.0,2.0,29.0,590,3.0,2.0,2.0,0.0,1.0,1.0,1.0,1,1,4.0,0.0,0.0,0.0,1977.0,2.0,33,0,0.0,2.0,1.0,1.0
567,11,19,900,1,1,1,7.0,3.0,435.0,590,3.0,2.0,0.0,2.0,1.0,1.0,3.0,1,1,4.0,0.0,0.0,0.0,1988.0,0.0,1,0,0.0,2.0,0.0,0.0
568,11,19,900,1,1,1,7.0,3.0,435.0,590,3.0,2.0,0.0,2.0,1.0,1.0,3.0,1,1,4.0,0.0,0.0,0.0,1988.0,0.0,7,0,0.0,9.0,2.0,19.0
569,11,19,900,1,1,1,7.0,3.0,435.0,590,3.0,2.0,0.0,2.0,1.0,1.0,3.0,1,1,9.0,0.0,0.0,0.0,1979.0,0.0,1,0,0.0,2.0,0.0,0.0
570,11,19,900,1,1,1,7.0,3.0,435.0,590,3.0,2.0,0.0,2.0,1.0,1.0,3.0,1,1,9.0,0.0,0.0,0.0,1979.0,0.0,7,0,0.0,9.0,2.0,19.0
571,12,3,1645,1,2,1,1.0,6.0,449.0,590,3.0,2.0,0.0,0.0,1.0,1.0,1.0,1,1,3.0,0.0,0.0,0.0,1990.0,1.0,7,0,0.0,1.0,2.0,1.0
572,12,3,1645,1,2,1,1.0,6.0,449.0,590,3.0,2.0,0.0,0.0,1.0,1.0,1.0,3,4,4.0,4.0,3.0,4.0,1943.0,1.0,7,0,0.0,1.0,2.0,1.0
573,12,3,1645,1,2,1,1.0,6.0,449.0,590,3.0,2.0,0.0,0.0,1.0,1.0,1.0,3,4,4.0,4.0,3.0,4.0,1954.0,1.0,7,0,0.0,1.0,2.0,1.0
574,1,29,1645,1,2,1,8.0,1.0,53.0,590,3.0,2.0,2.0,0.0,2.0,1.0,1.0,1,1,4.0,0.0,0.0,0.0,1999.0,0.0,2,0,0.0,2.0,1.0,17.0
575,1,29,1645,1,2,1,8.0,1.0,53.0,590,3.0,2.0,2.0,0.0,2.0,1.0,1.0,1,1,4.0,0.0,0.0,0.0,1999.0,0.0,7,0,0.0,0.0,8.0,15.0
576,1,29,1645,1,2,1,8.0,1.0,53.0,590,3.0,2.0,2.0,0.0,2.0,1.0,1.0,1,4,0.0,0.0,0.0,0.0,1993.0,0.0,2,0,0.0,2.0,1.0,17.0
577,1,29,1645,1,2,1,8.0,1.0,53.0,590,3.0,2.0,2.0,0.0,2.0,1.0,1.0,1,4,0.0,0.0,0.0,0.0,1993.0,0.0,7,0,0.0,0.0,8.0,15.0
578,2,2,800,2,2,1,2.0,6.0,53.0,590,3.0,2.0,2.0,0.0,2.0,1.0,2.0,1,4,1.0,0.0,0.0,0.0,1987.0,1.0,7,0,0.0,1.0,1.0,1.0
579,2,2,800,2,2,1,2.0,6.0,53.0,590,3.0,2.0,2.0,0.0,2.0,1.0,2.0,3,4,4.0,2.0,3.0,4.0,2001.0,1.0,7,0,0.0,1.0,1.0,1.0
580,2,25,1100,1,1,1,1.0,1.0,283.0,590,3.0,2.0,0.0,0.0,0.0,0.0,1.0,1,1,2.0,0.0,0.0,0.0,1989.0,0.0,10,0,0.0,0.0,0.0,15.0
581,2,25,1100,1,1,1,1.0,1.0,283.0,590,3.0,2.0,0.0,0.0,0.0,0.0,1.0,1,1,2.0,0.0,0.0,0.0,1989.0,0.0,33,0,0.0,2.0,0.0,1.0
582,2,25,1100,1,1,1,1.0,1.0,283.0,590,3.0,2.0,0.0,0.0,0.0,0.0,1.0,1,1,0.0,0.0,0.0,0.0,1993.0,0.0,10,0,0.0,0.0,0.0,15.0
583,2,25,1100,1,1,1,1.0,1.0,283.0,590,3.0,2.0,0.0,0.0,0.0,0.0,1.0,1,1,0.0,0.0,0.0,0.0,1993.0,0.0,33,0,0.0,2.0,0.0,1.0
584,2,27,1715,1,2,1,1.0,7.0,76.0,590,2.0,2.0,2.0,0.0,1.0,1.0,1.0,1,1,4.0,0.0,0.0,0.0,1975.0,0.0,33,0,11.0,0.0,1.0,0.0
585,3,13,1715,1,2,1,1.0,7.0,53.0,590,4.0,2.0,1.0,0.0,1.0,1.0,1.0,1,1,4.0,0.0,0.0,0.0,1971.0,0.0,33,0,0.0,0.0,0.0,1.0
586,3,16,630,2,1,1,1.0,1.0,76.0,590,2.0,2.0,1.0,0.0,0.0,1.0,1.0,1,1,1.0,0.0,0.0,0.0,1967.0,0.0,7,0,0.0,2.0,1.0,1.0
587,3,16,630,2,1,1,1.0,1.0,76.0,590,2.0,2.0,1.0,0.0,0.0,1.0,1.0,1,1,1.0,0.0,0.0,0.0,1967.0,0.0,7,0,14.0,2.0,3.0,13.0
588,3,16,630,2,1,1,1.0,1.0,76.0,590,2.0,2.0,1.0,0.0,0.0,1.0,1.0,1,1,0.0,0.0,0.0,0.0,1985.0,0.0,7,0,0.0,2.0,1.0,1.0
589,3,16,630,2,1,1,1.0,1.0,76.0,590,2.0,2.0,1.0,0.0,0.0,1.0,1.0,1,1,0.0,0.0,0.0,0.0,1985.0,0.0,7,0,14.0,2.0,3.0,13.0
590,3,17,1945,3,1,1,1.0,5.0,315.0,590,3.0,3.0,2.0,0.0,3.0,1.0,1.0,1,1,4.0,0.0,0.0,0.0,1955.0,2.0,34,0,0.0,2.0,4.0,1.0
591,3,17,1945,3,1,1,1.0,5.0,315.0,590,3.0,3.0,2.0,0.0,3.0,1.0,1.0,1,1,4.0,0.0,0.0,0.0,1955.0,2.0,7,0,14.0,0.0,1.0,17.0
592,3,17,1945,3,1,1,1.0,5.0,315.0,590,3.0,3.0,2.0,0.0,3.0,1.0,1.0,1,1,4.0,0.0,0.0,0.0,1955.0,2.0,7,0,0.0,2.0,1.0,2.0
593,3,17,1945,3,1,1,1.0,5.0,315.0,590,3.0,3.0,2.0,0.0,3.0,1.0,1.0,1,1,0.0,0.0,0.0,0.0,1983.0,2.0,34,0,0.0,2.0,4.0,1.0
594,3,17,1945,3,1,1,1.0,5.0,315.0,590,3.0,3.0,2.0,0.0,3.0,1.0,1.0,1,1,0.0,0.0,0.0,0.0,1983.0,2.0,7,0,14.0,0.0,1.0,17.0
595,3,17,1945,3,1,1,1.0,5.0,315.0,590,3.0,3.0,2.0,0.0,3.0,1.0,1.0,1,1,0.0,0.0,0.0,0.0,1983.0,2.0,7,0,0.0,2.0,1.0,2.0
596,3,17,1945,3,1,1,1.0,5.0,315.0,590,3.0,3.0,2.0,0.0,3.0,1.0,1.0,1,1,4.0,0.0,0.0,0.0,1968.0,2.0,34,0,0.0,2.0,4.0,1.0
597,3,17,1945,3,1,1,1.0,5.0,315.0,590,3.0,3.0,2.0,0.0,3.0,1.0,1.0,1,1,4.0,0.0,0.0,0.0,1968.0,2.0,7,0,14.0,0.0,1.0,17.0
598,3,17,1945,3,1,1,1.0,5.0,315.0,590,3.0,3.0,2.0,0.0,3.0,1.0,1.0,1,1,4.0,0.0,0.0,0.0,1968.0,2.0,7,0,0.0,2.0,1.0,2.0
599,6,8,2245,3,2,1,1.0,7.0,283.0,590,3.0,2.0,2.0,0.0,2.0,1.0,1.0,1,1,4.0,0.0,0.0,0.0,1997.0,2.0,30,0,0.0,0.0,3.0,1.0
600,8,13,2045,2,1,1,1.0,6.0,357.0,590,3.0,2.0,2.0,0.0,0.0,1.0,1.0,1,1,0.0,0.0,0.0,0.0,1971.0,1.0,7,0,2.0,0.0,2.0,1.0
601,8,26,100,5,1,1,1.0,7.0,357.0,590,3.0,2.0,2.0,0.0,1.0,3.0,1.0,1,1,4.0,0.0,0.0,0.0,1990.0,1.0,33,0,12.0,0.0,0.0,1.0
602,9,8,1430,1,1,1,1.0,7.0,357.0,590,3.0,2.0,2.0,0.0,1.0,1.0,9.0,1,1,4.0,0.0,0.0,0.0,1930.0,1.0,7,0,13.0,0.0,2.0,1.0
603,10,14,445,3,1,1,1.0,7.0,357.0,590,3.0,2.0,2.0,0.0,1.0,2.0,0.0,1,1,1.0,0.0,0.0,0.0,1977.0,2.0,7,0,13.0,0.0,3.0,1.0
604,12,23,245,3,1,1,9.0,6.0,76.0,590,2.0,3.0,2.0,0.0,1.0,1.0,0.0,1,1,0.0,0.0,0.0,0.0,1996.0,0.0,7,0,14.0,0.0,1.0,1.0
605,12,29,1730,3,1,1,9.0,1.0,357.0,590,3.0,2.0,2.0,0.0,1.0,1.0,7.0,1,4,4.0,0.0,0.0,0.0,1997.0,0.0,7,0,0.0,2.0,3.0,1.0
606,12,29,1730,3,1,1,9.0,1.0,357.0,590,3.0,2.0,2.0,0.0,1.0,1.0,7.0,1,4,4.0,0.0,0.0,0.0,1997.0,0.0,7,0,0.0,2.0,3.0,1.0
607,12,29,1730,3,1,1,9.0,1.0,357.0,590,3.0,2.0,2.0,0.0,1.0,1.0,7.0,4,1,0.0,0.0,0.0,0.0,1997.0,0.0,7,0,0.0,2.0,3.0,1.0
608,12,29,1730,3,1,1,9.0,1.0,357.0,590,3.0,2.0,2.0,0.0,1.0,1.0,7.0,4,1,0.0,0.0,0.0,0.0,1997.0,0.0,7,0,0.0,2.0,3.0,1.0
609,12,29,1730,3,1,1,9.0,1.0,357.0,590,3.0,2.0,2.0,0.0,1.0,1.0,7.0,1,1,4.0,0.0,0.0,0.0,1996.0,0.0,7,0,0.0,2.0,3.0,1.0
610,12,29,1730,3,1,1,9.0,1.0,357.0,590,3.0,2.0,2.0,0.0,1.0,1.0,7.0,1,1,4.0,0.0,0.0,0.0,1996.0,0.0,7,0,0.0,2.0,3.0,1.0
611,3,7,1745,1,1,1,4.0,4.0,265.0,590,3.0,2.0,0.0,0.0,1.0,1.0,2.0,1,1,1.0,0.0,0.0,0.0,1971.0,1.0,10,0,0.0,2.0,1.0,1.0
612,3,7,1745,1,1,1,4.0,4.0,265.0,590,3.0,2.0,0.0,0.0,1.0,1.0,2.0,1,1,1.0,0.0,0.0,0.0,1971.0,2.0,17,0,0.0,2.0,1.0,1.0
613,3,7,1745,1,1,1,4.0,4.0,265.0,590,3.0,2.0,0.0,0.0,1.0,1.0,2.0,1,1,1.0,0.0,0.0,0.0,1971.0,1.0,7,0,0.0,2.0,2.0,1.0
614,3,7,1745,1,1,1,4.0,4.0,265.0,590,3.0,2.0,0.0,0.0,1.0,1.0,2.0,1,1,2.0,0.0,0.0,0.0,1983.0,1.0,10,0,0.0,2.0,1.0,1.0
615,3,7,1745,1,1,1,4.0,4.0,265.0,590,3.0,2.0,0.0,0.0,1.0,1.0,2.0,1,1,2.0,0.0,0.0,0.0,1983.0,2.0,17,0,0.0,2.0,1.0,1.0
616,3,7,1745,1,1,1,4.0,4.0,265.0,590,3.0,2.0,0.0,0.0,1.0,1.0,2.0,1,1,2.0,0.0,0.0,0.0,1983.0,1.0,7,0,0.0,2.0,2.0,1.0
617,3,7,1745,1,1,1,4.0,4.0,265.0,590,3.0,2.0,0.0,0.0,1.0,1.0,2.0,1,1,4.0,0.0,0.0,0.0,1994.0,1.0,10,0,0.0,2.0,1.0,1.0
618,3,7,1745,1,1,1,4.0,4.0,265.0,590,3.0,2.0,0.0,0.0,1.0,1.0,2.0,1,1,4.0,0.0,0.0,0.0,1994.0,2.0,17,0,0.0,2.0,1.0,1.0
619,3,7,1745,1,1,1,4.0,4.0,265.0,590,3.0,2.0,0.0,0.0,1.0,1.0,2.0,1,1,4.0,0.0,0.0,0.0,1994.0,1.0,7,0,0.0,2.0,2.0,1.0
620,4,7,845,1,2,1,8.0,6.0,481.0,590,4.0,2.0,2.0,0.0,0.0,1.0,1.0,1,1,2.0,0.0,0.0,0.0,1968.0,0.0,37,0,1.0,1.0,5.0,16.0
621,4,7,845,1,2,1,8.0,6.0,481.0,590,4.0,2.0,2.0,0.0,0.0,1.0,1.0,3,1,4.0,2.0,3.0,1.0,1938.0,0.0,37,0,1.0,1.0,5.0,16.0
622,4,9,1745,2,1,1,1.0,7.0,565.0,590,3.0,2.0,0.0,0.0,1.0,2.0,1.0,1,1,4.0,0.0,0.0,0.0,1974.0,0.0,33,0,13.0,0.0,1.0,1.0
623,4,9,1745,2,1,1,1.0,7.0,565.0,590,3.0,2.0,0.0,0.0,1.0,2.0,1.0,4,4,0.0,0.0,0.0,0.0,1983.0,0.0,33,0,13.0,0.0,1.0,1.0
624,10,26,1745,1,2,1,5.0,3.0,451.0,590,3.0,2.0,0.0,0.0,1.0,1.0,1.0,1,1,4.0,0.0,0.0,0.0,1997.0,0.0,31,0,0.0,2.0,0.0,2.0
625,10,26,1745,1,2,1,5.0,3.0,451.0,590,3.0,2.0,0.0,0.0,1.0,1.0,1.0,1,1,4.0,0.0,0.0,0.0,1997.0,0.0,2,0,0.0,2.0,8.0,11.0
626,10,26,1745,1,2,1,5.0,3.0,451.0,590,3.0,2.0,0.0,0.0,1.0,1.0,1.0,1,1,3.0,0.0,0.0,0.0,1977.0,0.0,31,0,0.0,2.0,0.0,2.0
627,10,26,1745,1,2,1,5.0,3.0,451.0,590,3.0,2.0,0.0,0.0,1.0,1.0,1.0,1,1,3.0,0.0,0.0,0.0,1977.0,0.0,2,0,0.0,2.0,8.0,11.0
628,1,10,215,3,1,1,2.0,6.0,187.0,590,2.0,2.0,2.0,0.0,2.0,1.0,2.0,1,1,4.0,0.0,0.0,0.0,1991.0,2.0,7,0,0.0,1.0,3.0,1.0
629,1,10,215,3,1,1,2.0,6.0,187.0,590,2.0,2.0,2.0,0.0,2.0,1.0,2.0,3,1,4.0,1.0,3.0,4.0,1990.0,2.0,7,0,0.0,1.0,3.0,1.0
630,2,26,1630,1,1,1,1.0,7.0,351.0,590,3.0,2.0,2.0,0.0,1.0,4.0,1.0,1,1,4.0,0.0,0.0,0.0,1999.0,0.0,30,0,0.0,0.0,0.0,0.0
631,12,13,1745,3,1,1,8.0,5.0,572.0,590,3.0,2.0,2.0,0.0,1.0,4.0,2.0,1,1,1.0,0.0,0.0,0.0,1985.0,0.0,7,0,0.0,2.0,1.0,0.0
632,12,13,1745,3,1,1,8.0,5.0,572.0,590,3.0,2.0,2.0,0.0,1.0,4.0,2.0,1,1,1.0,0.0,0.0,0.0,1985.0,0.0,7,0,0.0,2.0,1.0,13.0
633,12,13,1745,3,1,1,8.0,5.0,572.0,590,3.0,2.0,2.0,0.0,1.0,4.0,2.0,1,1,1.0,0.0,0.0,0.0,1985.0,0.0,7,0,0.0,2.0,1.0,0.0
634,12,13,1745,3,1,1,8.0,5.0,572.0,590,3.0,2.0,2.0,0.0,1.0,4.0,2.0,1,1,1.0,0.0,0.0,0.0,1962.0,0.0,7,0,0.0,2.0,1.0,0.0
635,12,13,1745,3,1,1,8.0,5.0,572.0,590,3.0,2.0,2.0,0.0,1.0,4.0,2.0,1,1,1.0,0.0,0.0,0.0,1962.0,0.0,7,0,0.0,2.0,1.0,13.0
636,12,13,1745,3,1,1,8.0,5.0,572.0,590,3.0,2.0,2.0,0.0,1.0,4.0,2.0,1,1,1.0,0.0,0.0,0.0,1962.0,0.0,7,0,0.0,2.0,1.0,0.0
637,12,13,1745,3,1,1,8.0,5.0,572.0,590,3.0,2.0,2.0,0.0,1.0,4.0,2.0,1,1,4.0,0.0,0.0,0.0,1956.0,0.0,7,0,0.0,2.0,1.0,0.0
638,12,13,1745,3,1,1,8.0,5.0,572.0,590,3.0,2.0,2.0,0.0,1.0,4.0,2.0,1,1,4.0,0.0,0.0,0.0,1956.0,0.0,7,0,0.0,2.0,1.0,13.0
639,12,13,1745,3,1,1,8.0,5.0,572.0,590,3.0,2.0,2.0,0.0,1.0,4.0,2.0,1,1,4.0,0.0,0.0,0.0,1956.0,0.0,7,0,0.0,2.0,1.0,0.0
640,12,13,1745,3,1,1,8.0,5.0,572.0,590,3.0,2.0,2.0,0.0,1.0,4.0,2.0,4,4,0.0,0.0,0.0,0.0,1955.0,0.0,7,0,0.0,2.0,1.0,0.0
641,12,13,1745,3,1,1,8.0,5.0,572.0,590,3.0,2.0,2.0,0.0,1.0,4.0,2.0,4,4,0.0,0.0,0.0,0.0,1955.0,0.0,7,0,0.0,2.0,1.0,13.0
642,12,13,1745,3,1,1,8.0,5.0,572.0,590,3.0,2.0,2.0,0.0,1.0,4.0,2.0,4,4,0.0,0.0,0.0,0.0,1955.0,0.0,7,0,0.0,2.0,1.0,0.0
643,2,25,1430,1,1,1,1.0,1.0,583.0,620,2.0,2.0,2.0,0.0,1.0,1.0,1.0,1,1,4.0,0.0,0.0,0.0,1938.0,2.0,7,0,2.0,9.0,3.0,1.0
644,2,25,1430,1,1,1,1.0,1.0,583.0,620,2.0,2.0,2.0,0.0,1.0,1.0,1.0,1,1,4.0,0.0,0.0,0.0,1938.0,2.0,14,0,0.0,0.0,0.0,1.0
645,2,25,1430,1,1,1,1.0,1.0,583.0,620,2.0,2.0,2.0,0.0,1.0,1.0,1.0,1,1,2.0,0.0,0.0,0.0,1976.0,2.0,7,0,2.0,9.0,3.0,1.0
646,2,25,1430,1,1,1,1.0,1.0,583.0,620,2.0,2.0,2.0,0.0,1.0,1.0,1.0,1,1,2.0,0.0,0.0,0.0,1976.0,2.0,14,0,0.0,0.0,0.0,1.0
647,7,11,1330,1,1,1,1.0,6.0,81.0,620,3.0,2.0,0.0,0.0,2.0,1.0,1.0,1,1,0.0,0.0,0.0,0.0,1936.0,1.0,7,0,2.0,0.0,1.0,14.0
648,9,14,1700,1,1,1,7.0,1.0,414.0,620,3.0,2.0,2.0,0.0,1.0,1.0,1.0,1,4,4.0,0.0,0.0,0.0,1994.0,1.0,7,0,0.0,2.0,3.0,13.0
649,9,14,1700,1,1,1,7.0,1.0,414.0,620,3.0,2.0,2.0,0.0,1.0,1.0,1.0,1,4,4.0,0.0,0.0,0.0,1994.0,2.0,7,0,0.0,2.0,3.0,2.0
650,9,14,1700,1,1,1,7.0,1.0,414.0,620,3.0,2.0,2.0,0.0,1.0,1.0,1.0,1,4,4.0,0.0,0.0,0.0,1959.0,1.0,7,0,0.0,2.0,3.0,13.0
651,9,14,1700,1,1,1,7.0,1.0,414.0,620,3.0,2.0,2.0,0.0,1.0,1.0,1.0,1,4,4.0,0.0,0.0,0.0,1959.0,2.0,7,0,0.0,2.0,3.0,2.0
652,11,15,745,2,1,1,5.0,1.0,86.0,620,2.0,2.0,0.0,0.0,1.0,1.0,2.0,1,4,2.0,0.0,0.0,0.0,1969.0,2.0,38,0,0.0,2.0,3.0,1.0
653,11,15,745,2,1,1,5.0,1.0,86.0,620,2.0,2.0,0.0,0.0,1.0,1.0,2.0,1,4,2.0,0.0,0.0,0.0,1969.0,1.0,17,0,0.0,2.0,3.0,13.0