,month,day,time,light,location,intersection,atmosphere,collision,municipality,department,road,traffic,nblanes,reslane,laneprofile,plan,surface,user,sex,route,pedlocation,pedaction,pedcondition,birth,dirtraffic,catvehicle,nboccupants,obstacle,movobstacle,impact,maneuver
654,11,15,745,2,1,1,5.0,1.0,86.0,620,2.0,2.0,0.0,0.0,1.0,1.0,2.0,4,4,0.0,0.0,0.0,0.0,2002.0,2.0,38,0,0.0,2.0,3.0,1.0
655,11,15,745,2,1,1,5.0,1.0,86.0,620,2.0,2.0,0.0,0.0,1.0,1.0,2.0,4,4,0.0,0.0,0.0,0.0,2002.0,1.0,17,0,0.0,2.0,3.0,13.0
656,11,15,745,2,1,1,5.0,1.0,86.0,620,2.0,2.0,0.0,0.0,1.0,1.0,2.0,4,4,0.0,0.0,0.0,0.0,2002.0,2.0,38,0,0.0,2.0,3.0,1.0
657,11,15,745,2,1,1,5.0,1.0,86.0,620,2.0,2.0,0.0,0.0,1.0,1.0,2.0,4,4,0.0,0.0,0.0,0.0,2002.0,1.0,17,0,0.0,2.0,3.0,13.0
658,11,15,745,2,1,1,5.0,1.0,86.0,620,2.0,2.0,0.0,0.0,1.0,1.0,2.0,4,1,0.0,0.0,0.0,0.0,2003.0,2.0,38,0,0.0,2.0,3.0,1.0
659,11,15,745,2,1,1,5.0,1.0,86.0,620,2.0,2.0,0.0,0.0,1.0,1.0,2.0,4,1,0.0,0.0,0.0,0.0,2003.0,1.0,17,0,0.0,2.0,3.0,13.0
660,11,15,745,2,1,1,5.0,1.0,86.0,620,2.0,2.0,0.0,0.0,1.0,1.0,2.0,4,4,0.0,0.0,0.0,0.0,2003.0,2.0,38,0,0.0,2.0,3.0,1.0
661,11,15,745,2,1,1,5.0,1.0,86.0,620,2.0,2.0,0.0,0.0,1.0,1.0,2.0,4,4,0.0,0.0,0.0,0.0,2003.0,1.0,17,0,0.0,2.0,3.0,13.0
662,11,15,745,2,1,1,5.0,1.0,86.0,620,2.0,2.0,0.0,0.0,1.0,1.0,2.0,4,1,0.0,0.0,0.0,0.0,2004.0,2.0,38,0,0.0,2.0,3.0,1.0
663,11,15,745,2,1,1,5.0,1.0,86.0,620,2.0,2.0,0.0,0.0,1.0,1.0,2.0,4,1,0.0,0.0,0.0,0.0,2004.0,1.0,17,0,0.0,2.0,3.0,13.0
664,11,15,745,2,1,1,5.0,1.0,86.0,620,2.0,2.0,0.0,0.0,1.0,1.0,2.0,4,4,0.0,0.0,0.0,0.0,2005.0,2.0,38,0,0.0,2.0,3.0,1.0
665,11,15,745,2,1,1,5.0,1.0,86.0,620,2.0,2.0,0.0,0.0,1.0,1.0,2.0,4,4,0.0,0.0,0.0,0.0,2005.0,1.0,17,0,0.0,2.0,3.0,13.0
666,11,15,745,2,1,1,5.0,1.0,86.0,620,2.0,2.0,0.0,0.0,1.0,1.0,2.0,4,4,0.0,0.0,0.0,0.0,2003.0,2.0,38,0,0.0,2.0,3.0,1.0
667,11,15,745,2,1,1,5.0,1.0,86.0,620,2.0,2.0,0.0,0.0,1.0,1.0,2.0,4,4,0.0,0.0,0.0,0.0,2003.0,1.0,17,0,0.0,2.0,3.0,13.0
668,11,15,745,2,1,1,5.0,1.0,86.0,620,2.0,2.0,0.0,0.0,1.0,1.0,2.0,4,4,0.0,0.0,0.0,0.0,2003.0,2.0,38,0,0.0,2.0,3.0,1.0
669,11,15,745,2,1,1,5.0,1.0,86.0,620,2.0,2.0,0.0,0.0,1.0,1.0,2.0,4,4,0.0,0.0,0.0,0.0,2003.0,1.0,17,0,0.0,2.0,3.0,13.0
670,11,15,745,2,1,1,5.0,1.0,86.0,620,2.0,2.0,0.0,0.0,1.0,1.0,2.0,4,1,0.0,0.0,0.0,0.0,2003.0,2.0,38,0,0.0,2.0,3.0,1.0
671,11,15,745,2,1,1,5.0,1.0,86.0,620,2.0,2.0,0.0,0.0,1.0,1.0,2.0,4,1,0.0,0.0,0.0,0.0,2003.0,1.0,17,0,0.0,2.0,3.0,13.0
672,11,15,745,2,1,1,5.0,1.0,86.0,620,2.0,2.0,0.0,0.0,1.0,1.0,2.0,4,1,0.0,0.0,0.0,0.0,2004.0,2.0,38,0,0.0,2.0,3.0,1.0
673,11,15,745,2,1,1,5.0,1.0,86.0,620,2.0,2.0,0.0,0.0,1.0,1.0,2.0,4,1,0.0,0.0,0.0,0.0,2004.0,1.0,17,0,0.0,2.0,3.0,13.0
674,11,15,745,2,1,1,5.0,1.0,86.0,620,2.0,2.0,0.0,0.0,1.0,1.0,2.0,4,4,0.0,0.0,0.0,0.0,2004.0,2.0,38,0,0.0,2.0,3.0,1.0
675,11,15,745,2,1,1,5.0,1.0,86.0,620,2.0,2.0,0.0,0.0,1.0,1.0,2.0,4,4,0.0,0.0,0.0,0.0,2004.0,1.0,17,0,0.0,2.0,3.0,13.0
676,11,15,745,2,1,1,5.0,1.0,86.0,620,2.0,2.0,0.0,0.0,1.0,1.0,2.0,4,4,0.0,0.0,0.0,0.0,2005.0,2.0,38,0,0.0,2.0,3.0,1.0
677,11,15,745,2,1,1,5.0,1.0,86.0,620,2.0,2.0,0.0,0.0,1.0,1.0,2.0,4,4,0.0,0.0,0.0,0.0,2005.0,1.0,17,0,0.0,2.0,3.0,13.0
678,11,15,745,2,1,1,5.0,1.0,86.0,620,2.0,2.0,0.0,0.0,1.0,1.0,2.0,1,1,2.0,0.0,0.0,0.0,1980.0,2.0,38,0,0.0,2.0,3.0,1.0
679,11,15,745,2,1,1,5.0,1.0,86.0,620,2.0,2.0,0.0,0.0,1.0,1.0,2.0,1,1,2.0,0.0,0.0,0.0,1980.0,1.0,17,0,0.0,2.0,3.0,13.0
680,1,7,1900,3,1,1,6.0,4.0,887.0,620,1.0,3.0,2.0,0.0,3.0,1.0,1.0,1,1,2.0,0.0,0.0,0.0,1978.0,2.0,17,0,0.0,0.0,4.0,0.0
681,1,7,1900,3,1,1,6.0,4.0,887.0,620,1.0,3.0,2.0,0.0,3.0,1.0,1.0,1,1,2.0,0.0,0.0,0.0,1978.0,2.0,10,0,0.0,2.0,1.0,2.0
682,1,7,1900,3,1,1,6.0,4.0,887.0,620,1.0,3.0,2.0,0.0,3.0,1.0,1.0,1,1,2.0,0.0,0.0,0.0,1978.0,2.0,10,0,1.0,0.0,1.0,2.0
683,1,7,1900,3,1,1,6.0,4.0,887.0,620,1.0,3.0,2.0,0.0,3.0,1.0,1.0,1,1,1.0,0.0,0.0,0.0,1988.0,2.0,17,0,0.0,0.0,4.0,0.0
684,1,7,1900,3,1,1,6.0,4.0,887.0,620,1.0,3.0,2.0,0.0,3.0,1.0,1.0,1,1,1.0,0.0,0.0,0.0,1988.0,2.0,10,0,0.0,2.0,1.0,2.0
685,1,7,1900,3,1,1,6.0,4.0,887.0,620,1.0,3.0,2.0,0.0,3.0,1.0,1.0,1,1,1.0,0.0,0.0,0.0,1988.0,2.0,10,0,1.0,0.0,1.0,2.0
686,1,7,1900,3,1,1,6.0,4.0,887.0,620,1.0,3.0,2.0,0.0,3.0,1.0,1.0,1,1,2.0,0.0,0.0,0.0,1966.0,2.0,17,0,0.0,0.0,4.0,0.0
687,1,7,1900,3,1,1,6.0,4.0,887.0,620,1.0,3.0,2.0,0.0,3.0,1.0,1.0,1,1,2.0,0.0,0.0,0.0,1966.0,2.0,10,0,0.0,2.0,1.0,2.0
688,1,7,1900,3,1,1,6.0,4.0,887.0,620,1.0,3.0,2.0,0.0,3.0,1.0,1.0,1,1,2.0,0.0,0.0,0.0,1966.0,2.0,10,0,1.0,0.0,1.0,2.0
689,2,13,2030,3,1,1,2.0,6.0,156.0,620,1.0,3.0,2.0,0.0,0.0,1.0,2.0,1,1,2.0,0.0,0.0,0.0,1973.0,2.0,7,0,4.0,0.0,3.0,13.0
690,6,25,1430,1,1,1,1.0,2.0,235.0,620,1.0,3.0,4.0,0.0,1.0,1.0,1.0,1,1,4.0,0.0,0.0,0.0,1960.0,2.0,33,0,0.0,2.0,1.0,1.0
691,6,25,1430,1,1,1,1.0,2.0,235.0,620,1.0,3.0,4.0,0.0,1.0,1.0,1.0,1,1,4.0,0.0,0.0,0.0,1960.0,2.0,7,0,0.0,0.0,6.0,1.0
692,6,25,1430,1,1,1,1.0,2.0,235.0,620,1.0,3.0,4.0,0.0,1.0,1.0,1.0,1,4,4.0,0.0,0.0,0.0,1987.0,2.0,33,0,0.0,2.0,1.0,1.0
693,6,25,1430,1,1,1,1.0,2.0,235.0,620,1.0,3.0,4.0,0.0,1.0,1.0,1.0,1,4,4.0,0.0,0.0,0.0,1987.0,2.0,7,0,0.0,0.0,6.0,1.0
694,6,25,1430,1,1,1,1.0,2.0,235.0,620,1.0,3.0,4.0,0.0,1.0,1.0,1.0,4,1,0.0,0.0,0.0,0.0,1969.0,2.0,33,0,0.0,2.0,1.0,1.0
695,6,25,1430,1,1,1,1.0,2.0,235.0,620,1.0,3.0,4.0,0.0,1.0,1.0,1.0,4,1,0.0,0.0,0.0,0.0,1969.0,2.0,7,0,0.0,0.0,6.0,1.0
696,6,25,1430,1,1,1,1.0,2.0,235.0,620,1.0,3.0,4.0,0.0,1.0,1.0,1.0,4,4,0.0,0.0,0.0,0.0,2014.0,2.0,33,0,0.0,2.0,1.0,1.0
697,6,25,1430,1,1,1,1.0,2.0,235.0,620,1.0,3.0,4.0,0.0,1.0,1.0,1.0,4,4,0.0,0.0,0.0,0.0,2014.0,2.0,7,0,0.0,0.0,6.0,1.0
698,6,25,1430,1,1,1,1.0,2.0,235.0,620,1.0,3.0,4.0,0.0,1.0,1.0,1.0,4,1,0.0,0.0,0.0,0.0,2011.0,2.0,33,0,0.0,2.0,1.0,1.0
699,6,25,1430,1,1,1,1.0,2.0,235.0,620,1.0,3.0,4.0,0.0,1.0,1.0,1.0,4,1,0.0,0.0,0.0,0.0,2011.0,2.0,7,0,0.0,0.0,6.0,1.0
700,3,19,2315,3,1,1,1.0,2.0,751.0,620,1.0,3.0,2.0,0.0,4.0,2.0,1.0,1,1,4.0,0.0,0.0,0.0,1955.0,2.0,7,0,0.0,0.0,6.0,0.0
701,3,19,2315,3,1,1,1.0,2.0,751.0,620,1.0,3.0,2.0,0.0,4.0,2.0,1.0,1,1,4.0,0.0,0.0,0.0,1955.0,2.0,7,0,0.0,2.0,2.0,17.0
702,3,19,2315,3,1,1,1.0,2.0,751.0,620,1.0,3.0,2.0,0.0,4.0,2.0,1.0,4,4,0.0,0.0,0.0,0.0,1956.0,2.0,7,0,0.0,0.0,6.0,0.0
703,3,19,2315,3,1,1,1.0,2.0,751.0,620,1.0,3.0,2.0,0.0,4.0,2.0,1.0,4,4,0.0,0.0,0.0,0.0,1956.0,2.0,7,0,0.0,2.0,2.0,17.0
704,3,19,2315,3,1,1,1.0,2.0,751.0,620,1.0,3.0,2.0,0.0,4.0,2.0,1.0,1,1,4.0,0.0,0.0,0.0,1986.0,2.0,7,0,0.0,0.0,6.0,0.0
705,3,19,2315,3,1,1,1.0,2.0,751.0,620,1.0,3.0,2.0,0.0,4.0,2.0,1.0,1,1,4.0,0.0,0.0,0.0,1986.0,2.0,7,0,0.0,2.0,2.0,17.0
706,3,19,2315,3,1,1,1.0,2.0,751.0,620,1.0,3.0,2.0,0.0,4.0,2.0,1.0,4,1,0.0,0.0,0.0,0.0,1987.0,2.0,7,0,0.0,0.0,6.0,0.0
707,3,19,2315,3,1,1,1.0,2.0,751.0,620,1.0,3.0,2.0,0.0,4.0,2.0,1.0,4,1,0.0,0.0,0.0,0.0,1987.0,2.0,7,0,0.0,2.0,2.0,17.0
708,4,16,1815,1,1,9,1.0,4.0,474.0,620,1.0,3.0,4.0,0.0,1.0,1.0,1.0,1,1,4.0,0.0,0.0,0.0,1971.0,1.0,7,0,0.0,0.0,4.0,23.0
709,4,16,1815,1,1,9,1.0,4.0,474.0,620,1.0,3.0,4.0,0.0,1.0,1.0,1.0,1,1,4.0,0.0,0.0,0.0,1971.0,0.0,7,0,0.0,0.0,4.0,23.0
710,4,16,1815,1,1,9,1.0,4.0,474.0,620,1.0,3.0,4.0,0.0,1.0,1.0,1.0,1,1,4.0,0.0,0.0,0.0,1971.0,2.0,7,0,0.0,0.0,1.0,2.0
711,4,16,1815,1,1,9,1.0,4.0,474.0,620,1.0,3.0,4.0,0.0,1.0,1.0,1.0,4,1,0.0,0.0,0.0,0.0,1944.0,1.0,7,0,0.0,0.0,4.0,23.0
712,4,16,1815,1,1,9,1.0,4.0,474.0,620,1.0,3.0,4.0,0.0,1.0,1.0,1.0,4,1,0.0,0.0,0.0,0.0,1944.0,0.0,7,0,0.0,0.0,4.0,23.0
713,4,16,1815,1,1,9,1.0,4.0,474.0,620,1.0,3.0,4.0,0.0,1.0,1.0,1.0,4,1,0.0,0.0,0.0,0.0,1944.0,2.0,7,0,0.0,0.0,1.0,2.0
714,4,16,1815,1,1,9,1.0,4.0,474.0,620,1.0,3.0,4.0,0.0,1.0,1.0,1.0,1,1,4.0,0.0,0.0,0.0,1979.0,1.0,7,0,0.0,0.0,4.0,23.0
715,4,16,1815,1,1,9,1.0,4.0,474.0,620,1.0,3.0,4.0,0.0,1.0,1.0,1.0,1,1,4.0,0.0,0.0,0.0,1979.0,0.0,7,0,0.0,0.0,4.0,23.0
716,4,16,1815,1,1,9,1.0,4.0,474.0,620,1.0,3.0,4.0,0.0,1.0,1.0,1.0,1,1,4.0,0.0,0.0,0.0,1979.0,2.0,7,0,0.0,0.0,1.0,2.0
717,4,16,1815,1,1,9,1.0,4.0,474.0,620,1.0,3.0,4.0,0.0,1.0,1.0,1.0,4,4,0.0,0.0,0.0,0.0,1980.0,1.0,7,0,0.0,0.0,4.0,23.0
718,4,16,1815,1,1,9,1.0,4.0,474.0,620,1.0,3.0,4.0,0.0,1.0,1.0,1.0,4,4,0.0,0.0,0.0,0.0,1980.0,0.0,7,0,0.0,0.0,4.0,23.0
719,4,16,1815,1,1,9,1.0,4.0,474.0,620,1.0,3.0,4.0,0.0,1.0,1.0,1.0,4,4,0.0,0.0,0.0,0.0,1980.0,2.0,7,0,0.0,0.0,1.0,2.0
720,4,16,1815,1,1,9,1.0,4.0,474.0,620,1.0,3.0,4.0,0.0,1.0,1.0,1.0,4,4,0.0,0.0,0.0,0.0,2010.0,1.0,7,0,0.0,0.0,4.0,23.0
721,4,16,1815,1,1,9,1.0,4.0,474.0,620,1.0,3.0,4.0,0.0,1.0,1.0,1.0,4,4,0.0,0.0,0.0,0.0,2010.0,0.0,7,0,0.0,0.0,4.0,23.0
722,4,16,1815,1,1,9,1.0,4.0,474.0,620,1.0,3.0,4.0,0.0,1.0,1.0,1.0,4,4,0.0,0.0,0.0,0.0,2010.0,2.0,7,0,0.0,0.0,1.0,2.0
723,4,16,1815,1,1,9,1.0,4.0,474.0,620,1.0,3.0,4.0,0.0,1.0,1.0,1.0,4,1,0.0,0.0,0.0,0.0,2013.0,1.0,7,0,0.0,0.0,4.0,23.0
724,4,16,1815,1,1,9,1.0,4.0,474.0,620,1.0,3.0,4.0,0.0,1.0,1.0,1.0,4,1,0.0,0.0,0.0,0.0,2013.0,0.0,7,0,0.0,0.0,4.0,23.0
725,4,16,1815,1,1,9,1.0,4.0,474.0,620,1.0,3.0,4.0,0.0,1.0,1.0,1.0,4,1,0.0,0.0,0.0,0.0,2013.0,2.0,7,0,0.0,0.0,1.0,2.0
726,4,16,1815,1,1,9,1.0,4.0,474.0,620,1.0,3.0,4.0,0.0,1.0,1.0,1.0,1,1,1.0,0.0,0.0,0.0,1989.0,1.0,7,0,0.0,0.0,4.0,23.0
727,4,16,1815,1,1,9,1.0,4.0,474.0,620,1.0,3.0,4.0,0.0,1.0,1.0,1.0,1,1,1.0,0.0,0.0,0.0,1989.0,0.0,7,0,0.0,0.0,4.0,23.0
728,4,16,1815,1,1,9,1.0,4.0,474.0,620,1.0,3.0,4.0,0.0,1.0,1.0,1.0,1,1,1.0,0.0,0.0,0.0,1989.0,2.0,7,0,0.0,0.0,1.0,2.0
729,4,18,1145,1,1,1,1.0,6.0,496.0,620,1.0,3.0,0.0,0.0,1.0,1.0,1.0,1,1,2.0,0.0,0.0,0.0,1961.0,1.0,17,0,4.0,0.0,3.0,1.0
730,7,24,1700,1,1,1,1.0,3.0,758.0,620,1.0,3.0,3.0,0.0,1.0,1.0,1.0,1,1,4.0,0.0,0.0,0.0,1970.0,1.0,33,0,0.0,2.0,3.0,11.0
731,7,24,1700,1,1,1,1.0,3.0,758.0,620,1.0,3.0,3.0,0.0,1.0,1.0,1.0,1,1,4.0,0.0,0.0,0.0,1970.0,1.0,10,0,0.0,0.0,5.0,1.0
732,7,24,1700,1,1,1,1.0,3.0,758.0,620,1.0,3.0,3.0,0.0,1.0,1.0,1.0,4,4,0.0,0.0,0.0,0.0,2002.0,1.0,33,0,0.0,2.0,3.0,11.0
733,7,24,1700,1,1,1,1.0,3.0,758.0,620,1.0,3.0,3.0,0.0,1.0,1.0,1.0,4,4,0.0,0.0,0.0,0.0,2002.0,1.0,10,0,0.0,0.0,5.0,1.0
734,7,24,1700,1,1,1,1.0,3.0,758.0,620,1.0,3.0,3.0,0.0,1.0,1.0,1.0,1,1,4.0,0.0,0.0,0.0,1989.0,1.0,33,0,0.0,2.0,3.0,11.0
735,7,24,1700,1,1,1,1.0,3.0,758.0,620,1.0,3.0,3.0,0.0,1.0,1.0,1.0,1,1,4.0,0.0,0.0,0.0,1989.0,1.0,10,0,0.0,0.0,5.0,1.0
736,8,13,2215,3,1,1,1.0,2.0,354.0,620,1.0,3.0,2.0,0.0,1.0,2.0,1.0,1,1,4.0,0.0,0.0,0.0,1994.0,1.0,7,0,0.0,2.0,3.0,2.0
737,8,13,2215,3,1,1,1.0,2.0,354.0,620,1.0,3.0,2.0,0.0,1.0,2.0,1.0,1,1,4.0,0.0,0.0,0.0,1994.0,1.0,10,0,0.0,2.0,5.0,2.0
738,8,13,2215,3,1,1,1.0,2.0,354.0,620,1.0,3.0,2.0,0.0,1.0,2.0,1.0,1,1,4.0,0.0,0.0,0.0,1958.0,1.0,7,0,0.0,2.0,3.0,2.0
739,8,13,2215,3,1,1,1.0,2.0,354.0,620,1.0,3.0,2.0,0.0,1.0,2.0,1.0,1,1,4.0,0.0,0.0,0.0,1958.0,1.0,10,0,0.0,2.0,5.0,2.0
740,8,13,2215,3,1,1,1.0,2.0,354.0,620,1.0,3.0,2.0,0.0,1.0,2.0,1.0,4,4,0.0,0.0,0.0,0.0,1957.0,1.0,7,0,0.0,2.0,3.0,2.0
741,8,13,2215,3,1,1,1.0,2.0,354.0,620,1.0,3.0,2.0,0.0,1.0,2.0,1.0,4,4,0.0,0.0,0.0,0.0,1957.0,1.0,10,0,0.0,2.0,5.0,2.0
742,9,28,745,1,1,1,1.0,2.0,354.0,620,1.0,3.0,0.0,0.0,1.0,1.0,1.0,1,1,2.0,0.0,0.0,0.0,1992.0,1.0,17,0,0.0,0.0,6.0,2.0
743,9,28,745,1,1,1,1.0,2.0,354.0,620,1.0,3.0,0.0,0.0,1.0,1.0,1.0,1,1,2.0,0.0,0.0,0.0,1992.0,1.0,10,0,0.0,2.0,2.0,2.0
744,9,28,745,1,1,1,1.0,2.0,354.0,620,1.0,3.0,0.0,0.0,1.0,1.0,1.0,1,1,1.0,0.0,0.0,0.0,1994.0,1.0,17,0,0.0,0.0,6.0,2.0
745,9,28,745,1,1,1,1.0,2.0,354.0,620,1.0,3.0,0.0,0.0,1.0,1.0,1.0,1,1,1.0,0.0,0.0,0.0,1994.0,1.0,10,0,0.0,2.0,2.0,2.0
746,9,28,745,1,1,1,1.0,2.0,354.0,620,1.0,3.0,0.0,0.0,1.0,1.0,1.0,4,1,0.0,0.0,0.0,0.0,1989.0,1.0,17,0,0.0,0.0,6.0,2.0
747,9,28,745,1,1,1,1.0,2.0,354.0,620,1.0,3.0,0.0,0.0,1.0,1.0,1.0,4,1,0.0,0.0,0.0,0.0,1989.0,1.0,10,0,0.0,2.0,2.0,2.0
748,11,9,1200,1,1,1,3.0,3.0,560.0,620,1.0,3.0,2.0,0.0,1.0,1.0,3.0,1,1,2.0,0.0,0.0,0.0,1974.0,2.0,17,0,0.0,0.0,0.0,2.0
749,11,9,1200,1,1,1,3.0,3.0,560.0,620,1.0,3.0,2.0,0.0,1.0,1.0,3.0,1,1,2.0,0.0,0.0,0.0,1974.0,2.0,7,0,4.0,2.0,2.0,17.0
750,11,9,1200,1,1,1,3.0,3.0,560.0,620,1.0,3.0,2.0,0.0,1.0,1.0,3.0,1,4,1.0,0.0,0.0,0.0,1992.0,2.0,17,0,0.0,0.0,0.0,2.0
751,11,9,1200,1,1,1,3.0,3.0,560.0,620,1.0,3.0,2.0,0.0,1.0,1.0,3.0,1,4,1.0,0.0,0.0,0.0,1992.0,2.0,7,0,4.0,2.0,2.0,17.0
752,12,1,730,1,1,1,1.0,1.0,894.0,620,1.0,1.0,2.0,0.0,2.0,1.0,1.0,1,1,4.0,0.0,0.0,0.0,1970.0,2.0,7,0,6.0,2.0,3.0,11.0
753,12,1,730,1,1,1,1.0,1.0,894.0,620,1.0,1.0,2.0,0.0,2.0,1.0,1.0,1,1,4.0,0.0,0.0,0.0,1970.0,2.0,7,0,0.0,2.0,7.0,2.0
754,12,1,730,1,1,1,1.0,1.0,894.0,620,1.0,1.0,2.0,0.0,2.0,1.0,1.0,4,4,0.0,0.0,0.0,0.0,1989.0,2.0,7,0,6.0,2.0,3.0,11.0
755,12,1,730,1,1,1,1.0,1.0,894.0,620,1.0,1.0,2.0,0.0,2.0,1.0,1.0,4,4,0.0,0.0,0.0,0.0,1989.0,2.0,7,0,0.0,2.0,7.0,2.0
756,12,1,730,1,1,1,1.0,1.0,894.0,620,1.0,1.0,2.0,0.0,2.0,1.0,1.0,1,4,4.0,0.0,0.0,0.0,1985.0,2.0,7,0,6.0,2.0,3.0,11.0
757,12,1,730,1,1,1,1.0,1.0,894.0,620,1.0,1.0,2.0,0.0,2.0,1.0,1.0,1,4,4.0,0.0,0.0,0.0,1985.0,2.0,7,0,0.0,2.0,7.0,2.0
758,12,1,730,1,1,1,1.0,1.0,894.0,620,1.0,1.0,2.0,0.0,2.0,1.0,1.0,4,1,0.0,0.0,0.0,0.0,1985.0,2.0,7,0,6.0,2.0,3.0,11.0
759,12,1,730,1,1,1,1.0,1.0,894.0,620,1.0,1.0,2.0,0.0,2.0,1.0,1.0,4,1,0.0,0.0,0.0,0.0,1985.0,2.0,7,0,0.0,2.0,7.0,2.0
760,12,29,1830,3,1,1,1.0,3.0,894.0,620,1.0,3.0,3.0,0.0,2.0,1.0,1.0,1,4,1.0,0.0,0.0,0.0,1973.0,1.0,7,0,0.0,0.0,9.0,1.0
761,12,29,1830,3,1,1,1.0,3.0,894.0,620,1.0,3.0,3.0,0.0,2.0,1.0,1.0,1,4,1.0,0.0,0.0,0.0,1973.0,1.0,15,0,0.0,0.0,8.0,1.0
762,12,29,1830,3,1,1,1.0,3.0,894.0,620,1.0,3.0,3.0,0.0,2.0,1.0,1.0,1,1,2.0,0.0,0.0,0.0,1961.0,1.0,7,0,0.0,0.0,9.0,1.0
763,12,29,1830,3,1,1,1.0,3.0,894.0,620,1.0,3.0,3.0,0.0,2.0,1.0,1.0,1,1,2.0,0.0,0.0,0.0,1961.0,1.0,15,0,0.0,0.0,8.0,1.0
764,6,10,1800,1,2,3,1.0,3.0,421.0,620,3.0,2.0,2.0,0.0,0.0,0.0,1.0,1,4,0.0,0.0,0.0,0.0,2009.0,2.0,1,0,0.0,0.0,0.0,0.0
765,6,10,1800,1,2,3,1.0,3.0,421.0,620,3.0,2.0,2.0,0.0,0.0,0.0,1.0,1,4,0.0,0.0,0.0,0.0,2009.0,2.0,10,0,8.0,2.0,7.0,14.0
766,6,10,1800,1,2,3,1.0,3.0,421.0,620,3.0,2.0,2.0,0.0,0.0,0.0,1.0,1,1,0.0,0.0,0.0,0.0,1960.0,2.0,1,0,0.0,0.0,0.0,0.0
767,6,10,1800,1,2,3,1.0,3.0,421.0,620,3.0,2.0,2.0,0.0,0.0,0.0,1.0,1,1,0.0,0.0,0.0,0.0,1960.0,2.0,10,0,8.0,2.0,7.0,14.0
768,6,10,1800,1,2,3,1.0,3.0,421.0,620,3.0,2.0,2.0,0.0,0.0,0.0,1.0,4,1,0.0,0.0,0.0,0.0,1960.0,2.0,1,0,0.0,0.0,0.0,0.0
769,6,10,1800,1,2,3,1.0,3.0,421.0,620,3.0,2.0,2.0,0.0,0.0,0.0,1.0,4,1,0.0,0.0,0.0,0.0,1960.0,2.0,10,0,8.0,2.0,7.0,14.0
770,7,24,1945,1,2,2,1.0,3.0,440.0,620,4.0,2.0,2.0,0.0,0.0,1.0,1.0,1,1,4.0,0.0,0.0,0.0,1986.0,0.0,33,0,0.0,2.0,1.0,1.0
771,7,24,1945,1,2,2,1.0,3.0,440.0,620,4.0,2.0,2.0,0.0,0.0,1.0,1.0,1,1,4.0,0.0,0.0,0.0,1986.0,0.0,7,0,0.0,2.0,8.0,1.0
772,7,24,1945,1,2,2,1.0,3.0,440.0,620,4.0,2.0,2.0,0.0,0.0,1.0,1.0,1,4,1.0,0.0,0.0,0.0,1990.0,0.0,33,0,0.0,2.0,1.0,1.0
773,7,24,1945,1,2,2,1.0,3.0,440.0,620,4.0,2.0,2.0,0.0,0.0,1.0,1.0,1,4,1.0,0.0,0.0,0.0,1990.0,0.0,7,0,0.0,2.0,8.0,1.0
774,8,29,845,1,2,1,1.0,3.0,593.0,620,3.0,2.0,2.0,0.0,1.0,1.0,1.0,1,1,2.0,0.0,0.0,0.0,1998.0,1.0,21,0,0.0,9.0,5.0,2.0
775,8,29,845,1,2,1,1.0,3.0,593.0,620,3.0,2.0,2.0,0.0,1.0,1.0,1.0,1,1,2.0,0.0,0.0,0.0,1998.0,2.0,1,0,0.0,2.0,0.0,2.0
776,8,29,845,1,2,1,1.0,3.0,593.0,620,3.0,2.0,2.0,0.0,1.0,1.0,1.0,1,4,9.0,0.0,0.0,0.0,1970.0,1.0,21,0,0.0,9.0,5.0,2.0
777,8,29,845,1,2,1,1.0,3.0,593.0,620,3.0,2.0,2.0,0.0,1.0,1.0,1.0,1,4,9.0,0.0,0.0,0.0,1970.0,2.0,1,0,0.0,2.0,0.0,2.0
778,6,7,930,1,2,1,1.0,6.0,422.0,620,4.0,2.0,0.0,0.0,1.0,1.0,1.0,1,1,4.0,0.0,0.0,0.0,1955.0,0.0,1,0,1.0,0.0,1.0,1.0
779,6,7,1715,1,2,1,3.0,7.0,583.0,620,3.0,2.0,2.0,0.0,4.0,1.0,4.0,1,1,9.0,0.0,0.0,0.0,1940.0,2.0,7,0,0.0,9.0,0.0,1.0
780,7,15,1145,1,1,1,1.0,7.0,135.0,620,3.0,2.0,2.0,0.0,1.0,2.0,1.0,1,4,4.0,0.0,0.0,0.0,1992.0,1.0,33,0,0.0,0.0,0.0,2.0
781,8,6,2115,2,1,1,1.0,6.0,216.0,620,3.0,2.0,2.0,0.0,1.0,1.0,1.0,1,1,4.0,0.0,0.0,0.0,1980.0,0.0,33,0,0.0,0.0,2.0,1.0
782,11,21,1800,5,2,1,1.0,6.0,332.0,620,3.0,2.0,2.0,0.0,1.0,1.0,1.0,1,1,4.0,0.0,0.0,0.0,1977.0,1.0,7,0,0.0,1.0,7.0,1.0
783,11,21,1800,5,2,1,1.0,6.0,332.0,620,3.0,2.0,2.0,0.0,1.0,1.0,1.0,3,4,4.0,1.0,1.0,1.0,1994.0,1.0,7,0,0.0,1.0,7.0,1.0