,month,day,time,light,location,intersection,atmosphere,collision,municipality,department,road,traffic,nblanes,reslane,laneprofile,plan,surface,user,sex,route,pedlocation,pedaction,pedcondition,birth,dirtraffic,catvehicle,nboccupants,obstacle,movobstacle,impact,maneuver
784,11,21,1700,2,1,2,1.0,3.0,151.0,620,3.0,2.0,2.0,0.0,1.0,1.0,1.0,1,4,4.0,0.0,0.0,0.0,1938.0,1.0,7,0,0.0,2.0,2.0,19.0
785,11,21,1700,2,1,2,1.0,3.0,151.0,620,3.0,2.0,2.0,0.0,1.0,1.0,1.0,1,4,4.0,0.0,0.0,0.0,1938.0,2.0,7,0,0.0,2.0,1.0,1.0
786,11,21,1700,2,1,2,1.0,3.0,151.0,620,3.0,2.0,2.0,0.0,1.0,1.0,1.0,1,1,4.0,0.0,0.0,0.0,1993.0,1.0,7,0,0.0,2.0,2.0,19.0
787,11,21,1700,2,1,2,1.0,3.0,151.0,620,3.0,2.0,2.0,0.0,1.0,1.0,1.0,1,1,4.0,0.0,0.0,0.0,1993.0,2.0,7,0,0.0,2.0,1.0,1.0
788,11,30,1415,1,2,1,1.0,3.0,181.0,620,3.0,2.0,2.0,0.0,1.0,1.0,1.0,1,4,4.0,0.0,0.0,0.0,1967.0,0.0,7,0,0.0,2.0,7.0,19.0
789,11,30,1415,1,2,1,1.0,3.0,181.0,620,3.0,2.0,2.0,0.0,1.0,1.0,1.0,1,4,4.0,0.0,0.0,0.0,1967.0,1.0,15,0,0.0,2.0,1.0,1.0
790,11,30,1415,1,2,1,1.0,3.0,181.0,620,3.0,2.0,2.0,0.0,1.0,1.0,1.0,4,4,0.0,0.0,0.0,0.0,1953.0,0.0,7,0,0.0,2.0,7.0,19.0
791,11,30,1415,1,2,1,1.0,3.0,181.0,620,3.0,2.0,2.0,0.0,1.0,1.0,1.0,4,4,0.0,0.0,0.0,0.0,1953.0,1.0,15,0,0.0,2.0,1.0,1.0
792,11,30,1415,1,2,1,1.0,3.0,181.0,620,3.0,2.0,2.0,0.0,1.0,1.0,1.0,4,4,0.0,0.0,0.0,0.0,1993.0,0.0,7,0,0.0,2.0,7.0,19.0
793,11,30,1415,1,2,1,1.0,3.0,181.0,620,3.0,2.0,2.0,0.0,1.0,1.0,1.0,4,4,0.0,0.0,0.0,0.0,1993.0,1.0,15,0,0.0,2.0,1.0,1.0
794,11,30,1415,1,2,1,1.0,3.0,181.0,620,3.0,2.0,2.0,0.0,1.0,1.0,1.0,1,1,2.0,0.0,0.0,0.0,1987.0,0.0,7,0,0.0,2.0,7.0,19.0
795,11,30,1415,1,2,1,1.0,3.0,181.0,620,3.0,2.0,2.0,0.0,1.0,1.0,1.0,1,1,2.0,0.0,0.0,0.0,1987.0,1.0,15,0,0.0,2.0,1.0,1.0
796,1,19,1145,1,2,1,7.0,6.0,284.0,620,3.0,2.0,2.0,0.0,1.0,3.0,1.0,1,4,4.0,0.0,0.0,0.0,1993.0,1.0,7,0,0.0,1.0,4.0,23.0
797,1,19,1145,1,2,1,7.0,6.0,284.0,620,3.0,2.0,2.0,0.0,1.0,3.0,1.0,1,4,4.0,0.0,0.0,0.0,1993.0,1.0,10,0,0.0,2.0,1.0,2.0
798,1,19,1145,1,2,1,7.0,6.0,284.0,620,3.0,2.0,2.0,0.0,1.0,3.0,1.0,3,4,4.0,1.0,9.0,4.0,1991.0,1.0,7,0,0.0,1.0,4.0,23.0
799,1,19,1145,1,2,1,7.0,6.0,284.0,620,3.0,2.0,2.0,0.0,1.0,3.0,1.0,3,4,4.0,1.0,9.0,4.0,1991.0,1.0,10,0,0.0,2.0,1.0,2.0
800,1,19,1145,1,2,1,7.0,6.0,284.0,620,3.0,2.0,2.0,0.0,1.0,3.0,1.0,3,1,4.0,1.0,9.0,4.0,1993.0,1.0,7,0,0.0,1.0,4.0,23.0
801,1,19,1145,1,2,1,7.0,6.0,284.0,620,3.0,2.0,2.0,0.0,1.0,3.0,1.0,3,1,4.0,1.0,9.0,4.0,1993.0,1.0,10,0,0.0,2.0,1.0,2.0
802,1,19,1145,1,2,1,7.0,6.0,284.0,620,3.0,2.0,2.0,0.0,1.0,3.0,1.0,1,1,1.0,0.0,0.0,0.0,1985.0,1.0,7,0,0.0,1.0,4.0,23.0
803,1,19,1145,1,2,1,7.0,6.0,284.0,620,3.0,2.0,2.0,0.0,1.0,3.0,1.0,1,1,1.0,0.0,0.0,0.0,1985.0,1.0,10,0,0.0,2.0,1.0,2.0
804,8,3,245,3,1,1,2.0,6.0,306.0,620,3.0,2.0,2.0,0.0,1.0,1.0,2.0,1,1,4.0,0.0,0.0,0.0,1993.0,2.0,7,0,2.0,0.0,1.0,1.0
805,9,7,1700,1,2,1,7.0,7.0,781.0,620,3.0,2.0,2.0,0.0,2.0,1.0,1.0,1,1,4.0,0.0,0.0,0.0,1985.0,2.0,33,0,0.0,0.0,0.0,1.0
806,1,5,1230,1,1,1,1.0,7.0,1.0,620,3.0,2.0,2.0,0.0,2.0,4.0,8.0,1,1,1.0,0.0,0.0,0.0,1983.0,2.0,33,0,0.0,0.0,7.0,1.0
807,1,24,615,1,1,1,2.0,7.0,73.0,620,3.0,2.0,2.0,0.0,2.0,3.0,2.0,1,1,4.0,0.0,0.0,0.0,1989.0,1.0,7,0,13.0,0.0,9.0,1.0
808,1,24,615,1,1,1,2.0,7.0,73.0,620,3.0,2.0,2.0,0.0,2.0,3.0,2.0,4,1,0.0,0.0,0.0,0.0,1998.0,1.0,7,0,13.0,0.0,9.0,1.0
809,6,1,1530,1,1,1,1.0,1.0,589.0,620,3.0,2.0,2.0,0.0,4.0,1.0,1.0,1,1,2.0,0.0,0.0,0.0,1962.0,2.0,10,0,0.0,2.0,1.0,1.0
810,6,1,1530,1,1,1,1.0,1.0,589.0,620,3.0,2.0,2.0,0.0,4.0,1.0,1.0,1,1,2.0,0.0,0.0,0.0,1962.0,1.0,10,0,0.0,2.0,1.0,15.0
811,6,1,1530,1,1,1,1.0,1.0,589.0,620,3.0,2.0,2.0,0.0,4.0,1.0,1.0,1,1,2.0,0.0,0.0,0.0,1985.0,2.0,10,0,0.0,2.0,1.0,1.0
812,6,1,1530,1,1,1,1.0,1.0,589.0,620,3.0,2.0,2.0,0.0,4.0,1.0,1.0,1,1,2.0,0.0,0.0,0.0,1985.0,1.0,10,0,0.0,2.0,1.0,15.0
813,7,4,715,1,2,1,2.0,6.0,801.0,620,3.0,2.0,0.0,0.0,0.0,1.0,2.0,1,4,9.0,0.0,0.0,0.0,1980.0,0.0,7,0,0.0,1.0,2.0,1.0
814,7,4,715,1,2,1,2.0,6.0,801.0,620,3.0,2.0,0.0,0.0,0.0,1.0,2.0,3,1,4.0,2.0,3.0,1.0,2000.0,0.0,7,0,0.0,1.0,2.0,1.0
815,12,25,1830,3,1,1,2.0,6.0,371.0,620,3.0,2.0,0.0,0.0,0.0,1.0,2.0,1,1,9.0,0.0,0.0,0.0,1978.0,1.0,7,0,15.0,0.0,1.0,1.0
816,12,25,1830,3,1,1,2.0,6.0,371.0,620,3.0,2.0,0.0,0.0,0.0,1.0,2.0,4,1,0.0,0.0,0.0,0.0,1996.0,1.0,7,0,15.0,0.0,1.0,1.0
817,1,17,2130,3,1,1,1.0,5.0,306.0,620,3.0,2.0,2.0,0.0,1.0,1.0,1.0,1,1,4.0,0.0,0.0,0.0,1992.0,2.0,7,0,0.0,2.0,1.0,1.0
818,1,17,2130,3,1,1,1.0,5.0,306.0,620,3.0,2.0,2.0,0.0,1.0,1.0,1.0,1,1,4.0,0.0,0.0,0.0,1992.0,1.0,7,0,0.0,2.0,2.0,13.0
819,1,17,2130,3,1,1,1.0,5.0,306.0,620,3.0,2.0,2.0,0.0,1.0,1.0,1.0,1,1,4.0,0.0,0.0,0.0,1992.0,2.0,7,0,14.0,0.0,1.0,1.0
820,1,17,2130,3,1,1,1.0,5.0,306.0,620,3.0,2.0,2.0,0.0,1.0,1.0,1.0,1,1,4.0,0.0,0.0,0.0,1981.0,2.0,7,0,0.0,2.0,1.0,1.0
821,1,17,2130,3,1,1,1.0,5.0,306.0,620,3.0,2.0,2.0,0.0,1.0,1.0,1.0,1,1,4.0,0.0,0.0,0.0,1981.0,1.0,7,0,0.0,2.0,2.0,13.0
822,1,17,2130,3,1,1,1.0,5.0,306.0,620,3.0,2.0,2.0,0.0,1.0,1.0,1.0,1,1,4.0,0.0,0.0,0.0,1981.0,2.0,7,0,14.0,0.0,1.0,1.0
823,1,17,2130,3,1,1,1.0,5.0,306.0,620,3.0,2.0,2.0,0.0,1.0,1.0,1.0,1,1,4.0,0.0,0.0,0.0,1952.0,2.0,7,0,0.0,2.0,1.0,1.0
824,1,17,2130,3,1,1,1.0,5.0,306.0,620,3.0,2.0,2.0,0.0,1.0,1.0,1.0,1,1,4.0,0.0,0.0,0.0,1952.0,1.0,7,0,0.0,2.0,2.0,13.0
825,1,17,2130,3,1,1,1.0,5.0,306.0,620,3.0,2.0,2.0,0.0,1.0,1.0,1.0,1,1,4.0,0.0,0.0,0.0,1952.0,2.0,7,0,14.0,0.0,1.0,1.0
826,5,19,1500,1,1,1,8.0,7.0,873.0,620,3.0,0.0,2.0,0.0,0.0,3.0,1.0,1,1,4.0,0.0,0.0,0.0,1999.0,1.0,30,0,0.0,0.0,7.0,2.0
827,5,26,1900,1,2,6,1.0,6.0,646.0,620,3.0,2.0,2.0,0.0,1.0,1.0,0.0,1,1,9.0,0.0,0.0,0.0,1956.0,0.0,21,0,0.0,0.0,1.0,1.0
828,11,22,945,3,1,1,1.0,2.0,164.0,620,3.0,2.0,2.0,0.0,1.0,1.0,2.0,1,1,4.0,0.0,0.0,0.0,1996.0,1.0,7,0,0.0,2.0,1.0,2.0
829,11,22,945,3,1,1,1.0,2.0,164.0,620,3.0,2.0,2.0,0.0,1.0,1.0,2.0,1,1,4.0,0.0,0.0,0.0,1996.0,1.0,21,0,0.0,0.0,4.0,1.0
830,11,22,945,3,1,1,1.0,2.0,164.0,620,3.0,2.0,2.0,0.0,1.0,1.0,2.0,4,4,0.0,0.0,0.0,0.0,2001.0,1.0,7,0,0.0,2.0,1.0,2.0
831,11,22,945,3,1,1,1.0,2.0,164.0,620,3.0,2.0,2.0,0.0,1.0,1.0,2.0,4,4,0.0,0.0,0.0,0.0,2001.0,1.0,21,0,0.0,0.0,4.0,1.0
832,11,22,945,3,1,1,1.0,2.0,164.0,620,3.0,2.0,2.0,0.0,1.0,1.0,2.0,1,1,2.0,0.0,0.0,0.0,1974.0,1.0,7,0,0.0,2.0,1.0,2.0
833,11,22,945,3,1,1,1.0,2.0,164.0,620,3.0,2.0,2.0,0.0,1.0,1.0,2.0,1,1,2.0,0.0,0.0,0.0,1974.0,1.0,21,0,0.0,0.0,4.0,1.0
834,12,10,1845,3,1,1,9.0,1.0,582.0,620,3.0,2.0,3.0,3.0,0.0,1.0,2.0,1,1,9.0,0.0,0.0,0.0,1949.0,0.0,7,0,0.0,2.0,3.0,15.0
835,12,10,1845,3,1,1,9.0,1.0,582.0,620,3.0,2.0,3.0,3.0,0.0,1.0,2.0,1,1,9.0,0.0,0.0,0.0,1949.0,0.0,7,0,0.0,2.0,1.0,1.0
836,12,10,1845,3,1,1,9.0,1.0,582.0,620,3.0,2.0,3.0,3.0,0.0,1.0,2.0,1,1,9.0,0.0,0.0,0.0,1955.0,0.0,7,0,0.0,2.0,3.0,15.0
837,12,10,1845,3,1,1,9.0,1.0,582.0,620,3.0,2.0,3.0,3.0,0.0,1.0,2.0,1,1,9.0,0.0,0.0,0.0,1955.0,0.0,7,0,0.0,2.0,1.0,1.0
838,12,10,1845,3,1,1,9.0,1.0,582.0,620,3.0,2.0,3.0,3.0,0.0,1.0,2.0,4,4,0.0,0.0,0.0,0.0,1954.0,0.0,7,0,0.0,2.0,3.0,15.0
839,12,10,1845,3,1,1,9.0,1.0,582.0,620,3.0,2.0,3.0,3.0,0.0,1.0,2.0,4,4,0.0,0.0,0.0,0.0,1954.0,0.0,7,0,0.0,2.0,1.0,1.0
840,7,1,900,1,1,1,1.0,1.0,865.0,620,4.0,2.0,0.0,0.0,1.0,0.0,1.0,1,4,3.0,0.0,0.0,0.0,1922.0,1.0,7,0,0.0,9.0,5.0,2.0
841,7,1,900,1,1,1,1.0,1.0,865.0,620,4.0,2.0,0.0,0.0,1.0,0.0,1.0,1,4,3.0,0.0,0.0,0.0,1922.0,1.0,3,0,0.0,0.0,4.0,2.0
842,7,1,900,1,1,1,1.0,1.0,865.0,620,4.0,2.0,0.0,0.0,1.0,0.0,1.0,1,1,4.0,0.0,0.0,0.0,1940.0,1.0,7,0,0.0,9.0,5.0,2.0
843,7,1,900,1,1,1,1.0,1.0,865.0,620,4.0,2.0,0.0,0.0,1.0,0.0,1.0,1,1,4.0,0.0,0.0,0.0,1940.0,1.0,3,0,0.0,0.0,4.0,2.0
844,7,26,1030,1,1,1,1.0,6.0,355.0,620,3.0,3.0,0.0,0.0,1.0,1.0,1.0,1,1,2.0,0.0,0.0,0.0,1979.0,1.0,10,0,1.0,0.0,3.0,9.0
845,7,26,1030,1,1,1,1.0,6.0,355.0,620,3.0,3.0,0.0,0.0,1.0,1.0,1.0,4,1,0.0,0.0,0.0,0.0,1982.0,1.0,10,0,1.0,0.0,3.0,9.0
846,7,26,1030,1,1,1,1.0,6.0,355.0,620,3.0,3.0,0.0,0.0,1.0,1.0,1.0,4,1,0.0,0.0,0.0,0.0,1993.0,1.0,10,0,1.0,0.0,3.0,9.0
847,10,14,1700,1,1,6,1.0,3.0,173.0,620,3.0,2.0,2.0,0.0,1.0,3.0,1.0,1,4,1.0,0.0,0.0,0.0,1989.0,0.0,7,0,0.0,2.0,3.0,9.0
848,10,14,1700,1,1,6,1.0,3.0,173.0,620,3.0,2.0,2.0,0.0,1.0,3.0,1.0,1,4,1.0,0.0,0.0,0.0,1989.0,0.0,30,0,0.0,2.0,1.0,1.0
849,10,14,1700,1,1,6,1.0,3.0,173.0,620,3.0,2.0,2.0,0.0,1.0,3.0,1.0,1,1,4.0,0.0,0.0,0.0,2001.0,0.0,7,0,0.0,2.0,3.0,9.0
850,10,14,1700,1,1,6,1.0,3.0,173.0,620,3.0,2.0,2.0,0.0,1.0,3.0,1.0,1,1,4.0,0.0,0.0,0.0,2001.0,0.0,30,0,0.0,2.0,1.0,1.0
851,11,14,445,3,1,1,8.0,2.0,865.0,620,3.0,3.0,2.0,0.0,1.0,1.0,2.0,1,1,2.0,0.0,0.0,0.0,1984.0,1.0,15,0,0.0,2.0,2.0,2.0
852,11,14,445,3,1,1,8.0,2.0,865.0,620,3.0,3.0,2.0,0.0,1.0,1.0,2.0,1,1,2.0,0.0,0.0,0.0,1984.0,1.0,30,0,0.0,0.0,6.0,2.0
853,11,14,445,3,1,1,8.0,2.0,865.0,620,3.0,3.0,2.0,0.0,1.0,1.0,2.0,1,1,1.0,0.0,0.0,0.0,1982.0,1.0,15,0,0.0,2.0,2.0,2.0
854,11,14,445,3,1,1,8.0,2.0,865.0,620,3.0,3.0,2.0,0.0,1.0,1.0,2.0,1,1,1.0,0.0,0.0,0.0,1982.0,1.0,30,0,0.0,0.0,6.0,2.0
855,11,28,745,2,2,1,1.0,2.0,865.0,620,4.0,2.0,2.0,0.0,1.0,1.0,1.0,1,1,4.0,0.0,0.0,0.0,1978.0,0.0,7,0,0.0,2.0,2.0,2.0
856,11,28,745,2,2,1,1.0,2.0,865.0,620,4.0,2.0,2.0,0.0,1.0,1.0,1.0,1,1,4.0,0.0,0.0,0.0,1978.0,0.0,1,0,0.0,2.0,4.0,2.0
857,11,28,745,2,2,1,1.0,2.0,865.0,620,4.0,2.0,2.0,0.0,1.0,1.0,1.0,1,4,1.0,0.0,0.0,0.0,1988.0,0.0,7,0,0.0,2.0,2.0,2.0
858,11,28,745,2,2,1,1.0,2.0,865.0,620,4.0,2.0,2.0,0.0,1.0,1.0,1.0,1,4,1.0,0.0,0.0,0.0,1988.0,0.0,1,0,0.0,2.0,4.0,2.0
859,3,3,830,1,1,1,1.0,6.0,564.0,620,3.0,2.0,2.0,0.0,2.0,1.0,2.0,1,1,2.0,0.0,0.0,0.0,1975.0,2.0,15,0,2.0,0.0,1.0,1.0
860,4,10,515,2,2,1,1.0,1.0,391.0,620,3.0,2.0,0.0,0.0,2.0,3.0,1.0,1,1,4.0,0.0,0.0,0.0,1988.0,1.0,7,0,0.0,2.0,1.0,13.0
861,4,10,515,2,2,1,1.0,1.0,391.0,620,3.0,2.0,0.0,0.0,2.0,3.0,1.0,1,1,4.0,0.0,0.0,0.0,1988.0,2.0,7,0,0.0,2.0,1.0,1.0
862,4,10,515,2,2,1,1.0,1.0,391.0,620,3.0,2.0,0.0,0.0,2.0,3.0,1.0,1,1,1.0,0.0,0.0,0.0,1978.0,1.0,7,0,0.0,2.0,1.0,13.0
863,4,10,515,2,2,1,1.0,1.0,391.0,620,3.0,2.0,0.0,0.0,2.0,3.0,1.0,1,1,1.0,0.0,0.0,0.0,1978.0,2.0,7,0,0.0,2.0,1.0,1.0
864,5,8,1900,1,2,1,1.0,1.0,900.0,620,4.0,2.0,2.0,0.0,0.0,1.0,1.0,1,1,4.0,0.0,0.0,0.0,1999.0,1.0,31,0,0.0,2.0,1.0,1.0
865,5,8,1900,1,2,1,1.0,1.0,900.0,620,4.0,2.0,2.0,0.0,0.0,1.0,1.0,1,1,4.0,0.0,0.0,0.0,1999.0,2.0,7,0,0.0,2.0,1.0,1.0
866,5,8,1900,1,2,1,1.0,1.0,900.0,620,4.0,2.0,2.0,0.0,0.0,1.0,1.0,1,1,4.0,0.0,0.0,0.0,1996.0,1.0,31,0,0.0,2.0,1.0,1.0
867,5,8,1900,1,2,1,1.0,1.0,900.0,620,4.0,2.0,2.0,0.0,0.0,1.0,1.0,1,1,4.0,0.0,0.0,0.0,1996.0,2.0,7,0,0.0,2.0,1.0,1.0
868,8,6,600,1,1,1,1.0,6.0,454.0,620,3.0,2.0,2.0,0.0,1.0,1.0,1.0,1,1,4.0,0.0,0.0,0.0,1986.0,1.0,7,0,2.0,0.0,1.0,1.0
869,8,6,600,1,1,1,1.0,6.0,454.0,620,3.0,2.0,2.0,0.0,1.0,1.0,1.0,4,4,0.0,0.0,0.0,0.0,1990.0,1.0,7,0,2.0,0.0,1.0,1.0
870,8,21,1215,1,2,1,2.0,1.0,313.0,620,3.0,2.0,2.0,0.0,2.0,1.0,2.0,1,1,4.0,0.0,0.0,0.0,1950.0,1.0,7,0,0.0,2.0,6.0,13.0
871,8,21,1215,1,2,1,2.0,1.0,313.0,620,3.0,2.0,2.0,0.0,2.0,1.0,2.0,1,1,4.0,0.0,0.0,0.0,1950.0,2.0,7,0,0.0,2.0,1.0,1.0
872,8,21,1215,1,2,1,2.0,1.0,313.0,620,3.0,2.0,2.0,0.0,2.0,1.0,2.0,4,4,0.0,0.0,0.0,0.0,1956.0,1.0,7,0,0.0,2.0,6.0,13.0
873,8,21,1215,1,2,1,2.0,1.0,313.0,620,3.0,2.0,2.0,0.0,2.0,1.0,2.0,4,4,0.0,0.0,0.0,0.0,1956.0,2.0,7,0,0.0,2.0,1.0,1.0
874,8,21,1215,1,2,1,2.0,1.0,313.0,620,3.0,2.0,2.0,0.0,2.0,1.0,2.0,1,1,4.0,0.0,0.0,0.0,1984.0,1.0,7,0,0.0,2.0,6.0,13.0
875,8,21,1215,1,2,1,2.0,1.0,313.0,620,3.0,2.0,2.0,0.0,2.0,1.0,2.0,1,1,4.0,0.0,0.0,0.0,1984.0,2.0,7,0,0.0,2.0,1.0,1.0
876,3,7,1715,1,1,1,8.0,6.0,338.0,620,3.0,2.0,2.0,0.0,1.0,3.0,2.0,1,1,4.0,0.0,0.0,0.0,1995.0,1.0,7,0,6.0,0.0,1.0,1.0
877,3,7,1715,1,1,1,8.0,6.0,338.0,620,3.0,2.0,2.0,0.0,1.0,3.0,2.0,4,4,0.0,0.0,0.0,0.0,1997.0,1.0,7,0,6.0,0.0,1.0,1.0
878,4,22,1815,1,1,1,1.0,4.0,491.0,620,3.0,2.0,2.0,0.0,0.0,1.0,1.0,1,1,1.0,0.0,0.0,0.0,1992.0,1.0,7,0,0.0,0.0,4.0,2.0
879,4,22,1815,1,1,1,1.0,4.0,491.0,620,3.0,2.0,2.0,0.0,0.0,1.0,1.0,1,1,1.0,0.0,0.0,0.0,1992.0,1.0,7,0,0.0,2.0,1.0,2.0
880,4,22,1815,1,1,1,1.0,4.0,491.0,620,3.0,2.0,2.0,0.0,0.0,1.0,1.0,1,1,1.0,0.0,0.0,0.0,1992.0,1.0,17,0,0.0,2.0,0.0,2.0
881,4,22,1815,1,1,1,1.0,4.0,491.0,620,3.0,2.0,2.0,0.0,0.0,1.0,1.0,1,1,1.0,0.0,0.0,0.0,1992.0,2.0,7,0,0.0,2.0,4.0,2.0
882,4,22,1815,1,1,1,1.0,4.0,491.0,620,3.0,2.0,2.0,0.0,0.0,1.0,1.0,1,4,3.0,0.0,0.0,0.0,1994.0,1.0,7,0,0.0,0.0,4.0,2.0
883,4,22,1815,1,1,1,1.0,4.0,491.0,620,3.0,2.0,2.0,0.0,0.0,1.0,1.0,1,4,3.0,0.0,0.0,0.0,1994.0,1.0,7,0,0.0,2.0,1.0,2.0
884,4,22,1815,1,1,1,1.0,4.0,491.0,620,3.0,2.0,2.0,0.0,0.0,1.0,1.0,1,4,3.0,0.0,0.0,0.0,1994.0,1.0,17,0,0.0,2.0,0.0,2.0
885,4,22,1815,1,1,1,1.0,4.0,491.0,620,3.0,2.0,2.0,0.0,0.0,1.0,1.0,1,4,3.0,0.0,0.0,0.0,1994.0,2.0,7,0,0.0,2.0,4.0,2.0
886,4,22,1815,1,1,1,1.0,4.0,491.0,620,3.0,2.0,2.0,0.0,0.0,1.0,1.0,1,1,2.0,0.0,0.0,0.0,1965.0,1.0,7,0,0.0,0.0,4.0,2.0
887,4,22,1815,1,1,1,1.0,4.0,491.0,620,3.0,2.0,2.0,0.0,0.0,1.0,1.0,1,1,2.0,0.0,0.0,0.0,1965.0,1.0,7,0,0.0,2.0,1.0,2.0
888,4,22,1815,1,1,1,1.0,4.0,491.0,620,3.0,2.0,2.0,0.0,0.0,1.0,1.0,1,1,2.0,0.0,0.0,0.0,1965.0,1.0,17,0,0.0,2.0,0.0,2.0
889,4,22,1815,1,1,1,1.0,4.0,491.0,620,3.0,2.0,2.0,0.0,0.0,1.0,1.0,1,1,2.0,0.0,0.0,0.0,1965.0,2.0,7,0,0.0,2.0,4.0,2.0
890,4,22,1815,1,1,1,1.0,4.0,491.0,620,3.0,2.0,2.0,0.0,0.0,1.0,1.0,1,1,4.0,0.0,0.0,0.0,1955.0,1.0,7,0,0.0,0.0,4.0,2.0
891,4,22,1815,1,1,1,1.0,4.0,491.0,620,3.0,2.0,2.0,0.0,0.0,1.0,1.0,1,1,4.0,0.0,0.0,0.0,1955.0,1.0,7,0,0.0,2.0,1.0,2.0
892,4,22,1815,1,1,1,1.0,4.0,491.0,620,3.0,2.0,2.0,0.0,0.0,1.0,1.0,1,1,4.0,0.0,0.0,0.0,1955.0,1.0,17,0,0.0,2.0,0.0,2.0
893,4,22,1815,1,1,1,1.0,4.0,491.0,620,3.0,2.0,2.0,0.0,0.0,1.0,1.0,1,1,4.0,0.0,0.0,0.0,1955.0,2.0,7,0,0.0,2.0,4.0,2.0
894,8,12,2230,3,1,1,1.0,1.0,529.0,620,3.0,2.0,2.0,0.0,1.0,1.0,1.0,1,1,4.0,0.0,0.0,0.0,1941.0,1.0,10,0,0.0,2.0,1.0,5.0
895,8,12,2230,3,1,1,1.0,1.0,529.0,620,3.0,2.0,2.0,0.0,1.0,1.0,1.0,1,1,4.0,0.0,0.0,0.0,1941.0,2.0,21,0,0.0,2.0,1.0,1.0
896,8,12,2230,3,1,1,1.0,1.0,529.0,620,3.0,2.0,2.0,0.0,1.0,1.0,1.0,1,1,0.0,0.0,0.0,0.0,1982.0,1.0,10,0,0.0,2.0,1.0,5.0
897,8,12,2230,3,1,1,1.0,1.0,529.0,620,3.0,2.0,2.0,0.0,1.0,1.0,1.0,1,1,0.0,0.0,0.0,0.0,1982.0,2.0,21,0,0.0,2.0,1.0,1.0
898,11,3,1800,2,1,1,1.0,2.0,706.0,620,3.0,2.0,1.0,0.0,1.0,1.0,1.0,1,4,3.0,0.0,0.0,0.0,1929.0,0.0,7,0,0.0,2.0,1.0,1.0
899,11,3,1800,2,1,1,1.0,2.0,706.0,620,3.0,2.0,1.0,0.0,1.0,1.0,1.0,1,4,3.0,0.0,0.0,0.0,1929.0,0.0,10,0,0.0,2.0,4.0,15.0
900,11,3,1800,2,1,1,1.0,2.0,706.0,620,3.0,2.0,1.0,0.0,1.0,1.0,1.0,1,1,2.0,0.0,0.0,0.0,1990.0,0.0,7,0,0.0,2.0,1.0,1.0
901,11,3,1800,2,1,1,1.0,2.0,706.0,620,3.0,2.0,1.0,0.0,1.0,1.0,1.0,1,1,2.0,0.0,0.0,0.0,1990.0,0.0,10,0,0.0,2.0,4.0,15.0
902,11,21,800,2,1,1,1.0,6.0,338.0,620,3.0,2.0,2.0,0.0,1.0,2.0,2.0,1,4,1.0,0.0,0.0,0.0,1976.0,1.0,7,0,6.0,0.0,1.0,1.0
903,12,6,745,2,2,1,1.0,6.0,736.0,620,3.0,2.0,1.0,0.0,1.0,1.0,1.0,1,4,1.0,0.0,0.0,0.0,1982.0,2.0,7,0,0.0,1.0,1.0,1.0
904,12,6,745,2,2,1,1.0,6.0,736.0,620,3.0,2.0,1.0,0.0,1.0,1.0,1.0,3,1,4.0,4.0,3.0,4.0,2004.0,2.0,7,0,0.0,1.0,1.0,1.0
905,12,6,745,2,2,1,1.0,6.0,736.0,620,3.0,2.0,1.0,0.0,1.0,1.0,1.0,3,1,4.0,4.0,3.0,4.0,2004.0,2.0,7,0,0.0,1.0,1.0,1.0
906,3,13,1330,1,1,1,1.0,1.0,255.0,620,3.0,2.0,2.0,0.0,1.0,2.0,1.0,1,4,4.0,0.0,0.0,0.0,1995.0,2.0,7,0,0.0,2.0,7.0,11.0
907,3,13,1330,1,1,1,1.0,1.0,255.0,620,3.0,2.0,2.0,0.0,1.0,2.0,1.0,1,4,4.0,0.0,0.0,0.0,1995.0,1.0,7,0,0.0,2.0,1.0,1.0
908,3,13,1330,1,1,1,1.0,1.0,255.0,620,3.0,2.0,2.0,0.0,1.0,2.0,1.0,1,1,4.0,0.0,0.0,0.0,1988.0,2.0,7,0,0.0,2.0,7.0,11.0
909,3,13,1330,1,1,1,1.0,1.0,255.0,620,3.0,2.0,2.0,0.0,1.0,2.0,1.0,1,1,4.0,0.0,0.0,0.0,1988.0,1.0,7,0,0.0,2.0,1.0,1.0
910,3,13,1330,1,1,1,1.0,1.0,255.0,620,3.0,2.0,2.0,0.0,1.0,2.0,1.0,4,1,0.0,0.0,0.0,0.0,1980.0,2.0,7,0,0.0,2.0,7.0,11.0
911,3,13,1330,1,1,1,1.0,1.0,255.0,620,3.0,2.0,2.0,0.0,1.0,2.0,1.0,4,1,0.0,0.0,0.0,0.0,1980.0,1.0,7,0,0.0,2.0,1.0,1.0
912,3,13,1330,1,1,1,1.0,1.0,255.0,620,3.0,2.0,2.0,0.0,1.0,2.0,1.0,4,4,0.0,0.0,0.0,0.0,1990.0,2.0,7,0,0.0,2.0,7.0,11.0
913,3,13,1330,1,1,1,1.0,1.0,255.0,620,3.0,2.0,2.0,0.0,1.0,2.0,1.0,4,4,0.0,0.0,0.0,0.0,1990.0,1.0,7,0,0.0,2.0,1.0,1.0