,month,day,time,light,location,intersection,atmosphere,collision,municipality,department,road,traffic,nblanes,reslane,laneprofile,plan,surface,user,sex,route,pedlocation,pedaction,pedcondition,birth,dirtraffic,catvehicle,nboccupants,obstacle,movobstacle,impact,maneuver
914,7,30,1200,1,2,1,1.0,3.0,273.0,620,3.0,2.0,2.0,0.0,1.0,3.0,1.0,1,1,4.0,0.0,0.0,0.0,1997.0,1.0,33,0,0.0,0.0,7.0,1.0
915,7,30,1200,1,2,1,1.0,3.0,273.0,620,3.0,2.0,2.0,0.0,1.0,3.0,1.0,1,1,4.0,0.0,0.0,0.0,1997.0,2.0,10,0,0.0,0.0,6.0,1.0
916,7,30,1200,1,2,1,1.0,3.0,273.0,620,3.0,2.0,2.0,0.0,1.0,3.0,1.0,1,1,2.0,0.0,0.0,0.0,1968.0,1.0,33,0,0.0,0.0,7.0,1.0
917,7,30,1200,1,2,1,1.0,3.0,273.0,620,3.0,2.0,2.0,0.0,1.0,3.0,1.0,1,1,2.0,0.0,0.0,0.0,1968.0,2.0,10,0,0.0,0.0,6.0,1.0
918,4,1,2315,3,1,1,1.0,6.0,889.0,620,3.0,2.0,2.0,0.0,1.0,1.0,1.0,1,1,4.0,0.0,0.0,0.0,1985.0,1.0,7,0,6.0,0.0,1.0,1.0
919,4,1,2315,3,1,1,1.0,6.0,889.0,620,3.0,2.0,2.0,0.0,1.0,1.0,1.0,4,4,0.0,0.0,0.0,0.0,1978.0,1.0,7,0,6.0,0.0,1.0,1.0
920,4,1,2315,3,1,1,1.0,6.0,889.0,620,3.0,2.0,2.0,0.0,1.0,1.0,1.0,4,1,0.0,0.0,0.0,0.0,1971.0,1.0,7,0,6.0,0.0,1.0,1.0
921,4,10,1330,1,1,1,7.0,7.0,546.0,620,4.0,2.0,2.0,0.0,2.0,2.0,9.0,1,1,9.0,0.0,0.0,0.0,1980.0,0.0,31,0,0.0,0.0,2.0,1.0
922,4,15,1645,1,1,2,8.0,4.0,705.0,620,3.0,2.0,2.0,0.0,1.0,1.0,2.0,1,4,4.0,0.0,0.0,0.0,1989.0,1.0,7,0,0.0,2.0,1.0,23.0
923,4,15,1645,1,1,2,8.0,4.0,705.0,620,3.0,2.0,2.0,0.0,1.0,1.0,2.0,1,4,4.0,0.0,0.0,0.0,1989.0,2.0,15,0,0.0,2.0,1.0,1.0
924,4,15,1645,1,1,2,8.0,4.0,705.0,620,3.0,2.0,2.0,0.0,1.0,1.0,2.0,1,4,4.0,0.0,0.0,0.0,1989.0,2.0,10,0,14.0,2.0,7.0,15.0
925,4,15,1645,1,1,2,8.0,4.0,705.0,620,3.0,2.0,2.0,0.0,1.0,1.0,2.0,4,4,0.0,0.0,0.0,0.0,1991.0,1.0,7,0,0.0,2.0,1.0,23.0
926,4,15,1645,1,1,2,8.0,4.0,705.0,620,3.0,2.0,2.0,0.0,1.0,1.0,2.0,4,4,0.0,0.0,0.0,0.0,1991.0,2.0,15,0,0.0,2.0,1.0,1.0
927,4,15,1645,1,1,2,8.0,4.0,705.0,620,3.0,2.0,2.0,0.0,1.0,1.0,2.0,4,4,0.0,0.0,0.0,0.0,1991.0,2.0,10,0,14.0,2.0,7.0,15.0
928,4,15,1645,1,1,2,8.0,4.0,705.0,620,3.0,2.0,2.0,0.0,1.0,1.0,2.0,1,1,2.0,0.0,0.0,0.0,1968.0,1.0,7,0,0.0,2.0,1.0,23.0
929,4,15,1645,1,1,2,8.0,4.0,705.0,620,3.0,2.0,2.0,0.0,1.0,1.0,2.0,1,1,2.0,0.0,0.0,0.0,1968.0,2.0,15,0,0.0,2.0,1.0,1.0
930,4,15,1645,1,1,2,8.0,4.0,705.0,620,3.0,2.0,2.0,0.0,1.0,1.0,2.0,1,1,2.0,0.0,0.0,0.0,1968.0,2.0,10,0,14.0,2.0,7.0,15.0
931,4,15,1645,1,1,2,8.0,4.0,705.0,620,3.0,2.0,2.0,0.0,1.0,1.0,2.0,1,1,3.0,0.0,0.0,0.0,1978.0,1.0,7,0,0.0,2.0,1.0,23.0
932,4,15,1645,1,1,2,8.0,4.0,705.0,620,3.0,2.0,2.0,0.0,1.0,1.0,2.0,1,1,3.0,0.0,0.0,0.0,1978.0,2.0,15,0,0.0,2.0,1.0,1.0
933,4,15,1645,1,1,2,8.0,4.0,705.0,620,3.0,2.0,2.0,0.0,1.0,1.0,2.0,1,1,3.0,0.0,0.0,0.0,1978.0,2.0,10,0,14.0,2.0,7.0,15.0
934,4,15,1645,1,1,2,8.0,4.0,705.0,620,3.0,2.0,2.0,0.0,1.0,1.0,2.0,4,4,0.0,0.0,0.0,0.0,1982.0,1.0,7,0,0.0,2.0,1.0,23.0
935,4,15,1645,1,1,2,8.0,4.0,705.0,620,3.0,2.0,2.0,0.0,1.0,1.0,2.0,4,4,0.0,0.0,0.0,0.0,1982.0,2.0,15,0,0.0,2.0,1.0,1.0
936,4,15,1645,1,1,2,8.0,4.0,705.0,620,3.0,2.0,2.0,0.0,1.0,1.0,2.0,4,4,0.0,0.0,0.0,0.0,1982.0,2.0,10,0,14.0,2.0,7.0,15.0
937,4,15,1645,1,1,2,8.0,4.0,705.0,620,3.0,2.0,2.0,0.0,1.0,1.0,2.0,4,1,0.0,0.0,0.0,0.0,2006.0,1.0,7,0,0.0,2.0,1.0,23.0
938,4,15,1645,1,1,2,8.0,4.0,705.0,620,3.0,2.0,2.0,0.0,1.0,1.0,2.0,4,1,0.0,0.0,0.0,0.0,2006.0,2.0,15,0,0.0,2.0,1.0,1.0
939,4,15,1645,1,1,2,8.0,4.0,705.0,620,3.0,2.0,2.0,0.0,1.0,1.0,2.0,4,1,0.0,0.0,0.0,0.0,2006.0,2.0,10,0,14.0,2.0,7.0,15.0
940,4,15,1645,1,1,2,8.0,4.0,705.0,620,3.0,2.0,2.0,0.0,1.0,1.0,2.0,4,4,0.0,0.0,0.0,0.0,2001.0,1.0,7,0,0.0,2.0,1.0,23.0
941,4,15,1645,1,1,2,8.0,4.0,705.0,620,3.0,2.0,2.0,0.0,1.0,1.0,2.0,4,4,0.0,0.0,0.0,0.0,2001.0,2.0,15,0,0.0,2.0,1.0,1.0
942,4,15,1645,1,1,2,8.0,4.0,705.0,620,3.0,2.0,2.0,0.0,1.0,1.0,2.0,4,4,0.0,0.0,0.0,0.0,2001.0,2.0,10,0,14.0,2.0,7.0,15.0
943,4,15,1645,1,1,2,8.0,4.0,705.0,620,3.0,2.0,2.0,0.0,1.0,1.0,2.0,4,4,0.0,0.0,0.0,0.0,2004.0,1.0,7,0,0.0,2.0,1.0,23.0
944,4,15,1645,1,1,2,8.0,4.0,705.0,620,3.0,2.0,2.0,0.0,1.0,1.0,2.0,4,4,0.0,0.0,0.0,0.0,2004.0,2.0,15,0,0.0,2.0,1.0,1.0
945,4,15,1645,1,1,2,8.0,4.0,705.0,620,3.0,2.0,2.0,0.0,1.0,1.0,2.0,4,4,0.0,0.0,0.0,0.0,2004.0,2.0,10,0,14.0,2.0,7.0,15.0
946,7,3,1530,1,1,1,1.0,2.0,899.0,620,3.0,2.0,2.0,0.0,1.0,1.0,1.0,1,1,4.0,0.0,0.0,0.0,1988.0,0.0,7,0,0.0,2.0,5.0,15.0
947,7,3,1530,1,1,1,1.0,2.0,899.0,620,3.0,2.0,2.0,0.0,1.0,1.0,1.0,1,1,4.0,0.0,0.0,0.0,1988.0,0.0,33,0,0.0,2.0,1.0,2.0
948,7,3,1530,1,1,1,1.0,2.0,899.0,620,3.0,2.0,2.0,0.0,1.0,1.0,1.0,1,1,4.0,0.0,0.0,0.0,1994.0,0.0,7,0,0.0,2.0,5.0,15.0
949,7,3,1530,1,1,1,1.0,2.0,899.0,620,3.0,2.0,2.0,0.0,1.0,1.0,1.0,1,1,4.0,0.0,0.0,0.0,1994.0,0.0,33,0,0.0,2.0,1.0,2.0
950,7,3,1530,1,1,1,1.0,2.0,899.0,620,3.0,2.0,2.0,0.0,1.0,1.0,1.0,4,1,0.0,0.0,0.0,0.0,1991.0,0.0,7,0,0.0,2.0,5.0,15.0
951,7,3,1530,1,1,1,1.0,2.0,899.0,620,3.0,2.0,2.0,0.0,1.0,1.0,1.0,4,1,0.0,0.0,0.0,0.0,1991.0,0.0,33,0,0.0,2.0,1.0,2.0
952,7,16,1930,1,1,1,1.0,5.0,560.0,620,4.0,2.0,2.0,0.0,0.0,1.0,1.0,1,1,4.0,0.0,0.0,0.0,1986.0,1.0,33,0,16.0,0.0,1.0,13.0
953,7,16,1930,1,1,1,1.0,5.0,560.0,620,4.0,2.0,2.0,0.0,0.0,1.0,1.0,1,1,4.0,0.0,0.0,0.0,1986.0,1.0,17,0,0.0,0.0,0.0,15.0
954,7,16,1930,1,1,1,1.0,5.0,560.0,620,4.0,2.0,2.0,0.0,0.0,1.0,1.0,1,1,4.0,0.0,0.0,0.0,1986.0,2.0,7,0,0.0,2.0,7.0,21.0
955,7,16,1930,1,1,1,1.0,5.0,560.0,620,4.0,2.0,2.0,0.0,0.0,1.0,1.0,1,1,2.0,0.0,0.0,0.0,1982.0,1.0,33,0,16.0,0.0,1.0,13.0
956,7,16,1930,1,1,1,1.0,5.0,560.0,620,4.0,2.0,2.0,0.0,0.0,1.0,1.0,1,1,2.0,0.0,0.0,0.0,1982.0,1.0,17,0,0.0,0.0,0.0,15.0
957,7,16,1930,1,1,1,1.0,5.0,560.0,620,4.0,2.0,2.0,0.0,0.0,1.0,1.0,1,1,2.0,0.0,0.0,0.0,1982.0,2.0,7,0,0.0,2.0,7.0,21.0
958,7,16,1930,1,1,1,1.0,5.0,560.0,620,4.0,2.0,2.0,0.0,0.0,1.0,1.0,1,1,4.0,0.0,0.0,0.0,1966.0,1.0,33,0,16.0,0.0,1.0,13.0
959,7,16,1930,1,1,1,1.0,5.0,560.0,620,4.0,2.0,2.0,0.0,0.0,1.0,1.0,1,1,4.0,0.0,0.0,0.0,1966.0,1.0,17,0,0.0,0.0,0.0,15.0
960,7,16,1930,1,1,1,1.0,5.0,560.0,620,4.0,2.0,2.0,0.0,0.0,1.0,1.0,1,1,4.0,0.0,0.0,0.0,1966.0,2.0,7,0,0.0,2.0,7.0,21.0
961,9,3,1330,1,1,1,1.0,3.0,329.0,620,3.0,2.0,2.0,0.0,1.0,3.0,1.0,1,1,4.0,0.0,0.0,0.0,1970.0,2.0,33,0,0.0,2.0,1.0,1.0
962,9,3,1330,1,1,1,1.0,3.0,329.0,620,3.0,2.0,2.0,0.0,1.0,3.0,1.0,1,1,4.0,0.0,0.0,0.0,1970.0,1.0,10,0,0.0,2.0,8.0,15.0
963,9,3,1330,1,1,1,1.0,3.0,329.0,620,3.0,2.0,2.0,0.0,1.0,3.0,1.0,1,1,4.0,0.0,0.0,0.0,1966.0,2.0,33,0,0.0,2.0,1.0,1.0
964,9,3,1330,1,1,1,1.0,3.0,329.0,620,3.0,2.0,2.0,0.0,1.0,3.0,1.0,1,1,4.0,0.0,0.0,0.0,1966.0,1.0,10,0,0.0,2.0,8.0,15.0
965,10,23,1915,2,1,1,1.0,3.0,54.0,620,3.0,2.0,2.0,0.0,1.0,4.0,1.0,1,1,4.0,0.0,0.0,0.0,1965.0,1.0,7,0,0.0,2.0,3.0,1.0
966,10,23,1915,2,1,1,1.0,3.0,54.0,620,3.0,2.0,2.0,0.0,1.0,4.0,1.0,1,1,4.0,0.0,0.0,0.0,1965.0,2.0,7,0,0.0,2.0,3.0,1.0
967,10,23,1915,2,1,1,1.0,3.0,54.0,620,3.0,2.0,2.0,0.0,1.0,4.0,1.0,1,4,4.0,0.0,0.0,0.0,1968.0,1.0,7,0,0.0,2.0,3.0,1.0
968,10,23,1915,2,1,1,1.0,3.0,54.0,620,3.0,2.0,2.0,0.0,1.0,4.0,1.0,1,4,4.0,0.0,0.0,0.0,1968.0,2.0,7,0,0.0,2.0,3.0,1.0
969,3,7,830,1,1,1,4.0,1.0,300.0,620,3.0,2.0,2.0,0.0,1.0,1.0,5.0,1,4,1.0,0.0,0.0,0.0,1965.0,1.0,7,0,0.0,2.0,1.0,13.0
970,3,7,830,1,1,1,4.0,1.0,300.0,620,3.0,2.0,2.0,0.0,1.0,1.0,5.0,1,4,1.0,0.0,0.0,0.0,1965.0,2.0,7,0,0.0,2.0,1.0,1.0
971,3,7,830,1,1,1,4.0,1.0,300.0,620,3.0,2.0,2.0,0.0,1.0,1.0,5.0,1,4,1.0,0.0,0.0,0.0,1972.0,1.0,7,0,0.0,2.0,1.0,13.0
972,3,7,830,1,1,1,4.0,1.0,300.0,620,3.0,2.0,2.0,0.0,1.0,1.0,5.0,1,4,1.0,0.0,0.0,0.0,1972.0,2.0,7,0,0.0,2.0,1.0,1.0
973,4,17,1400,1,1,1,1.0,5.0,235.0,620,3.0,2.0,2.0,0.0,0.0,0.0,1.0,1,1,4.0,0.0,0.0,0.0,1993.0,1.0,7,0,0.0,2.0,3.0,13.0
974,4,17,1400,1,1,1,1.0,5.0,235.0,620,3.0,2.0,2.0,0.0,0.0,0.0,1.0,1,1,4.0,0.0,0.0,0.0,1993.0,2.0,10,0,0.0,2.0,1.0,1.0
975,4,17,1400,1,1,1,1.0,5.0,235.0,620,3.0,2.0,2.0,0.0,0.0,0.0,1.0,1,1,4.0,0.0,0.0,0.0,1993.0,2.0,33,0,0.0,0.0,0.0,21.0
976,4,17,1400,1,1,1,1.0,5.0,235.0,620,3.0,2.0,2.0,0.0,0.0,0.0,1.0,1,1,4.0,0.0,0.0,0.0,1993.0,2.0,33,0,0.0,2.0,1.0,21.0
977,4,17,1400,1,1,1,1.0,5.0,235.0,620,3.0,2.0,2.0,0.0,0.0,0.0,1.0,1,1,4.0,0.0,0.0,0.0,1997.0,1.0,7,0,0.0,2.0,3.0,13.0
978,4,17,1400,1,1,1,1.0,5.0,235.0,620,3.0,2.0,2.0,0.0,0.0,0.0,1.0,1,1,4.0,0.0,0.0,0.0,1997.0,2.0,10,0,0.0,2.0,1.0,1.0
979,4,17,1400,1,1,1,1.0,5.0,235.0,620,3.0,2.0,2.0,0.0,0.0,0.0,1.0,1,1,4.0,0.0,0.0,0.0,1997.0,2.0,33,0,0.0,0.0,0.0,21.0
980,4,17,1400,1,1,1,1.0,5.0,235.0,620,3.0,2.0,2.0,0.0,0.0,0.0,1.0,1,1,4.0,0.0,0.0,0.0,1997.0,2.0,33,0,0.0,2.0,1.0,21.0
981,4,17,1400,1,1,1,1.0,5.0,235.0,620,3.0,2.0,2.0,0.0,0.0,0.0,1.0,4,4,0.0,0.0,0.0,0.0,1998.0,1.0,7,0,0.0,2.0,3.0,13.0
982,4,17,1400,1,1,1,1.0,5.0,235.0,620,3.0,2.0,2.0,0.0,0.0,0.0,1.0,4,4,0.0,0.0,0.0,0.0,1998.0,2.0,10,0,0.0,2.0,1.0,1.0
983,4,17,1400,1,1,1,1.0,5.0,235.0,620,3.0,2.0,2.0,0.0,0.0,0.0,1.0,4,4,0.0,0.0,0.0,0.0,1998.0,2.0,33,0,0.0,0.0,0.0,21.0
984,4,17,1400,1,1,1,1.0,5.0,235.0,620,3.0,2.0,2.0,0.0,0.0,0.0,1.0,4,4,0.0,0.0,0.0,0.0,1998.0,2.0,33,0,0.0,2.0,1.0,21.0
985,4,17,1400,1,1,1,1.0,5.0,235.0,620,3.0,2.0,2.0,0.0,0.0,0.0,1.0,1,1,4.0,0.0,0.0,0.0,1991.0,1.0,7,0,0.0,2.0,3.0,13.0
986,4,17,1400,1,1,1,1.0,5.0,235.0,620,3.0,2.0,2.0,0.0,0.0,0.0,1.0,1,1,4.0,0.0,0.0,0.0,1991.0,2.0,10,0,0.0,2.0,1.0,1.0
987,4,17,1400,1,1,1,1.0,5.0,235.0,620,3.0,2.0,2.0,0.0,0.0,0.0,1.0,1,1,4.0,0.0,0.0,0.0,1991.0,2.0,33,0,0.0,0.0,0.0,21.0
988,4,17,1400,1,1,1,1.0,5.0,235.0,620,3.0,2.0,2.0,0.0,0.0,0.0,1.0,1,1,4.0,0.0,0.0,0.0,1991.0,2.0,33,0,0.0,2.0,1.0,21.0
989,4,17,1400,1,1,1,1.0,5.0,235.0,620,3.0,2.0,2.0,0.0,0.0,0.0,1.0,1,1,4.0,0.0,0.0,0.0,1992.0,1.0,7,0,0.0,2.0,3.0,13.0
990,4,17,1400,1,1,1,1.0,5.0,235.0,620,3.0,2.0,2.0,0.0,0.0,0.0,1.0,1,1,4.0,0.0,0.0,0.0,1992.0,2.0,10,0,0.0,2.0,1.0,1.0
991,4,17,1400,1,1,1,1.0,5.0,235.0,620,3.0,2.0,2.0,0.0,0.0,0.0,1.0,1,1,4.0,0.0,0.0,0.0,1992.0,2.0,33,0,0.0,0.0,0.0,21.0
992,4,17,1400,1,1,1,1.0,5.0,235.0,620,3.0,2.0,2.0,0.0,0.0,0.0,1.0,1,1,4.0,0.0,0.0,0.0,1992.0,2.0,33,0,0.0,2.0,1.0,21.0
993,12,12,2030,3,1,1,1.0,1.0,604.0,620,3.0,2.0,0.0,0.0,2.0,1.0,2.0,1,1,4.0,0.0,0.0,0.0,1953.0,1.0,7,0,0.0,6.0,1.0,13.0
994,12,12,2030,3,1,1,1.0,1.0,604.0,620,3.0,2.0,0.0,0.0,2.0,1.0,2.0,1,1,4.0,0.0,0.0,0.0,1953.0,2.0,7,0,0.0,2.0,1.0,1.0
995,12,12,2030,3,1,1,1.0,1.0,604.0,620,3.0,2.0,0.0,0.0,2.0,1.0,2.0,1,1,4.0,0.0,0.0,0.0,1988.0,1.0,7,0,0.0,6.0,1.0,13.0
996,12,12,2030,3,1,1,1.0,1.0,604.0,620,3.0,2.0,0.0,0.0,2.0,1.0,2.0,1,1,4.0,0.0,0.0,0.0,1988.0,2.0,7,0,0.0,2.0,1.0,1.0
997,4,29,1015,1,1,1,1.0,1.0,170.0,620,3.0,3.0,2.0,0.0,1.0,1.0,1.0,1,1,2.0,0.0,0.0,0.0,1992.0,2.0,17,0,0.0,2.0,2.0,21.0
998,4,29,1015,1,1,1,1.0,1.0,170.0,620,3.0,3.0,2.0,0.0,1.0,1.0,1.0,1,1,2.0,0.0,0.0,0.0,1992.0,2.0,14,0,0.0,2.0,6.0,1.0
999,4,29,1015,1,1,1,1.0,1.0,170.0,620,3.0,3.0,2.0,0.0,1.0,1.0,1.0,1,1,2.0,0.0,0.0,0.0,1974.0,2.0,17,0,0.0,2.0,2.0,21.0
1000,4,29,1015,1,1,1,1.0,1.0,170.0,620,3.0,3.0,2.0,0.0,1.0,1.0,1.0,1,1,2.0,0.0,0.0,0.0,1974.0,2.0,14,0,0.0,2.0,6.0,1.0
1001,4,29,1015,1,1,1,1.0,1.0,170.0,620,3.0,3.0,2.0,0.0,1.0,1.0,1.0,4,1,0.0,0.0,0.0,0.0,1957.0,2.0,17,0,0.0,2.0,2.0,21.0
1002,4,29,1015,1,1,1,1.0,1.0,170.0,620,3.0,3.0,2.0,0.0,1.0,1.0,1.0,4,1,0.0,0.0,0.0,0.0,1957.0,2.0,14,0,0.0,2.0,6.0,1.0
1003,5,4,1945,1,1,3,7.0,1.0,793.0,620,3.0,2.0,2.0,0.0,1.0,1.0,1.0,1,1,0.0,0.0,0.0,0.0,1995.0,1.0,33,0,0.0,2.0,7.0,1.0
1004,5,4,1945,1,1,3,7.0,1.0,793.0,620,3.0,2.0,2.0,0.0,1.0,1.0,1.0,1,1,0.0,0.0,0.0,0.0,1995.0,0.0,10,0,0.0,2.0,3.0,19.0
1005,5,4,1945,1,1,3,7.0,1.0,793.0,620,3.0,2.0,2.0,0.0,1.0,1.0,1.0,1,1,1.0,0.0,0.0,0.0,1957.0,1.0,33,0,0.0,2.0,7.0,1.0
1006,5,4,1945,1,1,3,7.0,1.0,793.0,620,3.0,2.0,2.0,0.0,1.0,1.0,1.0,1,1,1.0,0.0,0.0,0.0,1957.0,0.0,10,0,0.0,2.0,3.0,19.0
1007,5,5,1030,1,2,1,7.0,7.0,693.0,620,4.0,2.0,2.0,0.0,2.0,1.0,1.0,1,1,4.0,0.0,0.0,0.0,2001.0,0.0,2,0,0.0,2.0,7.0,1.0
1008,5,26,1545,1,1,1,1.0,1.0,170.0,620,3.0,3.0,2.0,0.0,1.0,1.0,1.0,1,4,1.0,0.0,0.0,0.0,1989.0,1.0,7,0,0.0,2.0,5.0,17.0
1009,5,26,1545,1,1,1,1.0,1.0,170.0,620,3.0,3.0,2.0,0.0,1.0,1.0,1.0,1,4,1.0,0.0,0.0,0.0,1989.0,1.0,10,0,0.0,2.0,0.0,18.0
1010,5,26,1545,1,1,1,1.0,1.0,170.0,620,3.0,3.0,2.0,0.0,1.0,1.0,1.0,1,1,4.0,0.0,0.0,0.0,1983.0,1.0,7,0,0.0,2.0,5.0,17.0
1011,5,26,1545,1,1,1,1.0,1.0,170.0,620,3.0,3.0,2.0,0.0,1.0,1.0,1.0,1,1,4.0,0.0,0.0,0.0,1983.0,1.0,10,0,0.0,2.0,0.0,18.0
1012,7,28,1730,1,1,1,1.0,3.0,693.0,620,3.0,2.0,2.0,0.0,1.0,1.0,1.0,1,1,4.0,0.0,0.0,0.0,1987.0,1.0,7,0,0.0,2.0,3.0,15.0
1013,7,28,1730,1,1,1,1.0,3.0,693.0,620,3.0,2.0,2.0,0.0,1.0,1.0,1.0,1,1,4.0,0.0,0.0,0.0,1987.0,2.0,7,0,0.0,2.0,3.0,1.0
1014,7,28,1730,1,1,1,1.0,3.0,693.0,620,3.0,2.0,2.0,0.0,1.0,1.0,1.0,1,1,4.0,0.0,0.0,0.0,1993.0,1.0,7,0,0.0,2.0,3.0,15.0
1015,7,28,1730,1,1,1,1.0,3.0,693.0,620,3.0,2.0,2.0,0.0,1.0,1.0,1.0,1,1,4.0,0.0,0.0,0.0,1993.0,2.0,7,0,0.0,2.0,3.0,1.0
1016,7,28,1730,1,1,1,1.0,3.0,693.0,620,3.0,2.0,2.0,0.0,1.0,1.0,1.0,4,1,0.0,0.0,0.0,0.0,1999.0,1.0,7,0,0.0,2.0,3.0,15.0
1017,7,28,1730,1,1,1,1.0,3.0,693.0,620,3.0,2.0,2.0,0.0,1.0,1.0,1.0,4,1,0.0,0.0,0.0,0.0,1999.0,2.0,7,0,0.0,2.0,3.0,1.0
1018,7,28,1730,1,1,1,1.0,3.0,693.0,620,3.0,2.0,2.0,0.0,1.0,1.0,1.0,4,4,0.0,0.0,0.0,0.0,1996.0,1.0,7,0,0.0,2.0,3.0,15.0
1019,7,28,1730,1,1,1,1.0,3.0,693.0,620,3.0,2.0,2.0,0.0,1.0,1.0,1.0,4,4,0.0,0.0,0.0,0.0,1996.0,2.0,7,0,0.0,2.0,3.0,1.0
1020,10,9,345,5,2,1,1.0,3.0,793.0,620,4.0,2.0,2.0,0.0,1.0,1.0,1.0,1,4,4.0,0.0,0.0,0.0,1970.0,0.0,7,0,0.0,2.0,3.0,1.0
1021,10,9,345,5,2,1,1.0,3.0,793.0,620,4.0,2.0,2.0,0.0,1.0,1.0,1.0,1,4,4.0,0.0,0.0,0.0,1970.0,0.0,10,0,0.0,2.0,3.0,0.0
1022,10,9,345,5,2,1,1.0,3.0,793.0,620,4.0,2.0,2.0,0.0,1.0,1.0,1.0,4,1,0.0,0.0,0.0,0.0,1999.0,0.0,7,0,0.0,2.0,3.0,1.0
1023,10,9,345,5,2,1,1.0,3.0,793.0,620,4.0,2.0,2.0,0.0,1.0,1.0,1.0,4,1,0.0,0.0,0.0,0.0,1999.0,0.0,10,0,0.0,2.0,3.0,0.0
1024,10,9,345,5,2,1,1.0,3.0,793.0,620,4.0,2.0,2.0,0.0,1.0,1.0,1.0,1,1,4.0,0.0,0.0,0.0,1974.0,0.0,7,0,0.0,2.0,3.0,1.0
1025,10,9,345,5,2,1,1.0,3.0,793.0,620,4.0,2.0,2.0,0.0,1.0,1.0,1.0,1,1,4.0,0.0,0.0,0.0,1974.0,0.0,10,0,0.0,2.0,3.0,0.0
1026,10,9,345,5,2,1,1.0,3.0,793.0,620,4.0,2.0,2.0,0.0,1.0,1.0,1.0,4,4,0.0,0.0,0.0,0.0,1980.0,0.0,7,0,0.0,2.0,3.0,1.0
1027,10,9,345,5,2,1,1.0,3.0,793.0,620,4.0,2.0,2.0,0.0,1.0,1.0,1.0,4,4,0.0,0.0,0.0,0.0,1980.0,0.0,10,0,0.0,2.0,3.0,0.0
1028,10,12,845,1,2,1,1.0,6.0,443.0,620,3.0,3.0,2.0,1.0,1.0,1.0,1.0,1,1,4.0,0.0,0.0,0.0,1986.0,2.0,7,0,4.0,0.0,3.0,1.0
1029,10,12,845,1,2,1,1.0,6.0,443.0,620,3.0,3.0,2.0,1.0,1.0,1.0,1.0,4,1,0.0,0.0,0.0,0.0,1994.0,2.0,7,0,4.0,0.0,3.0,1.0
1030,11,6,1800,3,1,1,1.0,2.0,443.0,620,3.0,3.0,2.0,0.0,1.0,1.0,1.0,1,1,4.0,0.0,0.0,0.0,1971.0,1.0,33,0,0.0,2.0,1.0,1.0
1031,11,6,1800,3,1,1,1.0,2.0,443.0,620,3.0,3.0,2.0,0.0,1.0,1.0,1.0,1,1,4.0,0.0,0.0,0.0,1971.0,1.0,7,0,0.0,2.0,6.0,1.0
1032,11,6,1800,3,1,1,1.0,2.0,443.0,620,3.0,3.0,2.0,0.0,1.0,1.0,1.0,1,1,4.0,0.0,0.0,0.0,1992.0,1.0,33,0,0.0,2.0,1.0,1.0
1033,11,6,1800,3,1,1,1.0,2.0,443.0,620,3.0,3.0,2.0,0.0,1.0,1.0,1.0,1,1,4.0,0.0,0.0,0.0,1992.0,1.0,7,0,0.0,2.0,6.0,1.0
1034,6,29,530,1,2,1,1.0,7.0,176.0,620,3.0,2.0,2.0,0.0,1.0,1.0,1.0,1,1,4.0,0.0,0.0,0.0,1996.0,2.0,7,0,6.0,0.0,7.0,13.0
1035,6,29,530,1,2,1,1.0,7.0,176.0,620,3.0,2.0,2.0,0.0,1.0,1.0,1.0,4,1,0.0,0.0,0.0,0.0,1994.0,2.0,7,0,6.0,0.0,7.0,13.0
1036,6,29,530,1,2,1,1.0,7.0,176.0,620,3.0,2.0,2.0,0.0,1.0,1.0,1.0,4,4,0.0,0.0,0.0,0.0,1999.0,2.0,7,0,6.0,0.0,7.0,13.0
1037,9,21,2045,3,1,1,1.0,6.0,196.0,620,3.0,2.0,2.0,0.0,1.0,1.0,1.0,1,1,4.0,0.0,0.0,0.0,1997.0,2.0,30,0,0.0,6.0,1.0,1.0
1038,9,21,2045,3,1,1,1.0,6.0,196.0,620,3.0,2.0,2.0,0.0,1.0,1.0,1.0,4,1,0.0,0.0,0.0,0.0,1998.0,2.0,30,0,0.0,6.0,1.0,1.0
1039,6,30,1000,1,2,1,3.0,6.0,364.0,620,3.0,2.0,2.0,0.0,0.0,1.0,2.0,1,1,0.0,0.0,0.0,0.0,1955.0,1.0,7,0,0.0,1.0,1.0,1.0
1040,6,30,1000,1,2,1,3.0,6.0,364.0,620,3.0,2.0,2.0,0.0,0.0,1.0,2.0,3,4,4.0,2.0,3.0,4.0,1953.0,1.0,7,0,0.0,1.0,1.0,1.0
1041,6,30,1000,1,2,1,3.0,6.0,364.0,620,3.0,2.0,2.0,0.0,0.0,1.0,2.0,3,4,4.0,2.0,3.0,4.0,2013.0,1.0,7,0,0.0,1.0,1.0,1.0
1042,12,3,1830,3,1,1,1.0,1.0,183.0,620,3.0,2.0,2.0,0.0,0.0,1.0,1.0,1,1,4.0,0.0,0.0,0.0,1973.0,1.0,7,0,0.0,2.0,1.0,5.0