,month,day,time,light,location,intersection,atmosphere,collision,municipality,department,road,traffic,nblanes,reslane,laneprofile,plan,surface,user,sex,route,pedlocation,pedaction,pedcondition,birth,dirtraffic,catvehicle,nboccupants,obstacle,movobstacle,impact,maneuver
1043,12,3,1830,3,1,1,1.0,1.0,183.0,620,3.0,2.0,2.0,0.0,0.0,1.0,1.0,1,1,4.0,0.0,0.0,0.0,1973.0,2.0,7,0,0.0,2.0,1.0,1.0
1044,12,3,1830,3,1,1,1.0,1.0,183.0,620,3.0,2.0,2.0,0.0,0.0,1.0,1.0,1,1,4.0,0.0,0.0,0.0,1954.0,1.0,7,0,0.0,2.0,1.0,5.0
1045,12,3,1830,3,1,1,1.0,1.0,183.0,620,3.0,2.0,2.0,0.0,0.0,1.0,1.0,1,1,4.0,0.0,0.0,0.0,1954.0,2.0,7,0,0.0,2.0,1.0,1.0
1046,6,9,1545,1,1,1,1.0,3.0,201.0,620,3.0,2.0,2.0,1.0,1.0,1.0,1.0,1,1,2.0,0.0,0.0,0.0,1985.0,2.0,7,0,0.0,2.0,6.0,10.0
1047,6,9,1545,1,1,1,1.0,3.0,201.0,620,3.0,2.0,2.0,1.0,1.0,1.0,1.0,1,1,2.0,0.0,0.0,0.0,1985.0,2.0,33,0,0.0,2.0,1.0,1.0
1048,6,9,1545,1,1,1,1.0,3.0,201.0,620,3.0,2.0,2.0,1.0,1.0,1.0,1.0,1,1,4.0,0.0,0.0,0.0,1972.0,2.0,7,0,0.0,2.0,6.0,10.0
1049,6,9,1545,1,1,1,1.0,3.0,201.0,620,3.0,2.0,2.0,1.0,1.0,1.0,1.0,1,1,4.0,0.0,0.0,0.0,1972.0,2.0,33,0,0.0,2.0,1.0,1.0
1050,10,8,1930,5,2,1,1.0,3.0,318.0,620,3.0,2.0,1.0,0.0,0.0,1.0,1.0,1,4,4.0,0.0,0.0,0.0,2001.0,0.0,30,0,0.0,0.0,1.0,19.0
1051,10,8,1930,5,2,1,1.0,3.0,318.0,620,3.0,2.0,1.0,0.0,0.0,1.0,1.0,1,4,4.0,0.0,0.0,0.0,2001.0,0.0,7,0,0.0,0.0,7.0,1.0
1052,10,8,1930,5,2,1,1.0,3.0,318.0,620,3.0,2.0,1.0,0.0,0.0,1.0,1.0,1,4,1.0,0.0,0.0,0.0,1990.0,0.0,30,0,0.0,0.0,1.0,19.0
1053,10,8,1930,5,2,1,1.0,3.0,318.0,620,3.0,2.0,1.0,0.0,0.0,1.0,1.0,1,4,1.0,0.0,0.0,0.0,1990.0,0.0,7,0,0.0,0.0,7.0,1.0
1054,10,31,1430,1,2,1,1.0,6.0,318.0,620,3.0,2.0,0.0,0.0,1.0,1.0,1.0,1,1,1.0,0.0,0.0,0.0,1952.0,0.0,7,0,0.0,1.0,2.0,14.0
1055,10,31,1430,1,2,1,1.0,6.0,318.0,620,3.0,2.0,0.0,0.0,1.0,1.0,1.0,3,4,4.0,4.0,9.0,4.0,1958.0,0.0,7,0,0.0,1.0,2.0,14.0
1056,10,31,1430,1,2,1,1.0,6.0,318.0,620,3.0,2.0,0.0,0.0,1.0,1.0,1.0,3,1,4.0,4.0,9.0,4.0,1958.0,0.0,7,0,0.0,1.0,2.0,14.0
1057,1,31,1645,1,2,1,2.0,1.0,661.0,620,3.0,2.0,0.0,0.0,1.0,3.0,2.0,1,1,4.0,0.0,0.0,0.0,1962.0,1.0,33,0,0.0,2.0,1.0,13.0
1058,1,31,1645,1,2,1,2.0,1.0,661.0,620,3.0,2.0,0.0,0.0,1.0,3.0,2.0,1,1,4.0,0.0,0.0,0.0,1962.0,2.0,32,0,0.0,2.0,1.0,1.0
1059,1,31,1645,1,2,1,2.0,1.0,661.0,620,3.0,2.0,0.0,0.0,1.0,3.0,2.0,4,1,0.0,0.0,0.0,0.0,1963.0,1.0,33,0,0.0,2.0,1.0,13.0
1060,1,31,1645,1,2,1,2.0,1.0,661.0,620,3.0,2.0,0.0,0.0,1.0,3.0,2.0,4,1,0.0,0.0,0.0,0.0,1963.0,2.0,32,0,0.0,2.0,1.0,1.0
1061,1,31,1645,1,2,1,2.0,1.0,661.0,620,3.0,2.0,0.0,0.0,1.0,3.0,2.0,1,1,4.0,0.0,0.0,0.0,1951.0,1.0,33,0,0.0,2.0,1.0,13.0
1062,1,31,1645,1,2,1,2.0,1.0,661.0,620,3.0,2.0,0.0,0.0,1.0,3.0,2.0,1,1,4.0,0.0,0.0,0.0,1951.0,2.0,32,0,0.0,2.0,1.0,1.0
1063,5,29,1400,1,2,1,1.0,6.0,552.0,620,4.0,2.0,0.0,0.0,1.0,3.0,1.0,1,1,4.0,0.0,0.0,0.0,1994.0,0.0,36,0,8.0,0.0,1.0,13.0
1064,5,29,1400,1,2,1,1.0,6.0,552.0,620,4.0,2.0,0.0,0.0,1.0,3.0,1.0,4,4,0.0,0.0,0.0,0.0,2000.0,0.0,36,0,8.0,0.0,1.0,13.0
1065,2,1,1430,1,1,1,6.0,1.0,14.0,620,3.0,2.0,2.0,0.0,1.0,1.0,1.0,1,1,4.0,0.0,0.0,0.0,1956.0,1.0,7,0,0.0,2.0,1.0,15.0
1066,2,1,1430,1,1,1,6.0,1.0,14.0,620,3.0,2.0,2.0,0.0,1.0,1.0,1.0,1,1,4.0,0.0,0.0,0.0,1956.0,2.0,7,0,0.0,2.0,1.0,1.0
1067,2,1,1430,1,1,1,6.0,1.0,14.0,620,3.0,2.0,2.0,0.0,1.0,1.0,1.0,1,4,1.0,0.0,0.0,0.0,1997.0,1.0,7,0,0.0,2.0,1.0,15.0
1068,2,1,1430,1,1,1,6.0,1.0,14.0,620,3.0,2.0,2.0,0.0,1.0,1.0,1.0,1,4,1.0,0.0,0.0,0.0,1997.0,2.0,7,0,0.0,2.0,1.0,1.0
1069,3,4,845,1,2,1,1.0,6.0,721.0,620,3.0,2.0,0.0,0.0,2.0,1.0,1.0,1,4,9.0,0.0,0.0,0.0,1989.0,1.0,7,0,0.0,2.0,1.0,17.0
1070,4,26,2030,1,1,1,1.0,6.0,543.0,620,3.0,2.0,0.0,0.0,1.0,3.0,1.0,1,1,3.0,0.0,0.0,0.0,1991.0,1.0,7,0,2.0,0.0,1.0,0.0
1071,4,26,2030,1,1,1,1.0,6.0,543.0,620,3.0,2.0,0.0,0.0,1.0,3.0,1.0,4,4,0.0,0.0,0.0,0.0,2004.0,1.0,7,0,2.0,0.0,1.0,0.0
1072,4,26,2030,1,1,1,1.0,6.0,543.0,620,3.0,2.0,0.0,0.0,1.0,3.0,1.0,4,4,0.0,0.0,0.0,0.0,2010.0,1.0,7,0,2.0,0.0,1.0,0.0
1073,5,29,1715,1,2,1,1.0,2.0,14.0,620,4.0,2.0,2.0,0.0,1.0,1.0,1.0,1,1,4.0,0.0,0.0,0.0,1999.0,0.0,2,0,0.0,2.0,4.0,2.0
1074,5,29,1715,1,2,1,1.0,2.0,14.0,620,4.0,2.0,2.0,0.0,1.0,1.0,1.0,1,1,4.0,0.0,0.0,0.0,1999.0,0.0,2,0,0.0,2.0,1.0,0.0
1075,5,29,1715,1,2,1,1.0,2.0,14.0,620,4.0,2.0,2.0,0.0,1.0,1.0,1.0,1,1,4.0,0.0,0.0,0.0,1998.0,0.0,2,0,0.0,2.0,4.0,2.0
1076,5,29,1715,1,2,1,1.0,2.0,14.0,620,4.0,2.0,2.0,0.0,1.0,1.0,1.0,1,1,4.0,0.0,0.0,0.0,1998.0,0.0,2,0,0.0,2.0,1.0,0.0
1077,5,29,1715,1,2,1,1.0,2.0,14.0,620,4.0,2.0,2.0,0.0,1.0,1.0,1.0,4,4,0.0,0.0,0.0,0.0,2000.0,0.0,2,0,0.0,2.0,4.0,2.0
1078,5,29,1715,1,2,1,1.0,2.0,14.0,620,4.0,2.0,2.0,0.0,1.0,1.0,1.0,4,4,0.0,0.0,0.0,0.0,2000.0,0.0,2,0,0.0,2.0,1.0,0.0
1079,5,27,1800,1,2,1,1.0,2.0,14.0,620,3.0,2.0,2.0,0.0,0.0,1.0,1.0,1,1,4.0,0.0,0.0,0.0,1985.0,1.0,31,0,0.0,2.0,1.0,0.0
1080,5,27,1800,1,2,1,1.0,2.0,14.0,620,3.0,2.0,2.0,0.0,0.0,1.0,1.0,1,1,4.0,0.0,0.0,0.0,1985.0,1.0,7,0,0.0,2.0,5.0,0.0
1081,5,27,1800,1,2,1,1.0,2.0,14.0,620,3.0,2.0,2.0,0.0,0.0,1.0,1.0,1,1,4.0,0.0,0.0,0.0,1973.0,1.0,31,0,0.0,2.0,1.0,0.0
1082,5,27,1800,1,2,1,1.0,2.0,14.0,620,3.0,2.0,2.0,0.0,0.0,1.0,1.0,1,1,4.0,0.0,0.0,0.0,1973.0,1.0,7,0,0.0,2.0,5.0,0.0
1083,10,31,600,5,2,1,5.0,6.0,684.0,620,3.0,2.0,2.0,0.0,1.0,1.0,1.0,1,1,9.0,0.0,0.0,0.0,1982.0,0.0,7,0,6.0,0.0,9.0,2.0
1084,12,13,1730,3,1,1,1.0,1.0,288.0,620,3.0,2.0,2.0,0.0,2.0,1.0,2.0,1,1,9.0,0.0,0.0,0.0,1987.0,2.0,33,0,7.0,0.0,1.0,1.0
1085,12,13,1730,3,1,1,1.0,1.0,288.0,620,3.0,2.0,2.0,0.0,2.0,1.0,2.0,1,1,9.0,0.0,0.0,0.0,1987.0,2.0,7,0,0.0,2.0,5.0,1.0
1086,12,13,1730,3,1,1,1.0,1.0,288.0,620,3.0,2.0,2.0,0.0,2.0,1.0,2.0,1,4,1.0,0.0,0.0,0.0,1960.0,2.0,33,0,7.0,0.0,1.0,1.0
1087,12,13,1730,3,1,1,1.0,1.0,288.0,620,3.0,2.0,2.0,0.0,2.0,1.0,2.0,1,4,1.0,0.0,0.0,0.0,1960.0,2.0,7,0,0.0,2.0,5.0,1.0
1088,12,15,1845,5,2,1,1.0,6.0,14.0,620,4.0,2.0,2.0,0.0,1.0,1.0,1.0,1,1,1.0,0.0,0.0,0.0,1961.0,2.0,7,0,0.0,1.0,3.0,2.0
1089,12,15,1845,5,2,1,1.0,6.0,14.0,620,4.0,2.0,2.0,0.0,1.0,1.0,1.0,3,4,4.0,3.0,3.0,4.0,2011.0,2.0,7,0,0.0,1.0,3.0,2.0
1090,7,18,1515,1,2,1,1.0,6.0,55.0,620,4.0,2.0,0.0,0.0,2.0,2.0,1.0,1,1,4.0,0.0,0.0,0.0,1978.0,0.0,7,0,15.0,0.0,7.0,1.0
1091,1,14,1100,1,2,2,1.0,3.0,645.0,620,3.0,2.0,0.0,0.0,1.0,1.0,1.0,1,1,4.0,0.0,0.0,0.0,1931.0,1.0,7,0,0.0,2.0,2.0,11.0
1092,1,14,1100,1,2,2,1.0,3.0,645.0,620,3.0,2.0,0.0,0.0,1.0,1.0,1.0,1,1,4.0,0.0,0.0,0.0,1931.0,2.0,3,0,0.0,2.0,8.0,1.0
1093,1,14,1100,1,2,2,1.0,3.0,645.0,620,3.0,2.0,0.0,0.0,1.0,1.0,1.0,1,1,4.0,0.0,0.0,0.0,1955.0,1.0,7,0,0.0,2.0,2.0,11.0
1094,1,14,1100,1,2,2,1.0,3.0,645.0,620,3.0,2.0,0.0,0.0,1.0,1.0,1.0,1,1,4.0,0.0,0.0,0.0,1955.0,2.0,3,0,0.0,2.0,8.0,1.0
1095,2,13,1530,1,2,1,2.0,6.0,57.0,620,3.0,2.0,2.0,0.0,1.0,1.0,2.0,1,4,4.0,0.0,0.0,0.0,1976.0,2.0,7,0,4.0,0.0,1.0,1.0
1096,2,23,1000,1,1,2,1.0,3.0,756.0,620,3.0,2.0,0.0,0.0,1.0,1.0,1.0,1,1,4.0,0.0,0.0,0.0,1988.0,2.0,1,0,0.0,2.0,8.0,1.0
1097,2,23,1000,1,1,2,1.0,3.0,756.0,620,3.0,2.0,0.0,0.0,1.0,1.0,1.0,1,1,4.0,0.0,0.0,0.0,1988.0,1.0,7,0,0.0,2.0,1.0,19.0
1098,2,23,1000,1,1,2,1.0,3.0,756.0,620,3.0,2.0,0.0,0.0,1.0,1.0,1.0,1,1,4.0,0.0,0.0,0.0,1956.0,2.0,1,0,0.0,2.0,8.0,1.0
1099,2,23,1000,1,1,2,1.0,3.0,756.0,620,3.0,2.0,0.0,0.0,1.0,1.0,1.0,1,1,4.0,0.0,0.0,0.0,1956.0,1.0,7,0,0.0,2.0,1.0,19.0
1100,11,3,1030,1,2,1,1.0,2.0,598.0,620,4.0,2.0,2.0,0.0,2.0,2.0,1.0,1,1,4.0,0.0,0.0,0.0,1946.0,0.0,1,0,0.0,2.0,1.0,1.0
1101,11,3,1030,1,2,1,1.0,2.0,598.0,620,4.0,2.0,2.0,0.0,2.0,2.0,1.0,1,1,4.0,0.0,0.0,0.0,1946.0,0.0,20,0,0.0,2.0,4.0,4.0
1102,11,3,1030,1,2,1,1.0,2.0,598.0,620,4.0,2.0,2.0,0.0,2.0,2.0,1.0,1,1,2.0,0.0,0.0,0.0,1995.0,0.0,1,0,0.0,2.0,1.0,1.0
1103,11,3,1030,1,2,1,1.0,2.0,598.0,620,4.0,2.0,2.0,0.0,2.0,2.0,1.0,1,1,2.0,0.0,0.0,0.0,1995.0,0.0,20,0,0.0,2.0,4.0,4.0
1104,11,3,1030,1,2,1,1.0,2.0,598.0,620,4.0,2.0,2.0,0.0,2.0,2.0,1.0,4,1,0.0,0.0,0.0,0.0,1993.0,0.0,1,0,0.0,2.0,1.0,1.0
1105,11,3,1030,1,2,1,1.0,2.0,598.0,620,4.0,2.0,2.0,0.0,2.0,2.0,1.0,4,1,0.0,0.0,0.0,0.0,1993.0,0.0,20,0,0.0,2.0,4.0,4.0
1106,11,16,1330,1,1,1,1.0,3.0,614.0,620,3.0,2.0,0.0,0.0,1.0,1.0,1.0,1,4,1.0,0.0,0.0,0.0,1962.0,1.0,7,0,0.0,2.0,2.0,15.0
1107,11,16,1330,1,1,1,1.0,3.0,614.0,620,3.0,2.0,0.0,0.0,1.0,1.0,1.0,1,4,1.0,0.0,0.0,0.0,1962.0,2.0,14,0,0.0,2.0,1.0,1.0
1108,11,16,1330,1,1,1,1.0,3.0,614.0,620,3.0,2.0,0.0,0.0,1.0,1.0,1.0,1,1,2.0,0.0,0.0,0.0,1988.0,1.0,7,0,0.0,2.0,2.0,15.0
1109,11,16,1330,1,1,1,1.0,3.0,614.0,620,3.0,2.0,0.0,0.0,1.0,1.0,1.0,1,1,2.0,0.0,0.0,0.0,1988.0,2.0,14,0,0.0,2.0,1.0,1.0
1110,12,27,1830,3,2,1,8.0,1.0,393.0,620,3.0,2.0,2.0,0.0,0.0,1.0,1.0,1,1,4.0,0.0,0.0,0.0,1975.0,1.0,7,0,0.0,2.0,3.0,1.0
1111,12,27,1830,3,2,1,8.0,1.0,393.0,620,3.0,2.0,2.0,0.0,0.0,1.0,1.0,1,1,4.0,0.0,0.0,0.0,1975.0,2.0,7,0,0.0,2.0,3.0,1.0
1112,12,27,1830,3,2,1,8.0,1.0,393.0,620,3.0,2.0,2.0,0.0,0.0,1.0,1.0,4,4,0.0,0.0,0.0,0.0,1978.0,1.0,7,0,0.0,2.0,3.0,1.0
1113,12,27,1830,3,2,1,8.0,1.0,393.0,620,3.0,2.0,2.0,0.0,0.0,1.0,1.0,4,4,0.0,0.0,0.0,0.0,1978.0,2.0,7,0,0.0,2.0,3.0,1.0
1114,12,27,1830,3,2,1,8.0,1.0,393.0,620,3.0,2.0,2.0,0.0,0.0,1.0,1.0,4,4,0.0,0.0,0.0,0.0,2007.0,1.0,7,0,0.0,2.0,3.0,1.0
1115,12,27,1830,3,2,1,8.0,1.0,393.0,620,3.0,2.0,2.0,0.0,0.0,1.0,1.0,4,4,0.0,0.0,0.0,0.0,2007.0,2.0,7,0,0.0,2.0,3.0,1.0
1116,12,27,1830,3,2,1,8.0,1.0,393.0,620,3.0,2.0,2.0,0.0,0.0,1.0,1.0,1,1,4.0,0.0,0.0,0.0,1944.0,1.0,7,0,0.0,2.0,3.0,1.0
1117,12,27,1830,3,2,1,8.0,1.0,393.0,620,3.0,2.0,2.0,0.0,0.0,1.0,1.0,1,1,4.0,0.0,0.0,0.0,1944.0,2.0,7,0,0.0,2.0,3.0,1.0
1118,12,27,1830,3,2,1,8.0,1.0,393.0,620,3.0,2.0,2.0,0.0,0.0,1.0,1.0,4,4,0.0,0.0,0.0,0.0,1968.0,1.0,7,0,0.0,2.0,3.0,1.0
1119,12,27,1830,3,2,1,8.0,1.0,393.0,620,3.0,2.0,2.0,0.0,0.0,1.0,1.0,4,4,0.0,0.0,0.0,0.0,1968.0,2.0,7,0,0.0,2.0,3.0,1.0
1120,5,16,600,2,2,1,1.0,6.0,304.0,620,3.0,2.0,0.0,0.0,1.0,2.0,1.0,1,4,4.0,0.0,0.0,0.0,1995.0,1.0,7,0,6.0,0.0,3.0,1.0
1121,5,16,600,2,2,1,1.0,6.0,304.0,620,3.0,2.0,0.0,0.0,1.0,2.0,1.0,4,4,0.0,0.0,0.0,0.0,1996.0,1.0,7,0,6.0,0.0,3.0,1.0
1122,9,11,930,1,1,1,1.0,6.0,569.0,620,3.0,2.0,2.0,0.0,1.0,1.0,1.0,1,1,4.0,0.0,0.0,0.0,1996.0,2.0,7,0,2.0,0.0,1.0,1.0
1123,7,10,1715,1,1,1,1.0,5.0,803.0,620,2.0,2.0,2.0,0.0,1.0,2.0,1.0,1,4,0.0,0.0,0.0,0.0,1962.0,0.0,7,0,13.0,2.0,8.0,13.0
1124,7,10,1715,1,1,1,1.0,5.0,803.0,620,2.0,2.0,2.0,0.0,1.0,2.0,1.0,1,4,0.0,0.0,0.0,0.0,1962.0,1.0,33,0,0.0,2.0,1.0,1.0
1125,7,10,1715,1,1,1,1.0,5.0,803.0,620,2.0,2.0,2.0,0.0,1.0,2.0,1.0,1,4,0.0,0.0,0.0,0.0,1962.0,1.0,33,0,0.0,0.0,0.0,1.0
1126,7,10,1715,1,1,1,1.0,5.0,803.0,620,2.0,2.0,2.0,0.0,1.0,2.0,1.0,4,4,0.0,0.0,0.0,0.0,1939.0,0.0,7,0,13.0,2.0,8.0,13.0
1127,7,10,1715,1,1,1,1.0,5.0,803.0,620,2.0,2.0,2.0,0.0,1.0,2.0,1.0,4,4,0.0,0.0,0.0,0.0,1939.0,1.0,33,0,0.0,2.0,1.0,1.0
1128,7,10,1715,1,1,1,1.0,5.0,803.0,620,2.0,2.0,2.0,0.0,1.0,2.0,1.0,4,4,0.0,0.0,0.0,0.0,1939.0,1.0,33,0,0.0,0.0,0.0,1.0
1129,7,10,1715,1,1,1,1.0,5.0,803.0,620,2.0,2.0,2.0,0.0,1.0,2.0,1.0,4,1,0.0,0.0,0.0,0.0,1961.0,0.0,7,0,13.0,2.0,8.0,13.0
1130,7,10,1715,1,1,1,1.0,5.0,803.0,620,2.0,2.0,2.0,0.0,1.0,2.0,1.0,4,1,0.0,0.0,0.0,0.0,1961.0,1.0,33,0,0.0,2.0,1.0,1.0
1131,7,10,1715,1,1,1,1.0,5.0,803.0,620,2.0,2.0,2.0,0.0,1.0,2.0,1.0,4,1,0.0,0.0,0.0,0.0,1961.0,1.0,33,0,0.0,0.0,0.0,1.0
1132,7,10,1715,1,1,1,1.0,5.0,803.0,620,2.0,2.0,2.0,0.0,1.0,2.0,1.0,4,1,0.0,0.0,0.0,0.0,1981.0,0.0,7,0,13.0,2.0,8.0,13.0
1133,7,10,1715,1,1,1,1.0,5.0,803.0,620,2.0,2.0,2.0,0.0,1.0,2.0,1.0,4,1,0.0,0.0,0.0,0.0,1981.0,1.0,33,0,0.0,2.0,1.0,1.0
1134,7,10,1715,1,1,1,1.0,5.0,803.0,620,2.0,2.0,2.0,0.0,1.0,2.0,1.0,4,1,0.0,0.0,0.0,0.0,1981.0,1.0,33,0,0.0,0.0,0.0,1.0
1135,7,10,1715,1,1,1,1.0,5.0,803.0,620,2.0,2.0,2.0,0.0,1.0,2.0,1.0,1,1,0.0,0.0,0.0,0.0,1984.0,0.0,7,0,13.0,2.0,8.0,13.0
1136,7,10,1715,1,1,1,1.0,5.0,803.0,620,2.0,2.0,2.0,0.0,1.0,2.0,1.0,1,1,0.0,0.0,0.0,0.0,1984.0,1.0,33,0,0.0,2.0,1.0,1.0
1137,7,10,1715,1,1,1,1.0,5.0,803.0,620,2.0,2.0,2.0,0.0,1.0,2.0,1.0,1,1,0.0,0.0,0.0,0.0,1984.0,1.0,33,0,0.0,0.0,0.0,1.0
1138,7,10,1715,1,1,1,1.0,5.0,803.0,620,2.0,2.0,2.0,0.0,1.0,2.0,1.0,1,1,0.0,0.0,0.0,0.0,1963.0,0.0,7,0,13.0,2.0,8.0,13.0
1139,7,10,1715,1,1,1,1.0,5.0,803.0,620,2.0,2.0,2.0,0.0,1.0,2.0,1.0,1,1,0.0,0.0,0.0,0.0,1963.0,1.0,33,0,0.0,2.0,1.0,1.0
1140,7,10,1715,1,1,1,1.0,5.0,803.0,620,2.0,2.0,2.0,0.0,1.0,2.0,1.0,1,1,0.0,0.0,0.0,0.0,1963.0,1.0,33,0,0.0,0.0,0.0,1.0
1141,7,10,1715,1,1,1,1.0,5.0,803.0,620,2.0,2.0,2.0,0.0,1.0,2.0,1.0,4,4,0.0,0.0,0.0,0.0,1989.0,0.0,7,0,13.0,2.0,8.0,13.0
1142,7,10,1715,1,1,1,1.0,5.0,803.0,620,2.0,2.0,2.0,0.0,1.0,2.0,1.0,4,4,0.0,0.0,0.0,0.0,1989.0,1.0,33,0,0.0,2.0,1.0,1.0
1143,7,10,1715,1,1,1,1.0,5.0,803.0,620,2.0,2.0,2.0,0.0,1.0,2.0,1.0,4,4,0.0,0.0,0.0,0.0,1989.0,1.0,33,0,0.0,0.0,0.0,1.0
1144,1,10,1415,1,2,1,9.0,6.0,767.0,620,3.0,2.0,2.0,0.0,1.0,0.0,1.0,1,1,9.0,0.0,0.0,0.0,1955.0,1.0,7,0,6.0,0.0,9.0,0.0
1145,3,19,1215,1,2,1,1.0,3.0,767.0,620,4.0,2.0,2.0,0.0,0.0,1.0,0.0,1,1,4.0,0.0,0.0,0.0,1985.0,0.0,3,0,0.0,2.0,6.0,13.0
1146,3,19,1215,1,2,1,1.0,3.0,767.0,620,4.0,2.0,2.0,0.0,0.0,1.0,0.0,1,1,4.0,0.0,0.0,0.0,1985.0,0.0,7,0,0.0,2.0,6.0,1.0
1147,3,19,1215,1,2,1,1.0,3.0,767.0,620,4.0,2.0,2.0,0.0,0.0,1.0,0.0,1,1,4.0,0.0,0.0,0.0,1987.0,0.0,3,0,0.0,2.0,6.0,13.0
1148,3,19,1215,1,2,1,1.0,3.0,767.0,620,4.0,2.0,2.0,0.0,0.0,1.0,0.0,1,1,4.0,0.0,0.0,0.0,1987.0,0.0,7,0,0.0,2.0,6.0,1.0
1149,3,19,1215,1,2,1,1.0,3.0,767.0,620,4.0,2.0,2.0,0.0,0.0,1.0,0.0,4,1,0.0,0.0,0.0,0.0,1969.0,0.0,3,0,0.0,2.0,6.0,13.0
1150,3,19,1215,1,2,1,1.0,3.0,767.0,620,4.0,2.0,2.0,0.0,0.0,1.0,0.0,4,1,0.0,0.0,0.0,0.0,1969.0,0.0,7,0,0.0,2.0,6.0,1.0
1151,3,19,1215,1,2,1,1.0,3.0,767.0,620,4.0,2.0,2.0,0.0,0.0,1.0,0.0,4,4,0.0,0.0,0.0,0.0,2013.0,0.0,3,0,0.0,2.0,6.0,13.0
1152,3,19,1215,1,2,1,1.0,3.0,767.0,620,4.0,2.0,2.0,0.0,0.0,1.0,0.0,4,4,0.0,0.0,0.0,0.0,2013.0,0.0,7,0,0.0,2.0,6.0,1.0
1153,3,19,1215,1,2,1,1.0,3.0,767.0,620,4.0,2.0,2.0,0.0,0.0,1.0,0.0,4,4,0.0,0.0,0.0,0.0,1986.0,0.0,3,0,0.0,2.0,6.0,13.0
1154,3,19,1215,1,2,1,1.0,3.0,767.0,620,4.0,2.0,2.0,0.0,0.0,1.0,0.0,4,4,0.0,0.0,0.0,0.0,1986.0,0.0,7,0,0.0,2.0,6.0,1.0
1155,3,19,1215,1,2,1,1.0,3.0,767.0,620,4.0,2.0,2.0,0.0,0.0,1.0,0.0,4,4,0.0,0.0,0.0,0.0,1964.0,0.0,3,0,0.0,2.0,6.0,13.0
1156,3,19,1215,1,2,1,1.0,3.0,767.0,620,4.0,2.0,2.0,0.0,0.0,1.0,0.0,4,4,0.0,0.0,0.0,0.0,1964.0,0.0,7,0,0.0,2.0,6.0,1.0
1157,4,4,145,3,2,1,3.0,6.0,451.0,620,3.0,2.0,0.0,0.0,1.0,1.0,2.0,1,1,4.0,0.0,0.0,0.0,1966.0,2.0,33,0,1.0,0.0,3.0,13.0
1158,4,13,1645,1,1,1,1.0,2.0,367.0,620,3.0,2.0,2.0,0.0,1.0,1.0,1.0,1,1,9.0,0.0,0.0,0.0,2001.0,1.0,1,0,0.0,2.0,1.0,1.0
1159,4,13,1645,1,1,1,1.0,2.0,367.0,620,3.0,2.0,2.0,0.0,1.0,1.0,1.0,1,1,9.0,0.0,0.0,0.0,2001.0,1.0,10,0,0.0,2.0,5.0,0.0
1160,4,13,1645,1,1,1,1.0,2.0,367.0,620,3.0,2.0,2.0,0.0,1.0,1.0,1.0,1,1,2.0,0.0,0.0,0.0,1982.0,1.0,1,0,0.0,2.0,1.0,1.0
1161,4,13,1645,1,1,1,1.0,2.0,367.0,620,3.0,2.0,2.0,0.0,1.0,1.0,1.0,1,1,2.0,0.0,0.0,0.0,1982.0,1.0,10,0,0.0,2.0,5.0,0.0
1162,4,16,200,5,2,1,1.0,1.0,767.0,620,3.0,2.0,2.0,0.0,2.0,2.0,0.0,1,1,4.0,0.0,0.0,0.0,1972.0,1.0,31,0,0.0,0.0,0.0,1.0
1163,4,16,200,5,2,1,1.0,1.0,767.0,620,3.0,2.0,2.0,0.0,2.0,2.0,0.0,1,1,4.0,0.0,0.0,0.0,1972.0,2.0,30,0,0.0,0.0,0.0,1.0
1164,4,16,200,5,2,1,1.0,1.0,767.0,620,3.0,2.0,2.0,0.0,2.0,2.0,0.0,1,4,4.0,0.0,0.0,0.0,1985.0,1.0,31,0,0.0,0.0,0.0,1.0
1165,4,16,200,5,2,1,1.0,1.0,767.0,620,3.0,2.0,2.0,0.0,2.0,2.0,0.0,1,4,4.0,0.0,0.0,0.0,1985.0,2.0,30,0,0.0,0.0,0.0,1.0
1166,4,15,2115,3,1,1,2.0,1.0,333.0,620,3.0,2.0,2.0,0.0,1.0,1.0,2.0,1,1,1.0,0.0,0.0,0.0,1992.0,1.0,10,0,0.0,2.0,1.0,13.0
1167,4,15,2115,3,1,1,2.0,1.0,333.0,620,3.0,2.0,2.0,0.0,1.0,1.0,2.0,1,1,1.0,0.0,0.0,0.0,1992.0,2.0,7,0,0.0,2.0,1.0,0.0
1168,4,15,2115,3,1,1,2.0,1.0,333.0,620,3.0,2.0,2.0,0.0,1.0,1.0,2.0,1,1,4.0,0.0,0.0,0.0,1981.0,1.0,10,0,0.0,2.0,1.0,13.0
1169,4,15,2115,3,1,1,2.0,1.0,333.0,620,3.0,2.0,2.0,0.0,1.0,1.0,2.0,1,1,4.0,0.0,0.0,0.0,1981.0,2.0,7,0,0.0,2.0,1.0,0.0
1170,4,15,2115,3,1,1,2.0,1.0,333.0,620,3.0,2.0,2.0,0.0,1.0,1.0,2.0,4,4,0.0,0.0,0.0,0.0,2000.0,1.0,10,0,0.0,2.0,1.0,13.0
1171,4,15,2115,3,1,1,2.0,1.0,333.0,620,3.0,2.0,2.0,0.0,1.0,1.0,2.0,4,4,0.0,0.0,0.0,0.0,2000.0,2.0,7,0,0.0,2.0,1.0,0.0