,month,day,time,light,location,intersection,atmosphere,collision,municipality,department,road,traffic,nblanes,reslane,laneprofile,plan,surface,user,sex,route,pedlocation,pedaction,pedcondition,birth,dirtraffic,catvehicle,nboccupants,obstacle,movobstacle,impact,maneuver
1172,4,15,2115,3,1,1,2.0,1.0,333.0,620,3.0,2.0,2.0,0.0,1.0,1.0,2.0,4,1,0.0,0.0,0.0,0.0,1966.0,1.0,10,0,0.0,2.0,1.0,13.0
1173,4,15,2115,3,1,1,2.0,1.0,333.0,620,3.0,2.0,2.0,0.0,1.0,1.0,2.0,4,1,0.0,0.0,0.0,0.0,1966.0,2.0,7,0,0.0,2.0,1.0,0.0
1174,4,17,1115,1,1,1,1.0,3.0,269.0,620,3.0,2.0,2.0,0.0,1.0,1.0,1.0,1,1,4.0,0.0,0.0,0.0,1971.0,1.0,33,0,0.0,2.0,2.0,17.0
1175,4,17,1115,1,1,1,1.0,3.0,269.0,620,3.0,2.0,2.0,0.0,1.0,1.0,1.0,1,1,4.0,0.0,0.0,0.0,1971.0,1.0,10,0,0.0,2.0,8.0,15.0
1176,4,17,1115,1,1,1,1.0,3.0,269.0,620,3.0,2.0,2.0,0.0,1.0,1.0,1.0,1,1,4.0,0.0,0.0,0.0,1949.0,1.0,33,0,0.0,2.0,2.0,17.0
1177,4,17,1115,1,1,1,1.0,3.0,269.0,620,3.0,2.0,2.0,0.0,1.0,1.0,1.0,1,1,4.0,0.0,0.0,0.0,1949.0,1.0,10,0,0.0,2.0,8.0,15.0
1178,6,6,1700,1,2,1,1.0,6.0,767.0,620,3.0,2.0,2.0,0.0,1.0,1.0,1.0,1,4,3.0,0.0,0.0,0.0,1958.0,2.0,7,0,0.0,1.0,1.0,12.0
1179,6,6,1700,1,2,1,1.0,6.0,767.0,620,3.0,2.0,2.0,0.0,1.0,1.0,1.0,3,4,3.0,2.0,3.0,1.0,1933.0,2.0,7,0,0.0,1.0,1.0,12.0
1180,7,8,1230,1,2,1,1.0,3.0,138.0,620,3.0,2.0,2.0,0.0,1.0,1.0,1.0,1,4,2.0,0.0,0.0,0.0,1979.0,2.0,7,0,0.0,0.0,3.0,1.0
1181,7,8,1230,1,2,1,1.0,3.0,138.0,620,3.0,2.0,2.0,0.0,1.0,1.0,1.0,1,4,2.0,0.0,0.0,0.0,1979.0,1.0,7,0,0.0,0.0,1.0,15.0
1182,7,8,1230,1,2,1,1.0,3.0,138.0,620,3.0,2.0,2.0,0.0,1.0,1.0,1.0,1,4,4.0,0.0,0.0,0.0,1945.0,2.0,7,0,0.0,0.0,3.0,1.0
1183,7,8,1230,1,2,1,1.0,3.0,138.0,620,3.0,2.0,2.0,0.0,1.0,1.0,1.0,1,4,4.0,0.0,0.0,0.0,1945.0,1.0,7,0,0.0,0.0,1.0,15.0
1184,7,29,1300,1,2,1,1.0,1.0,717.0,620,3.0,2.0,0.0,0.0,0.0,2.0,1.0,1,1,4.0,0.0,0.0,0.0,1940.0,0.0,7,0,0.0,2.0,1.0,13.0
1185,7,29,1300,1,2,1,1.0,1.0,717.0,620,3.0,2.0,0.0,0.0,0.0,2.0,1.0,1,1,4.0,0.0,0.0,0.0,1940.0,0.0,7,0,0.0,2.0,1.0,1.0
1186,7,29,1300,1,2,1,1.0,1.0,717.0,620,3.0,2.0,0.0,0.0,0.0,2.0,1.0,4,4,0.0,0.0,0.0,0.0,1940.0,0.0,7,0,0.0,2.0,1.0,13.0
1187,7,29,1300,1,2,1,1.0,1.0,717.0,620,3.0,2.0,0.0,0.0,0.0,2.0,1.0,4,4,0.0,0.0,0.0,0.0,1940.0,0.0,7,0,0.0,2.0,1.0,1.0
1188,7,29,1300,1,2,1,1.0,1.0,717.0,620,3.0,2.0,0.0,0.0,0.0,2.0,1.0,1,4,0.0,0.0,0.0,0.0,1990.0,0.0,7,0,0.0,2.0,1.0,13.0
1189,7,29,1300,1,2,1,1.0,1.0,717.0,620,3.0,2.0,0.0,0.0,0.0,2.0,1.0,1,4,0.0,0.0,0.0,0.0,1990.0,0.0,7,0,0.0,2.0,1.0,1.0
1190,9,10,1045,1,1,1,1.0,6.0,835.0,620,3.0,2.0,2.0,0.0,0.0,1.0,1.0,1,1,4.0,0.0,0.0,0.0,1990.0,1.0,7,0,2.0,0.0,1.0,1.0
1191,9,13,2000,2,1,1,1.0,1.0,450.0,620,3.0,2.0,2.0,0.0,2.0,4.0,1.0,1,1,1.0,0.0,0.0,0.0,1966.0,2.0,10,0,0.0,2.0,3.0,1.0
1192,9,13,2000,2,1,1,1.0,1.0,450.0,620,3.0,2.0,2.0,0.0,2.0,4.0,1.0,1,1,1.0,0.0,0.0,0.0,1966.0,1.0,7,0,0.0,2.0,3.0,13.0
1193,9,13,2000,2,1,1,1.0,1.0,450.0,620,3.0,2.0,2.0,0.0,2.0,4.0,1.0,1,1,3.0,0.0,0.0,0.0,1978.0,2.0,10,0,0.0,2.0,3.0,1.0
1194,9,13,2000,2,1,1,1.0,1.0,450.0,620,3.0,2.0,2.0,0.0,2.0,4.0,1.0,1,1,3.0,0.0,0.0,0.0,1978.0,1.0,7,0,0.0,2.0,3.0,13.0
1195,9,14,1830,1,2,3,1.0,1.0,519.0,620,3.0,2.0,2.0,0.0,1.0,1.0,1.0,1,4,2.0,0.0,0.0,0.0,1968.0,1.0,10,0,0.0,9.0,2.0,1.0
1196,9,14,1830,1,2,3,1.0,1.0,519.0,620,3.0,2.0,2.0,0.0,1.0,1.0,1.0,1,4,2.0,0.0,0.0,0.0,1968.0,0.0,1,0,0.0,2.0,8.0,1.0
1197,9,14,1830,1,2,3,1.0,1.0,519.0,620,3.0,2.0,2.0,0.0,1.0,1.0,1.0,1,1,4.0,0.0,0.0,0.0,2007.0,1.0,10,0,0.0,9.0,2.0,1.0
1198,9,14,1830,1,2,3,1.0,1.0,519.0,620,3.0,2.0,2.0,0.0,1.0,1.0,1.0,1,1,4.0,0.0,0.0,0.0,2007.0,0.0,1,0,0.0,2.0,8.0,1.0
1199,9,18,1600,1,1,1,2.0,5.0,514.0,620,3.0,3.0,4.0,0.0,4.0,1.0,2.0,1,1,4.0,0.0,0.0,0.0,1995.0,2.0,7,0,0.0,2.0,1.0,2.0
1200,9,18,1600,1,1,1,2.0,5.0,514.0,620,3.0,3.0,4.0,0.0,4.0,1.0,2.0,1,1,4.0,0.0,0.0,0.0,1995.0,2.0,7,0,0.0,2.0,4.0,13.0
1201,9,18,1600,1,1,1,2.0,5.0,514.0,620,3.0,3.0,4.0,0.0,4.0,1.0,2.0,1,1,4.0,0.0,0.0,0.0,1995.0,2.0,7,0,0.0,2.0,3.0,1.0
1202,9,18,1600,1,1,1,2.0,5.0,514.0,620,3.0,3.0,4.0,0.0,4.0,1.0,2.0,1,4,4.0,0.0,0.0,0.0,1968.0,2.0,7,0,0.0,2.0,1.0,2.0
1203,9,18,1600,1,1,1,2.0,5.0,514.0,620,3.0,3.0,4.0,0.0,4.0,1.0,2.0,1,4,4.0,0.0,0.0,0.0,1968.0,2.0,7,0,0.0,2.0,4.0,13.0
1204,9,18,1600,1,1,1,2.0,5.0,514.0,620,3.0,3.0,4.0,0.0,4.0,1.0,2.0,1,4,4.0,0.0,0.0,0.0,1968.0,2.0,7,0,0.0,2.0,3.0,1.0
1205,9,18,1600,1,1,1,2.0,5.0,514.0,620,3.0,3.0,4.0,0.0,4.0,1.0,2.0,4,4,0.0,0.0,0.0,0.0,1942.0,2.0,7,0,0.0,2.0,1.0,2.0
1206,9,18,1600,1,1,1,2.0,5.0,514.0,620,3.0,3.0,4.0,0.0,4.0,1.0,2.0,4,4,0.0,0.0,0.0,0.0,1942.0,2.0,7,0,0.0,2.0,4.0,13.0
1207,9,18,1600,1,1,1,2.0,5.0,514.0,620,3.0,3.0,4.0,0.0,4.0,1.0,2.0,4,4,0.0,0.0,0.0,0.0,1942.0,2.0,7,0,0.0,2.0,3.0,1.0
1208,9,18,1600,1,1,1,2.0,5.0,514.0,620,3.0,3.0,4.0,0.0,4.0,1.0,2.0,1,1,0.0,0.0,0.0,0.0,1973.0,2.0,7,0,0.0,2.0,1.0,2.0
1209,9,18,1600,1,1,1,2.0,5.0,514.0,620,3.0,3.0,4.0,0.0,4.0,1.0,2.0,1,1,0.0,0.0,0.0,0.0,1973.0,2.0,7,0,0.0,2.0,4.0,13.0
1210,9,18,1600,1,1,1,2.0,5.0,514.0,620,3.0,3.0,4.0,0.0,4.0,1.0,2.0,1,1,0.0,0.0,0.0,0.0,1973.0,2.0,7,0,0.0,2.0,3.0,1.0
1211,9,18,1600,1,1,1,2.0,5.0,514.0,620,3.0,3.0,4.0,0.0,4.0,1.0,2.0,4,4,0.0,0.0,0.0,0.0,1973.0,2.0,7,0,0.0,2.0,1.0,2.0
1212,9,18,1600,1,1,1,2.0,5.0,514.0,620,3.0,3.0,4.0,0.0,4.0,1.0,2.0,4,4,0.0,0.0,0.0,0.0,1973.0,2.0,7,0,0.0,2.0,4.0,13.0
1213,9,18,1600,1,1,1,2.0,5.0,514.0,620,3.0,3.0,4.0,0.0,4.0,1.0,2.0,4,4,0.0,0.0,0.0,0.0,1973.0,2.0,7,0,0.0,2.0,3.0,1.0
1214,9,29,2145,3,1,1,2.0,6.0,686.0,620,3.0,2.0,3.0,0.0,1.0,1.0,2.0,1,1,1.0,0.0,0.0,0.0,1987.0,0.0,7,0,2.0,0.0,8.0,17.0
1215,11,1,1815,2,1,1,1.0,3.0,260.0,620,3.0,0.0,4.0,0.0,0.0,1.0,1.0,1,4,3.0,0.0,0.0,0.0,1944.0,0.0,7,0,0.0,2.0,1.0,9.0
1216,11,1,1815,2,1,1,1.0,3.0,260.0,620,3.0,0.0,4.0,0.0,0.0,1.0,1.0,1,4,3.0,0.0,0.0,0.0,1944.0,2.0,7,0,0.0,2.0,7.0,1.0
1217,11,1,1815,2,1,1,1.0,3.0,260.0,620,3.0,0.0,4.0,0.0,0.0,1.0,1.0,4,1,0.0,0.0,0.0,0.0,1933.0,0.0,7,0,0.0,2.0,1.0,9.0
1218,11,1,1815,2,1,1,1.0,3.0,260.0,620,3.0,0.0,4.0,0.0,0.0,1.0,1.0,4,1,0.0,0.0,0.0,0.0,1933.0,2.0,7,0,0.0,2.0,7.0,1.0
1219,11,1,1815,2,1,1,1.0,3.0,260.0,620,3.0,0.0,4.0,0.0,0.0,1.0,1.0,4,1,0.0,0.0,0.0,0.0,2001.0,0.0,7,0,0.0,2.0,1.0,9.0
1220,11,1,1815,2,1,1,1.0,3.0,260.0,620,3.0,0.0,4.0,0.0,0.0,1.0,1.0,4,1,0.0,0.0,0.0,0.0,2001.0,2.0,7,0,0.0,2.0,7.0,1.0
1221,11,1,1815,2,1,1,1.0,3.0,260.0,620,3.0,0.0,4.0,0.0,0.0,1.0,1.0,1,4,4.0,0.0,0.0,0.0,1974.0,0.0,7,0,0.0,2.0,1.0,9.0
1222,11,1,1815,2,1,1,1.0,3.0,260.0,620,3.0,0.0,4.0,0.0,0.0,1.0,1.0,1,4,4.0,0.0,0.0,0.0,1974.0,2.0,7,0,0.0,2.0,7.0,1.0
1223,11,1,1815,2,1,1,1.0,3.0,260.0,620,3.0,0.0,4.0,0.0,0.0,1.0,1.0,4,1,0.0,0.0,0.0,0.0,2004.0,0.0,7,0,0.0,2.0,1.0,9.0
1224,11,1,1815,2,1,1,1.0,3.0,260.0,620,3.0,0.0,4.0,0.0,0.0,1.0,1.0,4,1,0.0,0.0,0.0,0.0,2004.0,2.0,7,0,0.0,2.0,7.0,1.0
1225,11,4,1300,1,1,1,1.0,3.0,767.0,620,4.0,0.0,2.0,3.0,0.0,1.0,1.0,1,1,3.0,0.0,0.0,0.0,1931.0,0.0,7,0,0.0,2.0,3.0,17.0
1226,11,4,1300,1,1,1,1.0,3.0,767.0,620,4.0,0.0,2.0,3.0,0.0,1.0,1.0,1,1,3.0,0.0,0.0,0.0,1931.0,0.0,31,0,0.0,2.0,7.0,1.0
1227,11,4,1300,1,1,1,1.0,3.0,767.0,620,4.0,0.0,2.0,3.0,0.0,1.0,1.0,1,1,9.0,0.0,0.0,0.0,1997.0,0.0,7,0,0.0,2.0,3.0,17.0
1228,11,4,1300,1,1,1,1.0,3.0,767.0,620,4.0,0.0,2.0,3.0,0.0,1.0,1.0,1,1,9.0,0.0,0.0,0.0,1997.0,0.0,31,0,0.0,2.0,7.0,1.0
1229,12,12,1200,1,1,1,1.0,3.0,835.0,620,3.0,2.0,2.0,0.0,0.0,2.0,1.0,1,1,2.0,0.0,0.0,0.0,1975.0,1.0,14,0,0.0,2.0,1.0,1.0
1230,12,12,1200,1,1,1,1.0,3.0,835.0,620,3.0,2.0,2.0,0.0,0.0,2.0,1.0,1,1,2.0,0.0,0.0,0.0,1975.0,2.0,7,0,0.0,0.0,8.0,15.0
1231,12,12,1200,1,1,1,1.0,3.0,835.0,620,3.0,2.0,2.0,0.0,0.0,2.0,1.0,1,4,4.0,0.0,0.0,0.0,1972.0,1.0,14,0,0.0,2.0,1.0,1.0
1232,12,12,1200,1,1,1,1.0,3.0,835.0,620,3.0,2.0,2.0,0.0,0.0,2.0,1.0,1,4,4.0,0.0,0.0,0.0,1972.0,2.0,7,0,0.0,0.0,8.0,15.0
1233,12,24,900,1,1,1,1.0,7.0,835.0,620,3.0,2.0,2.0,0.0,1.0,1.0,1.0,1,1,1.0,0.0,0.0,0.0,1997.0,2.0,7,0,2.0,0.0,3.0,14.0
1234,2,27,1615,1,1,1,1.0,7.0,385.0,620,3.0,2.0,2.0,0.0,1.0,1.0,1.0,1,1,4.0,0.0,0.0,0.0,1983.0,2.0,7,0,0.0,0.0,9.0,13.0
1235,2,29,700,1,1,1,9.0,6.0,316.0,620,3.0,2.0,0.0,0.0,1.0,1.0,7.0,1,1,1.0,0.0,0.0,0.0,1994.0,1.0,7,0,2.0,0.0,1.0,1.0
1236,7,10,1900,1,1,1,1.0,6.0,785.0,620,3.0,2.0,2.0,0.0,0.0,2.0,1.0,1,1,4.0,0.0,0.0,0.0,1974.0,2.0,7,0,13.0,0.0,2.0,1.0
1237,7,31,845,1,1,2,1.0,1.0,198.0,620,3.0,2.0,2.0,0.0,1.0,1.0,1.0,1,1,4.0,0.0,0.0,0.0,1975.0,2.0,1,0,0.0,0.0,3.0,1.0
1238,7,31,845,1,1,2,1.0,1.0,198.0,620,3.0,2.0,2.0,0.0,1.0,1.0,1.0,1,1,4.0,0.0,0.0,0.0,1975.0,2.0,7,0,0.0,0.0,2.0,1.0
1239,7,31,845,1,1,2,1.0,1.0,198.0,620,3.0,2.0,2.0,0.0,1.0,1.0,1.0,1,1,4.0,0.0,0.0,0.0,1997.0,2.0,1,0,0.0,0.0,3.0,1.0
1240,7,31,845,1,1,2,1.0,1.0,198.0,620,3.0,2.0,2.0,0.0,1.0,1.0,1.0,1,1,4.0,0.0,0.0,0.0,1997.0,2.0,7,0,0.0,0.0,2.0,1.0
1241,9,5,715,1,1,1,2.0,7.0,802.0,620,4.0,2.0,2.0,0.0,1.0,3.0,2.0,1,1,4.0,0.0,0.0,0.0,1998.0,1.0,7,0,0.0,0.0,0.0,0.0
1242,11,14,630,3,1,1,5.0,6.0,536.0,620,3.0,2.0,2.0,0.0,2.0,1.0,1.0,1,4,1.0,0.0,0.0,0.0,1998.0,2.0,7,0,2.0,0.0,8.0,1.0
1243,11,14,630,3,1,1,5.0,6.0,536.0,620,3.0,2.0,2.0,0.0,2.0,1.0,1.0,4,1,0.0,0.0,0.0,0.0,1990.0,2.0,7,0,2.0,0.0,8.0,1.0
1244,11,28,915,1,1,1,1.0,1.0,61.0,620,3.0,2.0,2.0,0.0,1.0,1.0,1.0,1,1,2.0,0.0,0.0,0.0,1947.0,2.0,21,0,0.0,2.0,3.0,16.0
1245,11,28,915,1,1,1,1.0,1.0,61.0,620,3.0,2.0,2.0,0.0,1.0,1.0,1.0,1,1,2.0,0.0,0.0,0.0,1947.0,1.0,7,0,0.0,2.0,3.0,1.0
1246,11,28,915,1,1,1,1.0,1.0,61.0,620,3.0,2.0,2.0,0.0,1.0,1.0,1.0,1,4,1.0,0.0,0.0,0.0,1971.0,2.0,21,0,0.0,2.0,3.0,16.0
1247,11,28,915,1,1,1,1.0,1.0,61.0,620,3.0,2.0,2.0,0.0,1.0,1.0,1.0,1,4,1.0,0.0,0.0,0.0,1971.0,1.0,7,0,0.0,2.0,3.0,1.0
1248,12,2,1930,5,2,1,8.0,3.0,784.0,620,3.0,2.0,0.0,0.0,0.0,1.0,2.0,1,1,4.0,0.0,0.0,0.0,2000.0,2.0,31,0,0.0,2.0,1.0,1.0
1249,12,2,1930,5,2,1,8.0,3.0,784.0,620,3.0,2.0,0.0,0.0,0.0,1.0,2.0,1,1,4.0,0.0,0.0,0.0,2000.0,1.0,10,0,0.0,2.0,5.0,10.0
1250,12,2,1930,5,2,1,8.0,3.0,784.0,620,3.0,2.0,0.0,0.0,0.0,1.0,2.0,1,1,1.0,0.0,0.0,0.0,1980.0,2.0,31,0,0.0,2.0,1.0,1.0
1251,12,2,1930,5,2,1,8.0,3.0,784.0,620,3.0,2.0,0.0,0.0,0.0,1.0,2.0,1,1,1.0,0.0,0.0,0.0,1980.0,1.0,10,0,0.0,2.0,5.0,10.0
1252,12,29,45,3,1,1,5.0,6.0,630.0,620,3.0,2.0,2.0,0.0,0.0,1.0,2.0,1,1,4.0,0.0,0.0,0.0,1996.0,1.0,7,0,2.0,0.0,8.0,1.0
1253,4,16,1445,1,1,1,1.0,6.0,415.0,620,3.0,2.0,0.0,0.0,1.0,1.0,1.0,1,1,4.0,0.0,0.0,0.0,1963.0,1.0,7,0,2.0,0.0,1.0,14.0
1254,7,10,1800,1,1,1,1.0,6.0,45.0,620,3.0,2.0,2.0,0.0,1.0,1.0,1.0,1,4,4.0,0.0,0.0,0.0,1947.0,1.0,7,0,2.0,0.0,1.0,13.0
1255,7,10,1800,1,1,1,1.0,6.0,45.0,620,3.0,2.0,2.0,0.0,1.0,1.0,1.0,4,4,0.0,0.0,0.0,0.0,1924.0,1.0,7,0,2.0,0.0,1.0,13.0
1256,7,9,1430,1,2,1,1.0,6.0,695.0,620,3.0,2.0,2.0,0.0,1.0,1.0,1.0,1,4,1.0,0.0,0.0,0.0,1960.0,1.0,7,0,0.0,1.0,2.0,13.0
1257,7,9,1430,1,2,1,1.0,6.0,695.0,620,3.0,2.0,2.0,0.0,1.0,1.0,1.0,3,4,4.0,6.0,3.0,1.0,2006.0,1.0,7,0,0.0,1.0,2.0,13.0
1258,9,27,1700,1,2,1,1.0,3.0,732.0,800,3.0,2.0,1.0,0.0,1.0,2.0,1.0,1,1,4.0,0.0,0.0,0.0,1998.0,1.0,7,0,6.0,2.0,8.0,5.0
1259,9,27,1700,1,2,1,1.0,3.0,732.0,800,3.0,2.0,1.0,0.0,1.0,2.0,1.0,1,1,4.0,0.0,0.0,0.0,1998.0,2.0,10,0,0.0,2.0,1.0,1.0
1260,9,27,1700,1,2,1,1.0,3.0,732.0,800,3.0,2.0,1.0,0.0,1.0,2.0,1.0,1,4,4.0,0.0,0.0,0.0,1994.0,1.0,7,0,6.0,2.0,8.0,5.0
1261,9,27,1700,1,2,1,1.0,3.0,732.0,800,3.0,2.0,1.0,0.0,1.0,2.0,1.0,1,4,4.0,0.0,0.0,0.0,1994.0,2.0,10,0,0.0,2.0,1.0,1.0
1262,9,29,1415,1,2,1,1.0,6.0,554.0,800,3.0,2.0,1.0,0.0,1.0,1.0,1.0,1,1,4.0,0.0,0.0,0.0,1947.0,0.0,36,0,8.0,0.0,1.0,1.0
1263,5,13,1800,1,1,1,1.0,6.0,798.0,800,3.0,2.0,2.0,0.0,0.0,3.0,1.0,1,1,9.0,0.0,0.0,0.0,1990.0,2.0,7,0,13.0,0.0,3.0,1.0
1264,5,13,1800,1,1,1,1.0,6.0,798.0,800,3.0,2.0,2.0,0.0,0.0,3.0,1.0,4,1,0.0,0.0,0.0,0.0,1993.0,2.0,7,0,13.0,0.0,3.0,1.0
1265,5,13,1800,1,1,1,1.0,6.0,798.0,800,3.0,2.0,2.0,0.0,0.0,3.0,1.0,4,4,0.0,0.0,0.0,0.0,1981.0,2.0,7,0,13.0,0.0,3.0,1.0
1266,5,13,1800,1,1,1,1.0,6.0,798.0,800,3.0,2.0,2.0,0.0,0.0,3.0,1.0,4,4,0.0,0.0,0.0,0.0,1997.0,2.0,7,0,13.0,0.0,3.0,1.0
1267,8,31,1630,1,1,1,1.0,1.0,385.0,800,3.0,2.0,2.0,0.0,1.0,1.0,1.0,1,1,4.0,0.0,0.0,0.0,1945.0,1.0,7,0,0.0,2.0,2.0,16.0
1268,8,31,1630,1,1,1,1.0,1.0,385.0,800,3.0,2.0,2.0,0.0,1.0,1.0,1.0,1,1,4.0,0.0,0.0,0.0,1945.0,2.0,7,0,0.0,2.0,1.0,1.0
1269,8,31,1630,1,1,1,1.0,1.0,385.0,800,3.0,2.0,2.0,0.0,1.0,1.0,1.0,1,1,4.0,0.0,0.0,0.0,1995.0,1.0,7,0,0.0,2.0,2.0,16.0
1270,8,31,1630,1,1,1,1.0,1.0,385.0,800,3.0,2.0,2.0,0.0,1.0,1.0,1.0,1,1,4.0,0.0,0.0,0.0,1995.0,2.0,7,0,0.0,2.0,1.0,1.0
1271,8,31,1630,1,1,1,1.0,1.0,385.0,800,3.0,2.0,2.0,0.0,1.0,1.0,1.0,4,1,0.0,0.0,0.0,0.0,1994.0,1.0,7,0,0.0,2.0,2.0,16.0
1272,8,31,1630,1,1,1,1.0,1.0,385.0,800,3.0,2.0,2.0,0.0,1.0,1.0,1.0,4,1,0.0,0.0,0.0,0.0,1994.0,2.0,7,0,0.0,2.0,1.0,1.0
1273,2,23,2130,3,1,1,5.0,6.0,110.0,800,3.0,2.0,2.0,0.0,1.0,3.0,1.0,1,1,4.0,0.0,0.0,0.0,1961.0,2.0,7,0,15.0,0.0,1.0,14.0
1274,4,12,1630,1,1,1,1.0,1.0,618.0,800,3.0,2.0,2.0,0.0,1.0,1.0,1.0,1,4,1.0,0.0,0.0,0.0,1995.0,2.0,7,0,0.0,2.0,2.0,13.0
1275,4,12,1630,1,1,1,1.0,1.0,618.0,800,3.0,2.0,2.0,0.0,1.0,1.0,1.0,1,4,1.0,0.0,0.0,0.0,1995.0,1.0,7,0,0.0,2.0,1.0,1.0
1276,4,12,1630,1,1,1,1.0,1.0,618.0,800,3.0,2.0,2.0,0.0,1.0,1.0,1.0,1,1,0.0,0.0,0.0,0.0,1951.0,2.0,7,0,0.0,2.0,2.0,13.0
1277,4,12,1630,1,1,1,1.0,1.0,618.0,800,3.0,2.0,2.0,0.0,1.0,1.0,1.0,1,1,0.0,0.0,0.0,0.0,1951.0,1.0,7,0,0.0,2.0,1.0,1.0
1278,4,12,1630,1,1,1,1.0,1.0,618.0,800,3.0,2.0,2.0,0.0,1.0,1.0,1.0,4,1,0.0,0.0,0.0,0.0,1953.0,2.0,7,0,0.0,2.0,2.0,13.0
1279,4,12,1630,1,1,1,1.0,1.0,618.0,800,3.0,2.0,2.0,0.0,1.0,1.0,1.0,4,1,0.0,0.0,0.0,0.0,1953.0,1.0,7,0,0.0,2.0,1.0,1.0
1280,4,12,1630,1,1,1,1.0,1.0,618.0,800,3.0,2.0,2.0,0.0,1.0,1.0,1.0,4,4,0.0,0.0,0.0,0.0,1951.0,2.0,7,0,0.0,2.0,2.0,13.0
1281,4,12,1630,1,1,1,1.0,1.0,618.0,800,3.0,2.0,2.0,0.0,1.0,1.0,1.0,4,4,0.0,0.0,0.0,0.0,1951.0,1.0,7,0,0.0,2.0,1.0,1.0
1282,6,25,1500,1,2,2,1.0,3.0,287.0,800,4.0,2.0,0.0,0.0,0.0,1.0,1.0,1,1,4.0,0.0,0.0,0.0,1931.0,1.0,7,0,0.0,0.0,8.0,19.0
1283,6,25,1500,1,2,2,1.0,3.0,287.0,800,4.0,2.0,0.0,0.0,0.0,1.0,1.0,1,1,4.0,0.0,0.0,0.0,1931.0,1.0,7,0,0.0,2.0,1.0,1.0
1284,6,25,1500,1,2,2,1.0,3.0,287.0,800,4.0,2.0,0.0,0.0,0.0,1.0,1.0,1,1,1.0,0.0,0.0,0.0,1965.0,1.0,7,0,0.0,0.0,8.0,19.0
1285,6,25,1500,1,2,2,1.0,3.0,287.0,800,4.0,2.0,0.0,0.0,0.0,1.0,1.0,1,1,1.0,0.0,0.0,0.0,1965.0,1.0,7,0,0.0,2.0,1.0,1.0
1286,8,2,1230,1,1,8,2.0,3.0,721.0,800,4.0,2.0,2.0,0.0,1.0,1.0,2.0,1,4,1.0,0.0,0.0,0.0,1963.0,0.0,7,0,0.0,4.0,3.0,1.0
1287,8,2,1230,1,1,8,2.0,3.0,721.0,800,4.0,2.0,2.0,0.0,1.0,1.0,2.0,1,4,1.0,0.0,0.0,0.0,1963.0,0.0,39,1,0.0,2.0,1.0,1.0
1288,8,2,1230,1,1,8,2.0,3.0,721.0,800,4.0,2.0,2.0,0.0,1.0,1.0,2.0,1,1,2.0,0.0,0.0,0.0,1978.0,0.0,7,0,0.0,4.0,3.0,1.0
1289,8,2,1230,1,1,8,2.0,3.0,721.0,800,4.0,2.0,2.0,0.0,1.0,1.0,2.0,1,1,2.0,0.0,0.0,0.0,1978.0,0.0,39,1,0.0,2.0,1.0,1.0
1290,10,29,915,1,1,1,8.0,1.0,110.0,800,5.0,2.0,1.0,2.0,1.0,2.0,1.0,1,4,1.0,0.0,0.0,0.0,2000.0,0.0,2,0,0.0,9.0,3.0,13.0
1291,10,29,915,1,1,1,8.0,1.0,110.0,800,5.0,2.0,1.0,2.0,1.0,2.0,1.0,1,4,1.0,0.0,0.0,0.0,2000.0,0.0,1,0,0.0,2.0,1.0,1.0
1292,10,29,915,1,1,1,8.0,1.0,110.0,800,5.0,2.0,1.0,2.0,1.0,2.0,1.0,1,1,4.0,0.0,0.0,0.0,1963.0,0.0,2,0,0.0,9.0,3.0,13.0
1293,10,29,915,1,1,1,8.0,1.0,110.0,800,5.0,2.0,1.0,2.0,1.0,2.0,1.0,1,1,4.0,0.0,0.0,0.0,1963.0,0.0,1,0,0.0,2.0,1.0,1.0
1294,8,27,1400,1,2,1,1.0,3.0,776.0,800,3.0,2.0,2.0,0.0,1.0,1.0,1.0,1,1,0.0,0.0,0.0,0.0,1999.0,1.0,30,0,0.0,2.0,1.0,1.0
1295,8,27,1400,1,2,1,1.0,3.0,776.0,800,3.0,2.0,2.0,0.0,1.0,1.0,1.0,1,1,0.0,0.0,0.0,0.0,1999.0,2.0,7,0,0.0,0.0,3.0,2.0
1296,8,27,1400,1,2,1,1.0,3.0,776.0,800,3.0,2.0,2.0,0.0,1.0,1.0,1.0,1,4,0.0,0.0,0.0,0.0,1993.0,1.0,30,0,0.0,2.0,1.0,1.0
1297,8,27,1400,1,2,1,1.0,3.0,776.0,800,3.0,2.0,2.0,0.0,1.0,1.0,1.0,1,4,0.0,0.0,0.0,0.0,1993.0,2.0,7,0,0.0,0.0,3.0,2.0
1298,8,27,1400,1,2,1,1.0,3.0,776.0,800,3.0,2.0,2.0,0.0,1.0,1.0,1.0,4,1,0.0,0.0,0.0,0.0,1991.0,1.0,30,0,0.0,2.0,1.0,1.0
1299,8,27,1400,1,2,1,1.0,3.0,776.0,800,3.0,2.0,2.0,0.0,1.0,1.0,1.0,4,1,0.0,0.0,0.0,0.0,1991.0,2.0,7,0,0.0,0.0,3.0,2.0
1300,7,3,2300,5,2,1,1.0,6.0,711.0,800,3.0,0.0,2.0,0.0,0.0,0.0,0.0,3,1,4.0,4.0,3.0,1.0,1976.0,1.0,7,0,0.0,1.0,0.0,0.0
1301,1,8,900,1,2,1,1.0,6.0,523.0,800,3.0,2.0,2.0,0.0,1.0,1.0,1.0,1,1,1.0,0.0,0.0,0.0,1986.0,1.0,7,0,0.0,2.0,6.0,13.0