,month,day,time,light,location,intersection,atmosphere,collision,municipality,department,road,traffic,nblanes,reslane,laneprofile,plan,surface,user,sex,route,pedlocation,pedaction,pedcondition,birth,dirtraffic,catvehicle,nboccupants,obstacle,movobstacle,impact,maneuver
1563,11,7,1600,1,1,1,1.0,5.0,131.0,20,2.0,2.0,3.0,0.0,0.0,1.0,1.0,4,4,0.0,0.0,0.0,0.0,1982.0,1.0,15,0,3.0,2.0,3.0,21.0
1564,11,7,1600,1,1,1,1.0,5.0,131.0,20,2.0,2.0,3.0,0.0,0.0,1.0,1.0,4,4,0.0,0.0,0.0,0.0,1974.0,2.0,17,0,0.0,2.0,6.0,1.0
1565,11,7,1600,1,1,1,1.0,5.0,131.0,20,2.0,2.0,3.0,0.0,0.0,1.0,1.0,4,4,0.0,0.0,0.0,0.0,1974.0,2.0,7,0,3.0,2.0,3.0,13.0
1566,11,7,1600,1,1,1,1.0,5.0,131.0,20,2.0,2.0,3.0,0.0,0.0,1.0,1.0,4,4,0.0,0.0,0.0,0.0,1974.0,1.0,15,0,3.0,2.0,3.0,21.0
1567,11,7,1600,1,1,1,1.0,5.0,131.0,20,2.0,2.0,3.0,0.0,0.0,1.0,1.0,1,1,2.0,0.0,0.0,0.0,1970.0,2.0,17,0,0.0,2.0,6.0,1.0
1568,11,7,1600,1,1,1,1.0,5.0,131.0,20,2.0,2.0,3.0,0.0,0.0,1.0,1.0,1,1,2.0,0.0,0.0,0.0,1970.0,2.0,7,0,3.0,2.0,3.0,13.0
1569,11,7,1600,1,1,1,1.0,5.0,131.0,20,2.0,2.0,3.0,0.0,0.0,1.0,1.0,1,1,2.0,0.0,0.0,0.0,1970.0,1.0,15,0,3.0,2.0,3.0,21.0
1570,11,19,600,3,2,1,1.0,6.0,71.0,20,3.0,2.0,2.0,0.0,1.0,1.0,1.0,1,1,4.0,0.0,0.0,0.0,1996.0,1.0,7,0,6.0,0.0,1.0,13.0
1571,11,19,600,3,2,1,1.0,6.0,71.0,20,3.0,2.0,2.0,0.0,1.0,1.0,1.0,4,4,0.0,0.0,0.0,0.0,1997.0,1.0,7,0,6.0,0.0,1.0,13.0
1572,11,19,600,3,2,1,1.0,6.0,71.0,20,3.0,2.0,2.0,0.0,1.0,1.0,1.0,4,1,0.0,0.0,0.0,0.0,1997.0,1.0,7,0,6.0,0.0,1.0,13.0
1573,2,22,915,1,2,4,1.0,2.0,758.0,20,3.0,2.0,2.0,0.0,1.0,1.0,1.0,1,4,4.0,0.0,0.0,0.0,1994.0,0.0,7,0,0.0,0.0,1.0,1.0
1574,2,22,915,1,2,4,1.0,2.0,758.0,20,3.0,2.0,2.0,0.0,1.0,1.0,1.0,1,4,4.0,0.0,0.0,0.0,1994.0,0.0,7,0,0.0,0.0,4.0,1.0
1575,2,22,915,1,2,4,1.0,2.0,758.0,20,3.0,2.0,2.0,0.0,1.0,1.0,1.0,4,4,0.0,0.0,0.0,0.0,1996.0,0.0,7,0,0.0,0.0,1.0,1.0
1576,2,22,915,1,2,4,1.0,2.0,758.0,20,3.0,2.0,2.0,0.0,1.0,1.0,1.0,4,4,0.0,0.0,0.0,0.0,1996.0,0.0,7,0,0.0,0.0,4.0,1.0
1577,2,22,915,1,2,4,1.0,2.0,758.0,20,3.0,2.0,2.0,0.0,1.0,1.0,1.0,4,4,0.0,0.0,0.0,0.0,2015.0,0.0,7,0,0.0,0.0,1.0,1.0
1578,2,22,915,1,2,4,1.0,2.0,758.0,20,3.0,2.0,2.0,0.0,1.0,1.0,1.0,4,4,0.0,0.0,0.0,0.0,2015.0,0.0,7,0,0.0,0.0,4.0,1.0
1579,2,22,915,1,2,4,1.0,2.0,758.0,20,3.0,2.0,2.0,0.0,1.0,1.0,1.0,1,1,4.0,0.0,0.0,0.0,1956.0,0.0,7,0,0.0,0.0,1.0,1.0
1580,2,22,915,1,2,4,1.0,2.0,758.0,20,3.0,2.0,2.0,0.0,1.0,1.0,1.0,1,1,4.0,0.0,0.0,0.0,1956.0,0.0,7,0,0.0,0.0,4.0,1.0
1581,2,22,915,1,2,4,1.0,2.0,758.0,20,3.0,2.0,2.0,0.0,1.0,1.0,1.0,4,4,0.0,0.0,0.0,0.0,1966.0,0.0,7,0,0.0,0.0,1.0,1.0
1582,2,22,915,1,2,4,1.0,2.0,758.0,20,3.0,2.0,2.0,0.0,1.0,1.0,1.0,4,4,0.0,0.0,0.0,0.0,1966.0,0.0,7,0,0.0,0.0,4.0,1.0
1583,4,10,1000,1,1,1,1.0,7.0,537.0,20,3.0,2.0,2.0,0.0,1.0,2.0,1.0,1,1,2.0,0.0,0.0,0.0,1962.0,2.0,13,0,0.0,0.0,7.0,2.0
1584,5,5,1700,1,1,2,1.0,3.0,439.0,20,3.0,2.0,2.0,0.0,1.0,1.0,1.0,1,1,4.0,0.0,0.0,0.0,1997.0,2.0,7,0,0.0,2.0,5.0,19.0
1585,5,5,1700,1,1,2,1.0,3.0,439.0,20,3.0,2.0,2.0,0.0,1.0,1.0,1.0,1,1,4.0,0.0,0.0,0.0,1997.0,1.0,33,0,0.0,2.0,1.0,1.0
1586,5,5,1700,1,1,2,1.0,3.0,439.0,20,3.0,2.0,2.0,0.0,1.0,1.0,1.0,4,4,0.0,0.0,0.0,0.0,2000.0,2.0,7,0,0.0,2.0,5.0,19.0
1587,5,5,1700,1,1,2,1.0,3.0,439.0,20,3.0,2.0,2.0,0.0,1.0,1.0,1.0,4,4,0.0,0.0,0.0,0.0,2000.0,1.0,33,0,0.0,2.0,1.0,1.0
1588,5,5,1700,1,1,2,1.0,3.0,439.0,20,3.0,2.0,2.0,0.0,1.0,1.0,1.0,1,1,4.0,0.0,0.0,0.0,1994.0,2.0,7,0,0.0,2.0,5.0,19.0
1589,5,5,1700,1,1,2,1.0,3.0,439.0,20,3.0,2.0,2.0,0.0,1.0,1.0,1.0,1,1,4.0,0.0,0.0,0.0,1994.0,1.0,33,0,0.0,2.0,1.0,1.0
1590,5,5,1700,1,1,2,1.0,3.0,439.0,20,3.0,2.0,2.0,0.0,1.0,1.0,1.0,4,4,0.0,0.0,0.0,0.0,1991.0,2.0,7,0,0.0,2.0,5.0,19.0
1591,5,5,1700,1,1,2,1.0,3.0,439.0,20,3.0,2.0,2.0,0.0,1.0,1.0,1.0,4,4,0.0,0.0,0.0,0.0,1991.0,1.0,33,0,0.0,2.0,1.0,1.0
1592,7,24,2245,3,1,1,1.0,3.0,195.0,20,2.0,2.0,2.0,0.0,1.0,1.0,1.0,1,1,4.0,0.0,0.0,0.0,1996.0,1.0,7,0,0.0,2.0,9.0,9.0
1593,7,24,2245,3,1,1,1.0,3.0,195.0,20,2.0,2.0,2.0,0.0,1.0,1.0,1.0,1,1,4.0,0.0,0.0,0.0,1996.0,1.0,7,0,0.0,2.0,6.0,1.0
1594,7,24,2245,3,1,1,1.0,3.0,195.0,20,2.0,2.0,2.0,0.0,1.0,1.0,1.0,1,1,4.0,0.0,0.0,0.0,1977.0,1.0,7,0,0.0,2.0,9.0,9.0
1595,7,24,2245,3,1,1,1.0,3.0,195.0,20,2.0,2.0,2.0,0.0,1.0,1.0,1.0,1,1,4.0,0.0,0.0,0.0,1977.0,1.0,7,0,0.0,2.0,6.0,1.0
1596,7,24,2245,3,1,1,1.0,3.0,195.0,20,2.0,2.0,2.0,0.0,1.0,1.0,1.0,4,4,0.0,0.0,0.0,0.0,1981.0,1.0,7,0,0.0,2.0,9.0,9.0
1597,7,24,2245,3,1,1,1.0,3.0,195.0,20,2.0,2.0,2.0,0.0,1.0,1.0,1.0,4,4,0.0,0.0,0.0,0.0,1981.0,1.0,7,0,0.0,2.0,6.0,1.0
1598,8,16,1945,2,1,1,7.0,1.0,730.0,20,3.0,2.0,2.0,0.0,1.0,3.0,1.0,1,1,4.0,0.0,0.0,0.0,1971.0,1.0,7,0,0.0,2.0,1.0,1.0
1599,8,16,1945,2,1,1,7.0,1.0,730.0,20,3.0,2.0,2.0,0.0,1.0,3.0,1.0,1,1,4.0,0.0,0.0,0.0,1971.0,2.0,10,0,0.0,2.0,3.0,13.0
1600,8,16,1945,2,1,1,7.0,1.0,730.0,20,3.0,2.0,2.0,0.0,1.0,3.0,1.0,1,1,9.0,0.0,0.0,0.0,1987.0,1.0,7,0,0.0,2.0,1.0,1.0
1601,8,16,1945,2,1,1,7.0,1.0,730.0,20,3.0,2.0,2.0,0.0,1.0,3.0,1.0,1,1,9.0,0.0,0.0,0.0,1987.0,2.0,10,0,0.0,2.0,3.0,13.0
1602,10,23,2030,3,1,1,3.0,1.0,714.0,20,2.0,2.0,2.0,0.0,2.0,1.0,2.0,1,1,0.0,0.0,0.0,0.0,1985.0,2.0,7,0,0.0,2.0,1.0,1.0
1603,10,23,2030,3,1,1,3.0,1.0,714.0,20,2.0,2.0,2.0,0.0,2.0,1.0,2.0,1,1,0.0,0.0,0.0,0.0,1985.0,1.0,7,0,0.0,2.0,1.0,13.0
1604,10,23,2030,3,1,1,3.0,1.0,714.0,20,2.0,2.0,2.0,0.0,2.0,1.0,2.0,1,1,4.0,0.0,0.0,0.0,1983.0,2.0,7,0,0.0,2.0,1.0,1.0
1605,10,23,2030,3,1,1,3.0,1.0,714.0,20,2.0,2.0,2.0,0.0,2.0,1.0,2.0,1,1,4.0,0.0,0.0,0.0,1983.0,1.0,7,0,0.0,2.0,1.0,13.0
1606,11,24,1230,1,1,3,1.0,2.0,797.0,20,3.0,2.0,2.0,0.0,1.0,0.0,1.0,1,1,1.0,0.0,0.0,0.0,1995.0,1.0,7,0,0.0,2.0,2.0,17.0
1607,11,24,1230,1,1,3,1.0,2.0,797.0,20,3.0,2.0,2.0,0.0,1.0,0.0,1.0,1,1,1.0,0.0,0.0,0.0,1995.0,1.0,2,0,0.0,2.0,4.0,15.0
1608,11,24,1230,1,1,3,1.0,2.0,797.0,20,3.0,2.0,2.0,0.0,1.0,0.0,1.0,1,4,1.0,0.0,0.0,0.0,2000.0,1.0,7,0,0.0,2.0,2.0,17.0
1609,11,24,1230,1,1,3,1.0,2.0,797.0,20,3.0,2.0,2.0,0.0,1.0,0.0,1.0,1,4,1.0,0.0,0.0,0.0,2000.0,1.0,2,0,0.0,2.0,4.0,15.0
1610,4,18,815,1,2,1,1.0,6.0,810.0,20,3.0,2.0,2.0,0.0,1.0,1.0,1.0,1,4,4.0,0.0,0.0,0.0,1980.0,1.0,7,0,0.0,1.0,1.0,1.0
1611,4,18,815,1,2,1,1.0,6.0,810.0,20,3.0,2.0,2.0,0.0,1.0,1.0,1.0,3,1,4.0,4.0,3.0,3.0,2000.0,1.0,7,0,0.0,1.0,1.0,1.0
1612,4,18,815,1,2,1,1.0,6.0,810.0,20,3.0,2.0,2.0,0.0,1.0,1.0,1.0,3,1,4.0,4.0,3.0,3.0,2001.0,1.0,7,0,0.0,1.0,1.0,1.0
1613,4,18,815,1,2,1,1.0,6.0,810.0,20,3.0,2.0,2.0,0.0,1.0,1.0,1.0,3,4,4.0,4.0,3.0,3.0,2003.0,1.0,7,0,0.0,1.0,1.0,1.0
1614,4,18,815,1,2,1,1.0,6.0,810.0,20,3.0,2.0,2.0,0.0,1.0,1.0,1.0,3,1,4.0,4.0,3.0,3.0,2003.0,1.0,7,0,0.0,1.0,1.0,1.0
1615,5,1,1445,1,2,1,1.0,3.0,307.0,20,3.0,2.0,2.0,0.0,1.0,1.0,1.0,1,1,4.0,0.0,0.0,0.0,2001.0,1.0,2,0,0.0,0.0,1.0,1.0
1616,5,1,1445,1,2,1,1.0,3.0,307.0,20,3.0,2.0,2.0,0.0,1.0,1.0,1.0,1,1,4.0,0.0,0.0,0.0,2001.0,1.0,7,0,0.0,2.0,3.0,9.0
1617,5,1,1445,1,2,1,1.0,3.0,307.0,20,3.0,2.0,2.0,0.0,1.0,1.0,1.0,1,4,0.0,0.0,0.0,0.0,1990.0,1.0,2,0,0.0,0.0,1.0,1.0
1618,5,1,1445,1,2,1,1.0,3.0,307.0,20,3.0,2.0,2.0,0.0,1.0,1.0,1.0,1,4,0.0,0.0,0.0,0.0,1990.0,1.0,7,0,0.0,2.0,3.0,9.0
1619,6,24,1200,1,1,1,1.0,6.0,512.0,20,3.0,2.0,2.0,0.0,1.0,2.0,1.0,1,1,9.0,0.0,0.0,0.0,1945.0,2.0,7,0,2.0,0.0,1.0,14.0
1620,5,27,2345,3,1,1,1.0,6.0,321.0,20,3.0,2.0,2.0,0.0,1.0,3.0,1.0,1,1,4.0,0.0,0.0,0.0,1993.0,1.0,10,0,13.0,0.0,3.0,13.0
1621,5,27,2345,3,1,1,1.0,6.0,321.0,20,3.0,2.0,2.0,0.0,1.0,3.0,1.0,4,1,0.0,0.0,0.0,0.0,2000.0,1.0,10,0,13.0,0.0,3.0,13.0
1622,5,27,2345,3,1,1,1.0,6.0,321.0,20,3.0,2.0,2.0,0.0,1.0,3.0,1.0,4,1,0.0,0.0,0.0,0.0,1998.0,1.0,10,0,13.0,0.0,3.0,13.0
1623,8,26,930,1,1,1,1.0,5.0,354.0,20,3.0,2.0,2.0,0.0,1.0,1.0,1.0,1,1,4.0,0.0,0.0,0.0,1999.0,1.0,1,0,0.0,0.0,8.0,1.0
1624,8,26,930,1,1,1,1.0,5.0,354.0,20,3.0,2.0,2.0,0.0,1.0,1.0,1.0,1,1,4.0,0.0,0.0,0.0,1999.0,1.0,10,0,0.0,2.0,2.0,1.0
1625,8,26,930,1,1,1,1.0,5.0,354.0,20,3.0,2.0,2.0,0.0,1.0,1.0,1.0,1,1,4.0,0.0,0.0,0.0,1999.0,1.0,1,0,0.0,0.0,8.0,1.0
1626,8,26,930,1,1,1,1.0,5.0,354.0,20,3.0,2.0,2.0,0.0,1.0,1.0,1.0,1,1,3.0,0.0,0.0,0.0,1934.0,1.0,1,0,0.0,0.0,8.0,1.0
1627,8,26,930,1,1,1,1.0,5.0,354.0,20,3.0,2.0,2.0,0.0,1.0,1.0,1.0,1,1,3.0,0.0,0.0,0.0,1934.0,1.0,10,0,0.0,2.0,2.0,1.0
1628,8,26,930,1,1,1,1.0,5.0,354.0,20,3.0,2.0,2.0,0.0,1.0,1.0,1.0,1,1,3.0,0.0,0.0,0.0,1934.0,1.0,1,0,0.0,0.0,8.0,1.0
1629,8,26,930,1,1,1,1.0,5.0,354.0,20,3.0,2.0,2.0,0.0,1.0,1.0,1.0,1,1,4.0,0.0,0.0,0.0,2001.0,1.0,1,0,0.0,0.0,8.0,1.0
1630,8,26,930,1,1,1,1.0,5.0,354.0,20,3.0,2.0,2.0,0.0,1.0,1.0,1.0,1,1,4.0,0.0,0.0,0.0,2001.0,1.0,10,0,0.0,2.0,2.0,1.0
1631,8,26,930,1,1,1,1.0,5.0,354.0,20,3.0,2.0,2.0,0.0,1.0,1.0,1.0,1,1,4.0,0.0,0.0,0.0,2001.0,1.0,1,0,0.0,0.0,8.0,1.0
1632,9,20,1930,2,1,1,2.0,1.0,826.0,20,3.0,2.0,2.0,0.0,1.0,1.0,1.0,1,1,4.0,0.0,0.0,0.0,1946.0,1.0,7,0,0.0,2.0,2.0,13.0
1633,9,20,1930,2,1,1,2.0,1.0,826.0,20,3.0,2.0,2.0,0.0,1.0,1.0,1.0,1,1,4.0,0.0,0.0,0.0,1946.0,2.0,7,0,0.0,2.0,2.0,1.0
1634,9,20,1930,2,1,1,2.0,1.0,826.0,20,3.0,2.0,2.0,0.0,1.0,1.0,1.0,1,4,0.0,0.0,0.0,0.0,1965.0,1.0,7,0,0.0,2.0,2.0,13.0
1635,9,20,1930,2,1,1,2.0,1.0,826.0,20,3.0,2.0,2.0,0.0,1.0,1.0,1.0,1,4,0.0,0.0,0.0,0.0,1965.0,2.0,7,0,0.0,2.0,2.0,1.0
1636,12,16,230,3,1,1,1.0,3.0,444.0,20,2.0,2.0,2.0,0.0,2.0,3.0,1.0,1,1,4.0,0.0,0.0,0.0,1994.0,2.0,7,0,0.0,2.0,3.0,13.0
1637,12,16,230,3,1,1,1.0,3.0,444.0,20,2.0,2.0,2.0,0.0,2.0,3.0,1.0,1,1,4.0,0.0,0.0,0.0,1994.0,1.0,10,0,0.0,2.0,3.0,1.0
1638,12,16,230,3,1,1,1.0,3.0,444.0,20,2.0,2.0,2.0,0.0,2.0,3.0,1.0,1,1,2.0,0.0,0.0,0.0,1995.0,2.0,7,0,0.0,2.0,3.0,13.0
1639,12,16,230,3,1,1,1.0,3.0,444.0,20,2.0,2.0,2.0,0.0,2.0,3.0,1.0,1,1,2.0,0.0,0.0,0.0,1995.0,1.0,10,0,0.0,2.0,3.0,1.0
1640,3,27,1630,1,1,1,2.0,7.0,295.0,20,4.0,2.0,2.0,0.0,0.0,1.0,1.0,1,1,4.0,0.0,0.0,0.0,2001.0,1.0,7,0,16.0,0.0,3.0,14.0
1641,3,27,1630,1,1,1,2.0,7.0,295.0,20,4.0,2.0,2.0,0.0,0.0,1.0,1.0,4,1,0.0,0.0,0.0,0.0,2002.0,1.0,7,0,16.0,0.0,3.0,14.0
1642,5,15,245,3,1,1,1.0,7.0,67.0,20,3.0,2.0,2.0,0.0,1.0,1.0,1.0,1,1,4.0,0.0,0.0,0.0,1993.0,1.0,10,0,13.0,0.0,9.0,14.0
1643,5,15,245,3,1,1,1.0,7.0,67.0,20,3.0,2.0,2.0,0.0,1.0,1.0,1.0,4,1,,,,,1996.0,1.0,10,0,13.0,0.0,9.0,14.0
1644,8,24,2315,3,1,1,1.0,2.0,548.0,20,3.0,2.0,2.0,0.0,2.0,1.0,1.0,1,1,4.0,0.0,0.0,0.0,1978.0,1.0,30,0,0.0,0.0,4.0,1.0
1645,8,24,2315,3,1,1,1.0,2.0,548.0,20,3.0,2.0,2.0,0.0,2.0,1.0,1.0,1,1,4.0,0.0,0.0,0.0,1978.0,1.0,7,0,0.0,2.0,1.0,1.0
1646,8,24,2315,3,1,1,1.0,2.0,548.0,20,3.0,2.0,2.0,0.0,2.0,1.0,1.0,1,1,4.0,0.0,0.0,0.0,1968.0,1.0,30,0,0.0,0.0,4.0,1.0
1647,8,24,2315,3,1,1,1.0,2.0,548.0,20,3.0,2.0,2.0,0.0,2.0,1.0,1.0,1,1,4.0,0.0,0.0,0.0,1968.0,1.0,7,0,0.0,2.0,1.0,1.0
1648,10,3,1115,1,2,2,1.0,6.0,141.0,20,3.0,2.0,2.0,0.0,1.0,1.0,1.0,1,4,1.0,0.0,0.0,0.0,1957.0,2.0,7,0,0.0,1.0,2.0,15.0
1649,10,3,1115,1,2,2,1.0,6.0,141.0,20,3.0,2.0,2.0,0.0,1.0,1.0,1.0,3,4,4.0,2.0,3.0,1.0,1933.0,2.0,7,0,0.0,1.0,2.0,15.0
1650,10,15,2300,3,1,1,1.0,6.0,419.0,20,3.0,2.0,2.0,0.0,0.0,2.0,1.0,1,1,4.0,0.0,0.0,0.0,1994.0,1.0,7,0,2.0,0.0,8.0,13.0
1651,6,16,1915,1,1,1,3.0,7.0,313.0,20,3.0,2.0,2.0,0.0,1.0,1.0,3.0,1,1,4.0,0.0,0.0,0.0,1932.0,0.0,7,0,16.0,6.0,9.0,21.0
1652,7,24,15,3,2,3,1.0,6.0,830.0,20,3.0,2.0,2.0,0.0,1.0,2.0,1.0,1,1,4.0,0.0,0.0,0.0,1981.0,2.0,7,0,0.0,1.0,3.0,1.0
1653,7,24,15,3,2,3,1.0,6.0,830.0,20,3.0,2.0,2.0,0.0,1.0,2.0,1.0,3,4,4.0,1.0,3.0,4.0,1940.0,2.0,7,0,0.0,1.0,3.0,1.0
1654,7,24,15,3,2,3,1.0,6.0,830.0,20,3.0,2.0,2.0,0.0,1.0,2.0,1.0,3,1,4.0,1.0,3.0,4.0,1981.0,2.0,7,0,0.0,1.0,3.0,1.0
1655,10,29,1700,1,2,3,1.0,3.0,298.0,20,3.0,2.0,2.0,0.0,1.0,1.0,1.0,1,1,0.0,0.0,0.0,0.0,1930.0,1.0,7,0,0.0,2.0,3.0,15.0
1656,10,29,1700,1,2,3,1.0,3.0,298.0,20,3.0,2.0,2.0,0.0,1.0,1.0,1.0,1,1,0.0,0.0,0.0,0.0,1930.0,1.0,31,0,0.0,2.0,1.0,1.0
1657,10,29,1700,1,2,3,1.0,3.0,298.0,20,3.0,2.0,2.0,0.0,1.0,1.0,1.0,1,1,0.0,0.0,0.0,0.0,1993.0,1.0,7,0,0.0,2.0,3.0,15.0
1658,10,29,1700,1,2,3,1.0,3.0,298.0,20,3.0,2.0,2.0,0.0,1.0,1.0,1.0,1,1,0.0,0.0,0.0,0.0,1993.0,1.0,31,0,0.0,2.0,1.0,1.0
1659,5,3,1100,1,1,1,1.0,2.0,833.0,20,3.0,2.0,2.0,0.0,1.0,1.0,1.0,1,1,4.0,0.0,0.0,0.0,1953.0,1.0,33,0,0.0,2.0,1.0,17.0
1660,5,3,1100,1,1,1,1.0,2.0,833.0,20,3.0,2.0,2.0,0.0,1.0,1.0,1.0,1,1,4.0,0.0,0.0,0.0,1953.0,1.0,7,0,0.0,0.0,6.0,17.0
1661,5,3,1100,1,1,1,1.0,2.0,833.0,20,3.0,2.0,2.0,0.0,1.0,1.0,1.0,1,1,3.0,0.0,0.0,0.0,1967.0,1.0,33,0,0.0,2.0,1.0,17.0
1662,5,3,1100,1,1,1,1.0,2.0,833.0,20,3.0,2.0,2.0,0.0,1.0,1.0,1.0,1,1,3.0,0.0,0.0,0.0,1967.0,1.0,7,0,0.0,0.0,6.0,17.0
1663,6,4,1945,1,2,3,1.0,3.0,391.0,20,3.0,2.0,2.0,0.0,0.0,1.0,0.0,1,1,1.0,0.0,0.0,0.0,1977.0,2.0,7,0,0.0,2.0,5.0,1.0
1664,6,4,1945,1,2,3,1.0,3.0,391.0,20,3.0,2.0,2.0,0.0,0.0,1.0,0.0,1,1,1.0,0.0,0.0,0.0,1977.0,0.0,1,0,0.0,2.0,1.0,9.0
1665,6,4,1945,1,2,3,1.0,3.0,391.0,20,3.0,2.0,2.0,0.0,0.0,1.0,0.0,1,1,0.0,0.0,0.0,0.0,2003.0,2.0,7,0,0.0,2.0,5.0,1.0
1666,6,4,1945,1,2,3,1.0,3.0,391.0,20,3.0,2.0,2.0,0.0,0.0,1.0,0.0,1,1,0.0,0.0,0.0,0.0,2003.0,0.0,1,0,0.0,2.0,1.0,9.0
1667,7,29,1530,1,1,2,1.0,1.0,833.0,20,3.0,2.0,2.0,0.0,1.0,1.0,1.0,1,1,4.0,0.0,0.0,0.0,1999.0,1.0,1,0,0.0,2.0,1.0,9.0
1668,7,29,1530,1,1,2,1.0,1.0,833.0,20,3.0,2.0,2.0,0.0,1.0,1.0,1.0,1,1,4.0,0.0,0.0,0.0,1999.0,1.0,7,0,0.0,2.0,2.0,1.0
1669,7,29,1530,1,1,2,1.0,1.0,833.0,20,3.0,2.0,2.0,0.0,1.0,1.0,1.0,1,4,2.0,0.0,0.0,0.0,1978.0,1.0,1,0,0.0,2.0,1.0,9.0
1670,7,29,1530,1,1,2,1.0,1.0,833.0,20,3.0,2.0,2.0,0.0,1.0,1.0,1.0,1,4,2.0,0.0,0.0,0.0,1978.0,1.0,7,0,0.0,2.0,2.0,1.0
1671,8,4,1630,1,2,1,1.0,6.0,381.0,20,3.0,2.0,2.0,0.0,2.0,1.0,1.0,1,4,4.0,0.0,0.0,0.0,1939.0,1.0,7,0,0.0,1.0,2.0,1.0
1672,8,4,1630,1,2,1,1.0,6.0,381.0,20,3.0,2.0,2.0,0.0,2.0,1.0,1.0,3,1,4.0,4.0,3.0,4.0,1936.0,1.0,7,0,0.0,1.0,2.0,1.0
1673,10,18,1415,1,2,9,1.0,6.0,381.0,20,4.0,2.0,2.0,0.0,2.0,1.0,1.0,3,4,0.0,4.0,9.0,1.0,1982.0,0.0,7,0,15.0,1.0,4.0,23.0
1674,12,2,1215,1,1,1,5.0,3.0,470.0,20,3.0,2.0,2.0,0.0,2.0,1.0,1.0,1,1,4.0,0.0,0.0,0.0,1949.0,2.0,7,0,0.0,2.0,3.0,13.0
1675,12,2,1215,1,1,1,5.0,3.0,470.0,20,3.0,2.0,2.0,0.0,2.0,1.0,1.0,1,1,4.0,0.0,0.0,0.0,1949.0,1.0,15,0,0.0,2.0,3.0,1.0
1676,12,2,1215,1,1,1,5.0,3.0,470.0,20,3.0,2.0,2.0,0.0,2.0,1.0,1.0,1,1,2.0,0.0,0.0,0.0,1945.0,2.0,7,0,0.0,2.0,3.0,13.0
1677,12,2,1215,1,1,1,5.0,3.0,470.0,20,3.0,2.0,2.0,0.0,2.0,1.0,1.0,1,1,2.0,0.0,0.0,0.0,1945.0,1.0,15,0,0.0,2.0,3.0,1.0
1678,12,3,500,5,2,3,1.0,6.0,381.0,20,3.0,2.0,2.0,,,,,1,1,4.0,0.0,0.0,0.0,1998.0,0.0,7,0,6.0,1.0,3.0,4.0
1679,12,3,500,5,2,3,1.0,6.0,381.0,20,3.0,2.0,2.0,,,,,3,1,4.0,0.0,1.0,1.0,1993.0,0.0,7,0,6.0,1.0,3.0,4.0
1680,2,2,1600,1,1,1,1.0,3.0,251.0,600,3.0,2.0,2.0,0.0,0.0,1.0,1.0,1,1,2.0,0.0,0.0,0.0,1992.0,1.0,10,0,0.0,2.0,3.0,19.0
1681,2,2,1600,1,1,1,1.0,3.0,251.0,600,3.0,2.0,2.0,0.0,0.0,1.0,1.0,1,1,2.0,0.0,0.0,0.0,1992.0,0.0,10,0,0.0,2.0,3.0,1.0
1682,2,2,1600,1,1,1,1.0,3.0,251.0,600,3.0,2.0,2.0,0.0,0.0,1.0,1.0,1,4,1.0,0.0,0.0,0.0,1967.0,1.0,10,0,0.0,2.0,3.0,19.0
1683,2,2,1600,1,1,1,1.0,3.0,251.0,600,3.0,2.0,2.0,0.0,0.0,1.0,1.0,1,4,1.0,0.0,0.0,0.0,1967.0,0.0,10,0,0.0,2.0,3.0,1.0
1684,2,26,2315,3,1,1,1.0,7.0,41.0,600,3.0,2.0,2.0,0.0,1.0,1.0,1.0,1,1,4.0,0.0,0.0,0.0,1979.0,0.0,32,0,16.0,0.0,1.0,1.0
1685,4,21,1845,1,1,1,1.0,7.0,9.0,600,3.0,2.0,2.0,0.0,1.0,3.0,1.0,1,1,1.0,0.0,0.0,0.0,1979.0,1.0,33,0,0.0,0.0,8.0,1.0
1686,5,3,1830,1,1,1,1.0,7.0,251.0,600,3.0,2.0,2.0,0.0,1.0,1.0,1.0,1,4,1.0,0.0,0.0,0.0,1971.0,1.0,7,0,0.0,0.0,0.0,1.0
1687,6,9,1230,1,1,1,1.0,2.0,428.0,600,3.0,0.0,2.0,0.0,1.0,1.0,1.0,1,4,4.0,0.0,0.0,0.0,1970.0,0.0,7,0,0.0,2.0,2.0,1.0
1688,6,9,1230,1,1,1,1.0,2.0,428.0,600,3.0,0.0,2.0,0.0,1.0,1.0,1.0,1,4,4.0,0.0,0.0,0.0,1970.0,0.0,1,0,0.0,2.0,4.0,1.0
1689,6,9,1230,1,1,1,1.0,2.0,428.0,600,3.0,0.0,2.0,0.0,1.0,1.0,1.0,1,1,4.0,0.0,0.0,0.0,1945.0,0.0,7,0,0.0,2.0,2.0,1.0
1690,6,9,1230,1,1,1,1.0,2.0,428.0,600,3.0,0.0,2.0,0.0,1.0,1.0,1.0,1,1,4.0,0.0,0.0,0.0,1945.0,0.0,1,0,0.0,2.0,4.0,1.0
1691,6,9,1615,1,2,1,1.0,2.0,628.0,600,4.0,2.0,2.0,0.0,2.0,1.0,1.0,1,1,1.0,0.0,0.0,0.0,1982.0,0.0,2,0,0.0,2.0,1.0,1.0
1692,6,9,1615,1,2,1,1.0,2.0,628.0,600,4.0,2.0,2.0,0.0,2.0,1.0,1.0,1,1,1.0,0.0,0.0,0.0,1982.0,0.0,10,0,0.0,2.0,6.0,10.0
1693,6,9,1615,1,2,1,1.0,2.0,628.0,600,4.0,2.0,2.0,0.0,2.0,1.0,1.0,1,1,2.0,0.0,0.0,0.0,1985.0,0.0,2,0,0.0,2.0,1.0,1.0