,month,day,time,light,location,intersection,atmosphere,collision,municipality,department,road,traffic,nblanes,reslane,laneprofile,plan,surface,user,sex,route,pedlocation,pedaction,pedcondition,birth,dirtraffic,catvehicle,nboccupants,obstacle,movobstacle,impact,maneuver
1694,6,9,1615,1,2,1,1.0,2.0,628.0,600,4.0,2.0,2.0,0.0,2.0,1.0,1.0,1,1,2.0,0.0,0.0,0.0,1985.0,0.0,10,0,0.0,2.0,6.0,10.0
1695,6,10,2330,3,1,1,1.0,1.0,9.0,600,3.0,2.0,0.0,0.0,2.0,1.0,1.0,1,1,4.0,0.0,0.0,0.0,1985.0,2.0,31,0,0.0,2.0,1.0,13.0
1696,6,10,2330,3,1,1,1.0,1.0,9.0,600,3.0,2.0,0.0,0.0,2.0,1.0,1.0,1,1,4.0,0.0,0.0,0.0,1985.0,1.0,7,0,0.0,2.0,3.0,1.0
1697,6,10,2330,3,1,1,1.0,1.0,9.0,600,3.0,2.0,0.0,0.0,2.0,1.0,1.0,1,1,4.0,0.0,0.0,0.0,1968.0,2.0,31,0,0.0,2.0,1.0,13.0
1698,6,10,2330,3,1,1,1.0,1.0,9.0,600,3.0,2.0,0.0,0.0,2.0,1.0,1.0,1,1,4.0,0.0,0.0,0.0,1968.0,1.0,7,0,0.0,2.0,3.0,1.0
1699,8,9,745,1,1,1,1.0,1.0,668.0,600,3.0,2.0,2.0,0.0,1.0,1.0,0.0,1,4,1.0,0.0,0.0,0.0,1994.0,1.0,7,0,0.0,2.0,3.0,1.0
1700,8,9,745,1,1,1,1.0,1.0,668.0,600,3.0,2.0,2.0,0.0,1.0,1.0,0.0,1,4,1.0,0.0,0.0,0.0,1994.0,0.0,7,0,0.0,2.0,1.0,13.0
1701,8,9,745,1,1,1,1.0,1.0,668.0,600,3.0,2.0,2.0,0.0,1.0,1.0,0.0,1,1,9.0,0.0,0.0,0.0,1993.0,1.0,7,0,0.0,2.0,3.0,1.0
1702,8,9,745,1,1,1,1.0,1.0,668.0,600,3.0,2.0,2.0,0.0,1.0,1.0,0.0,1,1,9.0,0.0,0.0,0.0,1993.0,0.0,7,0,0.0,2.0,1.0,13.0
1703,8,11,400,3,1,1,1.0,6.0,703.0,600,3.0,2.0,2.0,0.0,0.0,2.0,1.0,1,1,0.0,0.0,0.0,0.0,1997.0,0.0,7,0,13.0,0.0,0.0,14.0
1704,8,19,2215,5,2,6,1.0,7.0,41.0,600,3.0,2.0,2.0,0.0,0.0,1.0,1.0,1,1,4.0,0.0,0.0,0.0,1985.0,0.0,30,0,0.0,0.0,0.0,1.0
1705,8,18,2315,3,1,1,1.0,2.0,628.0,600,2.0,3.0,4.0,0.0,0.0,1.0,1.0,1,1,4.0,0.0,0.0,0.0,1984.0,2.0,7,0,13.0,0.0,3.0,18.0
1706,8,18,2315,3,1,1,1.0,2.0,628.0,600,2.0,3.0,4.0,0.0,0.0,1.0,1.0,1,1,4.0,0.0,0.0,0.0,1984.0,2.0,7,0,0.0,2.0,5.0,1.0
1707,8,18,2315,3,1,1,1.0,2.0,628.0,600,2.0,3.0,4.0,0.0,0.0,1.0,1.0,1,4,4.0,0.0,0.0,0.0,1997.0,2.0,7,0,13.0,0.0,3.0,18.0
1708,8,18,2315,3,1,1,1.0,2.0,628.0,600,2.0,3.0,4.0,0.0,0.0,1.0,1.0,1,4,4.0,0.0,0.0,0.0,1997.0,2.0,7,0,0.0,2.0,5.0,1.0
1709,8,28,1645,1,1,6,1.0,7.0,9.0,600,3.0,3.0,0.0,0.0,0.0,1.0,1.0,1,1,4.0,0.0,0.0,0.0,1973.0,1.0,33,0,12.0,0.0,1.0,1.0
1710,8,28,1645,1,1,6,1.0,7.0,9.0,600,3.0,3.0,0.0,0.0,0.0,1.0,1.0,4,4,0.0,0.0,0.0,0.0,2003.0,1.0,33,0,12.0,0.0,1.0,1.0
1711,9,23,815,2,2,1,5.0,3.0,703.0,600,3.0,2.0,2.0,0.0,1.0,1.0,1.0,1,4,1.0,0.0,0.0,0.0,1961.0,2.0,7,0,0.0,2.0,2.0,1.0
1712,9,23,815,2,2,1,5.0,3.0,703.0,600,3.0,2.0,2.0,0.0,1.0,1.0,1.0,1,4,1.0,0.0,0.0,0.0,1961.0,1.0,7,0,0.0,2.0,3.0,15.0
1713,9,23,815,2,2,1,5.0,3.0,703.0,600,3.0,2.0,2.0,0.0,1.0,1.0,1.0,1,1,1.0,0.0,0.0,0.0,1996.0,2.0,7,0,0.0,2.0,2.0,1.0
1714,9,23,815,2,2,1,5.0,3.0,703.0,600,3.0,2.0,2.0,0.0,1.0,1.0,1.0,1,1,1.0,0.0,0.0,0.0,1996.0,1.0,7,0,0.0,2.0,3.0,15.0
1715,10,2,1245,1,1,1,1.0,6.0,9.0,600,3.0,2.0,0.0,0.0,1.0,3.0,1.0,1,1,0.0,0.0,0.0,0.0,1945.0,0.0,7,0,2.0,0.0,8.0,1.0
1716,11,26,530,3,1,1,2.0,2.0,480.0,600,3.0,2.0,2.0,0.0,1.0,1.0,6.0,1,1,1.0,0.0,0.0,0.0,1988.0,0.0,7,0,0.0,2.0,1.0,1.0
1717,11,26,530,3,1,1,2.0,2.0,480.0,600,3.0,2.0,2.0,0.0,1.0,1.0,6.0,1,1,1.0,0.0,0.0,0.0,1988.0,0.0,17,0,0.0,2.0,4.0,1.0
1718,11,26,530,3,1,1,2.0,2.0,480.0,600,3.0,2.0,2.0,0.0,1.0,1.0,6.0,1,1,2.0,0.0,0.0,0.0,1992.0,0.0,7,0,0.0,2.0,1.0,1.0
1719,11,26,530,3,1,1,2.0,2.0,480.0,600,3.0,2.0,2.0,0.0,1.0,1.0,6.0,1,1,2.0,0.0,0.0,0.0,1992.0,0.0,17,0,0.0,2.0,4.0,1.0
1720,12,23,1745,3,1,1,2.0,5.0,63.0,600,3.0,2.0,0.0,0.0,4.0,4.0,2.0,1,1,4.0,0.0,0.0,0.0,1937.0,0.0,7,0,14.0,0.0,2.0,0.0
1721,12,23,1745,3,1,1,2.0,5.0,63.0,600,3.0,2.0,0.0,0.0,4.0,4.0,2.0,1,1,4.0,0.0,0.0,0.0,1937.0,0.0,7,0,0.0,2.0,2.0,0.0
1722,12,23,1745,3,1,1,2.0,5.0,63.0,600,3.0,2.0,0.0,0.0,4.0,4.0,2.0,1,1,4.0,0.0,0.0,0.0,1937.0,0.0,7,0,0.0,2.0,7.0,0.0
1723,12,23,1745,3,1,1,2.0,5.0,63.0,600,3.0,2.0,0.0,0.0,4.0,4.0,2.0,1,1,0.0,0.0,0.0,0.0,1985.0,0.0,7,0,14.0,0.0,2.0,0.0
1724,12,23,1745,3,1,1,2.0,5.0,63.0,600,3.0,2.0,0.0,0.0,4.0,4.0,2.0,1,1,0.0,0.0,0.0,0.0,1985.0,0.0,7,0,0.0,2.0,2.0,0.0
1725,12,23,1745,3,1,1,2.0,5.0,63.0,600,3.0,2.0,0.0,0.0,4.0,4.0,2.0,1,1,0.0,0.0,0.0,0.0,1985.0,0.0,7,0,0.0,2.0,7.0,0.0
1726,12,23,1745,3,1,1,2.0,5.0,63.0,600,3.0,2.0,0.0,0.0,4.0,4.0,2.0,4,1,0.0,0.0,0.0,0.0,2001.0,0.0,7,0,14.0,0.0,2.0,0.0
1727,12,23,1745,3,1,1,2.0,5.0,63.0,600,3.0,2.0,0.0,0.0,4.0,4.0,2.0,4,1,0.0,0.0,0.0,0.0,2001.0,0.0,7,0,0.0,2.0,2.0,0.0
1728,12,23,1745,3,1,1,2.0,5.0,63.0,600,3.0,2.0,0.0,0.0,4.0,4.0,2.0,4,1,0.0,0.0,0.0,0.0,2001.0,0.0,7,0,0.0,2.0,7.0,0.0
1729,12,23,1745,3,1,1,2.0,5.0,63.0,600,3.0,2.0,0.0,0.0,4.0,4.0,2.0,4,1,0.0,0.0,0.0,0.0,1996.0,0.0,7,0,14.0,0.0,2.0,0.0
1730,12,23,1745,3,1,1,2.0,5.0,63.0,600,3.0,2.0,0.0,0.0,4.0,4.0,2.0,4,1,0.0,0.0,0.0,0.0,1996.0,0.0,7,0,0.0,2.0,2.0,0.0
1731,12,23,1745,3,1,1,2.0,5.0,63.0,600,3.0,2.0,0.0,0.0,4.0,4.0,2.0,4,1,0.0,0.0,0.0,0.0,1996.0,0.0,7,0,0.0,2.0,7.0,0.0
1732,12,23,1745,3,1,1,2.0,5.0,63.0,600,3.0,2.0,0.0,0.0,4.0,4.0,2.0,1,1,2.0,0.0,0.0,0.0,1991.0,0.0,7,0,14.0,0.0,2.0,0.0
1733,12,23,1745,3,1,1,2.0,5.0,63.0,600,3.0,2.0,0.0,0.0,4.0,4.0,2.0,1,1,2.0,0.0,0.0,0.0,1991.0,0.0,7,0,0.0,2.0,2.0,0.0
1734,12,23,1745,3,1,1,2.0,5.0,63.0,600,3.0,2.0,0.0,0.0,4.0,4.0,2.0,1,1,2.0,0.0,0.0,0.0,1991.0,0.0,7,0,0.0,2.0,7.0,0.0
1735,12,23,1745,3,1,1,2.0,5.0,63.0,600,3.0,2.0,0.0,0.0,4.0,4.0,2.0,4,1,0.0,0.0,0.0,0.0,1998.0,0.0,7,0,14.0,0.0,2.0,0.0
1736,12,23,1745,3,1,1,2.0,5.0,63.0,600,3.0,2.0,0.0,0.0,4.0,4.0,2.0,4,1,0.0,0.0,0.0,0.0,1998.0,0.0,7,0,0.0,2.0,2.0,0.0
1737,12,23,1745,3,1,1,2.0,5.0,63.0,600,3.0,2.0,0.0,0.0,4.0,4.0,2.0,4,1,0.0,0.0,0.0,0.0,1998.0,0.0,7,0,0.0,2.0,7.0,0.0
1738,12,23,1745,3,1,1,2.0,5.0,63.0,600,3.0,2.0,0.0,0.0,4.0,4.0,2.0,4,1,0.0,0.0,0.0,0.0,1990.0,0.0,7,0,14.0,0.0,2.0,0.0
1739,12,23,1745,3,1,1,2.0,5.0,63.0,600,3.0,2.0,0.0,0.0,4.0,4.0,2.0,4,1,0.0,0.0,0.0,0.0,1990.0,0.0,7,0,0.0,2.0,2.0,0.0
1740,12,23,1745,3,1,1,2.0,5.0,63.0,600,3.0,2.0,0.0,0.0,4.0,4.0,2.0,4,1,0.0,0.0,0.0,0.0,1990.0,0.0,7,0,0.0,2.0,7.0,0.0
1741,3,19,2115,1,1,1,1.0,2.0,211.0,600,3.0,0.0,0.0,0.0,0.0,0.0,0.0,1,1,0.0,0.0,0.0,0.0,1980.0,1.0,1,0,0.0,0.0,0.0,0.0
1742,3,19,2115,1,1,1,1.0,2.0,211.0,600,3.0,0.0,0.0,0.0,0.0,0.0,0.0,1,1,0.0,0.0,0.0,0.0,1980.0,1.0,7,0,0.0,0.0,2.0,2.0
1743,3,19,2115,1,1,1,1.0,2.0,211.0,600,3.0,0.0,0.0,0.0,0.0,0.0,0.0,1,1,0.0,0.0,0.0,0.0,1958.0,1.0,1,0,0.0,0.0,0.0,0.0
1744,3,19,2115,1,1,1,1.0,2.0,211.0,600,3.0,0.0,0.0,0.0,0.0,0.0,0.0,1,1,0.0,0.0,0.0,0.0,1958.0,1.0,7,0,0.0,0.0,2.0,2.0
1745,4,1,2200,3,1,1,1.0,1.0,97.0,600,3.0,2.0,0.0,0.0,1.0,1.0,2.0,1,1,0.0,0.0,0.0,0.0,1984.0,1.0,7,0,0.0,2.0,3.0,5.0
1746,4,1,2200,3,1,1,1.0,1.0,97.0,600,3.0,2.0,0.0,0.0,1.0,1.0,2.0,1,1,0.0,0.0,0.0,0.0,1984.0,2.0,7,0,0.0,2.0,1.0,1.0
1747,4,1,2200,3,1,1,1.0,1.0,97.0,600,3.0,2.0,0.0,0.0,1.0,1.0,2.0,1,1,4.0,0.0,0.0,0.0,1970.0,1.0,7,0,0.0,2.0,3.0,5.0
1748,4,1,2200,3,1,1,1.0,1.0,97.0,600,3.0,2.0,0.0,0.0,1.0,1.0,2.0,1,1,4.0,0.0,0.0,0.0,1970.0,2.0,7,0,0.0,2.0,1.0,1.0
1749,5,28,1400,1,1,1,2.0,3.0,690.0,600,3.0,2.0,0.0,0.0,1.0,1.0,2.0,1,4,1.0,0.0,0.0,0.0,1974.0,0.0,7,0,0.0,0.0,1.0,1.0
1750,5,28,1400,1,1,1,2.0,3.0,690.0,600,3.0,2.0,0.0,0.0,1.0,1.0,2.0,1,4,1.0,0.0,0.0,0.0,1974.0,0.0,7,0,0.0,0.0,7.0,19.0
1751,5,28,1400,1,1,1,2.0,3.0,690.0,600,3.0,2.0,0.0,0.0,1.0,1.0,2.0,1,1,4.0,0.0,0.0,0.0,1991.0,0.0,7,0,0.0,0.0,1.0,1.0
1752,5,28,1400,1,1,1,2.0,3.0,690.0,600,3.0,2.0,0.0,0.0,1.0,1.0,2.0,1,1,4.0,0.0,0.0,0.0,1991.0,0.0,7,0,0.0,0.0,7.0,19.0
1753,5,30,900,1,1,1,2.0,1.0,645.0,600,3.0,2.0,2.0,0.0,0.0,2.0,2.0,1,1,0.0,0.0,0.0,0.0,1981.0,0.0,10,0,0.0,2.0,1.0,1.0
1754,5,30,900,1,1,1,2.0,1.0,645.0,600,3.0,2.0,2.0,0.0,0.0,2.0,2.0,1,1,0.0,0.0,0.0,0.0,1981.0,0.0,7,0,0.0,2.0,1.0,5.0
1755,5,30,900,1,1,1,2.0,1.0,645.0,600,3.0,2.0,2.0,0.0,0.0,2.0,2.0,1,4,1.0,0.0,0.0,0.0,1969.0,0.0,10,0,0.0,2.0,1.0,1.0
1756,5,30,900,1,1,1,2.0,1.0,645.0,600,3.0,2.0,2.0,0.0,0.0,2.0,2.0,1,4,1.0,0.0,0.0,0.0,1969.0,0.0,7,0,0.0,2.0,1.0,5.0
1757,7,21,1700,1,1,1,1.0,6.0,143.0,600,3.0,2.0,0.0,0.0,0.0,3.0,1.0,1,4,1.0,0.0,0.0,0.0,1995.0,0.0,7,0,0.0,0.0,0.0,1.0
1758,9,10,1900,1,1,1,1.0,5.0,363.0,600,3.0,0.0,0.0,0.0,0.0,1.0,1.0,1,1,0.0,0.0,0.0,0.0,1948.0,0.0,7,0,0.0,2.0,0.0,0.0
1759,9,10,1900,1,1,1,1.0,5.0,363.0,600,3.0,0.0,0.0,0.0,0.0,1.0,1.0,1,1,0.0,0.0,0.0,0.0,1948.0,0.0,7,0,0.0,0.0,0.0,0.0
1760,9,10,1900,1,1,1,1.0,5.0,363.0,600,3.0,0.0,0.0,0.0,0.0,1.0,1.0,1,1,0.0,0.0,0.0,0.0,1948.0,0.0,33,0,0.0,0.0,4.0,0.0
1761,9,10,1900,1,1,1,1.0,5.0,363.0,600,3.0,0.0,0.0,0.0,0.0,1.0,1.0,1,1,0.0,0.0,0.0,0.0,1938.0,0.0,7,0,0.0,2.0,0.0,0.0
1762,9,10,1900,1,1,1,1.0,5.0,363.0,600,3.0,0.0,0.0,0.0,0.0,1.0,1.0,1,1,0.0,0.0,0.0,0.0,1938.0,0.0,7,0,0.0,0.0,0.0,0.0
1763,9,10,1900,1,1,1,1.0,5.0,363.0,600,3.0,0.0,0.0,0.0,0.0,1.0,1.0,1,1,0.0,0.0,0.0,0.0,1938.0,0.0,33,0,0.0,0.0,4.0,0.0
1764,9,10,1900,1,1,1,1.0,5.0,363.0,600,3.0,0.0,0.0,0.0,0.0,1.0,1.0,1,1,0.0,0.0,0.0,0.0,1988.0,0.0,7,0,0.0,2.0,0.0,0.0
1765,9,10,1900,1,1,1,1.0,5.0,363.0,600,3.0,0.0,0.0,0.0,0.0,1.0,1.0,1,1,0.0,0.0,0.0,0.0,1988.0,0.0,7,0,0.0,0.0,0.0,0.0
1766,9,10,1900,1,1,1,1.0,5.0,363.0,600,3.0,0.0,0.0,0.0,0.0,1.0,1.0,1,1,0.0,0.0,0.0,0.0,1988.0,0.0,33,0,0.0,0.0,4.0,0.0
1767,9,18,1830,1,1,1,1.0,1.0,644.0,600,4.0,2.0,0.0,0.0,0.0,2.0,1.0,1,1,4.0,0.0,0.0,0.0,1982.0,0.0,33,0,0.0,2.0,1.0,13.0
1768,9,18,1830,1,1,1,1.0,1.0,644.0,600,4.0,2.0,0.0,0.0,0.0,2.0,1.0,1,1,4.0,0.0,0.0,0.0,1982.0,0.0,7,0,0.0,2.0,1.0,1.0
1769,9,18,1830,1,1,1,1.0,1.0,644.0,600,4.0,2.0,0.0,0.0,0.0,2.0,1.0,1,1,4.0,0.0,0.0,0.0,1949.0,0.0,33,0,0.0,2.0,1.0,13.0
1770,9,18,1830,1,1,1,1.0,1.0,644.0,600,4.0,2.0,0.0,0.0,0.0,2.0,1.0,1,1,4.0,0.0,0.0,0.0,1949.0,0.0,7,0,0.0,2.0,1.0,1.0
1771,3,8,1115,1,2,1,1.0,6.0,286.0,600,3.0,0.0,2.0,0.0,1.0,1.0,1.0,1,1,4.0,0.0,0.0,0.0,1949.0,2.0,7,0,6.0,0.0,1.0,13.0
1772,3,8,1115,1,2,1,1.0,6.0,286.0,600,3.0,0.0,2.0,0.0,1.0,1.0,1.0,4,4,0.0,0.0,0.0,0.0,1955.0,2.0,7,0,6.0,0.0,1.0,13.0
1773,12,27,2015,3,1,1,1.0,6.0,194.0,600,3.0,2.0,2.0,0.0,0.0,1.0,2.0,1,1,1.0,0.0,0.0,0.0,1964.0,0.0,7,0,2.0,0.0,8.0,1.0
1774,1,14,800,2,2,1,2.0,6.0,462.0,600,3.0,2.0,1.0,0.0,0.0,1.0,2.0,1,1,1.0,0.0,0.0,0.0,1988.0,0.0,7,0,0.0,1.0,3.0,0.0
1775,1,14,800,2,2,1,2.0,6.0,462.0,600,3.0,2.0,1.0,0.0,0.0,1.0,2.0,3,4,4.0,2.0,3.0,1.0,2002.0,0.0,7,0,0.0,1.0,3.0,0.0
1776,5,19,1815,1,1,1,1.0,3.0,504.0,600,3.0,3.0,4.0,0.0,1.0,1.0,1.0,1,4,3.0,0.0,0.0,0.0,1990.0,0.0,7,0,0.0,2.0,7.0,6.0
1777,5,19,1815,1,1,1,1.0,3.0,504.0,600,3.0,3.0,4.0,0.0,1.0,1.0,1.0,1,4,3.0,0.0,0.0,0.0,1990.0,0.0,7,0,0.0,2.0,1.0,1.0
1778,5,19,1815,1,1,1,1.0,3.0,504.0,600,3.0,3.0,4.0,0.0,1.0,1.0,1.0,4,4,0.0,0.0,0.0,0.0,1960.0,0.0,7,0,0.0,2.0,7.0,6.0
1779,5,19,1815,1,1,1,1.0,3.0,504.0,600,3.0,3.0,4.0,0.0,1.0,1.0,1.0,4,4,0.0,0.0,0.0,0.0,1960.0,0.0,7,0,0.0,2.0,1.0,1.0
1780,5,19,1815,1,1,1,1.0,3.0,504.0,600,3.0,3.0,4.0,0.0,1.0,1.0,1.0,1,1,1.0,0.0,0.0,0.0,1981.0,0.0,7,0,0.0,2.0,7.0,6.0
1781,5,19,1815,1,1,1,1.0,3.0,504.0,600,3.0,3.0,4.0,0.0,1.0,1.0,1.0,1,1,1.0,0.0,0.0,0.0,1981.0,0.0,7,0,0.0,2.0,1.0,1.0
1782,6,6,930,1,1,1,1.0,1.0,462.0,600,3.0,0.0,0.0,0.0,0.0,0.0,0.0,1,1,0.0,0.0,0.0,0.0,1958.0,0.0,2,0,0.0,0.0,0.0,0.0
1783,6,6,930,1,1,1,1.0,1.0,462.0,600,3.0,0.0,0.0,0.0,0.0,0.0,0.0,1,1,0.0,0.0,0.0,0.0,1958.0,0.0,7,0,0.0,0.0,0.0,0.0
1784,6,6,930,1,1,1,1.0,1.0,462.0,600,3.0,0.0,0.0,0.0,0.0,0.0,0.0,1,1,0.0,0.0,0.0,0.0,1990.0,0.0,2,0,0.0,0.0,0.0,0.0
1785,6,6,930,1,1,1,1.0,1.0,462.0,600,3.0,0.0,0.0,0.0,0.0,0.0,0.0,1,1,0.0,0.0,0.0,0.0,1990.0,0.0,7,0,0.0,0.0,0.0,0.0
1786,6,6,930,1,1,1,1.0,1.0,462.0,600,3.0,0.0,0.0,0.0,0.0,0.0,0.0,4,1,0.0,0.0,0.0,0.0,1990.0,0.0,2,0,0.0,0.0,0.0,0.0
1787,6,6,930,1,1,1,1.0,1.0,462.0,600,3.0,0.0,0.0,0.0,0.0,0.0,0.0,4,1,0.0,0.0,0.0,0.0,1990.0,0.0,7,0,0.0,0.0,0.0,0.0
1788,6,6,930,1,1,1,1.0,1.0,462.0,600,3.0,0.0,0.0,0.0,0.0,0.0,0.0,4,1,0.0,0.0,0.0,0.0,2016.0,0.0,2,0,0.0,0.0,0.0,0.0
1789,6,6,930,1,1,1,1.0,1.0,462.0,600,3.0,0.0,0.0,0.0,0.0,0.0,0.0,4,1,0.0,0.0,0.0,0.0,2016.0,0.0,7,0,0.0,0.0,0.0,0.0
1790,7,30,1915,1,2,1,1.0,3.0,65.0,600,3.0,2.0,2.0,0.0,3.0,0.0,1.0,1,1,4.0,0.0,0.0,0.0,1991.0,0.0,33,0,0.0,2.0,8.0,1.0
1791,7,30,1915,1,2,1,1.0,3.0,65.0,600,3.0,2.0,2.0,0.0,3.0,0.0,1.0,1,1,4.0,0.0,0.0,0.0,1991.0,0.0,14,0,0.0,2.0,8.0,1.0
1792,7,30,1915,1,2,1,1.0,3.0,65.0,600,3.0,2.0,2.0,0.0,3.0,0.0,1.0,1,1,1.0,0.0,0.0,0.0,1963.0,0.0,33,0,0.0,2.0,8.0,1.0
1793,7,30,1915,1,2,1,1.0,3.0,65.0,600,3.0,2.0,2.0,0.0,3.0,0.0,1.0,1,1,1.0,0.0,0.0,0.0,1963.0,0.0,14,0,0.0,2.0,8.0,1.0
1794,8,26,1115,1,1,1,1.0,1.0,135.0,600,4.0,2.0,2.0,0.0,1.0,3.0,1.0,1,1,0.0,0.0,0.0,0.0,1956.0,0.0,7,0,0.0,2.0,1.0,16.0
1795,8,26,1115,1,1,1,1.0,1.0,135.0,600,4.0,2.0,2.0,0.0,1.0,3.0,1.0,1,1,0.0,0.0,0.0,0.0,1956.0,0.0,10,0,0.0,2.0,2.0,15.0
1796,8,26,1115,1,1,1,1.0,1.0,135.0,600,4.0,2.0,2.0,0.0,1.0,3.0,1.0,4,4,0.0,0.0,0.0,0.0,1960.0,0.0,7,0,0.0,2.0,1.0,16.0
1797,8,26,1115,1,1,1,1.0,1.0,135.0,600,4.0,2.0,2.0,0.0,1.0,3.0,1.0,4,4,0.0,0.0,0.0,0.0,1960.0,0.0,10,0,0.0,2.0,2.0,15.0
1798,8,26,1115,1,1,1,1.0,1.0,135.0,600,4.0,2.0,2.0,0.0,1.0,3.0,1.0,1,1,2.0,0.0,0.0,0.0,1992.0,0.0,7,0,0.0,2.0,1.0,16.0
1799,8,26,1115,1,1,1,1.0,1.0,135.0,600,4.0,2.0,2.0,0.0,1.0,3.0,1.0,1,1,2.0,0.0,0.0,0.0,1992.0,0.0,10,0,0.0,2.0,2.0,15.0
1800,8,26,1115,1,1,1,1.0,1.0,135.0,600,4.0,2.0,2.0,0.0,1.0,3.0,1.0,4,4,0.0,0.0,0.0,0.0,1967.0,0.0,7,0,0.0,2.0,1.0,16.0
1801,8,26,1115,1,1,1,1.0,1.0,135.0,600,4.0,2.0,2.0,0.0,1.0,3.0,1.0,4,4,0.0,0.0,0.0,0.0,1967.0,0.0,10,0,0.0,2.0,2.0,15.0
1802,10,2,1900,2,2,1,1.0,7.0,700.0,600,3.0,2.0,2.0,0.0,1.0,1.0,1.0,1,1,9.0,0.0,0.0,0.0,1974.0,1.0,33,0,0.0,0.0,0.0,1.0
1803,11,28,1330,1,2,1,1.0,6.0,462.0,600,3.0,0.0,0.0,0.0,3.0,0.0,1.0,1,1,3.0,0.0,0.0,0.0,1968.0,0.0,7,0,0.0,1.0,6.0,4.0
1804,11,28,1330,1,2,1,1.0,6.0,462.0,600,3.0,0.0,0.0,0.0,3.0,0.0,1.0,3,4,4.0,4.0,3.0,1.0,1966.0,0.0,7,0,0.0,1.0,6.0,4.0
1805,12,15,1445,1,2,1,1.0,6.0,462.0,600,3.0,2.0,3.0,0.0,1.0,1.0,1.0,1,1,9.0,0.0,0.0,0.0,1975.0,1.0,7,0,0.0,1.0,2.0,1.0
1806,12,15,1445,1,2,1,1.0,6.0,462.0,600,3.0,2.0,3.0,0.0,1.0,1.0,1.0,3,4,4.0,3.0,3.0,1.0,2003.0,1.0,7,0,0.0,1.0,2.0,1.0
1807,1,14,1030,1,1,1,2.0,7.0,234.0,600,2.0,3.0,2.0,0.0,1.0,1.0,2.0,1,1,2.0,0.0,0.0,0.0,1974.0,1.0,10,0,0.0,0.0,8.0,1.0
1808,3,7,800,1,2,1,8.0,6.0,157.0,600,3.0,2.0,2.0,0.0,2.0,1.0,1.0,1,1,0.0,0.0,0.0,0.0,1983.0,0.0,7,0,0.0,1.0,1.0,1.0
1809,3,7,800,1,2,1,8.0,6.0,157.0,600,3.0,2.0,2.0,0.0,2.0,1.0,1.0,3,1,0.0,2.0,0.0,4.0,1948.0,0.0,7,0,0.0,1.0,1.0,1.0
1810,5,15,1230,1,1,1,1.0,7.0,454.0,600,3.0,2.0,0.0,0.0,1.0,1.0,1.0,1,1,4.0,0.0,0.0,0.0,1993.0,0.0,33,0,13.0,0.0,1.0,1.0
1811,6,28,1745,1,1,1,1.0,3.0,559.0,600,3.0,2.0,0.0,0.0,1.0,1.0,1.0,1,1,1.0,0.0,0.0,0.0,1964.0,0.0,7,0,0.0,2.0,3.0,1.0
1812,6,28,1745,1,1,1,1.0,3.0,559.0,600,3.0,2.0,0.0,0.0,1.0,1.0,1.0,1,1,1.0,0.0,0.0,0.0,1964.0,0.0,33,0,0.0,2.0,7.0,15.0
1813,6,28,1745,1,1,1,1.0,3.0,559.0,600,3.0,2.0,0.0,0.0,1.0,1.0,1.0,1,1,4.0,0.0,0.0,0.0,1992.0,0.0,7,0,0.0,2.0,3.0,1.0
1814,6,28,1745,1,1,1,1.0,3.0,559.0,600,3.0,2.0,0.0,0.0,1.0,1.0,1.0,1,1,4.0,0.0,0.0,0.0,1992.0,0.0,33,0,0.0,2.0,7.0,15.0
1815,9,1,900,1,1,1,1.0,1.0,16.0,600,3.0,2.0,2.0,0.0,1.0,2.0,1.0,1,1,1.0,0.0,0.0,0.0,1981.0,1.0,33,0,0.0,2.0,1.0,1.0
1816,9,1,900,1,1,1,1.0,1.0,16.0,600,3.0,2.0,2.0,0.0,1.0,2.0,1.0,1,1,1.0,0.0,0.0,0.0,1981.0,2.0,21,0,0.0,2.0,6.0,1.0
1817,9,1,900,1,1,1,1.0,1.0,16.0,600,3.0,2.0,2.0,0.0,1.0,2.0,1.0,1,1,2.0,0.0,0.0,0.0,1964.0,1.0,33,0,0.0,2.0,1.0,1.0
1818,9,1,900,1,1,1,1.0,1.0,16.0,600,3.0,2.0,2.0,0.0,1.0,2.0,1.0,1,1,2.0,0.0,0.0,0.0,1964.0,2.0,21,0,0.0,2.0,6.0,1.0
1819,5,5,2345,5,2,1,1.0,6.0,664.0,600,3.0,2.0,0.0,0.0,1.0,1.0,0.0,1,1,4.0,0.0,0.0,0.0,1959.0,0.0,10,0,1.0,0.0,1.0,1.0
1820,7,4,2215,3,1,1,1.0,7.0,486.0,600,3.0,2.0,0.0,0.0,1.0,2.0,1.0,1,1,9.0,0.0,0.0,0.0,1990.0,0.0,7,0,0.0,0.0,1.0,1.0
1821,7,4,2215,3,1,1,1.0,7.0,486.0,600,3.0,2.0,0.0,0.0,1.0,2.0,1.0,4,1,0.0,0.0,0.0,0.0,1992.0,0.0,7,0,0.0,0.0,1.0,1.0
1822,9,4,15,5,2,1,1.0,6.0,565.0,600,3.0,2.0,2.0,0.0,2.0,1.0,1.0,1,1,4.0,0.0,0.0,0.0,1978.0,0.0,31,0,6.0,0.0,7.0,0.0
1823,4,25,715,1,1,1,1.0,2.0,524.0,600,3.0,0.0,0.0,0.0,0.0,0.0,0.0,1,1,0.0,0.0,0.0,0.0,1976.0,0.0,10,0,0.0,0.0,0.0,0.0