,month,day,time,light,location,intersection,atmosphere,collision,municipality,department,road,traffic,nblanes,reslane,laneprofile,plan,surface,user,sex,route,pedlocation,pedaction,pedcondition,birth,dirtraffic,catvehicle,nboccupants,obstacle,movobstacle,impact,maneuver
1824,4,25,715,1,1,1,1.0,2.0,524.0,600,3.0,0.0,0.0,0.0,0.0,0.0,0.0,1,1,0.0,0.0,0.0,0.0,1976.0,0.0,7,0,0.0,0.0,0.0,0.0
1825,4,25,715,1,1,1,1.0,2.0,524.0,600,3.0,0.0,0.0,0.0,0.0,0.0,0.0,4,4,0.0,0.0,0.0,0.0,1983.0,0.0,10,0,0.0,0.0,0.0,0.0
1826,4,25,715,1,1,1,1.0,2.0,524.0,600,3.0,0.0,0.0,0.0,0.0,0.0,0.0,4,4,0.0,0.0,0.0,0.0,1983.0,0.0,7,0,0.0,0.0,0.0,0.0
1827,4,25,715,1,1,1,1.0,2.0,524.0,600,3.0,0.0,0.0,0.0,0.0,0.0,0.0,1,1,0.0,0.0,0.0,0.0,1988.0,0.0,10,0,0.0,0.0,0.0,0.0
1828,4,25,715,1,1,1,1.0,2.0,524.0,600,3.0,0.0,0.0,0.0,0.0,0.0,0.0,1,1,0.0,0.0,0.0,0.0,1988.0,0.0,7,0,0.0,0.0,0.0,0.0
1829,2,27,30,3,1,9,1.0,1.0,120.0,600,3.0,2.0,0.0,0.0,1.0,2.0,1.0,1,4,2.0,0.0,0.0,0.0,1991.0,0.0,7,0,0.0,2.0,3.0,13.0
1830,2,27,30,3,1,9,1.0,1.0,120.0,600,3.0,2.0,0.0,0.0,1.0,2.0,1.0,1,4,2.0,0.0,0.0,0.0,1991.0,1.0,10,0,0.0,2.0,3.0,1.0
1831,2,27,30,3,1,9,1.0,1.0,120.0,600,3.0,2.0,0.0,0.0,1.0,2.0,1.0,1,1,4.0,0.0,0.0,0.0,1987.0,0.0,7,0,0.0,2.0,3.0,13.0
1832,2,27,30,3,1,9,1.0,1.0,120.0,600,3.0,2.0,0.0,0.0,1.0,2.0,1.0,1,1,4.0,0.0,0.0,0.0,1987.0,1.0,10,0,0.0,2.0,3.0,1.0
1833,6,21,845,1,2,1,3.0,2.0,524.0,600,3.0,2.0,2.0,0.0,1.0,1.0,2.0,1,4,1.0,0.0,0.0,0.0,1961.0,0.0,7,0,0.0,0.0,6.0,19.0
1834,6,21,845,1,2,1,3.0,2.0,524.0,600,3.0,2.0,2.0,0.0,1.0,1.0,2.0,1,4,1.0,0.0,0.0,0.0,1961.0,0.0,33,0,0.0,0.0,1.0,17.0
1835,6,21,845,1,2,1,3.0,2.0,524.0,600,3.0,2.0,2.0,0.0,1.0,1.0,2.0,1,1,9.0,0.0,0.0,0.0,1991.0,0.0,7,0,0.0,0.0,6.0,19.0
1836,6,21,845,1,2,1,3.0,2.0,524.0,600,3.0,2.0,2.0,0.0,1.0,1.0,2.0,1,1,9.0,0.0,0.0,0.0,1991.0,0.0,33,0,0.0,0.0,1.0,17.0
1837,1,14,1800,3,1,1,2.0,1.0,116.0,600,3.0,0.0,0.0,0.0,0.0,0.0,2.0,1,1,0.0,0.0,0.0,0.0,1960.0,0.0,7,0,0.0,0.0,0.0,0.0
1838,1,14,1800,3,1,1,2.0,1.0,116.0,600,3.0,0.0,0.0,0.0,0.0,0.0,2.0,1,1,0.0,0.0,0.0,0.0,1960.0,0.0,14,0,0.0,0.0,0.0,0.0
1839,1,14,1800,3,1,1,2.0,1.0,116.0,600,3.0,0.0,0.0,0.0,0.0,0.0,2.0,1,1,0.0,0.0,0.0,0.0,1961.0,0.0,7,0,0.0,0.0,0.0,0.0
1840,1,14,1800,3,1,1,2.0,1.0,116.0,600,3.0,0.0,0.0,0.0,0.0,0.0,2.0,1,1,0.0,0.0,0.0,0.0,1961.0,0.0,14,0,0.0,0.0,0.0,0.0
1841,1,27,1015,1,1,9,8.0,3.0,116.0,600,3.0,2.0,2.0,0.0,1.0,1.0,2.0,1,4,0.0,0.0,0.0,0.0,1974.0,0.0,7,0,0.0,0.0,0.0,0.0
1842,1,27,1015,1,1,9,8.0,3.0,116.0,600,3.0,2.0,2.0,0.0,1.0,1.0,2.0,1,4,0.0,0.0,0.0,0.0,1974.0,0.0,7,0,0.0,0.0,0.0,0.0
1843,1,27,1015,1,1,9,8.0,3.0,116.0,600,3.0,2.0,2.0,0.0,1.0,1.0,2.0,1,4,0.0,0.0,0.0,0.0,1934.0,0.0,7,0,0.0,0.0,0.0,0.0
1844,1,27,1015,1,1,9,8.0,3.0,116.0,600,3.0,2.0,2.0,0.0,1.0,1.0,2.0,1,4,0.0,0.0,0.0,0.0,1934.0,0.0,7,0,0.0,0.0,0.0,0.0
1845,2,6,1000,1,1,9,1.0,3.0,116.0,600,3.0,2.0,2.0,0.0,1.0,1.0,1.0,1,1,4.0,0.0,0.0,0.0,1954.0,2.0,7,0,0.0,0.0,8.0,1.0
1846,2,6,1000,1,1,9,1.0,3.0,116.0,600,3.0,2.0,2.0,0.0,1.0,1.0,1.0,1,1,4.0,0.0,0.0,0.0,1954.0,0.0,2,0,0.0,2.0,1.0,19.0
1847,2,6,1000,1,1,9,1.0,3.0,116.0,600,3.0,2.0,2.0,0.0,1.0,1.0,1.0,1,4,3.0,0.0,0.0,0.0,1958.0,2.0,7,0,0.0,0.0,8.0,1.0
1848,2,6,1000,1,1,9,1.0,3.0,116.0,600,3.0,2.0,2.0,0.0,1.0,1.0,1.0,1,4,3.0,0.0,0.0,0.0,1958.0,0.0,2,0,0.0,2.0,1.0,19.0
1849,6,16,1545,1,2,1,1.0,2.0,439.0,600,4.0,2.0,0.0,0.0,1.0,1.0,1.0,1,4,4.0,0.0,0.0,0.0,2005.0,0.0,1,0,0.0,2.0,4.0,1.0
1850,6,16,1545,1,2,1,1.0,2.0,439.0,600,4.0,2.0,0.0,0.0,1.0,1.0,1.0,1,4,4.0,0.0,0.0,0.0,2005.0,0.0,7,0,0.0,9.0,1.0,1.0
1851,6,16,1545,1,2,1,1.0,2.0,439.0,600,4.0,2.0,0.0,0.0,1.0,1.0,1.0,1,4,0.0,0.0,0.0,0.0,1945.0,0.0,1,0,0.0,2.0,4.0,1.0
1852,6,16,1545,1,2,1,1.0,2.0,439.0,600,4.0,2.0,0.0,0.0,1.0,1.0,1.0,1,4,0.0,0.0,0.0,0.0,1945.0,0.0,7,0,0.0,9.0,1.0,1.0
1853,8,26,545,3,1,1,1.0,3.0,317.0,600,3.0,2.0,2.0,0.0,1.0,3.0,1.0,1,1,1.0,0.0,0.0,0.0,1982.0,1.0,7,0,0.0,2.0,2.0,15.0
1854,8,26,545,3,1,1,1.0,3.0,317.0,600,3.0,2.0,2.0,0.0,1.0,3.0,1.0,1,1,1.0,0.0,0.0,0.0,1982.0,2.0,31,0,0.0,2.0,1.0,1.0
1855,8,26,545,3,1,1,1.0,3.0,317.0,600,3.0,2.0,2.0,0.0,1.0,3.0,1.0,1,1,1.0,0.0,0.0,0.0,1987.0,1.0,7,0,0.0,2.0,2.0,15.0
1856,8,26,545,3,1,1,1.0,3.0,317.0,600,3.0,2.0,2.0,0.0,1.0,3.0,1.0,1,1,1.0,0.0,0.0,0.0,1987.0,2.0,31,0,0.0,2.0,1.0,1.0
1857,10,12,2230,3,1,1,1.0,7.0,313.0,600,3.0,2.0,0.0,0.0,1.0,1.0,1.0,1,1,9.0,0.0,0.0,0.0,1994.0,2.0,7,0,16.0,0.0,9.0,1.0
1858,11,16,800,2,2,1,8.0,3.0,15.0,600,3.0,2.0,0.0,0.0,2.0,1.0,1.0,1,4,0.0,0.0,0.0,0.0,1965.0,0.0,7,0,0.0,2.0,3.0,10.0
1859,11,16,800,2,2,1,8.0,3.0,15.0,600,3.0,2.0,0.0,0.0,2.0,1.0,1.0,1,4,0.0,0.0,0.0,0.0,1965.0,0.0,7,0,0.0,2.0,2.0,1.0
1860,11,16,800,2,2,1,8.0,3.0,15.0,600,3.0,2.0,0.0,0.0,2.0,1.0,1.0,4,1,0.0,0.0,0.0,0.0,1999.0,0.0,7,0,0.0,2.0,3.0,10.0
1861,11,16,800,2,2,1,8.0,3.0,15.0,600,3.0,2.0,0.0,0.0,2.0,1.0,1.0,4,1,0.0,0.0,0.0,0.0,1999.0,0.0,7,0,0.0,2.0,2.0,1.0
1862,11,16,800,2,2,1,8.0,3.0,15.0,600,3.0,2.0,0.0,0.0,2.0,1.0,1.0,1,4,0.0,0.0,0.0,0.0,1953.0,0.0,7,0,0.0,2.0,3.0,10.0
1863,11,16,800,2,2,1,8.0,3.0,15.0,600,3.0,2.0,0.0,0.0,2.0,1.0,1.0,1,4,0.0,0.0,0.0,0.0,1953.0,0.0,7,0,0.0,2.0,2.0,1.0
1864,11,16,1445,1,1,1,1.0,1.0,116.0,600,3.0,2.0,2.0,0.0,1.0,1.0,2.0,1,4,1.0,0.0,0.0,0.0,1994.0,2.0,7,0,0.0,2.0,1.0,19.0
1865,11,16,1445,1,1,1,1.0,1.0,116.0,600,3.0,2.0,2.0,0.0,1.0,1.0,2.0,1,4,1.0,0.0,0.0,0.0,1994.0,2.0,34,0,0.0,2.0,8.0,0.0
1866,11,16,1445,1,1,1,1.0,1.0,116.0,600,3.0,2.0,2.0,0.0,1.0,1.0,2.0,1,1,9.0,0.0,0.0,0.0,1942.0,2.0,7,0,0.0,2.0,1.0,19.0
1867,11,16,1445,1,1,1,1.0,1.0,116.0,600,3.0,2.0,2.0,0.0,1.0,1.0,2.0,1,1,9.0,0.0,0.0,0.0,1942.0,2.0,34,0,0.0,2.0,8.0,0.0
1868,11,24,1515,2,2,1,1.0,6.0,313.0,600,4.0,2.0,1.0,0.0,1.0,2.0,1.0,1,1,1.0,0.0,0.0,0.0,1973.0,0.0,7,0,0.0,1.0,3.0,10.0
1869,11,24,1515,2,2,1,1.0,6.0,313.0,600,4.0,2.0,1.0,0.0,1.0,2.0,1.0,3,4,4.0,4.0,4.0,1.0,1996.0,0.0,7,0,0.0,1.0,3.0,10.0
1870,12,1,1745,3,1,1,9.0,7.0,439.0,600,3.0,0.0,0.0,0.0,0.0,0.0,0.0,1,1,0.0,0.0,0.0,0.0,1970.0,0.0,7,0,0.0,0.0,0.0,0.0
1871,12,13,1545,1,1,1,1.0,6.0,439.0,600,3.0,2.0,0.0,0.0,1.0,1.0,1.0,1,4,0.0,0.0,0.0,0.0,1959.0,2.0,7,0,8.0,0.0,1.0,1.0
1872,12,13,1545,1,1,1,1.0,6.0,439.0,600,3.0,2.0,0.0,0.0,1.0,1.0,1.0,4,1,0.0,0.0,0.0,0.0,1953.0,2.0,7,0,8.0,0.0,1.0,1.0
1873,2,6,2000,3,1,1,6.0,5.0,581.0,600,3.0,2.0,2.0,0.0,1.0,1.0,1.0,1,4,1.0,0.0,0.0,0.0,1993.0,0.0,7,0,0.0,2.0,2.0,17.0
1874,2,6,2000,3,1,1,6.0,5.0,581.0,600,3.0,2.0,2.0,0.0,1.0,1.0,1.0,1,4,1.0,0.0,0.0,0.0,1993.0,0.0,30,0,0.0,2.0,1.0,1.0
1875,2,6,2000,3,1,1,6.0,5.0,581.0,600,3.0,2.0,2.0,0.0,1.0,1.0,1.0,1,4,1.0,0.0,0.0,0.0,1993.0,0.0,7,0,14.0,0.0,0.0,1.0
1876,2,6,2000,3,1,1,6.0,5.0,581.0,600,3.0,2.0,2.0,0.0,1.0,1.0,1.0,1,1,3.0,0.0,0.0,0.0,1978.0,0.0,7,0,0.0,2.0,2.0,17.0
1877,2,6,2000,3,1,1,6.0,5.0,581.0,600,3.0,2.0,2.0,0.0,1.0,1.0,1.0,1,1,3.0,0.0,0.0,0.0,1978.0,0.0,30,0,0.0,2.0,1.0,1.0
1878,2,6,2000,3,1,1,6.0,5.0,581.0,600,3.0,2.0,2.0,0.0,1.0,1.0,1.0,1,1,3.0,0.0,0.0,0.0,1978.0,0.0,7,0,14.0,0.0,0.0,1.0
1879,2,6,2000,3,1,1,6.0,5.0,581.0,600,3.0,2.0,2.0,0.0,1.0,1.0,1.0,1,1,1.0,0.0,0.0,0.0,1976.0,0.0,7,0,0.0,2.0,2.0,17.0
1880,2,6,2000,3,1,1,6.0,5.0,581.0,600,3.0,2.0,2.0,0.0,1.0,1.0,1.0,1,1,1.0,0.0,0.0,0.0,1976.0,0.0,30,0,0.0,2.0,1.0,1.0
1881,2,6,2000,3,1,1,6.0,5.0,581.0,600,3.0,2.0,2.0,0.0,1.0,1.0,1.0,1,1,1.0,0.0,0.0,0.0,1976.0,0.0,7,0,14.0,0.0,0.0,1.0
1882,2,27,1415,1,2,1,1.0,7.0,201.0,600,3.0,2.0,2.0,0.0,0.0,1.0,1.0,1,1,4.0,0.0,0.0,0.0,1981.0,2.0,33,0,12.0,0.0,8.0,1.0
1883,5,27,1745,1,2,1,1.0,7.0,216.0,600,3.0,2.0,2.0,0.0,1.0,1.0,1.0,1,1,4.0,0.0,0.0,0.0,1984.0,0.0,33,0,0.0,0.0,7.0,1.0
1884,11,8,2000,3,1,1,1.0,1.0,216.0,600,3.0,2.0,2.0,0.0,1.0,1.0,6.0,1,4,1.0,0.0,0.0,0.0,1995.0,0.0,7,0,0.0,2.0,2.0,1.0
1885,11,8,2000,3,1,1,1.0,1.0,216.0,600,3.0,2.0,2.0,0.0,1.0,1.0,6.0,1,4,1.0,0.0,0.0,0.0,1995.0,0.0,7,0,0.0,2.0,1.0,1.0
1886,11,8,2000,3,1,1,1.0,1.0,216.0,600,3.0,2.0,2.0,0.0,1.0,1.0,6.0,1,4,1.0,0.0,0.0,0.0,1986.0,0.0,7,0,0.0,2.0,2.0,1.0
1887,11,8,2000,3,1,1,1.0,1.0,216.0,600,3.0,2.0,2.0,0.0,1.0,1.0,6.0,1,4,1.0,0.0,0.0,0.0,1986.0,0.0,7,0,0.0,2.0,1.0,1.0
1888,3,3,1600,1,1,1,1.0,1.0,537.0,600,3.0,2.0,0.0,0.0,1.0,1.0,1.0,1,1,9.0,0.0,0.0,0.0,1986.0,2.0,7,0,0.0,2.0,1.0,21.0
1889,3,3,1600,1,1,1,1.0,1.0,537.0,600,3.0,2.0,0.0,0.0,1.0,1.0,1.0,1,1,9.0,0.0,0.0,0.0,1986.0,1.0,7,0,0.0,2.0,1.0,1.0
1890,3,3,1600,1,1,1,1.0,1.0,537.0,600,3.0,2.0,0.0,0.0,1.0,1.0,1.0,1,4,9.0,0.0,0.0,0.0,1974.0,2.0,7,0,0.0,2.0,1.0,21.0
1891,3,3,1600,1,1,1,1.0,1.0,537.0,600,3.0,2.0,0.0,0.0,1.0,1.0,1.0,1,4,9.0,0.0,0.0,0.0,1974.0,1.0,7,0,0.0,2.0,1.0,1.0
1892,7,23,1015,1,1,1,1.0,2.0,129.0,600,3.0,2.0,2.0,0.0,2.0,1.0,1.0,1,1,4.0,0.0,0.0,0.0,1959.0,0.0,33,0,0.0,2.0,6.0,2.0
1893,7,23,1015,1,1,1,1.0,2.0,129.0,600,3.0,2.0,2.0,0.0,2.0,1.0,1.0,1,1,4.0,0.0,0.0,0.0,1959.0,0.0,7,0,0.0,2.0,2.0,2.0
1894,7,23,1015,1,1,1,1.0,2.0,129.0,600,3.0,2.0,2.0,0.0,2.0,1.0,1.0,1,1,3.0,0.0,0.0,0.0,1946.0,0.0,33,0,0.0,2.0,6.0,2.0
1895,7,23,1015,1,1,1,1.0,2.0,129.0,600,3.0,2.0,2.0,0.0,2.0,1.0,1.0,1,1,3.0,0.0,0.0,0.0,1946.0,0.0,7,0,0.0,2.0,2.0,2.0
1896,10,13,1930,5,2,1,2.0,3.0,119.0,600,3.0,2.0,2.0,0.0,1.0,1.0,2.0,1,4,0.0,0.0,0.0,0.0,1990.0,0.0,14,0,0.0,2.0,3.0,0.0
1897,10,13,1930,5,2,1,2.0,3.0,119.0,600,3.0,2.0,2.0,0.0,1.0,1.0,2.0,1,4,0.0,0.0,0.0,0.0,1990.0,0.0,7,0,0.0,2.0,2.0,1.0
1898,10,13,1930,5,2,1,2.0,3.0,119.0,600,3.0,2.0,2.0,0.0,1.0,1.0,2.0,1,4,0.0,0.0,0.0,0.0,1974.0,0.0,14,0,0.0,2.0,3.0,0.0
1899,10,13,1930,5,2,1,2.0,3.0,119.0,600,3.0,2.0,2.0,0.0,1.0,1.0,2.0,1,4,0.0,0.0,0.0,0.0,1974.0,0.0,7,0,0.0,2.0,2.0,1.0
1900,11,30,1730,2,1,1,1.0,4.0,392.0,600,4.0,2.0,2.0,0.0,1.0,1.0,1.0,1,4,1.0,0.0,0.0,0.0,1996.0,1.0,7,0,0.0,0.0,5.0,13.0
1901,11,30,1730,2,1,1,1.0,4.0,392.0,600,4.0,2.0,2.0,0.0,1.0,1.0,1.0,1,4,1.0,0.0,0.0,0.0,1996.0,1.0,7,0,14.0,0.0,4.0,23.0
1902,11,30,1730,2,1,1,1.0,4.0,392.0,600,4.0,2.0,2.0,0.0,1.0,1.0,1.0,1,4,1.0,0.0,0.0,0.0,1996.0,1.0,7,0,14.0,0.0,1.0,1.0
1903,11,30,1730,2,1,1,1.0,4.0,392.0,600,4.0,2.0,2.0,0.0,1.0,1.0,1.0,1,1,1.0,0.0,0.0,0.0,1996.0,1.0,7,0,0.0,0.0,5.0,13.0
1904,11,30,1730,2,1,1,1.0,4.0,392.0,600,4.0,2.0,2.0,0.0,1.0,1.0,1.0,1,1,1.0,0.0,0.0,0.0,1996.0,1.0,7,0,14.0,0.0,4.0,23.0
1905,11,30,1730,2,1,1,1.0,4.0,392.0,600,4.0,2.0,2.0,0.0,1.0,1.0,1.0,1,1,1.0,0.0,0.0,0.0,1996.0,1.0,7,0,14.0,0.0,1.0,1.0
1906,11,30,1730,2,1,1,1.0,4.0,392.0,600,4.0,2.0,2.0,0.0,1.0,1.0,1.0,1,4,4.0,0.0,0.0,0.0,1970.0,1.0,7,0,0.0,0.0,5.0,13.0
1907,11,30,1730,2,1,1,1.0,4.0,392.0,600,4.0,2.0,2.0,0.0,1.0,1.0,1.0,1,4,4.0,0.0,0.0,0.0,1970.0,1.0,7,0,14.0,0.0,4.0,23.0
1908,11,30,1730,2,1,1,1.0,4.0,392.0,600,4.0,2.0,2.0,0.0,1.0,1.0,1.0,1,4,4.0,0.0,0.0,0.0,1970.0,1.0,7,0,14.0,0.0,1.0,1.0
1909,1,15,1230,1,1,1,1.0,4.0,369.0,600,3.0,2.0,2.0,0.0,0.0,1.0,1.0,1,1,4.0,0.0,0.0,0.0,1981.0,0.0,7,0,0.0,0.0,1.0,0.0
1910,1,15,1230,1,1,1,1.0,4.0,369.0,600,3.0,2.0,2.0,0.0,0.0,1.0,1.0,1,1,4.0,0.0,0.0,0.0,1981.0,0.0,7,0,0.0,0.0,2.0,15.0
1911,1,15,1230,1,1,1,1.0,4.0,369.0,600,3.0,2.0,2.0,0.0,0.0,1.0,1.0,1,1,4.0,0.0,0.0,0.0,1981.0,0.0,7,0,0.0,0.0,3.0,23.0
1912,1,15,1230,1,1,1,1.0,4.0,369.0,600,3.0,2.0,2.0,0.0,0.0,1.0,1.0,1,1,0.0,0.0,0.0,0.0,1996.0,0.0,7,0,0.0,0.0,1.0,0.0
1913,1,15,1230,1,1,1,1.0,4.0,369.0,600,3.0,2.0,2.0,0.0,0.0,1.0,1.0,1,1,0.0,0.0,0.0,0.0,1996.0,0.0,7,0,0.0,0.0,2.0,15.0
1914,1,15,1230,1,1,1,1.0,4.0,369.0,600,3.0,2.0,2.0,0.0,0.0,1.0,1.0,1,1,0.0,0.0,0.0,0.0,1996.0,0.0,7,0,0.0,0.0,3.0,23.0
1915,1,15,1230,1,1,1,1.0,4.0,369.0,600,3.0,2.0,2.0,0.0,0.0,1.0,1.0,1,1,0.0,0.0,0.0,0.0,1975.0,0.0,7,0,0.0,0.0,1.0,0.0
1916,1,15,1230,1,1,1,1.0,4.0,369.0,600,3.0,2.0,2.0,0.0,0.0,1.0,1.0,1,1,0.0,0.0,0.0,0.0,1975.0,0.0,7,0,0.0,0.0,2.0,15.0
1917,1,15,1230,1,1,1,1.0,4.0,369.0,600,3.0,2.0,2.0,0.0,0.0,1.0,1.0,1,1,0.0,0.0,0.0,0.0,1975.0,0.0,7,0,0.0,0.0,3.0,23.0
1918,1,16,1900,3,1,1,1.0,1.0,491.0,600,3.0,2.0,2.0,1.0,1.0,1.0,1.0,1,1,3.0,0.0,0.0,0.0,1984.0,1.0,7,0,0.0,1.0,1.0,1.0
1919,1,16,1900,3,1,1,1.0,1.0,491.0,600,3.0,2.0,2.0,1.0,1.0,1.0,1.0,1,1,3.0,0.0,0.0,0.0,1984.0,2.0,7,0,0.0,1.0,8.0,1.0
1920,1,16,1900,3,1,1,1.0,1.0,491.0,600,3.0,2.0,2.0,1.0,1.0,1.0,1.0,1,1,1.0,0.0,0.0,0.0,1995.0,1.0,7,0,0.0,1.0,1.0,1.0
1921,1,16,1900,3,1,1,1.0,1.0,491.0,600,3.0,2.0,2.0,1.0,1.0,1.0,1.0,1,1,1.0,0.0,0.0,0.0,1995.0,2.0,7,0,0.0,1.0,8.0,1.0
1922,1,16,1900,3,1,1,1.0,1.0,491.0,600,3.0,2.0,2.0,1.0,1.0,1.0,1.0,3,4,4.0,2.0,3.0,4.0,1957.0,1.0,7,0,0.0,1.0,1.0,1.0
1923,1,16,1900,3,1,1,1.0,1.0,491.0,600,3.0,2.0,2.0,1.0,1.0,1.0,1.0,3,4,4.0,2.0,3.0,4.0,1957.0,2.0,7,0,0.0,1.0,8.0,1.0
1924,3,1,815,1,1,1,1.0,6.0,579.0,600,3.0,2.0,0.0,0.0,1.0,1.0,1.0,1,1,0.0,0.0,0.0,0.0,1985.0,0.0,7,0,0.0,0.0,0.0,0.0
1925,3,1,815,1,1,1,1.0,6.0,579.0,600,3.0,2.0,0.0,0.0,1.0,1.0,1.0,1,1,0.0,0.0,0.0,0.0,1985.0,1.0,7,0,0.0,2.0,0.0,0.0
1926,3,1,815,1,1,1,1.0,6.0,579.0,600,3.0,2.0,0.0,0.0,1.0,1.0,1.0,1,4,0.0,0.0,0.0,0.0,1974.0,0.0,7,0,0.0,0.0,0.0,0.0
1927,3,1,815,1,1,1,1.0,6.0,579.0,600,3.0,2.0,0.0,0.0,1.0,1.0,1.0,1,4,0.0,0.0,0.0,0.0,1974.0,1.0,7,0,0.0,2.0,0.0,0.0
1928,3,1,815,1,1,1,1.0,6.0,579.0,600,3.0,2.0,0.0,0.0,1.0,1.0,1.0,4,1,0.0,0.0,0.0,0.0,2007.0,0.0,7,0,0.0,0.0,0.0,0.0
1929,3,1,815,1,1,1,1.0,6.0,579.0,600,3.0,2.0,0.0,0.0,1.0,1.0,1.0,4,1,0.0,0.0,0.0,0.0,2007.0,1.0,7,0,0.0,2.0,0.0,0.0
1930,3,1,815,1,1,1,1.0,6.0,579.0,600,3.0,2.0,0.0,0.0,1.0,1.0,1.0,4,1,0.0,0.0,0.0,,2003.0,0.0,7,0,0.0,0.0,0.0,0.0
1931,3,1,815,1,1,1,1.0,6.0,579.0,600,3.0,2.0,0.0,0.0,1.0,1.0,1.0,4,1,0.0,0.0,0.0,,2003.0,1.0,7,0,0.0,2.0,0.0,0.0
1932,3,4,1830,2,1,2,2.0,5.0,579.0,600,3.0,2.0,0.0,0.0,1.0,1.0,2.0,1,1,9.0,0.0,0.0,0.0,1995.0,1.0,7,0,0.0,2.0,5.0,1.0
1933,3,4,1830,2,1,2,2.0,5.0,579.0,600,3.0,2.0,0.0,0.0,1.0,1.0,2.0,1,1,9.0,0.0,0.0,0.0,1995.0,1.0,7,0,0.0,2.0,1.0,0.0
1934,3,4,1830,2,1,2,2.0,5.0,579.0,600,3.0,2.0,0.0,0.0,1.0,1.0,2.0,1,1,9.0,0.0,0.0,0.0,1995.0,0.0,7,0,0.0,2.0,1.0,0.0
1935,3,4,1830,2,1,2,2.0,5.0,579.0,600,3.0,2.0,0.0,0.0,1.0,1.0,2.0,4,4,0.0,0.0,0.0,0.0,1958.0,1.0,7,0,0.0,2.0,5.0,1.0
1936,3,4,1830,2,1,2,2.0,5.0,579.0,600,3.0,2.0,0.0,0.0,1.0,1.0,2.0,4,4,0.0,0.0,0.0,0.0,1958.0,1.0,7,0,0.0,2.0,1.0,0.0
1937,3,4,1830,2,1,2,2.0,5.0,579.0,600,3.0,2.0,0.0,0.0,1.0,1.0,2.0,4,4,0.0,0.0,0.0,0.0,1958.0,0.0,7,0,0.0,2.0,1.0,0.0
1938,3,4,1830,2,1,2,2.0,5.0,579.0,600,3.0,2.0,0.0,0.0,1.0,1.0,2.0,4,4,0.0,0.0,0.0,0.0,1995.0,1.0,7,0,0.0,2.0,5.0,1.0
1939,3,4,1830,2,1,2,2.0,5.0,579.0,600,3.0,2.0,0.0,0.0,1.0,1.0,2.0,4,4,0.0,0.0,0.0,0.0,1995.0,1.0,7,0,0.0,2.0,1.0,0.0
1940,3,4,1830,2,1,2,2.0,5.0,579.0,600,3.0,2.0,0.0,0.0,1.0,1.0,2.0,4,4,0.0,0.0,0.0,0.0,1995.0,0.0,7,0,0.0,2.0,1.0,0.0
1941,3,4,1830,2,1,2,2.0,5.0,579.0,600,3.0,2.0,0.0,0.0,1.0,1.0,2.0,4,4,0.0,0.0,0.0,0.0,1997.0,1.0,7,0,0.0,2.0,5.0,1.0
1942,3,4,1830,2,1,2,2.0,5.0,579.0,600,3.0,2.0,0.0,0.0,1.0,1.0,2.0,4,4,0.0,0.0,0.0,0.0,1997.0,1.0,7,0,0.0,2.0,1.0,0.0
1943,3,4,1830,2,1,2,2.0,5.0,579.0,600,3.0,2.0,0.0,0.0,1.0,1.0,2.0,4,4,0.0,0.0,0.0,0.0,1997.0,0.0,7,0,0.0,2.0,1.0,0.0
1944,3,4,1830,2,1,2,2.0,5.0,579.0,600,3.0,2.0,0.0,0.0,1.0,1.0,2.0,1,1,1.0,0.0,0.0,0.0,1989.0,1.0,7,0,0.0,2.0,5.0,1.0
1945,3,4,1830,2,1,2,2.0,5.0,579.0,600,3.0,2.0,0.0,0.0,1.0,1.0,2.0,1,1,1.0,0.0,0.0,0.0,1989.0,1.0,7,0,0.0,2.0,1.0,0.0
1946,3,4,1830,2,1,2,2.0,5.0,579.0,600,3.0,2.0,0.0,0.0,1.0,1.0,2.0,1,1,1.0,0.0,0.0,0.0,1989.0,0.0,7,0,0.0,2.0,1.0,0.0
1947,3,4,1830,2,1,2,2.0,5.0,579.0,600,3.0,2.0,0.0,0.0,1.0,1.0,2.0,1,1,4.0,0.0,0.0,0.0,1950.0,1.0,7,0,0.0,2.0,5.0,1.0
1948,3,4,1830,2,1,2,2.0,5.0,579.0,600,3.0,2.0,0.0,0.0,1.0,1.0,2.0,1,1,4.0,0.0,0.0,0.0,1950.0,1.0,7,0,0.0,2.0,1.0,0.0
1949,3,4,1830,2,1,2,2.0,5.0,579.0,600,3.0,2.0,0.0,0.0,1.0,1.0,2.0,1,1,4.0,0.0,0.0,0.0,1950.0,0.0,7,0,0.0,2.0,1.0,0.0
1950,5,18,1215,1,1,1,1.0,3.0,369.0,600,3.0,2.0,0.0,0.0,1.0,1.0,1.0,1,1,1.0,0.0,0.0,0.0,1988.0,1.0,7,0,0.0,2.0,7.0,1.0
1951,5,18,1215,1,1,1,1.0,3.0,369.0,600,3.0,2.0,0.0,0.0,1.0,1.0,1.0,1,1,1.0,0.0,0.0,0.0,1988.0,1.0,33,0,0.0,2.0,1.0,9.0
1952,5,18,1215,1,1,1,1.0,3.0,369.0,600,3.0,2.0,0.0,0.0,1.0,1.0,1.0,1,1,1.0,0.0,0.0,0.0,1980.0,1.0,7,0,0.0,2.0,7.0,1.0