,month,day,time,light,location,intersection,atmosphere,collision,municipality,department,road,traffic,nblanes,reslane,laneprofile,plan,surface,user,sex,route,pedlocation,pedaction,pedcondition,birth,dirtraffic,catvehicle,nboccupants,obstacle,movobstacle,impact,maneuver
1953,5,18,1215,1,1,1,1.0,3.0,369.0,600,3.0,2.0,0.0,0.0,1.0,1.0,1.0,1,1,1.0,0.0,0.0,0.0,1980.0,1.0,33,0,0.0,2.0,1.0,9.0
1954,6,3,1915,2,2,1,1.0,7.0,402.0,600,3.0,2.0,2.0,0.0,2.0,2.0,1.0,1,1,9.0,0.0,0.0,0.0,1986.0,0.0,30,0,15.0,0.0,0.0,1.0
1955,6,11,2100,2,1,1,3.0,6.0,579.0,600,3.0,2.0,2.0,0.0,0.0,1.0,2.0,1,4,4.0,0.0,0.0,0.0,1995.0,1.0,7,0,2.0,0.0,1.0,21.0
1956,6,11,2100,2,1,1,3.0,6.0,579.0,600,3.0,2.0,2.0,0.0,0.0,1.0,2.0,4,4,0.0,0.0,0.0,0.0,2013.0,1.0,7,0,2.0,0.0,1.0,21.0
1957,6,22,1000,1,2,1,1.0,1.0,402.0,600,3.0,2.0,2.0,0.0,0.0,1.0,1.0,1,1,4.0,0.0,0.0,0.0,1927.0,2.0,7,0,0.0,2.0,1.0,1.0
1958,6,22,1000,1,2,1,1.0,1.0,402.0,600,3.0,2.0,2.0,0.0,0.0,1.0,1.0,1,1,4.0,0.0,0.0,0.0,1927.0,1.0,7,0,0.0,2.0,2.0,15.0
1959,6,22,1000,1,2,1,1.0,1.0,402.0,600,3.0,2.0,2.0,0.0,0.0,1.0,1.0,1,4,4.0,0.0,0.0,0.0,1942.0,2.0,7,0,0.0,2.0,1.0,1.0
1960,6,22,1000,1,2,1,1.0,1.0,402.0,600,3.0,2.0,2.0,0.0,0.0,1.0,1.0,1,4,4.0,0.0,0.0,0.0,1942.0,1.0,7,0,0.0,2.0,2.0,15.0
1961,6,28,2030,1,2,1,1.0,6.0,491.0,600,3.0,2.0,2.0,0.0,1.0,3.0,1.0,1,1,9.0,0.0,0.0,0.0,1982.0,2.0,31,0,12.0,0.0,3.0,1.0
1962,7,1,1630,1,1,1,1.0,1.0,579.0,600,3.0,2.0,2.0,0.0,1.0,1.0,2.0,1,1,1.0,0.0,0.0,0.0,1992.0,2.0,7,0,0.0,2.0,1.0,13.0
1963,7,1,1630,1,1,1,1.0,1.0,579.0,600,3.0,2.0,2.0,0.0,1.0,1.0,2.0,1,1,1.0,0.0,0.0,0.0,1992.0,1.0,7,0,0.0,2.0,3.0,21.0
1964,7,1,1630,1,1,1,1.0,1.0,579.0,600,3.0,2.0,2.0,0.0,1.0,1.0,2.0,4,1,0.0,0.0,0.0,0.0,1991.0,2.0,7,0,0.0,2.0,1.0,13.0
1965,7,1,1630,1,1,1,1.0,1.0,579.0,600,3.0,2.0,2.0,0.0,1.0,1.0,2.0,4,1,0.0,0.0,0.0,0.0,1991.0,1.0,7,0,0.0,2.0,3.0,21.0
1966,7,1,1630,1,1,1,1.0,1.0,579.0,600,3.0,2.0,2.0,0.0,1.0,1.0,2.0,1,1,2.0,0.0,0.0,0.0,1962.0,2.0,7,0,0.0,2.0,1.0,13.0
1967,7,1,1630,1,1,1,1.0,1.0,579.0,600,3.0,2.0,2.0,0.0,1.0,1.0,2.0,1,1,2.0,0.0,0.0,0.0,1962.0,1.0,7,0,0.0,2.0,3.0,21.0
1968,7,1,1630,1,1,1,1.0,1.0,579.0,600,3.0,2.0,2.0,0.0,1.0,1.0,2.0,4,4,0.0,0.0,0.0,0.0,1983.0,2.0,7,0,0.0,2.0,1.0,13.0
1969,7,1,1630,1,1,1,1.0,1.0,579.0,600,3.0,2.0,2.0,0.0,1.0,1.0,2.0,4,4,0.0,0.0,0.0,0.0,1983.0,1.0,7,0,0.0,2.0,3.0,21.0
1970,11,10,1730,3,1,1,2.0,1.0,491.0,600,3.0,2.0,2.0,0.0,3.0,3.0,2.0,1,1,0.0,0.0,0.0,0.0,1968.0,1.0,7,0,0.0,2.0,1.0,1.0
1971,11,10,1730,3,1,1,2.0,1.0,491.0,600,3.0,2.0,2.0,0.0,3.0,3.0,2.0,1,1,0.0,0.0,0.0,0.0,1968.0,2.0,7,0,0.0,2.0,1.0,1.0
1972,11,10,1730,3,1,1,2.0,1.0,491.0,600,3.0,2.0,2.0,0.0,3.0,3.0,2.0,1,4,4.0,0.0,0.0,0.0,1990.0,1.0,7,0,0.0,2.0,1.0,1.0
1973,11,10,1730,3,1,1,2.0,1.0,491.0,600,3.0,2.0,2.0,0.0,3.0,3.0,2.0,1,4,4.0,0.0,0.0,0.0,1990.0,2.0,7,0,0.0,2.0,1.0,1.0
1974,1,9,1715,2,1,1,1.0,7.0,99.0,600,3.0,2.0,2.0,0.0,1.0,2.0,1.0,1,1,4.0,0.0,0.0,0.0,1997.0,0.0,7,0,2.0,0.0,8.0,1.0
1975,1,9,1715,2,1,1,1.0,7.0,99.0,600,3.0,2.0,2.0,0.0,1.0,2.0,1.0,4,4,0.0,0.0,0.0,0.0,1997.0,0.0,7,0,2.0,0.0,8.0,1.0
1976,1,11,1415,1,1,1,1.0,3.0,441.0,600,3.0,2.0,1.0,0.0,1.0,4.0,2.0,1,4,1.0,0.0,0.0,0.0,1977.0,2.0,7,0,0.0,2.0,1.0,21.0
1977,1,11,1415,1,1,1,1.0,3.0,441.0,600,3.0,2.0,1.0,0.0,1.0,4.0,2.0,1,4,1.0,0.0,0.0,0.0,1977.0,1.0,7,0,0.0,2.0,7.0,0.0
1978,1,11,1415,1,1,1,1.0,3.0,441.0,600,3.0,2.0,1.0,0.0,1.0,4.0,2.0,1,4,1.0,0.0,0.0,0.0,1991.0,2.0,7,0,0.0,2.0,1.0,21.0
1979,1,11,1415,1,1,1,1.0,3.0,441.0,600,3.0,2.0,1.0,0.0,1.0,4.0,2.0,1,4,1.0,0.0,0.0,0.0,1991.0,1.0,7,0,0.0,2.0,7.0,0.0
1980,1,28,1500,2,1,1,1.0,1.0,166.0,600,3.0,2.0,0.0,0.0,0.0,1.0,1.0,1,1,4.0,0.0,0.0,0.0,1997.0,0.0,1,0,0.0,2.0,2.0,21.0
1981,1,28,1500,2,1,1,1.0,1.0,166.0,600,3.0,2.0,0.0,0.0,0.0,1.0,1.0,1,1,4.0,0.0,0.0,0.0,1997.0,0.0,7,0,0.0,9.0,3.0,15.0
1982,1,28,1500,2,1,1,1.0,1.0,166.0,600,3.0,2.0,0.0,0.0,0.0,1.0,1.0,1,1,2.0,0.0,0.0,0.0,1991.0,0.0,1,0,0.0,2.0,2.0,21.0
1983,1,28,1500,2,1,1,1.0,1.0,166.0,600,3.0,2.0,0.0,0.0,0.0,1.0,1.0,1,1,2.0,0.0,0.0,0.0,1991.0,0.0,7,0,0.0,9.0,3.0,15.0
1984,4,12,915,1,1,1,1.0,6.0,531.0,600,3.0,2.0,2.0,0.0,1.0,1.0,1.0,1,1,0.0,0.0,0.0,0.0,1986.0,1.0,7,0,6.0,0.0,1.0,1.0
1985,8,9,1300,1,1,1,1.0,6.0,483.0,600,3.0,2.0,2.0,0.0,0.0,1.0,1.0,1,1,4.0,0.0,0.0,0.0,1990.0,1.0,7,0,2.0,0.0,7.0,1.0
1986,9,5,1100,1,1,1,8.0,3.0,125.0,600,3.0,2.0,2.0,0.0,1.0,2.0,1.0,1,1,4.0,0.0,0.0,0.0,1994.0,0.0,7,0,0.0,2.0,7.0,13.0
1987,9,5,1100,1,1,1,8.0,3.0,125.0,600,3.0,2.0,2.0,0.0,1.0,2.0,1.0,1,1,4.0,0.0,0.0,0.0,1994.0,0.0,10,0,0.0,2.0,1.0,1.0
1988,9,5,1100,1,1,1,8.0,3.0,125.0,600,3.0,2.0,2.0,0.0,1.0,2.0,1.0,1,1,2.0,0.0,0.0,0.0,1966.0,0.0,7,0,0.0,2.0,7.0,13.0
1989,9,5,1100,1,1,1,8.0,3.0,125.0,600,3.0,2.0,2.0,0.0,1.0,2.0,1.0,1,1,2.0,0.0,0.0,0.0,1966.0,0.0,10,0,0.0,2.0,1.0,1.0
1990,9,5,1100,1,1,1,8.0,3.0,125.0,600,3.0,2.0,2.0,0.0,1.0,2.0,1.0,4,1,0.0,0.0,0.0,0.0,1960.0,0.0,7,0,0.0,2.0,7.0,13.0
1991,9,5,1100,1,1,1,8.0,3.0,125.0,600,3.0,2.0,2.0,0.0,1.0,2.0,1.0,4,1,0.0,0.0,0.0,0.0,1960.0,0.0,10,0,0.0,2.0,1.0,1.0
1992,9,5,815,1,1,1,8.0,1.0,281.0,600,3.0,0.0,2.0,0.0,1.0,1.0,1.0,1,4,1.0,0.0,0.0,0.0,1984.0,0.0,7,0,0.0,2.0,3.0,19.0
1993,9,5,815,1,1,1,8.0,1.0,281.0,600,3.0,0.0,2.0,0.0,1.0,1.0,1.0,1,4,1.0,0.0,0.0,0.0,1984.0,0.0,7,0,0.0,2.0,2.0,1.0
1994,9,5,815,1,1,1,8.0,1.0,281.0,600,3.0,0.0,2.0,0.0,1.0,1.0,1.0,1,1,4.0,0.0,0.0,0.0,1963.0,0.0,7,0,0.0,2.0,3.0,19.0
1995,9,5,815,1,1,1,8.0,1.0,281.0,600,3.0,0.0,2.0,0.0,1.0,1.0,1.0,1,1,4.0,0.0,0.0,0.0,1963.0,0.0,7,0,0.0,2.0,2.0,1.0
1996,9,5,815,1,1,1,8.0,1.0,281.0,600,3.0,0.0,2.0,0.0,1.0,1.0,1.0,4,4,0.0,0.0,0.0,0.0,1960.0,0.0,7,0,0.0,2.0,3.0,19.0
1997,9,5,815,1,1,1,8.0,1.0,281.0,600,3.0,0.0,2.0,0.0,1.0,1.0,1.0,4,4,0.0,0.0,0.0,0.0,1960.0,0.0,7,0,0.0,2.0,2.0,1.0
1998,9,5,815,1,1,1,8.0,1.0,281.0,600,3.0,0.0,2.0,0.0,1.0,1.0,1.0,4,4,0.0,0.0,0.0,0.0,1998.0,0.0,7,0,0.0,2.0,3.0,19.0
1999,9,5,815,1,1,1,8.0,1.0,281.0,600,3.0,0.0,2.0,0.0,1.0,1.0,1.0,4,4,0.0,0.0,0.0,0.0,1998.0,0.0,7,0,0.0,2.0,2.0,1.0
2000,9,10,1800,1,1,1,1.0,6.0,294.0,600,4.0,2.0,0.0,0.0,1.0,3.0,1.0,1,1,3.0,0.0,0.0,0.0,1964.0,0.0,7,0,2.0,0.0,8.0,16.0
2001,9,25,145,3,1,1,1.0,3.0,48.0,600,3.0,2.0,2.0,0.0,1.0,1.0,1.0,1,4,4.0,0.0,0.0,0.0,1987.0,0.0,7,0,0.0,0.0,3.0,1.0
2002,9,25,145,3,1,1,1.0,3.0,48.0,600,3.0,2.0,2.0,0.0,1.0,1.0,1.0,1,4,4.0,0.0,0.0,0.0,1987.0,0.0,7,0,0.0,0.0,2.0,1.0
2003,9,25,145,3,1,1,1.0,3.0,48.0,600,3.0,2.0,2.0,0.0,1.0,1.0,1.0,4,1,0.0,0.0,0.0,0.0,1996.0,0.0,7,0,0.0,0.0,3.0,1.0
2004,9,25,145,3,1,1,1.0,3.0,48.0,600,3.0,2.0,2.0,0.0,1.0,1.0,1.0,4,1,0.0,0.0,0.0,0.0,1996.0,0.0,7,0,0.0,0.0,2.0,1.0
2005,9,25,145,3,1,1,1.0,3.0,48.0,600,3.0,2.0,2.0,0.0,1.0,1.0,1.0,1,1,9.0,0.0,0.0,0.0,1989.0,0.0,7,0,0.0,0.0,3.0,1.0
2006,9,25,145,3,1,1,1.0,3.0,48.0,600,3.0,2.0,2.0,0.0,1.0,1.0,1.0,1,1,9.0,0.0,0.0,0.0,1989.0,0.0,7,0,0.0,0.0,2.0,1.0
2007,11,14,1800,3,1,9,1.0,1.0,24.0,600,2.0,2.0,2.0,0.0,1.0,1.0,1.0,1,1,1.0,0.0,0.0,0.0,1976.0,0.0,10,0,0.0,2.0,1.0,1.0
2008,11,14,1800,3,1,9,1.0,1.0,24.0,600,2.0,2.0,2.0,0.0,1.0,1.0,1.0,1,1,1.0,0.0,0.0,0.0,1976.0,0.0,7,0,0.0,2.0,2.0,15.0
2009,11,14,1800,3,1,9,1.0,1.0,24.0,600,2.0,2.0,2.0,0.0,1.0,1.0,1.0,4,1,0.0,0.0,0.0,0.0,1995.0,0.0,10,0,0.0,2.0,1.0,1.0
2010,11,14,1800,3,1,9,1.0,1.0,24.0,600,2.0,2.0,2.0,0.0,1.0,1.0,1.0,4,1,0.0,0.0,0.0,0.0,1995.0,0.0,7,0,0.0,2.0,2.0,15.0
2011,11,14,1800,3,1,9,1.0,1.0,24.0,600,2.0,2.0,2.0,0.0,1.0,1.0,1.0,1,1,4.0,0.0,0.0,0.0,1938.0,0.0,10,0,0.0,2.0,1.0,1.0
2012,11,14,1800,3,1,9,1.0,1.0,24.0,600,2.0,2.0,2.0,0.0,1.0,1.0,1.0,1,1,4.0,0.0,0.0,0.0,1938.0,0.0,7,0,0.0,2.0,2.0,15.0
2013,11,14,1800,3,1,9,1.0,1.0,24.0,600,2.0,2.0,2.0,0.0,1.0,1.0,1.0,4,1,0.0,0.0,0.0,0.0,1954.0,0.0,10,0,0.0,2.0,1.0,1.0
2014,11,14,1800,3,1,9,1.0,1.0,24.0,600,2.0,2.0,2.0,0.0,1.0,1.0,1.0,4,1,0.0,0.0,0.0,0.0,1954.0,0.0,7,0,0.0,2.0,2.0,15.0
2015,11,21,645,2,1,1,1.0,1.0,254.0,600,3.0,2.0,2.0,0.0,0.0,1.0,2.0,1,1,1.0,0.0,0.0,0.0,1960.0,2.0,15,0,0.0,2.0,3.0,1.0
2016,11,21,645,2,1,1,1.0,1.0,254.0,600,3.0,2.0,2.0,0.0,0.0,1.0,2.0,1,1,1.0,0.0,0.0,0.0,1960.0,1.0,7,0,0.0,2.0,1.0,17.0
2017,11,21,645,2,1,1,1.0,1.0,254.0,600,3.0,2.0,2.0,0.0,0.0,1.0,2.0,1,1,1.0,0.0,0.0,0.0,1982.0,2.0,15,0,0.0,2.0,3.0,1.0
2018,11,21,645,2,1,1,1.0,1.0,254.0,600,3.0,2.0,2.0,0.0,0.0,1.0,2.0,1,1,1.0,0.0,0.0,0.0,1982.0,1.0,7,0,0.0,2.0,1.0,17.0
2019,11,25,1915,3,1,1,1.0,1.0,166.0,600,3.0,2.0,0.0,0.0,0.0,1.0,1.0,1,4,4.0,0.0,0.0,0.0,1976.0,0.0,7,0,0.0,2.0,8.0,15.0
2020,11,25,1915,3,1,1,1.0,1.0,166.0,600,3.0,2.0,0.0,0.0,0.0,1.0,1.0,1,4,4.0,0.0,0.0,0.0,1976.0,0.0,7,0,0.0,2.0,1.0,1.0
2021,11,25,1915,3,1,1,1.0,1.0,166.0,600,3.0,2.0,0.0,0.0,0.0,1.0,1.0,1,1,1.0,0.0,0.0,0.0,1967.0,0.0,7,0,0.0,2.0,8.0,15.0
2022,11,25,1915,3,1,1,1.0,1.0,166.0,600,3.0,2.0,0.0,0.0,0.0,1.0,1.0,1,1,1.0,0.0,0.0,0.0,1967.0,0.0,7,0,0.0,2.0,1.0,1.0
2023,2,13,1400,2,1,1,2.0,2.0,471.0,600,3.0,3.0,0.0,0.0,0.0,1.0,2.0,1,1,0.0,0.0,0.0,0.0,1952.0,0.0,10,0,0.0,0.0,4.0,0.0
2024,2,13,1400,2,1,1,2.0,2.0,471.0,600,3.0,3.0,0.0,0.0,0.0,1.0,2.0,1,1,0.0,0.0,0.0,0.0,1952.0,1.0,7,0,1.0,0.0,2.0,0.0
2025,2,13,1400,2,1,1,2.0,2.0,471.0,600,3.0,3.0,0.0,0.0,0.0,1.0,2.0,1,1,3.0,0.0,0.0,0.0,1985.0,0.0,10,0,0.0,0.0,4.0,0.0
2026,2,13,1400,2,1,1,2.0,2.0,471.0,600,3.0,3.0,0.0,0.0,0.0,1.0,2.0,1,1,3.0,0.0,0.0,0.0,1985.0,1.0,7,0,1.0,0.0,2.0,0.0
2027,4,4,115,3,2,1,2.0,6.0,53.0,600,3.0,0.0,0.0,0.0,0.0,2.0,2.0,1,4,0.0,0.0,0.0,0.0,1995.0,0.0,7,0,6.0,0.0,1.0,0.0
2028,5,8,345,3,1,1,1.0,7.0,362.0,600,3.0,2.0,2.0,0.0,1.0,1.0,1.0,1,1,4.0,0.0,0.0,0.0,1972.0,2.0,7,0,13.0,0.0,1.0,1.0
2029,5,10,1415,1,1,1,2.0,7.0,121.0,600,3.0,2.0,0.0,0.0,1.0,1.0,2.0,1,1,1.0,0.0,0.0,0.0,1980.0,1.0,7,0,13.0,0.0,1.0,1.0
2030,5,28,1430,1,1,1,1.0,3.0,410.0,600,3.0,2.0,2.0,0.0,1.0,0.0,1.0,1,4,0.0,0.0,0.0,0.0,1929.0,0.0,7,0,0.0,0.0,8.0,0.0
2031,5,28,1430,1,1,1,1.0,3.0,410.0,600,3.0,2.0,2.0,0.0,1.0,0.0,1.0,1,4,0.0,0.0,0.0,0.0,1929.0,0.0,7,0,0.0,0.0,2.0,11.0
2032,5,28,1430,1,1,1,1.0,3.0,410.0,600,3.0,2.0,2.0,0.0,1.0,0.0,1.0,1,1,4.0,0.0,0.0,0.0,1984.0,0.0,7,0,0.0,0.0,8.0,0.0
2033,5,28,1430,1,1,1,1.0,3.0,410.0,600,3.0,2.0,2.0,0.0,1.0,0.0,1.0,1,1,4.0,0.0,0.0,0.0,1984.0,0.0,7,0,0.0,0.0,2.0,11.0
2034,6,6,600,2,1,1,5.0,6.0,181.0,600,3.0,2.0,0.0,0.0,1.0,1.0,1.0,1,1,1.0,0.0,0.0,0.0,1983.0,0.0,7,0,2.0,0.0,3.0,21.0
2035,9,20,2145,5,2,1,1.0,6.0,278.0,600,3.0,2.0,2.0,0.0,1.0,1.0,1.0,1,1,4.0,0.0,0.0,0.0,1991.0,1.0,7,0,2.0,0.0,1.0,17.0
2036,9,20,2145,5,2,1,1.0,6.0,278.0,600,3.0,2.0,2.0,0.0,1.0,1.0,1.0,4,1,0.0,0.0,0.0,0.0,1994.0,1.0,7,0,2.0,0.0,1.0,17.0
2037,9,20,2145,5,2,1,1.0,6.0,278.0,600,3.0,2.0,2.0,0.0,1.0,1.0,1.0,4,1,0.0,0.0,0.0,0.0,1985.0,1.0,7,0,2.0,0.0,1.0,17.0
2038,3,8,700,1,1,1,1.0,2.0,124.0,570,3.0,2.0,2.0,0.0,0.0,1.0,1.0,1,1,1.0,0.0,0.0,0.0,1969.0,1.0,7,0,0.0,2.0,2.0,17.0
2039,3,8,700,1,1,1,1.0,2.0,124.0,570,3.0,2.0,2.0,0.0,0.0,1.0,1.0,1,1,1.0,0.0,0.0,0.0,1969.0,1.0,1,0,0.0,2.0,4.0,1.0
2040,3,8,700,1,1,1,1.0,2.0,124.0,570,3.0,2.0,2.0,0.0,0.0,1.0,1.0,1,1,1.0,0.0,0.0,0.0,1955.0,1.0,7,0,0.0,2.0,2.0,17.0
2041,3,8,700,1,1,1,1.0,2.0,124.0,570,3.0,2.0,2.0,0.0,0.0,1.0,1.0,1,1,1.0,0.0,0.0,0.0,1955.0,1.0,1,0,0.0,2.0,4.0,1.0
2042,3,21,700,1,1,1,1.0,5.0,323.0,570,3.0,2.0,2.0,0.0,1.0,3.0,8.0,1,1,1.0,0.0,0.0,0.0,1993.0,2.0,7,0,13.0,0.0,0.0,1.0
2043,3,21,700,1,1,1,1.0,5.0,323.0,570,3.0,2.0,2.0,0.0,1.0,3.0,8.0,1,1,1.0,0.0,0.0,0.0,1993.0,2.0,7,0,0.0,2.0,1.0,1.0
2044,3,21,700,1,1,1,1.0,5.0,323.0,570,3.0,2.0,2.0,0.0,1.0,3.0,8.0,1,1,1.0,0.0,0.0,0.0,1993.0,1.0,7,0,0.0,2.0,1.0,13.0
2045,3,21,700,1,1,1,1.0,5.0,323.0,570,3.0,2.0,2.0,0.0,1.0,3.0,8.0,1,1,1.0,0.0,0.0,0.0,1962.0,2.0,7,0,13.0,0.0,0.0,1.0
2046,3,21,700,1,1,1,1.0,5.0,323.0,570,3.0,2.0,2.0,0.0,1.0,3.0,8.0,1,1,1.0,0.0,0.0,0.0,1962.0,2.0,7,0,0.0,2.0,1.0,1.0
2047,3,21,700,1,1,1,1.0,5.0,323.0,570,3.0,2.0,2.0,0.0,1.0,3.0,8.0,1,1,1.0,0.0,0.0,0.0,1962.0,1.0,7,0,0.0,2.0,1.0,13.0
2048,3,21,700,1,1,1,1.0,5.0,323.0,570,3.0,2.0,2.0,0.0,1.0,3.0,8.0,1,4,1.0,0.0,0.0,0.0,1984.0,2.0,7,0,13.0,0.0,0.0,1.0
2049,3,21,700,1,1,1,1.0,5.0,323.0,570,3.0,2.0,2.0,0.0,1.0,3.0,8.0,1,4,1.0,0.0,0.0,0.0,1984.0,2.0,7,0,0.0,2.0,1.0,1.0
2050,3,21,700,1,1,1,1.0,5.0,323.0,570,3.0,2.0,2.0,0.0,1.0,3.0,8.0,1,4,1.0,0.0,0.0,0.0,1984.0,1.0,7,0,0.0,2.0,1.0,13.0
2051,4,10,1230,1,2,1,1.0,7.0,557.0,570,4.0,2.0,2.0,0.0,2.0,1.0,1.0,1,1,4.0,0.0,0.0,0.0,1963.0,1.0,33,0,0.0,0.0,8.0,1.0
2052,5,15,2345,3,2,1,1.0,6.0,194.0,570,4.0,2.0,2.0,0.0,1.0,2.0,2.0,1,1,4.0,0.0,0.0,0.0,1993.0,0.0,7,0,2.0,0.0,1.0,1.0
2053,6,17,1300,1,1,1,1.0,3.0,764.0,570,4.0,2.0,2.0,0.0,1.0,3.0,1.0,1,1,4.0,0.0,0.0,0.0,1952.0,0.0,33,0,0.0,2.0,1.0,13.0
2054,6,17,1300,1,1,1,1.0,3.0,764.0,570,4.0,2.0,2.0,0.0,1.0,3.0,1.0,1,1,4.0,0.0,0.0,0.0,1952.0,0.0,7,0,0.0,2.0,3.0,1.0
2055,6,17,1300,1,1,1,1.0,3.0,764.0,570,4.0,2.0,2.0,0.0,1.0,3.0,1.0,1,4,0.0,0.0,0.0,0.0,1997.0,0.0,33,0,0.0,2.0,1.0,13.0
2056,6,17,1300,1,1,1,1.0,3.0,764.0,570,4.0,2.0,2.0,0.0,1.0,3.0,1.0,1,4,0.0,0.0,0.0,0.0,1997.0,0.0,7,0,0.0,2.0,3.0,1.0
2057,6,30,1600,1,1,1,1.0,1.0,600.0,570,3.0,2.0,2.0,0.0,0.0,1.0,1.0,1,1,0.0,0.0,0.0,0.0,1989.0,1.0,7,0,0.0,2.0,1.0,0.0
2058,6,30,1600,1,1,1,1.0,1.0,600.0,570,3.0,2.0,2.0,0.0,0.0,1.0,1.0,1,1,0.0,0.0,0.0,0.0,1989.0,2.0,7,0,0.0,2.0,1.0,0.0
2059,6,30,1600,1,1,1,1.0,1.0,600.0,570,3.0,2.0,2.0,0.0,0.0,1.0,1.0,1,1,0.0,0.0,0.0,0.0,1993.0,1.0,7,0,0.0,2.0,1.0,0.0
2060,6,30,1600,1,1,1,1.0,1.0,600.0,570,3.0,2.0,2.0,0.0,0.0,1.0,1.0,1,1,0.0,0.0,0.0,0.0,1993.0,2.0,7,0,0.0,2.0,1.0,0.0
2061,9,27,1930,2,1,1,1.0,7.0,574.0,570,3.0,2.0,2.0,0.0,1.0,1.0,1.0,1,1,4.0,0.0,0.0,0.0,1991.0,2.0,7,0,0.0,0.0,9.0,1.0
2062,9,27,1930,2,1,1,1.0,7.0,574.0,570,3.0,2.0,2.0,0.0,1.0,1.0,1.0,4,4,0.0,0.0,0.0,0.0,1999.0,2.0,7,0,0.0,0.0,9.0,1.0
2063,10,8,1650,1,2,1,1.0,6.0,323.0,570,3.0,2.0,2.0,0.0,1.0,1.0,1.0,1,1,4.0,0.0,0.0,0.0,1948.0,2.0,7,0,0.0,1.0,3.0,1.0
2064,10,8,1650,1,2,1,1.0,6.0,323.0,570,3.0,2.0,2.0,0.0,1.0,1.0,1.0,3,4,4.0,3.0,3.0,1.0,2002.0,2.0,7,0,0.0,1.0,3.0,1.0
2065,12,27,1830,5,2,1,1.0,6.0,323.0,570,3.0,2.0,2.0,0.0,1.0,2.0,1.0,1,1,4.0,0.0,0.0,0.0,1938.0,2.0,7,0,0.0,1.0,2.0,1.0
2066,12,27,1830,5,2,1,1.0,6.0,323.0,570,3.0,2.0,2.0,0.0,1.0,2.0,1.0,3,1,4.0,3.0,3.0,4.0,2000.0,2.0,7,0,0.0,1.0,2.0,1.0
2067,1,16,1830,3,1,1,8.0,1.0,612.0,600,3.0,2.0,2.0,0.0,1.0,3.0,7.0,1,1,4.0,0.0,0.0,0.0,1977.0,1.0,7,0,0.0,2.0,1.0,5.0
2068,1,16,1830,3,1,1,8.0,1.0,612.0,600,3.0,2.0,2.0,0.0,1.0,3.0,7.0,1,1,4.0,0.0,0.0,0.0,1977.0,2.0,15,0,0.0,2.0,2.0,1.0
2069,1,16,1830,3,1,1,8.0,1.0,612.0,600,3.0,2.0,2.0,0.0,1.0,3.0,7.0,1,1,2.0,0.0,0.0,0.0,1966.0,1.0,7,0,0.0,2.0,1.0,5.0
2070,1,16,1830,3,1,1,8.0,1.0,612.0,600,3.0,2.0,2.0,0.0,1.0,3.0,7.0,1,1,2.0,0.0,0.0,0.0,1966.0,2.0,15,0,0.0,2.0,2.0,1.0
2071,2,5,1900,3,1,1,1.0,6.0,421.0,600,3.0,2.0,0.0,0.0,2.0,2.0,2.0,1,1,4.0,0.0,0.0,0.0,1950.0,2.0,7,0,0.0,1.0,2.0,1.0
2072,2,5,1900,3,1,1,1.0,6.0,421.0,600,3.0,2.0,0.0,0.0,2.0,2.0,2.0,4,1,0.0,0.0,0.0,0.0,1944.0,2.0,7,0,0.0,1.0,2.0,1.0
2073,2,5,1900,3,1,1,1.0,6.0,421.0,600,3.0,2.0,0.0,0.0,2.0,2.0,2.0,4,4,0.0,0.0,0.0,0.0,1963.0,2.0,7,0,0.0,1.0,2.0,1.0
2074,2,5,1900,3,1,1,1.0,6.0,421.0,600,3.0,2.0,0.0,0.0,2.0,2.0,2.0,4,4,0.0,0.0,0.0,0.0,1948.0,2.0,7,0,0.0,1.0,2.0,1.0
2075,2,5,1900,3,1,1,1.0,6.0,421.0,600,3.0,2.0,0.0,0.0,2.0,2.0,2.0,3,4,9.0,1.0,9.0,1.0,1965.0,2.0,7,0,0.0,1.0,2.0,1.0
2076,2,12,1030,1,1,1,2.0,3.0,421.0,600,2.0,2.0,2.0,0.0,3.0,1.0,1.0,1,1,4.0,0.0,0.0,0.0,1927.0,0.0,7,0,0.0,2.0,3.0,1.0
2077,2,12,1030,1,1,1,2.0,3.0,421.0,600,2.0,2.0,2.0,0.0,3.0,1.0,1.0,1,1,4.0,0.0,0.0,0.0,1927.0,0.0,7,0,0.0,2.0,3.0,1.0
2078,2,12,1030,1,1,1,2.0,3.0,421.0,600,2.0,2.0,2.0,0.0,3.0,1.0,1.0,1,4,0.0,0.0,0.0,0.0,1983.0,0.0,7,0,0.0,2.0,3.0,1.0
2079,2,12,1030,1,1,1,2.0,3.0,421.0,600,2.0,2.0,2.0,0.0,3.0,1.0,1.0,1,4,0.0,0.0,0.0,0.0,1983.0,0.0,7,0,0.0,2.0,3.0,1.0
2080,2,21,1000,1,1,1,1.0,1.0,612.0,600,3.0,2.0,0.0,0.0,1.0,3.0,1.0,1,1,4.0,0.0,0.0,0.0,1949.0,0.0,7,0,0.0,2.0,2.0,21.0
2081,2,21,1000,1,1,1,1.0,1.0,612.0,600,3.0,2.0,0.0,0.0,1.0,3.0,1.0,1,1,4.0,0.0,0.0,0.0,1949.0,0.0,7,0,0.0,2.0,1.0,13.0
2082,2,21,1000,1,1,1,1.0,1.0,612.0,600,3.0,2.0,0.0,0.0,1.0,3.0,1.0,4,4,0.0,0.0,0.0,0.0,1947.0,0.0,7,0,0.0,2.0,2.0,21.0