,month,day,time,light,location,intersection,atmosphere,collision,municipality,department,road,traffic,nblanes,reslane,laneprofile,plan,surface,user,sex,route,pedlocation,pedaction,pedcondition,birth,dirtraffic,catvehicle,nboccupants,obstacle,movobstacle,impact,maneuver
2083,2,21,1000,1,1,1,1.0,1.0,612.0,600,3.0,2.0,0.0,0.0,1.0,3.0,1.0,4,4,0.0,0.0,0.0,0.0,1947.0,0.0,7,0,0.0,2.0,1.0,13.0
2084,2,21,1000,1,1,1,1.0,1.0,612.0,600,3.0,2.0,0.0,0.0,1.0,3.0,1.0,4,4,0.0,0.0,0.0,0.0,1970.0,0.0,7,0,0.0,2.0,2.0,21.0
2085,2,21,1000,1,1,1,1.0,1.0,612.0,600,3.0,2.0,0.0,0.0,1.0,3.0,1.0,4,4,0.0,0.0,0.0,0.0,1970.0,0.0,7,0,0.0,2.0,1.0,13.0
2086,2,21,1000,1,1,1,1.0,1.0,612.0,600,3.0,2.0,0.0,0.0,1.0,3.0,1.0,1,1,4.0,0.0,0.0,0.0,1990.0,0.0,7,0,0.0,2.0,2.0,21.0
2087,2,21,1000,1,1,1,1.0,1.0,612.0,600,3.0,2.0,0.0,0.0,1.0,3.0,1.0,1,1,4.0,0.0,0.0,0.0,1990.0,0.0,7,0,0.0,2.0,1.0,13.0
2088,2,21,1000,1,1,1,1.0,1.0,612.0,600,3.0,2.0,0.0,0.0,1.0,3.0,1.0,4,1,0.0,0.0,0.0,0.0,1993.0,0.0,7,0,0.0,2.0,2.0,21.0
2089,2,21,1000,1,1,1,1.0,1.0,612.0,600,3.0,2.0,0.0,0.0,1.0,3.0,1.0,4,1,0.0,0.0,0.0,0.0,1993.0,0.0,7,0,0.0,2.0,1.0,13.0
2090,2,21,1000,1,1,1,1.0,1.0,612.0,600,3.0,2.0,0.0,0.0,1.0,3.0,1.0,4,4,0.0,0.0,0.0,0.0,1998.0,0.0,7,0,0.0,2.0,2.0,21.0
2091,2,21,1000,1,1,1,1.0,1.0,612.0,600,3.0,2.0,0.0,0.0,1.0,3.0,1.0,4,4,0.0,0.0,0.0,0.0,1998.0,0.0,7,0,0.0,2.0,1.0,13.0
2092,3,13,1000,1,1,3,1.0,1.0,612.0,600,3.0,2.0,2.0,0.0,0.0,0.0,1.0,1,1,4.0,0.0,0.0,0.0,1997.0,2.0,7,0,0.0,2.0,2.0,1.0
2093,3,13,1000,1,1,3,1.0,1.0,612.0,600,3.0,2.0,2.0,0.0,0.0,0.0,1.0,1,1,4.0,0.0,0.0,0.0,1997.0,2.0,7,0,0.0,2.0,2.0,13.0
2094,3,13,1000,1,1,3,1.0,1.0,612.0,600,3.0,2.0,2.0,0.0,0.0,0.0,1.0,4,1,0.0,0.0,0.0,0.0,1998.0,2.0,7,0,0.0,2.0,2.0,1.0
2095,3,13,1000,1,1,3,1.0,1.0,612.0,600,3.0,2.0,2.0,0.0,0.0,0.0,1.0,4,1,0.0,0.0,0.0,0.0,1998.0,2.0,7,0,0.0,2.0,2.0,13.0
2096,3,13,1000,1,1,3,1.0,1.0,612.0,600,3.0,2.0,2.0,0.0,0.0,0.0,1.0,1,4,4.0,0.0,0.0,0.0,1950.0,2.0,7,0,0.0,2.0,2.0,1.0
2097,3,13,1000,1,1,3,1.0,1.0,612.0,600,3.0,2.0,2.0,0.0,0.0,0.0,1.0,1,4,4.0,0.0,0.0,0.0,1950.0,2.0,7,0,0.0,2.0,2.0,13.0
2098,3,13,1000,1,1,3,1.0,1.0,612.0,600,3.0,2.0,2.0,0.0,0.0,0.0,1.0,4,4,0.0,0.0,0.0,0.0,2007.0,2.0,7,0,0.0,2.0,2.0,1.0
2099,3,13,1000,1,1,3,1.0,1.0,612.0,600,3.0,2.0,2.0,0.0,0.0,0.0,1.0,4,4,0.0,0.0,0.0,0.0,2007.0,2.0,7,0,0.0,2.0,2.0,13.0
2100,3,13,1000,1,1,3,1.0,1.0,612.0,600,3.0,2.0,2.0,0.0,0.0,0.0,1.0,4,1,0.0,0.0,0.0,0.0,2011.0,2.0,7,0,0.0,2.0,2.0,1.0
2101,3,13,1000,1,1,3,1.0,1.0,612.0,600,3.0,2.0,2.0,0.0,0.0,0.0,1.0,4,1,0.0,0.0,0.0,0.0,2011.0,2.0,7,0,0.0,2.0,2.0,13.0
2102,6,28,730,1,1,1,1.0,5.0,612.0,600,3.0,2.0,0.0,0.0,1.0,1.0,1.0,1,1,1.0,0.0,0.0,0.0,1982.0,1.0,7,0,0.0,2.0,3.0,2.0
2103,6,28,730,1,1,1,1.0,5.0,612.0,600,3.0,2.0,0.0,0.0,1.0,1.0,1.0,1,1,1.0,0.0,0.0,0.0,1982.0,2.0,7,0,0.0,2.0,3.0,1.0
2104,6,28,730,1,1,1,1.0,5.0,612.0,600,3.0,2.0,0.0,0.0,1.0,1.0,1.0,1,1,1.0,0.0,0.0,0.0,1982.0,1.0,33,0,0.0,2.0,1.0,17.0
2105,6,28,730,1,1,1,1.0,5.0,612.0,600,3.0,2.0,0.0,0.0,1.0,1.0,1.0,1,1,1.0,0.0,0.0,0.0,1946.0,1.0,7,0,0.0,2.0,3.0,2.0
2106,6,28,730,1,1,1,1.0,5.0,612.0,600,3.0,2.0,0.0,0.0,1.0,1.0,1.0,1,1,1.0,0.0,0.0,0.0,1946.0,2.0,7,0,0.0,2.0,3.0,1.0
2107,6,28,730,1,1,1,1.0,5.0,612.0,600,3.0,2.0,0.0,0.0,1.0,1.0,1.0,1,1,1.0,0.0,0.0,0.0,1946.0,1.0,33,0,0.0,2.0,1.0,17.0
2108,6,28,730,1,1,1,1.0,5.0,612.0,600,3.0,2.0,0.0,0.0,1.0,1.0,1.0,1,1,1.0,0.0,0.0,0.0,1963.0,1.0,7,0,0.0,2.0,3.0,2.0
2109,6,28,730,1,1,1,1.0,5.0,612.0,600,3.0,2.0,0.0,0.0,1.0,1.0,1.0,1,1,1.0,0.0,0.0,0.0,1963.0,2.0,7,0,0.0,2.0,3.0,1.0
2110,6,28,730,1,1,1,1.0,5.0,612.0,600,3.0,2.0,0.0,0.0,1.0,1.0,1.0,1,1,1.0,0.0,0.0,0.0,1963.0,1.0,33,0,0.0,2.0,1.0,17.0
2111,7,24,830,1,1,1,7.0,1.0,612.0,600,3.0,2.0,2.0,0.0,0.0,1.0,1.0,1,1,1.0,0.0,0.0,0.0,1995.0,1.0,7,0,0.0,2.0,3.0,13.0
2112,7,24,830,1,1,1,7.0,1.0,612.0,600,3.0,2.0,2.0,0.0,0.0,1.0,1.0,1,1,1.0,0.0,0.0,0.0,1995.0,2.0,7,0,0.0,2.0,3.0,1.0
2113,7,24,830,1,1,1,7.0,1.0,612.0,600,3.0,2.0,2.0,0.0,0.0,1.0,1.0,1,1,0.0,0.0,0.0,0.0,1976.0,1.0,7,0,0.0,2.0,3.0,13.0
2114,7,24,830,1,1,1,7.0,1.0,612.0,600,3.0,2.0,2.0,0.0,0.0,1.0,1.0,1,1,0.0,0.0,0.0,0.0,1976.0,2.0,7,0,0.0,2.0,3.0,1.0
2115,7,24,830,1,1,1,7.0,1.0,612.0,600,3.0,2.0,2.0,0.0,0.0,1.0,1.0,4,4,0.0,0.0,0.0,0.0,1978.0,1.0,7,0,0.0,2.0,3.0,13.0
2116,7,24,830,1,1,1,7.0,1.0,612.0,600,3.0,2.0,2.0,0.0,0.0,1.0,1.0,4,4,0.0,0.0,0.0,0.0,1978.0,2.0,7,0,0.0,2.0,3.0,1.0
2117,7,24,830,1,1,1,7.0,1.0,612.0,600,3.0,2.0,2.0,0.0,0.0,1.0,1.0,4,4,0.0,0.0,0.0,0.0,2005.0,1.0,7,0,0.0,2.0,3.0,13.0
2118,7,24,830,1,1,1,7.0,1.0,612.0,600,3.0,2.0,2.0,0.0,0.0,1.0,1.0,4,4,0.0,0.0,0.0,0.0,2005.0,2.0,7,0,0.0,2.0,3.0,1.0
2119,7,24,830,1,1,1,7.0,1.0,612.0,600,3.0,2.0,2.0,0.0,0.0,1.0,1.0,4,4,0.0,0.0,0.0,0.0,2005.0,1.0,7,0,0.0,2.0,3.0,13.0
2120,7,24,830,1,1,1,7.0,1.0,612.0,600,3.0,2.0,2.0,0.0,0.0,1.0,1.0,4,4,0.0,0.0,0.0,0.0,2005.0,2.0,7,0,0.0,2.0,3.0,1.0
2121,9,5,1530,1,1,1,2.0,5.0,138.0,600,3.0,2.0,3.0,0.0,2.0,1.0,2.0,1,1,4.0,0.0,0.0,0.0,1990.0,1.0,7,0,0.0,2.0,3.0,13.0
2122,9,5,1530,1,1,1,2.0,5.0,138.0,600,3.0,2.0,3.0,0.0,2.0,1.0,2.0,1,1,4.0,0.0,0.0,0.0,1990.0,2.0,7,0,0.0,2.0,1.0,17.0
2123,9,5,1530,1,1,1,2.0,5.0,138.0,600,3.0,2.0,3.0,0.0,2.0,1.0,2.0,1,1,4.0,0.0,0.0,0.0,1990.0,1.0,7,0,0.0,2.0,1.0,2.0
2124,9,5,1530,1,1,1,2.0,5.0,138.0,600,3.0,2.0,3.0,0.0,2.0,1.0,2.0,1,1,4.0,0.0,0.0,0.0,1990.0,2.0,17,0,0.0,2.0,3.0,1.0
2125,9,5,1530,1,1,1,2.0,5.0,138.0,600,3.0,2.0,3.0,0.0,2.0,1.0,2.0,4,1,0.0,0.0,0.0,0.0,2014.0,1.0,7,0,0.0,2.0,3.0,13.0
2126,9,5,1530,1,1,1,2.0,5.0,138.0,600,3.0,2.0,3.0,0.0,2.0,1.0,2.0,4,1,0.0,0.0,0.0,0.0,2014.0,2.0,7,0,0.0,2.0,1.0,17.0
2127,9,5,1530,1,1,1,2.0,5.0,138.0,600,3.0,2.0,3.0,0.0,2.0,1.0,2.0,4,1,0.0,0.0,0.0,0.0,2014.0,1.0,7,0,0.0,2.0,1.0,2.0
2128,9,5,1530,1,1,1,2.0,5.0,138.0,600,3.0,2.0,3.0,0.0,2.0,1.0,2.0,4,1,0.0,0.0,0.0,0.0,2014.0,2.0,17,0,0.0,2.0,3.0,1.0
2129,9,5,1530,1,1,1,2.0,5.0,138.0,600,3.0,2.0,3.0,0.0,2.0,1.0,2.0,1,1,1.0,0.0,0.0,0.0,1981.0,1.0,7,0,0.0,2.0,3.0,13.0
2130,9,5,1530,1,1,1,2.0,5.0,138.0,600,3.0,2.0,3.0,0.0,2.0,1.0,2.0,1,1,1.0,0.0,0.0,0.0,1981.0,2.0,7,0,0.0,2.0,1.0,17.0
2131,9,5,1530,1,1,1,2.0,5.0,138.0,600,3.0,2.0,3.0,0.0,2.0,1.0,2.0,1,1,1.0,0.0,0.0,0.0,1981.0,1.0,7,0,0.0,2.0,1.0,2.0
2132,9,5,1530,1,1,1,2.0,5.0,138.0,600,3.0,2.0,3.0,0.0,2.0,1.0,2.0,1,1,1.0,0.0,0.0,0.0,1981.0,2.0,17,0,0.0,2.0,3.0,1.0
2133,9,5,1530,1,1,1,2.0,5.0,138.0,600,3.0,2.0,3.0,0.0,2.0,1.0,2.0,1,4,4.0,0.0,0.0,0.0,1992.0,1.0,7,0,0.0,2.0,3.0,13.0
2134,9,5,1530,1,1,1,2.0,5.0,138.0,600,3.0,2.0,3.0,0.0,2.0,1.0,2.0,1,4,4.0,0.0,0.0,0.0,1992.0,2.0,7,0,0.0,2.0,1.0,17.0
2135,9,5,1530,1,1,1,2.0,5.0,138.0,600,3.0,2.0,3.0,0.0,2.0,1.0,2.0,1,4,4.0,0.0,0.0,0.0,1992.0,1.0,7,0,0.0,2.0,1.0,2.0
2136,9,5,1530,1,1,1,2.0,5.0,138.0,600,3.0,2.0,3.0,0.0,2.0,1.0,2.0,1,4,4.0,0.0,0.0,0.0,1992.0,2.0,17,0,0.0,2.0,3.0,1.0
2137,9,5,1530,1,1,1,2.0,5.0,138.0,600,3.0,2.0,3.0,0.0,2.0,1.0,2.0,4,4,0.0,0.0,0.0,0.0,1991.0,1.0,7,0,0.0,2.0,3.0,13.0
2138,9,5,1530,1,1,1,2.0,5.0,138.0,600,3.0,2.0,3.0,0.0,2.0,1.0,2.0,4,4,0.0,0.0,0.0,0.0,1991.0,2.0,7,0,0.0,2.0,1.0,17.0
2139,9,5,1530,1,1,1,2.0,5.0,138.0,600,3.0,2.0,3.0,0.0,2.0,1.0,2.0,4,4,0.0,0.0,0.0,0.0,1991.0,1.0,7,0,0.0,2.0,1.0,2.0
2140,9,5,1530,1,1,1,2.0,5.0,138.0,600,3.0,2.0,3.0,0.0,2.0,1.0,2.0,4,4,0.0,0.0,0.0,0.0,1991.0,2.0,17,0,0.0,2.0,3.0,1.0
2141,9,5,1530,1,1,1,2.0,5.0,138.0,600,3.0,2.0,3.0,0.0,2.0,1.0,2.0,1,1,2.0,0.0,0.0,0.0,1948.0,1.0,7,0,0.0,2.0,3.0,13.0
2142,9,5,1530,1,1,1,2.0,5.0,138.0,600,3.0,2.0,3.0,0.0,2.0,1.0,2.0,1,1,2.0,0.0,0.0,0.0,1948.0,2.0,7,0,0.0,2.0,1.0,17.0
2143,9,5,1530,1,1,1,2.0,5.0,138.0,600,3.0,2.0,3.0,0.0,2.0,1.0,2.0,1,1,2.0,0.0,0.0,0.0,1948.0,1.0,7,0,0.0,2.0,1.0,2.0
2144,9,5,1530,1,1,1,2.0,5.0,138.0,600,3.0,2.0,3.0,0.0,2.0,1.0,2.0,1,1,2.0,0.0,0.0,0.0,1948.0,2.0,17,0,0.0,2.0,3.0,1.0
2145,2,10,1645,1,1,1,8.0,4.0,139.0,600,3.0,2.0,3.0,0.0,1.0,1.0,1.0,1,1,2.0,0.0,0.0,0.0,1963.0,1.0,10,0,0.0,2.0,1.0,2.0
2146,2,10,1645,1,1,1,8.0,4.0,139.0,600,3.0,2.0,3.0,0.0,1.0,1.0,1.0,1,1,2.0,0.0,0.0,0.0,1963.0,1.0,10,0,0.0,2.0,4.0,2.0
2147,2,10,1645,1,1,1,8.0,4.0,139.0,600,3.0,2.0,3.0,0.0,1.0,1.0,1.0,1,1,2.0,0.0,0.0,0.0,1963.0,1.0,10,0,0.0,2.0,5.0,2.0
2148,2,10,1645,1,1,1,8.0,4.0,139.0,600,3.0,2.0,3.0,0.0,1.0,1.0,1.0,1,1,2.0,0.0,0.0,0.0,1963.0,1.0,10,0,0.0,2.0,4.0,2.0
2149,2,10,1645,1,1,1,8.0,4.0,139.0,600,3.0,2.0,3.0,0.0,1.0,1.0,1.0,1,1,1.0,0.0,0.0,0.0,1989.0,1.0,10,0,0.0,2.0,1.0,2.0
2150,2,10,1645,1,1,1,8.0,4.0,139.0,600,3.0,2.0,3.0,0.0,1.0,1.0,1.0,1,1,1.0,0.0,0.0,0.0,1989.0,1.0,10,0,0.0,2.0,4.0,2.0
2151,2,10,1645,1,1,1,8.0,4.0,139.0,600,3.0,2.0,3.0,0.0,1.0,1.0,1.0,1,1,1.0,0.0,0.0,0.0,1989.0,1.0,10,0,0.0,2.0,5.0,2.0
2152,2,10,1645,1,1,1,8.0,4.0,139.0,600,3.0,2.0,3.0,0.0,1.0,1.0,1.0,1,1,1.0,0.0,0.0,0.0,1989.0,1.0,10,0,0.0,2.0,4.0,2.0
2153,2,10,1645,1,1,1,8.0,4.0,139.0,600,3.0,2.0,3.0,0.0,1.0,1.0,1.0,1,4,1.0,0.0,0.0,0.0,1995.0,1.0,10,0,0.0,2.0,1.0,2.0
2154,2,10,1645,1,1,1,8.0,4.0,139.0,600,3.0,2.0,3.0,0.0,1.0,1.0,1.0,1,4,1.0,0.0,0.0,0.0,1995.0,1.0,10,0,0.0,2.0,4.0,2.0
2155,2,10,1645,1,1,1,8.0,4.0,139.0,600,3.0,2.0,3.0,0.0,1.0,1.0,1.0,1,4,1.0,0.0,0.0,0.0,1995.0,1.0,10,0,0.0,2.0,5.0,2.0
2156,2,10,1645,1,1,1,8.0,4.0,139.0,600,3.0,2.0,3.0,0.0,1.0,1.0,1.0,1,4,1.0,0.0,0.0,0.0,1995.0,1.0,10,0,0.0,2.0,4.0,2.0
2157,2,10,1645,1,1,1,8.0,4.0,139.0,600,3.0,2.0,3.0,0.0,1.0,1.0,1.0,1,4,1.0,0.0,0.0,0.0,1994.0,1.0,10,0,0.0,2.0,1.0,2.0
2158,2,10,1645,1,1,1,8.0,4.0,139.0,600,3.0,2.0,3.0,0.0,1.0,1.0,1.0,1,4,1.0,0.0,0.0,0.0,1994.0,1.0,10,0,0.0,2.0,4.0,2.0
2159,2,10,1645,1,1,1,8.0,4.0,139.0,600,3.0,2.0,3.0,0.0,1.0,1.0,1.0,1,4,1.0,0.0,0.0,0.0,1994.0,1.0,10,0,0.0,2.0,5.0,2.0
2160,2,10,1645,1,1,1,8.0,4.0,139.0,600,3.0,2.0,3.0,0.0,1.0,1.0,1.0,1,4,1.0,0.0,0.0,0.0,1994.0,1.0,10,0,0.0,2.0,4.0,2.0
2161,3,3,845,1,2,1,2.0,6.0,259.0,600,4.0,2.0,0.0,0.0,1.0,1.0,2.0,1,4,4.0,0.0,0.0,0.0,1998.0,0.0,7,0,0.0,1.0,3.0,1.0
2162,3,3,845,1,2,1,2.0,6.0,259.0,600,4.0,2.0,0.0,0.0,1.0,1.0,2.0,3,4,4.0,2.0,3.0,4.0,2007.0,0.0,7,0,0.0,1.0,3.0,1.0
2163,3,27,730,1,1,1,1.0,6.0,139.0,600,3.0,2.0,1.0,0.0,1.0,1.0,1.0,1,1,0.0,0.0,0.0,0.0,1995.0,0.0,10,0,2.0,0.0,7.0,0.0
2164,3,27,730,1,1,1,1.0,6.0,139.0,600,3.0,2.0,1.0,0.0,1.0,1.0,1.0,4,1,0.0,0.0,0.0,0.0,1995.0,0.0,10,0,2.0,0.0,7.0,0.0
2165,4,6,1600,1,2,1,1.0,6.0,139.0,600,3.0,0.0,0.0,0.0,0.0,0.0,0.0,1,1,0.0,0.0,0.0,0.0,1993.0,0.0,2,0,0.0,0.0,0.0,0.0
2166,6,6,1700,1,2,1,1.0,1.0,139.0,600,3.0,0.0,0.0,0.0,1.0,1.0,1.0,1,4,1.0,0.0,0.0,0.0,1985.0,0.0,7,0,0.0,0.0,0.0,15.0
2167,6,6,1700,1,2,1,1.0,1.0,139.0,600,3.0,0.0,0.0,0.0,1.0,1.0,1.0,1,4,1.0,0.0,0.0,0.0,1985.0,0.0,31,0,0.0,2.0,7.0,17.0
2168,6,6,1700,1,2,1,1.0,1.0,139.0,600,3.0,0.0,0.0,0.0,1.0,1.0,1.0,1,1,4.0,0.0,0.0,0.0,1994.0,0.0,7,0,0.0,0.0,0.0,15.0
2169,6,6,1700,1,2,1,1.0,1.0,139.0,600,3.0,0.0,0.0,0.0,1.0,1.0,1.0,1,1,4.0,0.0,0.0,0.0,1994.0,0.0,31,0,0.0,2.0,7.0,17.0
2170,6,18,2100,1,2,1,1.0,7.0,139.0,600,3.0,2.0,0.0,0.0,1.0,1.0,1.0,1,1,4.0,0.0,0.0,0.0,1997.0,0.0,33,0,0.0,0.0,7.0,12.0
2171,6,26,1745,1,1,1,1.0,3.0,259.0,600,3.0,2.0,0.0,0.0,0.0,1.0,1.0,1,4,0.0,0.0,0.0,0.0,1992.0,0.0,7,0,0.0,2.0,2.0,1.0
2172,6,26,1745,1,1,1,1.0,3.0,259.0,600,3.0,2.0,0.0,0.0,0.0,1.0,1.0,1,4,0.0,0.0,0.0,0.0,1992.0,0.0,7,0,0.0,2.0,3.0,9.0
2173,6,26,1745,1,1,1,1.0,3.0,259.0,600,3.0,2.0,0.0,0.0,0.0,1.0,1.0,1,1,0.0,0.0,0.0,0.0,1996.0,0.0,7,0,0.0,2.0,2.0,1.0
2174,6,26,1745,1,1,1,1.0,3.0,259.0,600,3.0,2.0,0.0,0.0,0.0,1.0,1.0,1,1,0.0,0.0,0.0,0.0,1996.0,0.0,7,0,0.0,2.0,3.0,9.0
2175,7,31,1900,1,1,1,1.0,6.0,259.0,600,3.0,2.0,2.0,0.0,1.0,1.0,1.0,1,1,9.0,0.0,0.0,0.0,1981.0,0.0,33,0,16.0,0.0,0.0,2.0
2176,8,3,1415,1,1,1,1.0,3.0,139.0,600,3.0,2.0,0.0,0.0,2.0,1.0,1.0,1,4,3.0,0.0,0.0,0.0,1993.0,0.0,7,0,0.0,2.0,8.0,15.0
2177,8,3,1415,1,1,1,1.0,3.0,139.0,600,3.0,2.0,0.0,0.0,2.0,1.0,1.0,1,4,3.0,0.0,0.0,0.0,1993.0,0.0,7,0,0.0,2.0,1.0,1.0
2178,8,3,1415,1,1,1,1.0,3.0,139.0,600,3.0,2.0,0.0,0.0,2.0,1.0,1.0,1,1,4.0,0.0,0.0,0.0,1944.0,0.0,7,0,0.0,2.0,8.0,15.0
2179,8,3,1415,1,1,1,1.0,3.0,139.0,600,3.0,2.0,0.0,0.0,2.0,1.0,1.0,1,1,4.0,0.0,0.0,0.0,1944.0,0.0,7,0,0.0,2.0,1.0,1.0
2180,9,23,1630,1,1,1,1.0,4.0,139.0,600,3.0,0.0,0.0,0.0,0.0,0.0,0.0,1,1,0.0,0.0,0.0,0.0,1963.0,2.0,7,0,0.0,0.0,0.0,0.0
2181,9,23,1630,1,1,1,1.0,4.0,139.0,600,3.0,0.0,0.0,0.0,0.0,0.0,0.0,1,1,0.0,0.0,0.0,0.0,1963.0,1.0,7,0,0.0,0.0,0.0,0.0
2182,9,23,1630,1,1,1,1.0,4.0,139.0,600,3.0,0.0,0.0,0.0,0.0,0.0,0.0,1,1,0.0,0.0,0.0,0.0,1963.0,1.0,7,0,0.0,0.0,0.0,0.0
2183,9,23,1630,1,1,1,1.0,4.0,139.0,600,3.0,0.0,0.0,0.0,0.0,0.0,0.0,1,4,0.0,0.0,0.0,0.0,1971.0,2.0,7,0,0.0,0.0,0.0,0.0
2184,9,23,1630,1,1,1,1.0,4.0,139.0,600,3.0,0.0,0.0,0.0,0.0,0.0,0.0,1,4,0.0,0.0,0.0,0.0,1971.0,1.0,7,0,0.0,0.0,0.0,0.0
2185,9,23,1630,1,1,1,1.0,4.0,139.0,600,3.0,0.0,0.0,0.0,0.0,0.0,0.0,1,4,0.0,0.0,0.0,0.0,1971.0,1.0,7,0,0.0,0.0,0.0,0.0
2186,9,23,1630,1,1,1,1.0,4.0,139.0,600,3.0,0.0,0.0,0.0,0.0,0.0,0.0,1,4,0.0,0.0,0.0,0.0,1966.0,2.0,7,0,0.0,0.0,0.0,0.0
2187,9,23,1630,1,1,1,1.0,4.0,139.0,600,3.0,0.0,0.0,0.0,0.0,0.0,0.0,1,4,0.0,0.0,0.0,0.0,1966.0,1.0,7,0,0.0,0.0,0.0,0.0
2188,9,23,1630,1,1,1,1.0,4.0,139.0,600,3.0,0.0,0.0,0.0,0.0,0.0,0.0,1,4,0.0,0.0,0.0,0.0,1966.0,1.0,7,0,0.0,0.0,0.0,0.0
2189,10,4,1845,1,2,1,1.0,3.0,398.0,600,3.0,2.0,2.0,0.0,1.0,1.0,1.0,1,1,1.0,0.0,0.0,0.0,1968.0,0.0,33,0,0.0,2.0,2.0,17.0
2190,10,4,1845,1,2,1,1.0,3.0,398.0,600,3.0,2.0,2.0,0.0,1.0,1.0,1.0,1,1,1.0,0.0,0.0,0.0,1968.0,0.0,7,0,0.0,0.0,8.0,20.0
2191,10,4,1845,1,2,1,1.0,3.0,398.0,600,3.0,2.0,2.0,0.0,1.0,1.0,1.0,1,1,4.0,0.0,0.0,0.0,1960.0,0.0,33,0,0.0,2.0,2.0,17.0
2192,10,4,1845,1,2,1,1.0,3.0,398.0,600,3.0,2.0,2.0,0.0,1.0,1.0,1.0,1,1,4.0,0.0,0.0,0.0,1960.0,0.0,7,0,0.0,0.0,8.0,20.0
2193,10,13,1630,1,2,1,1.0,1.0,197.0,600,3.0,0.0,0.0,0.0,0.0,0.0,0.0,1,1,0.0,0.0,0.0,0.0,1991.0,0.0,7,0,0.0,2.0,1.0,1.0
2194,10,13,1630,1,2,1,1.0,1.0,197.0,600,3.0,0.0,0.0,0.0,0.0,0.0,0.0,1,1,0.0,0.0,0.0,0.0,1991.0,0.0,7,0,0.0,2.0,1.0,1.0
2195,10,13,1630,1,2,1,1.0,1.0,197.0,600,3.0,0.0,0.0,0.0,0.0,0.0,0.0,1,1,0.0,0.0,0.0,0.0,1961.0,0.0,7,0,0.0,2.0,1.0,1.0
2196,10,13,1630,1,2,1,1.0,1.0,197.0,600,3.0,0.0,0.0,0.0,0.0,0.0,0.0,1,1,0.0,0.0,0.0,0.0,1961.0,0.0,7,0,0.0,2.0,1.0,1.0
2197,12,7,2030,3,1,1,9.0,1.0,60.0,600,3.0,0.0,0.0,0.0,0.0,0.0,0.0,1,1,0.0,0.0,0.0,0.0,1978.0,0.0,10,0,0.0,0.0,0.0,0.0
2198,12,7,2030,3,1,1,9.0,1.0,60.0,600,3.0,0.0,0.0,0.0,0.0,0.0,0.0,1,1,0.0,0.0,0.0,0.0,1978.0,0.0,7,0,0.0,0.0,0.0,0.0
2199,12,7,2030,3,1,1,9.0,1.0,60.0,600,3.0,0.0,0.0,0.0,0.0,0.0,0.0,1,4,0.0,0.0,0.0,0.0,1967.0,0.0,10,0,0.0,0.0,0.0,0.0
2200,12,7,2030,3,1,1,9.0,1.0,60.0,600,3.0,0.0,0.0,0.0,0.0,0.0,0.0,1,4,0.0,0.0,0.0,0.0,1967.0,0.0,7,0,0.0,0.0,0.0,0.0
2201,12,14,1445,1,2,1,1.0,1.0,139.0,600,3.0,0.0,0.0,0.0,0.0,1.0,1.0,1,1,0.0,0.0,0.0,0.0,1955.0,0.0,13,0,0.0,0.0,0.0,0.0
2202,12,14,1445,1,2,1,1.0,1.0,139.0,600,3.0,0.0,0.0,0.0,0.0,1.0,1.0,1,1,0.0,0.0,0.0,0.0,1955.0,0.0,7,0,0.0,0.0,0.0,0.0
2203,12,14,1445,1,2,1,1.0,1.0,139.0,600,3.0,0.0,0.0,0.0,0.0,1.0,1.0,1,4,0.0,0.0,0.0,0.0,1975.0,0.0,13,0,0.0,0.0,0.0,0.0
2204,12,14,1445,1,2,1,1.0,1.0,139.0,600,3.0,0.0,0.0,0.0,0.0,1.0,1.0,1,4,0.0,0.0,0.0,0.0,1975.0,0.0,7,0,0.0,0.0,0.0,0.0
2205,12,14,1445,1,2,1,1.0,1.0,139.0,600,3.0,0.0,0.0,0.0,0.0,1.0,1.0,4,4,0.0,0.0,0.0,0.0,2003.0,0.0,13,0,0.0,0.0,0.0,0.0
2206,12,14,1445,1,2,1,1.0,1.0,139.0,600,3.0,0.0,0.0,0.0,0.0,1.0,1.0,4,4,0.0,0.0,0.0,0.0,2003.0,0.0,7,0,0.0,0.0,0.0,0.0
2207,12,26,1115,1,1,1,1.0,3.0,259.0,600,3.0,2.0,0.0,0.0,2.0,1.0,1.0,1,1,4.0,0.0,0.0,0.0,1997.0,0.0,1,0,0.0,2.0,1.0,1.0
2208,12,26,1115,1,1,1,1.0,3.0,259.0,600,3.0,2.0,0.0,0.0,2.0,1.0,1.0,1,1,4.0,0.0,0.0,0.0,1997.0,0.0,7,0,0.0,2.0,3.0,1.0
2209,12,26,1115,1,1,1,1.0,3.0,259.0,600,3.0,2.0,0.0,0.0,2.0,1.0,1.0,1,4,4.0,0.0,0.0,0.0,1973.0,0.0,1,0,0.0,2.0,1.0,1.0
2210,12,26,1115,1,1,1,1.0,3.0,259.0,600,3.0,2.0,0.0,0.0,2.0,1.0,1.0,1,4,4.0,0.0,0.0,0.0,1973.0,0.0,7,0,0.0,2.0,3.0,1.0
2211,2,19,1715,1,2,9,2.0,1.0,282.0,600,4.0,0.0,0.0,0.0,0.0,0.0,1.0,1,1,0.0,0.0,0.0,0.0,1987.0,0.0,7,0,0.0,0.0,1.0,0.0