,month,day,time,light,location,intersection,atmosphere,collision,municipality,department,road,traffic,nblanes,reslane,laneprofile,plan,surface,user,sex,route,pedlocation,pedaction,pedcondition,birth,dirtraffic,catvehicle,nboccupants,obstacle,movobstacle,impact,maneuver
2212,2,19,1715,1,2,9,2.0,1.0,282.0,600,4.0,0.0,0.0,0.0,0.0,0.0,1.0,1,1,0.0,0.0,0.0,0.0,1987.0,0.0,7,0,0.0,0.0,2.0,15.0
2213,2,19,1715,1,2,9,2.0,1.0,282.0,600,4.0,0.0,0.0,0.0,0.0,0.0,1.0,1,1,4.0,0.0,0.0,0.0,1970.0,0.0,7,0,0.0,0.0,1.0,0.0
2214,2,19,1715,1,2,9,2.0,1.0,282.0,600,4.0,0.0,0.0,0.0,0.0,0.0,1.0,1,1,4.0,0.0,0.0,0.0,1970.0,0.0,7,0,0.0,0.0,2.0,15.0
2215,2,2,1830,1,2,1,1.0,6.0,589.0,600,4.0,0.0,0.0,0.0,0.0,0.0,0.0,1,1,0.0,0.0,0.0,0.0,1966.0,0.0,7,0,0.0,1.0,0.0,0.0
2216,2,2,1830,1,2,1,1.0,6.0,589.0,600,4.0,0.0,0.0,0.0,0.0,0.0,0.0,3,4,0.0,0.0,0.0,0.0,1977.0,0.0,7,0,0.0,1.0,0.0,0.0
2217,5,5,1530,1,1,1,1.0,1.0,589.0,600,3.0,2.0,2.0,0.0,2.0,3.0,1.0,1,1,1.0,0.0,0.0,0.0,1980.0,1.0,33,0,0.0,2.0,1.0,13.0
2218,5,5,1530,1,1,1,1.0,1.0,589.0,600,3.0,2.0,2.0,0.0,2.0,3.0,1.0,1,1,1.0,0.0,0.0,0.0,1980.0,2.0,7,0,0.0,2.0,3.0,1.0
2219,5,5,1530,1,1,1,1.0,1.0,589.0,600,3.0,2.0,2.0,0.0,2.0,3.0,1.0,1,1,4.0,0.0,0.0,0.0,1956.0,1.0,33,0,0.0,2.0,1.0,13.0
2220,5,5,1530,1,1,1,1.0,1.0,589.0,600,3.0,2.0,2.0,0.0,2.0,3.0,1.0,1,1,4.0,0.0,0.0,0.0,1956.0,2.0,7,0,0.0,2.0,3.0,1.0
2221,5,5,1530,1,1,1,1.0,1.0,589.0,600,3.0,2.0,2.0,0.0,2.0,3.0,1.0,4,4,0.0,0.0,0.0,0.0,1957.0,1.0,33,0,0.0,2.0,1.0,13.0
2222,5,5,1530,1,1,1,1.0,1.0,589.0,600,3.0,2.0,2.0,0.0,2.0,3.0,1.0,4,4,0.0,0.0,0.0,0.0,1957.0,2.0,7,0,0.0,2.0,3.0,1.0
2223,7,8,1530,1,2,1,1.0,6.0,141.0,600,3.0,2.0,0.0,0.0,1.0,1.0,1.0,1,4,4.0,0.0,0.0,0.0,1986.0,1.0,7,0,0.0,1.0,3.0,19.0
2224,7,8,1530,1,2,1,1.0,6.0,141.0,600,3.0,2.0,0.0,0.0,1.0,1.0,1.0,3,1,4.0,3.0,3.0,1.0,1968.0,1.0,7,0,0.0,1.0,3.0,19.0
2225,7,10,15,3,1,1,1.0,1.0,282.0,600,3.0,0.0,0.0,0.0,0.0,0.0,0.0,1,1,2.0,0.0,0.0,0.0,1982.0,0.0,7,0,0.0,0.0,0.0,0.0
2226,7,10,15,3,1,1,1.0,1.0,282.0,600,3.0,0.0,0.0,0.0,0.0,0.0,0.0,1,1,2.0,0.0,0.0,0.0,1982.0,0.0,1,0,0.0,0.0,0.0,0.0
2227,7,10,15,3,1,1,1.0,1.0,282.0,600,3.0,0.0,0.0,0.0,0.0,0.0,0.0,4,1,0.0,0.0,0.0,0.0,1974.0,0.0,7,0,0.0,0.0,0.0,0.0
2228,7,10,15,3,1,1,1.0,1.0,282.0,600,3.0,0.0,0.0,0.0,0.0,0.0,0.0,4,1,0.0,0.0,0.0,0.0,1974.0,0.0,1,0,0.0,0.0,0.0,0.0
2229,7,10,15,3,1,1,1.0,1.0,282.0,600,3.0,0.0,0.0,0.0,0.0,0.0,0.0,4,1,0.0,0.0,0.0,0.0,1995.0,0.0,7,0,0.0,0.0,0.0,0.0
2230,7,10,15,3,1,1,1.0,1.0,282.0,600,3.0,0.0,0.0,0.0,0.0,0.0,0.0,4,1,0.0,0.0,0.0,0.0,1995.0,0.0,1,0,0.0,0.0,0.0,0.0
2231,7,10,15,3,1,1,1.0,1.0,282.0,600,3.0,0.0,0.0,0.0,0.0,0.0,0.0,1,1,0.0,0.0,0.0,0.0,1963.0,0.0,7,0,0.0,0.0,0.0,0.0
2232,7,10,15,3,1,1,1.0,1.0,282.0,600,3.0,0.0,0.0,0.0,0.0,0.0,0.0,1,1,0.0,0.0,0.0,0.0,1963.0,0.0,1,0,0.0,0.0,0.0,0.0
2233,9,11,45,3,1,1,1.0,1.0,695.0,600,3.0,2.0,2.0,0.0,2.0,4.0,1.0,1,1,4.0,0.0,0.0,0.0,1981.0,0.0,7,0,0.0,2.0,3.0,17.0
2234,9,11,45,3,1,1,1.0,1.0,695.0,600,3.0,2.0,2.0,0.0,2.0,4.0,1.0,1,1,4.0,0.0,0.0,0.0,1981.0,0.0,7,0,0.0,2.0,3.0,1.0
2235,9,11,45,3,1,1,1.0,1.0,695.0,600,3.0,2.0,2.0,0.0,2.0,4.0,1.0,1,1,0.0,0.0,0.0,0.0,1971.0,0.0,7,0,0.0,2.0,3.0,17.0
2236,9,11,45,3,1,1,1.0,1.0,695.0,600,3.0,2.0,2.0,0.0,2.0,4.0,1.0,1,1,0.0,0.0,0.0,0.0,1971.0,0.0,7,0,0.0,2.0,3.0,1.0
2237,12,8,1000,1,1,1,1.0,3.0,589.0,600,3.0,0.0,0.0,0.0,0.0,0.0,0.0,1,4,0.0,0.0,0.0,0.0,1985.0,0.0,7,0,0.0,0.0,0.0,0.0
2238,12,8,1000,1,1,1,1.0,3.0,589.0,600,3.0,0.0,0.0,0.0,0.0,0.0,0.0,1,4,0.0,0.0,0.0,0.0,1985.0,0.0,7,0,0.0,0.0,0.0,0.0
2239,12,8,1000,1,1,1,1.0,3.0,589.0,600,3.0,0.0,0.0,0.0,0.0,0.0,0.0,4,1,0.0,0.0,0.0,0.0,2014.0,0.0,7,0,0.0,0.0,0.0,0.0
2240,12,8,1000,1,1,1,1.0,3.0,589.0,600,3.0,0.0,0.0,0.0,0.0,0.0,0.0,4,1,0.0,0.0,0.0,0.0,2014.0,0.0,7,0,0.0,0.0,0.0,0.0
2241,12,8,1000,1,1,1,1.0,3.0,589.0,600,3.0,0.0,0.0,0.0,0.0,0.0,0.0,1,1,0.0,0.0,0.0,0.0,1978.0,0.0,7,0,0.0,0.0,0.0,0.0
2242,12,8,1000,1,1,1,1.0,3.0,589.0,600,3.0,0.0,0.0,0.0,0.0,0.0,0.0,1,1,0.0,0.0,0.0,0.0,1978.0,0.0,7,0,0.0,0.0,0.0,0.0
2243,12,8,1000,1,1,1,1.0,3.0,589.0,600,3.0,0.0,0.0,0.0,0.0,0.0,0.0,4,4,0.0,0.0,0.0,0.0,2001.0,0.0,7,0,0.0,0.0,0.0,0.0
2244,12,8,1000,1,1,1,1.0,3.0,589.0,600,3.0,0.0,0.0,0.0,0.0,0.0,0.0,4,4,0.0,0.0,0.0,0.0,2001.0,0.0,7,0,0.0,0.0,0.0,0.0
2245,1,8,1015,1,2,8,1.0,3.0,341.0,600,2.0,2.0,2.0,0.0,1.0,1.0,1.0,1,4,3.0,0.0,0.0,0.0,1951.0,2.0,7,0,0.0,4.0,7.0,23.0
2246,1,8,1015,1,2,8,1.0,3.0,341.0,600,2.0,2.0,2.0,0.0,1.0,1.0,1.0,1,4,3.0,0.0,0.0,0.0,1951.0,1.0,39,0,0.0,2.0,1.0,1.0
2247,1,8,1015,1,2,8,1.0,3.0,341.0,600,2.0,2.0,2.0,0.0,1.0,1.0,1.0,1,1,2.0,0.0,0.0,0.0,1965.0,2.0,7,0,0.0,4.0,7.0,23.0
2248,1,8,1015,1,2,8,1.0,3.0,341.0,600,2.0,2.0,2.0,0.0,1.0,1.0,1.0,1,1,2.0,0.0,0.0,0.0,1965.0,1.0,39,0,0.0,2.0,1.0,1.0
2249,3,15,530,3,1,1,1.0,7.0,79.0,600,2.0,3.0,0.0,0.0,0.0,1.0,1.0,1,1,1.0,0.0,0.0,0.0,1986.0,2.0,7,0,11.0,0.0,1.0,0.0
2250,3,29,1945,1,1,9,8.0,2.0,446.0,600,2.0,3.0,0.0,0.0,1.0,0.0,2.0,1,4,4.0,0.0,0.0,0.0,1961.0,1.0,7,0,13.0,0.0,1.0,3.0
2251,3,29,1945,1,1,9,8.0,2.0,446.0,600,2.0,3.0,0.0,0.0,1.0,0.0,2.0,1,4,4.0,0.0,0.0,0.0,1961.0,1.0,7,0,13.0,0.0,4.0,1.0
2252,3,29,1945,1,1,9,8.0,2.0,446.0,600,2.0,3.0,0.0,0.0,1.0,0.0,2.0,4,4,4.0,0.0,0.0,0.0,1961.0,1.0,7,0,13.0,0.0,1.0,3.0
2253,3,29,1945,1,1,9,8.0,2.0,446.0,600,2.0,3.0,0.0,0.0,1.0,0.0,2.0,4,4,4.0,0.0,0.0,0.0,1961.0,1.0,7,0,13.0,0.0,4.0,1.0
2254,3,29,1945,1,1,9,8.0,2.0,446.0,600,2.0,3.0,0.0,0.0,1.0,0.0,2.0,1,1,1.0,0.0,0.0,0.0,1954.0,1.0,7,0,13.0,0.0,1.0,3.0
2255,3,29,1945,1,1,9,8.0,2.0,446.0,600,2.0,3.0,0.0,0.0,1.0,0.0,2.0,1,1,1.0,0.0,0.0,0.0,1954.0,1.0,7,0,13.0,0.0,4.0,1.0
2256,3,29,1945,1,1,9,8.0,2.0,446.0,600,2.0,3.0,0.0,0.0,1.0,0.0,2.0,4,1,4.0,0.0,0.0,0.0,1958.0,1.0,7,0,13.0,0.0,1.0,3.0
2257,3,29,1945,1,1,9,8.0,2.0,446.0,600,2.0,3.0,0.0,0.0,1.0,0.0,2.0,4,1,4.0,0.0,0.0,0.0,1958.0,1.0,7,0,13.0,0.0,4.0,1.0
2258,4,5,2315,3,2,2,1.0,3.0,341.0,600,2.0,2.0,2.0,0.0,1.0,1.0,1.0,1,1,4.0,0.0,0.0,0.0,1941.0,1.0,34,0,0.0,2.0,1.0,1.0
2259,4,5,2315,3,2,2,1.0,3.0,341.0,600,2.0,2.0,2.0,0.0,1.0,1.0,1.0,1,1,4.0,0.0,0.0,0.0,1941.0,0.0,7,0,0.0,2.0,6.0,19.0
2260,4,5,2315,3,2,2,1.0,3.0,341.0,600,2.0,2.0,2.0,0.0,1.0,1.0,1.0,4,1,4.0,0.0,0.0,0.0,1985.0,1.0,34,0,0.0,2.0,1.0,1.0
2261,4,5,2315,3,2,2,1.0,3.0,341.0,600,2.0,2.0,2.0,0.0,1.0,1.0,1.0,4,1,4.0,0.0,0.0,0.0,1985.0,0.0,7,0,0.0,2.0,6.0,19.0
2262,4,5,2315,3,2,2,1.0,3.0,341.0,600,2.0,2.0,2.0,0.0,1.0,1.0,1.0,1,1,4.0,0.0,0.0,0.0,1988.0,1.0,34,0,0.0,2.0,1.0,1.0
2263,4,5,2315,3,2,2,1.0,3.0,341.0,600,2.0,2.0,2.0,0.0,1.0,1.0,1.0,1,1,4.0,0.0,0.0,0.0,1988.0,0.0,7,0,0.0,2.0,6.0,19.0
2264,4,5,2315,3,2,2,1.0,3.0,341.0,600,2.0,2.0,2.0,0.0,1.0,1.0,1.0,4,1,1.0,0.0,0.0,0.0,1988.0,1.0,34,0,0.0,2.0,1.0,1.0
2265,4,5,2315,3,2,2,1.0,3.0,341.0,600,2.0,2.0,2.0,0.0,1.0,1.0,1.0,4,1,1.0,0.0,0.0,0.0,1988.0,0.0,7,0,0.0,2.0,6.0,19.0
2266,4,21,1700,1,1,1,1.0,3.0,226.0,600,3.0,2.0,2.0,0.0,0.0,1.0,1.0,1,1,2.0,0.0,0.0,0.0,1962.0,0.0,10,0,0.0,2.0,1.0,15.0
2267,4,21,1700,1,1,1,1.0,3.0,226.0,600,3.0,2.0,2.0,0.0,0.0,1.0,1.0,1,1,2.0,0.0,0.0,0.0,1962.0,1.0,33,0,0.0,2.0,1.0,1.0
2268,4,21,1700,1,1,1,1.0,3.0,226.0,600,3.0,2.0,2.0,0.0,0.0,1.0,1.0,1,1,4.0,0.0,0.0,0.0,1985.0,0.0,10,0,0.0,2.0,1.0,15.0
2269,4,21,1700,1,1,1,1.0,3.0,226.0,600,3.0,2.0,2.0,0.0,0.0,1.0,1.0,1,1,4.0,0.0,0.0,0.0,1985.0,1.0,33,0,0.0,2.0,1.0,1.0
2270,5,8,1815,1,1,6,1.0,1.0,446.0,600,3.0,0.0,0.0,0.0,1.0,1.0,0.0,1,1,4.0,0.0,0.0,0.0,1943.0,0.0,7,0,0.0,2.0,2.0,1.0
2271,5,8,1815,1,1,6,1.0,1.0,446.0,600,3.0,0.0,0.0,0.0,1.0,1.0,0.0,1,1,4.0,0.0,0.0,0.0,1943.0,0.0,7,0,0.0,2.0,3.0,5.0
2272,5,8,1815,1,1,6,1.0,1.0,446.0,600,3.0,0.0,0.0,0.0,1.0,1.0,0.0,4,1,0.0,0.0,0.0,0.0,1955.0,0.0,7,0,0.0,2.0,2.0,1.0
2273,5,8,1815,1,1,6,1.0,1.0,446.0,600,3.0,0.0,0.0,0.0,1.0,1.0,0.0,4,1,0.0,0.0,0.0,0.0,1955.0,0.0,7,0,0.0,2.0,3.0,5.0
2274,5,8,1815,1,1,6,1.0,1.0,446.0,600,3.0,0.0,0.0,0.0,1.0,1.0,0.0,4,4,0.0,0.0,0.0,0.0,1966.0,0.0,7,0,0.0,2.0,2.0,1.0
2275,5,8,1815,1,1,6,1.0,1.0,446.0,600,3.0,0.0,0.0,0.0,1.0,1.0,0.0,4,4,0.0,0.0,0.0,0.0,1966.0,0.0,7,0,0.0,2.0,3.0,5.0
2276,5,8,1815,1,1,6,1.0,1.0,446.0,600,3.0,0.0,0.0,0.0,1.0,1.0,0.0,1,4,4.0,0.0,0.0,0.0,1963.0,0.0,7,0,0.0,2.0,2.0,1.0
2277,5,8,1815,1,1,6,1.0,1.0,446.0,600,3.0,0.0,0.0,0.0,1.0,1.0,0.0,1,4,4.0,0.0,0.0,0.0,1963.0,0.0,7,0,0.0,2.0,3.0,5.0
2278,5,8,1815,1,1,6,1.0,1.0,446.0,600,3.0,0.0,0.0,0.0,1.0,1.0,0.0,4,1,4.0,0.0,0.0,0.0,1991.0,0.0,7,0,0.0,2.0,2.0,1.0
2279,5,8,1815,1,1,6,1.0,1.0,446.0,600,3.0,0.0,0.0,0.0,1.0,1.0,0.0,4,1,4.0,0.0,0.0,0.0,1991.0,0.0,7,0,0.0,2.0,3.0,5.0
2280,5,13,515,3,1,1,1.0,6.0,241.0,600,3.0,2.0,2.0,0.0,1.0,3.0,1.0,1,1,9.0,0.0,0.0,0.0,1972.0,2.0,7,0,2.0,0.0,1.0,1.0
2281,8,16,315,3,1,1,1.0,6.0,341.0,600,2.0,3.0,2.0,3.0,1.0,1.0,1.0,3,1,0.0,0.0,0.0,1.0,1991.0,0.0,7,0,0.0,1.0,0.0,0.0
2282,9,9,1915,1,1,1,1.0,1.0,671.0,600,3.0,2.0,2.0,0.0,1.0,0.0,1.0,1,1,0.0,0.0,0.0,0.0,1975.0,0.0,7,0,0.0,2.0,7.0,13.0
2283,9,9,1915,1,1,1,1.0,1.0,671.0,600,3.0,2.0,2.0,0.0,1.0,0.0,1.0,1,1,0.0,0.0,0.0,0.0,1975.0,0.0,7,0,0.0,2.0,1.0,1.0
2284,9,9,1915,1,1,1,1.0,1.0,671.0,600,3.0,2.0,2.0,0.0,1.0,0.0,1.0,4,1,4.0,0.0,0.0,0.0,1981.0,0.0,7,0,0.0,2.0,7.0,13.0
2285,9,9,1915,1,1,1,1.0,1.0,671.0,600,3.0,2.0,2.0,0.0,1.0,0.0,1.0,4,1,4.0,0.0,0.0,0.0,1981.0,0.0,7,0,0.0,2.0,1.0,1.0
2286,9,9,1915,1,1,1,1.0,1.0,671.0,600,3.0,2.0,2.0,0.0,1.0,0.0,1.0,1,4,0.0,0.0,0.0,0.0,1974.0,0.0,7,0,0.0,2.0,7.0,13.0
2287,9,9,1915,1,1,1,1.0,1.0,671.0,600,3.0,2.0,2.0,0.0,1.0,0.0,1.0,1,4,0.0,0.0,0.0,0.0,1974.0,0.0,7,0,0.0,2.0,1.0,1.0
2288,9,9,1915,1,1,1,1.0,1.0,671.0,600,3.0,2.0,2.0,0.0,1.0,0.0,1.0,4,1,9.0,0.0,0.0,0.0,1952.0,0.0,7,0,0.0,2.0,7.0,13.0
2289,9,9,1915,1,1,1,1.0,1.0,671.0,600,3.0,2.0,2.0,0.0,1.0,0.0,1.0,4,1,9.0,0.0,0.0,0.0,1952.0,0.0,7,0,0.0,2.0,1.0,1.0
2290,9,9,1915,1,1,1,1.0,1.0,671.0,600,3.0,2.0,2.0,0.0,1.0,0.0,1.0,4,1,0.0,0.0,0.0,0.0,1967.0,0.0,7,0,0.0,2.0,7.0,13.0
2291,9,9,1915,1,1,1,1.0,1.0,671.0,600,3.0,2.0,2.0,0.0,1.0,0.0,1.0,4,1,0.0,0.0,0.0,0.0,1967.0,0.0,7,0,0.0,2.0,1.0,1.0
2292,9,9,1915,1,1,1,1.0,1.0,671.0,600,3.0,2.0,2.0,0.0,1.0,0.0,1.0,4,1,0.0,0.0,0.0,0.0,2001.0,0.0,7,0,0.0,2.0,7.0,13.0
2293,9,9,1915,1,1,1,1.0,1.0,671.0,600,3.0,2.0,2.0,0.0,1.0,0.0,1.0,4,1,0.0,0.0,0.0,0.0,2001.0,0.0,7,0,0.0,2.0,1.0,1.0
2294,9,9,1915,1,1,1,1.0,1.0,671.0,600,3.0,2.0,2.0,0.0,1.0,0.0,1.0,4,1,0.0,0.0,0.0,0.0,1998.0,0.0,7,0,0.0,2.0,7.0,13.0
2295,9,9,1915,1,1,1,1.0,1.0,671.0,600,3.0,2.0,2.0,0.0,1.0,0.0,1.0,4,1,0.0,0.0,0.0,0.0,1998.0,0.0,7,0,0.0,2.0,1.0,1.0
2296,12,2,1400,1,1,1,1.0,1.0,500.0,600,2.0,2.0,2.0,0.0,1.0,1.0,1.0,1,1,9.0,0.0,0.0,0.0,1986.0,1.0,7,0,0.0,0.0,1.0,1.0
2297,12,2,1400,1,1,1,1.0,1.0,500.0,600,2.0,2.0,2.0,0.0,1.0,1.0,1.0,1,1,9.0,0.0,0.0,0.0,1986.0,2.0,7,0,0.0,0.0,1.0,13.0
2298,12,2,1400,1,1,1,1.0,1.0,500.0,600,2.0,2.0,2.0,0.0,1.0,1.0,1.0,1,1,1.0,0.0,0.0,0.0,1997.0,1.0,7,0,0.0,0.0,1.0,1.0
2299,12,2,1400,1,1,1,1.0,1.0,500.0,600,2.0,2.0,2.0,0.0,1.0,1.0,1.0,1,1,1.0,0.0,0.0,0.0,1997.0,2.0,7,0,0.0,0.0,1.0,13.0
2300,3,10,1645,1,2,1,1.0,3.0,670.0,600,4.0,2.0,2.0,0.0,1.0,1.0,1.0,1,1,4.0,0.0,0.0,0.0,1971.0,0.0,10,0,0.0,0.0,6.0,1.0
2301,3,10,1645,1,2,1,1.0,3.0,670.0,600,4.0,2.0,2.0,0.0,1.0,1.0,1.0,1,1,4.0,0.0,0.0,0.0,1971.0,0.0,7,0,0.0,0.0,2.0,16.0
2302,3,10,1645,1,2,1,1.0,3.0,670.0,600,4.0,2.0,2.0,0.0,1.0,1.0,1.0,1,1,4.0,0.0,0.0,0.0,1994.0,0.0,10,0,0.0,0.0,6.0,1.0
2303,3,10,1645,1,2,1,1.0,3.0,670.0,600,4.0,2.0,2.0,0.0,1.0,1.0,1.0,1,1,4.0,0.0,0.0,0.0,1994.0,0.0,7,0,0.0,0.0,2.0,16.0
2304,4,11,1845,1,2,1,1.0,3.0,667.0,600,3.0,4.0,0.0,0.0,1.0,1.0,1.0,1,1,2.0,0.0,0.0,0.0,1994.0,0.0,17,0,0.0,2.0,2.0,1.0
2305,4,11,1845,1,2,1,1.0,3.0,667.0,600,3.0,4.0,0.0,0.0,1.0,1.0,1.0,1,1,2.0,0.0,0.0,0.0,1994.0,0.0,14,0,0.0,2.0,8.0,16.0
2306,4,11,1845,1,2,1,1.0,3.0,667.0,600,3.0,4.0,0.0,0.0,1.0,1.0,1.0,1,1,3.0,0.0,0.0,0.0,1978.0,0.0,17,0,0.0,2.0,2.0,1.0
2307,4,11,1845,1,2,1,1.0,3.0,667.0,600,3.0,4.0,0.0,0.0,1.0,1.0,1.0,1,1,3.0,0.0,0.0,0.0,1978.0,0.0,14,0,0.0,2.0,8.0,16.0
2308,6,27,1230,1,1,1,1.0,1.0,650.0,600,3.0,2.0,2.0,0.0,1.0,1.0,1.0,1,1,4.0,0.0,0.0,0.0,1939.0,0.0,7,0,0.0,2.0,3.0,13.0
2309,6,27,1230,1,1,1,1.0,1.0,650.0,600,3.0,2.0,2.0,0.0,1.0,1.0,1.0,1,1,4.0,0.0,0.0,0.0,1939.0,0.0,7,0,0.0,2.0,1.0,1.0
2310,6,27,1230,1,1,1,1.0,1.0,650.0,600,3.0,2.0,2.0,0.0,1.0,1.0,1.0,1,1,2.0,0.0,0.0,0.0,1971.0,0.0,7,0,0.0,2.0,3.0,13.0
2311,6,27,1230,1,1,1,1.0,1.0,650.0,600,3.0,2.0,2.0,0.0,1.0,1.0,1.0,1,1,2.0,0.0,0.0,0.0,1971.0,0.0,7,0,0.0,2.0,1.0,1.0
2312,7,29,1645,1,2,1,1.0,1.0,68.0,600,4.0,2.0,0.0,0.0,1.0,0.0,1.0,1,1,2.0,0.0,0.0,0.0,1963.0,0.0,7,0,0.0,0.0,3.0,1.0
2313,7,29,1645,1,2,1,1.0,1.0,68.0,600,4.0,2.0,0.0,0.0,1.0,0.0,1.0,1,1,2.0,0.0,0.0,0.0,1963.0,0.0,7,0,0.0,0.0,3.0,1.0
2314,7,29,1645,1,2,1,1.0,1.0,68.0,600,4.0,2.0,0.0,0.0,1.0,0.0,1.0,1,1,4.0,0.0,0.0,0.0,1993.0,0.0,7,0,0.0,0.0,3.0,1.0
2315,7,29,1645,1,2,1,1.0,1.0,68.0,600,4.0,2.0,0.0,0.0,1.0,0.0,1.0,1,1,4.0,0.0,0.0,0.0,1993.0,0.0,7,0,0.0,0.0,3.0,1.0
2316,7,29,1645,1,2,1,1.0,1.0,68.0,600,4.0,2.0,0.0,0.0,1.0,0.0,1.0,4,4,0.0,0.0,0.0,0.0,1933.0,0.0,7,0,0.0,0.0,3.0,1.0
2317,7,29,1645,1,2,1,1.0,1.0,68.0,600,4.0,2.0,0.0,0.0,1.0,0.0,1.0,4,4,0.0,0.0,0.0,0.0,1933.0,0.0,7,0,0.0,0.0,3.0,1.0
2318,4,27,2230,3,1,1,1.0,6.0,614.0,760,3.0,2.0,2.0,0.0,2.0,4.0,1.0,1,1,4.0,0.0,0.0,0.0,1988.0,2.0,33,0,3.0,0.0,7.0,1.0
2319,4,27,2230,3,1,1,1.0,6.0,614.0,760,3.0,2.0,2.0,0.0,2.0,4.0,1.0,4,4,0.0,0.0,0.0,0.0,1997.0,2.0,33,0,3.0,0.0,7.0,1.0
2320,6,20,730,1,1,1,3.0,3.0,614.0,760,3.0,2.0,3.0,0.0,4.0,4.0,2.0,1,1,1.0,0.0,0.0,0.0,1993.0,0.0,7,0,0.0,2.0,7.0,0.0
2321,6,20,730,1,1,1,3.0,3.0,614.0,760,3.0,2.0,3.0,0.0,4.0,4.0,2.0,1,1,1.0,0.0,0.0,0.0,1993.0,0.0,7,0,0.0,2.0,3.0,1.0
2322,6,20,730,1,1,1,3.0,3.0,614.0,760,3.0,2.0,3.0,0.0,4.0,4.0,2.0,1,4,1.0,0.0,0.0,0.0,1991.0,0.0,7,0,0.0,2.0,7.0,0.0
2323,6,20,730,1,1,1,3.0,3.0,614.0,760,3.0,2.0,3.0,0.0,4.0,4.0,2.0,1,4,1.0,0.0,0.0,0.0,1991.0,0.0,7,0,0.0,2.0,3.0,1.0
2324,8,25,1400,1,2,3,1.0,2.0,354.0,760,3.0,2.0,2.0,0.0,2.0,1.0,1.0,1,4,4.0,0.0,0.0,0.0,1995.0,1.0,33,0,0.0,2.0,1.0,1.0
2325,8,25,1400,1,2,3,1.0,2.0,354.0,760,3.0,2.0,2.0,0.0,2.0,1.0,1.0,1,4,4.0,0.0,0.0,0.0,1995.0,1.0,7,0,0.0,2.0,4.0,1.0
2326,8,25,1400,1,2,3,1.0,2.0,354.0,760,3.0,2.0,2.0,0.0,2.0,1.0,1.0,1,4,2.0,0.0,0.0,0.0,1978.0,1.0,33,0,0.0,2.0,1.0,1.0
2327,8,25,1400,1,2,3,1.0,2.0,354.0,760,3.0,2.0,2.0,0.0,2.0,1.0,1.0,1,4,2.0,0.0,0.0,0.0,1978.0,1.0,7,0,0.0,2.0,4.0,1.0
2328,8,25,1400,1,2,3,1.0,2.0,354.0,760,3.0,2.0,2.0,0.0,2.0,1.0,1.0,4,4,0.0,0.0,0.0,0.0,1986.0,1.0,33,0,0.0,2.0,1.0,1.0
2329,8,25,1400,1,2,3,1.0,2.0,354.0,760,3.0,2.0,2.0,0.0,2.0,1.0,1.0,4,4,0.0,0.0,0.0,0.0,1986.0,1.0,7,0,0.0,2.0,4.0,1.0
2330,8,25,1400,1,2,3,1.0,2.0,354.0,760,3.0,2.0,2.0,0.0,2.0,1.0,1.0,4,4,0.0,0.0,0.0,0.0,1972.0,1.0,33,0,0.0,2.0,1.0,1.0
2331,8,25,1400,1,2,3,1.0,2.0,354.0,760,3.0,2.0,2.0,0.0,2.0,1.0,1.0,4,4,0.0,0.0,0.0,0.0,1972.0,1.0,7,0,0.0,2.0,4.0,1.0
2332,5,16,1830,1,1,2,1.0,3.0,517.0,760,3.0,2.0,2.0,0.0,1.0,1.0,1.0,1,1,4.0,0.0,0.0,0.0,1973.0,2.0,1,0,0.0,2.0,8.0,1.0
2333,5,16,1830,1,1,2,1.0,3.0,517.0,760,3.0,2.0,2.0,0.0,1.0,1.0,1.0,1,1,4.0,0.0,0.0,0.0,1973.0,2.0,7,0,0.0,2.0,2.0,2.0
2334,6,7,945,1,1,2,1.0,3.0,123.0,760,3.0,2.0,2.0,0.0,1.0,1.0,1.0,1,1,1.0,0.0,0.0,0.0,1994.0,1.0,7,0,0.0,2.0,2.0,1.0
2335,6,7,945,1,1,2,1.0,3.0,123.0,760,3.0,2.0,2.0,0.0,1.0,1.0,1.0,1,1,1.0,0.0,0.0,0.0,1994.0,1.0,1,0,0.0,2.0,8.0,1.0
2336,6,7,945,1,1,2,1.0,3.0,123.0,760,3.0,2.0,2.0,0.0,1.0,1.0,1.0,1,1,1.0,0.0,0.0,0.0,1963.0,1.0,7,0,0.0,2.0,2.0,1.0
2337,6,7,945,1,1,2,1.0,3.0,123.0,760,3.0,2.0,2.0,0.0,1.0,1.0,1.0,1,1,1.0,0.0,0.0,0.0,1963.0,1.0,1,0,0.0,2.0,8.0,1.0
2338,6,10,1530,1,1,1,1.0,3.0,245.0,760,3.0,2.0,2.0,0.0,2.0,1.0,1.0,1,1,4.0,0.0,0.0,0.0,1983.0,2.0,33,0,0.0,2.0,1.0,1.0
2339,6,10,1530,1,1,1,1.0,3.0,245.0,760,3.0,2.0,2.0,0.0,2.0,1.0,1.0,1,1,4.0,0.0,0.0,0.0,1983.0,1.0,7,0,0.0,2.0,8.0,19.0
2340,6,10,1530,1,1,1,1.0,3.0,245.0,760,3.0,2.0,2.0,0.0,2.0,1.0,1.0,1,1,4.0,0.0,0.0,0.0,1939.0,2.0,33,0,0.0,2.0,1.0,1.0
2341,6,10,1530,1,1,1,1.0,3.0,245.0,760,3.0,2.0,2.0,0.0,2.0,1.0,1.0,1,1,4.0,0.0,0.0,0.0,1939.0,1.0,7,0,0.0,2.0,8.0,19.0