,month,day,time,light,location,intersection,atmosphere,collision,municipality,department,road,traffic,nblanes,reslane,laneprofile,plan,surface,user,sex,route,pedlocation,pedaction,pedcondition,birth,dirtraffic,catvehicle,nboccupants,obstacle,movobstacle,impact,maneuver
2342,8,22,1730,1,1,1,1.0,1.0,245.0,760,3.0,2.0,2.0,0.0,2.0,3.0,1.0,1,1,1.0,0.0,0.0,0.0,1998.0,2.0,2,0,0.0,2.0,1.0,13.0
2343,8,22,1730,1,1,1,1.0,1.0,245.0,760,3.0,2.0,2.0,0.0,2.0,3.0,1.0,1,1,1.0,0.0,0.0,0.0,1998.0,1.0,7,0,0.0,2.0,3.0,1.0
2344,8,22,1730,1,1,1,1.0,1.0,245.0,760,3.0,2.0,2.0,0.0,2.0,3.0,1.0,1,4,9.0,0.0,0.0,0.0,1958.0,2.0,2,0,0.0,2.0,1.0,13.0
2345,8,22,1730,1,1,1,1.0,1.0,245.0,760,3.0,2.0,2.0,0.0,2.0,3.0,1.0,1,4,9.0,0.0,0.0,0.0,1958.0,1.0,7,0,0.0,2.0,3.0,1.0
2346,2,25,1115,1,1,2,7.0,3.0,677.0,760,3.0,2.0,2.0,0.0,0.0,1.0,1.0,1,4,4.0,0.0,0.0,0.0,1964.0,2.0,7,0,0.0,0.0,3.0,1.0
2347,2,25,1115,1,1,2,7.0,3.0,677.0,760,3.0,2.0,2.0,0.0,0.0,1.0,1.0,1,4,4.0,0.0,0.0,0.0,1964.0,1.0,10,0,0.0,0.0,2.0,1.0
2348,2,25,1115,1,1,2,7.0,3.0,677.0,760,3.0,2.0,2.0,0.0,0.0,1.0,1.0,1,1,2.0,0.0,0.0,0.0,1961.0,2.0,7,0,0.0,0.0,3.0,1.0
2349,2,25,1115,1,1,2,7.0,3.0,677.0,760,3.0,2.0,2.0,0.0,0.0,1.0,1.0,1,1,2.0,0.0,0.0,0.0,1961.0,1.0,10,0,0.0,0.0,2.0,1.0
2350,4,2,1330,1,2,2,8.0,3.0,71.0,760,4.0,2.0,0.0,0.0,0.0,1.0,1.0,1,1,0.0,0.0,0.0,0.0,1949.0,0.0,7,0,0.0,0.0,3.0,1.0
2351,4,2,1330,1,2,2,8.0,3.0,71.0,760,4.0,2.0,0.0,0.0,0.0,1.0,1.0,1,1,0.0,0.0,0.0,0.0,1949.0,0.0,2,0,0.0,0.0,1.0,1.0
2352,4,2,1330,1,2,2,8.0,3.0,71.0,760,4.0,2.0,0.0,0.0,0.0,1.0,1.0,4,4,0.0,0.0,0.0,0.0,1951.0,0.0,7,0,0.0,0.0,3.0,1.0
2353,4,2,1330,1,2,2,8.0,3.0,71.0,760,4.0,2.0,0.0,0.0,0.0,1.0,1.0,4,4,0.0,0.0,0.0,0.0,1951.0,0.0,2,0,0.0,0.0,1.0,1.0
2354,4,2,1330,1,2,2,8.0,3.0,71.0,760,4.0,2.0,0.0,0.0,0.0,1.0,1.0,1,1,4.0,0.0,0.0,0.0,2001.0,0.0,7,0,0.0,0.0,3.0,1.0
2355,4,2,1330,1,2,2,8.0,3.0,71.0,760,4.0,2.0,0.0,0.0,0.0,1.0,1.0,1,1,4.0,0.0,0.0,0.0,2001.0,0.0,2,0,0.0,0.0,1.0,1.0
2356,4,2,1330,1,2,2,8.0,3.0,71.0,760,4.0,2.0,0.0,0.0,0.0,1.0,1.0,4,1,0.0,0.0,0.0,0.0,2001.0,0.0,7,0,0.0,0.0,3.0,1.0
2357,4,2,1330,1,2,2,8.0,3.0,71.0,760,4.0,2.0,0.0,0.0,0.0,1.0,1.0,4,1,0.0,0.0,0.0,0.0,2001.0,0.0,2,0,0.0,0.0,1.0,1.0
2358,7,25,1800,1,2,1,1.0,3.0,624.0,760,3.0,2.0,2.0,0.0,1.0,1.0,1.0,1,1,4.0,0.0,0.0,0.0,1996.0,1.0,2,0,0.0,2.0,2.0,17.0
2359,7,25,1800,1,2,1,1.0,3.0,624.0,760,3.0,2.0,2.0,0.0,1.0,1.0,1.0,1,1,4.0,0.0,0.0,0.0,1996.0,1.0,10,0,0.0,0.0,3.0,15.0
2360,7,25,1800,1,2,1,1.0,3.0,624.0,760,3.0,2.0,2.0,0.0,1.0,1.0,1.0,4,4,0.0,0.0,0.0,0.0,2002.0,1.0,2,0,0.0,2.0,2.0,17.0
2361,7,25,1800,1,2,1,1.0,3.0,624.0,760,3.0,2.0,2.0,0.0,1.0,1.0,1.0,4,4,0.0,0.0,0.0,0.0,2002.0,1.0,10,0,0.0,0.0,3.0,15.0
2362,7,25,1800,1,2,1,1.0,3.0,624.0,760,3.0,2.0,2.0,0.0,1.0,1.0,1.0,1,4,4.0,0.0,0.0,0.0,1974.0,1.0,2,0,0.0,2.0,2.0,17.0
2363,7,25,1800,1,2,1,1.0,3.0,624.0,760,3.0,2.0,2.0,0.0,1.0,1.0,1.0,1,4,4.0,0.0,0.0,0.0,1974.0,1.0,10,0,0.0,0.0,3.0,15.0
2364,1,15,1330,1,2,2,1.0,3.0,549.0,760,3.0,2.0,2.0,0.0,1.0,0.0,1.0,1,4,4.0,0.0,0.0,0.0,1946.0,1.0,7,0,0.0,2.0,8.0,19.0
2365,1,15,1330,1,2,2,1.0,3.0,549.0,760,3.0,2.0,2.0,0.0,1.0,0.0,1.0,1,4,4.0,0.0,0.0,0.0,1946.0,1.0,10,0,0.0,2.0,1.0,1.0
2366,1,15,1330,1,2,2,1.0,3.0,549.0,760,3.0,2.0,2.0,0.0,1.0,0.0,1.0,1,1,2.0,0.0,0.0,0.0,1978.0,1.0,7,0,0.0,2.0,8.0,19.0
2367,1,15,1330,1,2,2,1.0,3.0,549.0,760,3.0,2.0,2.0,0.0,1.0,0.0,1.0,1,1,2.0,0.0,0.0,0.0,1978.0,1.0,10,0,0.0,2.0,1.0,1.0
2368,2,19,445,4,2,1,4.0,7.0,205.0,760,3.0,2.0,2.0,0.0,0.0,1.0,7.0,1,1,1.0,0.0,0.0,0.0,1960.0,1.0,30,0,0.0,0.0,7.0,1.0
2369,2,21,1700,1,1,2,1.0,3.0,360.0,760,3.0,2.0,2.0,0.0,1.0,1.0,1.0,1,1,4.0,0.0,0.0,0.0,1988.0,1.0,7,0,13.0,2.0,8.0,1.0
2370,2,21,1700,1,1,2,1.0,3.0,360.0,760,3.0,2.0,2.0,0.0,1.0,1.0,1.0,1,1,4.0,0.0,0.0,0.0,1988.0,1.0,7,0,0.0,2.0,1.0,1.0
2371,2,21,1700,1,1,2,1.0,3.0,360.0,760,3.0,2.0,2.0,0.0,1.0,1.0,1.0,1,1,4.0,0.0,0.0,0.0,1979.0,1.0,7,0,13.0,2.0,8.0,1.0
2372,2,21,1700,1,1,2,1.0,3.0,360.0,760,3.0,2.0,2.0,0.0,1.0,1.0,1.0,1,1,4.0,0.0,0.0,0.0,1979.0,1.0,7,0,0.0,2.0,1.0,1.0
2373,4,29,2245,3,1,1,1.0,6.0,334.0,760,3.0,2.0,2.0,0.0,1.0,1.0,1.0,1,1,4.0,0.0,0.0,0.0,1956.0,1.0,7,0,0.0,1.0,1.0,2.0
2374,4,29,2245,3,1,1,1.0,6.0,334.0,760,3.0,2.0,2.0,0.0,1.0,1.0,1.0,3,1,4.0,1.0,1.0,1.0,1968.0,1.0,7,0,0.0,1.0,1.0,2.0
2375,7,14,400,3,1,1,1.0,6.0,133.0,760,3.0,2.0,2.0,0.0,0.0,2.0,1.0,1,1,4.0,0.0,0.0,0.0,1973.0,2.0,7,0,0.0,0.0,7.0,1.0
2376,7,14,400,3,1,1,1.0,6.0,133.0,760,3.0,2.0,2.0,0.0,0.0,2.0,1.0,4,4,0.0,0.0,0.0,0.0,1993.0,2.0,7,0,0.0,0.0,7.0,1.0
2377,7,14,400,3,1,1,1.0,6.0,133.0,760,3.0,2.0,2.0,0.0,0.0,2.0,1.0,4,1,0.0,0.0,0.0,0.0,1993.0,2.0,7,0,0.0,0.0,7.0,1.0
2378,7,14,400,3,1,1,1.0,6.0,133.0,760,3.0,2.0,2.0,0.0,0.0,2.0,1.0,4,1,0.0,0.0,0.0,0.0,1993.0,2.0,7,0,0.0,0.0,7.0,1.0
2379,7,19,1315,1,1,1,7.0,6.0,85.0,760,3.0,2.0,2.0,0.0,1.0,2.0,1.0,1,1,1.0,0.0,0.0,0.0,1978.0,1.0,33,0,6.0,0.0,1.0,1.0
2380,8,12,2345,5,2,1,1.0,6.0,397.0,760,4.0,2.0,2.0,0.0,2.0,4.0,1.0,1,1,4.0,0.0,0.0,0.0,1988.0,0.0,7,0,6.0,0.0,1.0,1.0
2381,8,12,2345,5,2,1,1.0,6.0,397.0,760,4.0,2.0,2.0,0.0,2.0,4.0,1.0,4,1,0.0,0.0,0.0,0.0,1994.0,0.0,7,0,6.0,0.0,1.0,1.0
2382,9,28,1115,1,2,4,1.0,1.0,482.0,760,3.0,0.0,2.0,0.0,1.0,2.0,1.0,1,4,4.0,0.0,0.0,0.0,1933.0,0.0,7,0,0.0,2.0,1.0,1.0
2383,9,28,1115,1,2,4,1.0,1.0,482.0,760,3.0,0.0,2.0,0.0,1.0,2.0,1.0,1,4,4.0,0.0,0.0,0.0,1933.0,0.0,30,0,0.0,2.0,7.0,15.0
2384,9,28,1115,1,2,4,1.0,1.0,482.0,760,3.0,0.0,2.0,0.0,1.0,2.0,1.0,1,4,4.0,0.0,0.0,0.0,1995.0,0.0,7,0,0.0,2.0,1.0,1.0
2385,9,28,1115,1,2,4,1.0,1.0,482.0,760,3.0,0.0,2.0,0.0,1.0,2.0,1.0,1,4,4.0,0.0,0.0,0.0,1995.0,0.0,30,0,0.0,2.0,7.0,15.0
2386,4,19,1130,1,1,1,1.0,6.0,621.0,760,3.0,2.0,2.0,0.0,0.0,1.0,1.0,1,4,1.0,0.0,0.0,0.0,1984.0,0.0,7,0,13.0,0.0,3.0,1.0
2387,5,20,1800,1,1,2,1.0,3.0,621.0,760,3.0,2.0,2.0,0.0,1.0,1.0,1.0,1,4,1.0,0.0,0.0,0.0,1983.0,1.0,33,0,0.0,2.0,8.0,1.0
2388,5,20,1800,1,1,2,1.0,3.0,621.0,760,3.0,2.0,2.0,0.0,1.0,1.0,1.0,1,4,1.0,0.0,0.0,0.0,1983.0,0.0,7,0,0.0,2.0,1.0,19.0
2389,5,20,1800,1,1,2,1.0,3.0,621.0,760,3.0,2.0,2.0,0.0,1.0,1.0,1.0,1,1,3.0,0.0,0.0,0.0,1979.0,1.0,33,0,0.0,2.0,8.0,1.0
2390,5,20,1800,1,1,2,1.0,3.0,621.0,760,3.0,2.0,2.0,0.0,1.0,1.0,1.0,1,1,3.0,0.0,0.0,0.0,1979.0,0.0,7,0,0.0,2.0,1.0,19.0
2391,6,15,1145,1,1,3,1.0,3.0,417.0,760,3.0,2.0,2.0,0.0,1.0,1.0,1.0,1,1,4.0,0.0,0.0,0.0,1939.0,1.0,7,0,0.0,2.0,3.0,15.0
2392,6,15,1145,1,1,3,1.0,3.0,417.0,760,3.0,2.0,2.0,0.0,1.0,1.0,1.0,1,1,4.0,0.0,0.0,0.0,1939.0,1.0,14,0,0.0,2.0,1.0,1.0
2393,6,15,1145,1,1,3,1.0,3.0,417.0,760,3.0,2.0,2.0,0.0,1.0,1.0,1.0,4,4,0.0,0.0,0.0,0.0,1930.0,1.0,7,0,0.0,2.0,3.0,15.0
2394,6,15,1145,1,1,3,1.0,3.0,417.0,760,3.0,2.0,2.0,0.0,1.0,1.0,1.0,4,4,0.0,0.0,0.0,0.0,1930.0,1.0,14,0,0.0,2.0,1.0,1.0
2395,6,15,1145,1,1,3,1.0,3.0,417.0,760,3.0,2.0,2.0,0.0,1.0,1.0,1.0,1,1,2.0,0.0,0.0,0.0,1988.0,1.0,7,0,0.0,2.0,3.0,15.0
2396,6,15,1145,1,1,3,1.0,3.0,417.0,760,3.0,2.0,2.0,0.0,1.0,1.0,1.0,1,1,2.0,0.0,0.0,0.0,1988.0,1.0,14,0,0.0,2.0,1.0,1.0
2397,6,22,1300,1,2,1,1.0,3.0,532.0,760,4.0,2.0,2.0,0.0,1.0,1.0,1.0,1,1,4.0,0.0,0.0,0.0,2002.0,0.0,1,0,0.0,2.0,3.0,19.0
2398,6,22,1300,1,2,1,1.0,3.0,532.0,760,4.0,2.0,2.0,0.0,1.0,1.0,1.0,1,1,4.0,0.0,0.0,0.0,2002.0,0.0,7,0,0.0,2.0,2.0,1.0
2399,6,22,1300,1,2,1,1.0,3.0,532.0,760,4.0,2.0,2.0,0.0,1.0,1.0,1.0,1,4,4.0,0.0,0.0,0.0,1986.0,0.0,1,0,0.0,2.0,3.0,19.0
2400,6,22,1300,1,2,1,1.0,3.0,532.0,760,4.0,2.0,2.0,0.0,1.0,1.0,1.0,1,4,4.0,0.0,0.0,0.0,1986.0,0.0,7,0,0.0,2.0,2.0,1.0
2401,9,16,915,2,1,2,1.0,3.0,449.0,760,3.0,2.0,2.0,0.0,1.0,1.0,2.0,1,1,1.0,0.0,0.0,0.0,1992.0,0.0,7,0,0.0,2.0,3.0,15.0
2402,9,16,915,2,1,2,1.0,3.0,449.0,760,3.0,2.0,2.0,0.0,1.0,1.0,2.0,1,1,1.0,0.0,0.0,0.0,1992.0,0.0,7,0,0.0,2.0,1.0,1.0
2403,9,16,915,2,1,2,1.0,3.0,449.0,760,3.0,2.0,2.0,0.0,1.0,1.0,2.0,1,1,1.0,0.0,0.0,0.0,1985.0,0.0,7,0,0.0,2.0,3.0,15.0
2404,9,16,915,2,1,2,1.0,3.0,449.0,760,3.0,2.0,2.0,0.0,1.0,1.0,2.0,1,1,1.0,0.0,0.0,0.0,1985.0,0.0,7,0,0.0,2.0,1.0,1.0
2405,1,16,600,3,1,6,1.0,6.0,313.0,760,3.0,2.0,2.0,0.0,0.0,1.0,7.0,1,1,4.0,0.0,0.0,0.0,1991.0,1.0,7,0,2.0,0.0,7.0,1.0
2406,1,16,600,3,1,6,1.0,6.0,313.0,760,3.0,2.0,2.0,0.0,0.0,1.0,7.0,4,1,0.0,0.0,0.0,0.0,1992.0,1.0,7,0,2.0,0.0,7.0,1.0
2407,1,16,600,3,1,6,1.0,6.0,313.0,760,3.0,2.0,2.0,0.0,0.0,1.0,7.0,4,4,0.0,0.0,0.0,0.0,1996.0,1.0,7,0,2.0,0.0,7.0,1.0
2408,1,16,600,3,1,6,1.0,6.0,313.0,760,3.0,2.0,2.0,0.0,0.0,1.0,7.0,4,1,0.0,0.0,0.0,0.0,1993.0,1.0,7,0,2.0,0.0,7.0,1.0
2409,1,16,600,3,1,6,1.0,6.0,313.0,760,3.0,2.0,2.0,0.0,0.0,1.0,7.0,4,1,0.0,0.0,0.0,0.0,1992.0,1.0,7,0,2.0,0.0,7.0,1.0
2410,3,10,1545,1,2,3,1.0,3.0,116.0,760,4.0,2.0,2.0,0.0,0.0,1.0,1.0,1,4,4.0,0.0,0.0,0.0,1979.0,0.0,7,0,0.0,2.0,1.0,15.0
2411,3,10,1545,1,2,3,1.0,3.0,116.0,760,4.0,2.0,2.0,0.0,0.0,1.0,1.0,1,4,4.0,0.0,0.0,0.0,1979.0,0.0,7,0,0.0,2.0,7.0,1.0
2412,3,10,1545,1,2,3,1.0,3.0,116.0,760,4.0,2.0,2.0,0.0,0.0,1.0,1.0,4,1,0.0,0.0,0.0,0.0,1991.0,0.0,7,0,0.0,2.0,1.0,15.0
2413,3,10,1545,1,2,3,1.0,3.0,116.0,760,4.0,2.0,2.0,0.0,0.0,1.0,1.0,4,1,0.0,0.0,0.0,0.0,1991.0,0.0,7,0,0.0,2.0,7.0,1.0
2414,3,10,1545,1,2,3,1.0,3.0,116.0,760,4.0,2.0,2.0,0.0,0.0,1.0,1.0,1,1,0.0,0.0,0.0,0.0,1979.0,0.0,7,0,0.0,2.0,1.0,15.0
2415,3,10,1545,1,2,3,1.0,3.0,116.0,760,4.0,2.0,2.0,0.0,0.0,1.0,1.0,1,1,0.0,0.0,0.0,0.0,1979.0,0.0,7,0,0.0,2.0,7.0,1.0
2416,3,10,1545,1,2,3,1.0,3.0,116.0,760,4.0,2.0,2.0,0.0,0.0,1.0,1.0,4,1,0.0,0.0,0.0,0.0,1960.0,0.0,7,0,0.0,2.0,1.0,15.0
2417,3,10,1545,1,2,3,1.0,3.0,116.0,760,4.0,2.0,2.0,0.0,0.0,1.0,1.0,4,1,0.0,0.0,0.0,0.0,1960.0,0.0,7,0,0.0,2.0,7.0,1.0
2418,3,10,1545,1,2,3,1.0,3.0,116.0,760,4.0,2.0,2.0,0.0,0.0,1.0,1.0,4,4,0.0,0.0,0.0,0.0,1962.0,0.0,7,0,0.0,2.0,1.0,15.0
2419,3,10,1545,1,2,3,1.0,3.0,116.0,760,4.0,2.0,2.0,0.0,0.0,1.0,1.0,4,4,0.0,0.0,0.0,0.0,1962.0,0.0,7,0,0.0,2.0,7.0,1.0
2420,3,10,1545,1,2,3,1.0,3.0,116.0,760,4.0,2.0,2.0,0.0,0.0,1.0,1.0,4,4,0.0,0.0,0.0,0.0,1979.0,0.0,7,0,0.0,2.0,1.0,15.0
2421,3,10,1545,1,2,3,1.0,3.0,116.0,760,4.0,2.0,2.0,0.0,0.0,1.0,1.0,4,4,0.0,0.0,0.0,0.0,1979.0,0.0,7,0,0.0,2.0,7.0,1.0
2422,5,15,400,3,1,1,1.0,6.0,69.0,760,3.0,2.0,2.0,0.0,1.0,1.0,1.0,3,1,9.0,1.0,1.0,1.0,1984.0,2.0,7,0,0.0,1.0,2.0,17.0
2423,8,31,730,1,1,1,1.0,7.0,753.0,760,3.0,2.0,2.0,0.0,2.0,1.0,1.0,1,1,1.0,0.0,0.0,0.0,1972.0,0.0,33,0,0.0,0.0,0.0,21.0
2424,9,22,1745,1,1,3,1.0,3.0,558.0,760,3.0,2.0,2.0,0.0,0.0,2.0,1.0,1,4,4.0,0.0,0.0,0.0,1937.0,2.0,7,0,0.0,0.0,5.0,1.0
2425,9,22,1745,1,1,3,1.0,3.0,558.0,760,3.0,2.0,2.0,0.0,0.0,2.0,1.0,1,4,4.0,0.0,0.0,0.0,1937.0,1.0,7,0,0.0,0.0,2.0,15.0
2426,9,22,1745,1,1,3,1.0,3.0,558.0,760,3.0,2.0,2.0,0.0,0.0,2.0,1.0,1,1,1.0,0.0,0.0,0.0,1997.0,2.0,7,0,0.0,0.0,5.0,1.0
2427,9,22,1745,1,1,3,1.0,3.0,558.0,760,3.0,2.0,2.0,0.0,0.0,2.0,1.0,1,1,1.0,0.0,0.0,0.0,1997.0,1.0,7,0,0.0,0.0,2.0,15.0
2428,10,12,1350,1,2,1,1.0,2.0,475.0,760,3.0,2.0,2.0,0.0,1.0,1.0,1.0,1,1,0.0,0.0,0.0,0.0,1967.0,1.0,33,0,0.0,2.0,1.0,1.0
2429,10,12,1350,1,2,1,1.0,2.0,475.0,760,3.0,2.0,2.0,0.0,1.0,1.0,1.0,1,1,0.0,0.0,0.0,0.0,1967.0,1.0,7,0,0.0,0.0,6.0,1.0
2430,10,12,1350,1,2,1,1.0,2.0,475.0,760,3.0,2.0,2.0,0.0,1.0,1.0,1.0,1,4,4.0,0.0,0.0,0.0,1984.0,1.0,33,0,0.0,2.0,1.0,1.0
2431,10,12,1350,1,2,1,1.0,2.0,475.0,760,3.0,2.0,2.0,0.0,1.0,1.0,1.0,1,4,4.0,0.0,0.0,0.0,1984.0,1.0,7,0,0.0,0.0,6.0,1.0
2432,10,22,2030,3,1,1,1.0,6.0,514.0,760,3.0,2.0,2.0,0.0,2.0,3.0,1.0,1,1,4.0,0.0,0.0,0.0,1991.0,2.0,7,0,2.0,0.0,1.0,13.0
2433,12,8,1815,5,1,1,1.0,3.0,69.0,760,3.0,2.0,3.0,0.0,1.0,1.0,2.0,1,4,1.0,0.0,0.0,0.0,1988.0,1.0,7,0,0.0,2.0,1.0,13.0
2434,12,8,1815,5,1,1,1.0,3.0,69.0,760,3.0,2.0,3.0,0.0,1.0,1.0,2.0,1,4,1.0,0.0,0.0,0.0,1988.0,1.0,7,0,0.0,2.0,2.0,2.0
2435,12,8,1815,5,1,1,1.0,3.0,69.0,760,3.0,2.0,3.0,0.0,1.0,1.0,2.0,1,4,1.0,0.0,0.0,0.0,1971.0,1.0,7,0,0.0,2.0,1.0,13.0
2436,12,8,1815,5,1,1,1.0,3.0,69.0,760,3.0,2.0,3.0,0.0,1.0,1.0,2.0,1,4,1.0,0.0,0.0,0.0,1971.0,1.0,7,0,0.0,2.0,2.0,2.0
2437,12,15,1600,1,2,1,1.0,1.0,475.0,760,3.0,2.0,2.0,0.0,1.0,2.0,1.0,1,4,1.0,0.0,0.0,0.0,1958.0,2.0,7,0,0.0,2.0,3.0,1.0
2438,12,15,1600,1,2,1,1.0,1.0,475.0,760,3.0,2.0,2.0,0.0,1.0,2.0,1.0,1,4,1.0,0.0,0.0,0.0,1958.0,1.0,7,0,0.0,2.0,1.0,13.0
2439,12,15,1600,1,2,1,1.0,1.0,475.0,760,3.0,2.0,2.0,0.0,1.0,2.0,1.0,1,1,1.0,0.0,0.0,0.0,1985.0,2.0,7,0,0.0,2.0,3.0,1.0
2440,12,15,1600,1,2,1,1.0,1.0,475.0,760,3.0,2.0,2.0,0.0,1.0,2.0,1.0,1,1,1.0,0.0,0.0,0.0,1985.0,1.0,7,0,0.0,2.0,1.0,13.0
2441,1,6,1315,1,1,1,1.0,1.0,636.0,760,3.0,2.0,2.0,0.0,1.0,2.0,1.0,1,1,1.0,0.0,0.0,0.0,1964.0,1.0,31,0,0.0,2.0,1.0,1.0
2442,1,6,1315,1,1,1,1.0,1.0,636.0,760,3.0,2.0,2.0,0.0,1.0,2.0,1.0,1,1,1.0,0.0,0.0,0.0,1964.0,2.0,7,0,0.0,2.0,1.0,17.0
2443,1,6,1315,1,1,1,1.0,1.0,636.0,760,3.0,2.0,2.0,0.0,1.0,2.0,1.0,1,4,4.0,0.0,0.0,0.0,1996.0,1.0,31,0,0.0,2.0,1.0,1.0
2444,1,6,1315,1,1,1,1.0,1.0,636.0,760,3.0,2.0,2.0,0.0,1.0,2.0,1.0,1,4,4.0,0.0,0.0,0.0,1996.0,2.0,7,0,0.0,2.0,1.0,17.0
2445,2,29,1830,2,2,1,1.0,3.0,222.0,760,3.0,2.0,2.0,0.0,1.0,1.0,1.0,1,1,4.0,0.0,0.0,0.0,1996.0,1.0,33,0,0.0,2.0,1.0,1.0
2446,2,29,1830,2,2,1,1.0,3.0,222.0,760,3.0,2.0,2.0,0.0,1.0,1.0,1.0,1,1,4.0,0.0,0.0,0.0,1996.0,1.0,10,0,0.0,2.0,3.0,9.0
2447,2,29,1830,2,2,1,1.0,3.0,222.0,760,3.0,2.0,2.0,0.0,1.0,1.0,1.0,1,1,1.0,0.0,0.0,0.0,1981.0,1.0,33,0,0.0,2.0,1.0,1.0
2448,2,29,1830,2,2,1,1.0,3.0,222.0,760,3.0,2.0,2.0,0.0,1.0,1.0,1.0,1,1,1.0,0.0,0.0,0.0,1981.0,1.0,10,0,0.0,2.0,3.0,9.0
2449,5,15,1900,1,2,1,1.0,3.0,608.0,760,4.0,2.0,2.0,0.0,1.0,1.0,1.0,1,1,4.0,0.0,0.0,0.0,1997.0,0.0,7,0,0.0,2.0,6.0,4.0
2450,5,15,1900,1,2,1,1.0,3.0,608.0,760,4.0,2.0,2.0,0.0,1.0,1.0,1.0,1,1,4.0,0.0,0.0,0.0,1997.0,0.0,33,0,0.0,2.0,1.0,1.0
2451,5,15,1900,1,2,1,1.0,3.0,608.0,760,4.0,2.0,2.0,0.0,1.0,1.0,1.0,1,1,4.0,0.0,0.0,0.0,1985.0,0.0,7,0,0.0,2.0,6.0,4.0
2452,5,15,1900,1,2,1,1.0,3.0,608.0,760,4.0,2.0,2.0,0.0,1.0,1.0,1.0,1,1,4.0,0.0,0.0,0.0,1985.0,0.0,33,0,0.0,2.0,1.0,1.0
2453,5,27,400,3,1,2,1.0,6.0,398.0,760,3.0,2.0,2.0,0.0,1.0,1.0,1.0,1,1,4.0,0.0,0.0,0.0,1987.0,1.0,7,0,8.0,0.0,6.0,0.0
2454,5,20,1930,1,2,1,1.0,2.0,164.0,760,3.0,2.0,2.0,0.0,1.0,1.0,1.0,1,4,4.0,0.0,0.0,0.0,1945.0,2.0,7,0,0.0,0.0,4.0,16.0
2455,5,20,1930,1,2,1,1.0,2.0,164.0,760,3.0,2.0,2.0,0.0,1.0,1.0,1.0,1,4,4.0,0.0,0.0,0.0,1945.0,2.0,30,0,0.0,2.0,1.0,2.0
2456,5,20,1930,1,2,1,1.0,2.0,164.0,760,3.0,2.0,2.0,0.0,1.0,1.0,1.0,1,4,4.0,0.0,0.0,0.0,2000.0,2.0,7,0,0.0,0.0,4.0,16.0
2457,5,20,1930,1,2,1,1.0,2.0,164.0,760,3.0,2.0,2.0,0.0,1.0,1.0,1.0,1,4,4.0,0.0,0.0,0.0,2000.0,2.0,30,0,0.0,2.0,1.0,2.0
2458,6,7,1200,1,1,1,1.0,2.0,436.0,760,3.0,2.0,2.0,0.0,1.0,1.0,1.0,1,4,4.0,0.0,0.0,0.0,1988.0,2.0,1,0,0.0,2.0,1.0,2.0
2459,6,7,1200,1,1,1,1.0,2.0,436.0,760,3.0,2.0,2.0,0.0,1.0,1.0,1.0,1,4,4.0,0.0,0.0,0.0,1988.0,2.0,1,0,0.0,2.0,4.0,2.0
2460,6,7,1200,1,1,1,1.0,2.0,436.0,760,3.0,2.0,2.0,0.0,1.0,1.0,1.0,1,1,4.0,0.0,0.0,0.0,1984.0,2.0,1,0,0.0,2.0,1.0,2.0
2461,6,7,1200,1,1,1,1.0,2.0,436.0,760,3.0,2.0,2.0,0.0,1.0,1.0,1.0,1,1,4.0,0.0,0.0,0.0,1984.0,2.0,1,0,0.0,2.0,4.0,2.0
2462,6,23,1415,1,1,1,1.0,3.0,659.0,760,3.0,2.0,0.0,0.0,1.0,2.0,1.0,1,4,9.0,0.0,0.0,0.0,1964.0,2.0,7,0,0.0,2.0,3.0,1.0
2463,6,23,1415,1,1,1,1.0,3.0,659.0,760,3.0,2.0,0.0,0.0,1.0,2.0,1.0,1,4,9.0,0.0,0.0,0.0,1964.0,1.0,7,0,0.0,2.0,3.0,1.0
2464,6,23,1415,1,1,1,1.0,3.0,659.0,760,3.0,2.0,0.0,0.0,1.0,2.0,1.0,1,1,4.0,0.0,0.0,0.0,1955.0,2.0,7,0,0.0,2.0,3.0,1.0
2465,6,23,1415,1,1,1,1.0,3.0,659.0,760,3.0,2.0,0.0,0.0,1.0,2.0,1.0,1,1,4.0,0.0,0.0,0.0,1955.0,1.0,7,0,0.0,2.0,3.0,1.0
2466,6,23,1415,1,1,1,1.0,3.0,659.0,760,3.0,2.0,0.0,0.0,1.0,2.0,1.0,4,4,0.0,0.0,0.0,0.0,1959.0,2.0,7,0,0.0,2.0,3.0,1.0
2467,6,23,1415,1,1,1,1.0,3.0,659.0,760,3.0,2.0,0.0,0.0,1.0,2.0,1.0,4,4,0.0,0.0,0.0,0.0,1959.0,1.0,7,0,0.0,2.0,3.0,1.0
2468,7,24,1630,1,1,1,1.0,3.0,559.0,760,3.0,2.0,2.0,0.0,1.0,1.0,1.0,1,1,4.0,0.0,0.0,0.0,2002.0,2.0,7,0,0.0,2.0,7.0,17.0
2469,7,24,1630,1,1,1,1.0,3.0,559.0,760,3.0,2.0,2.0,0.0,1.0,1.0,1.0,1,1,4.0,0.0,0.0,0.0,2002.0,2.0,1,0,0.0,2.0,8.0,1.0
2470,9,24,1515,1,1,1,1.0,5.0,222.0,760,3.0,2.0,2.0,0.0,2.0,4.0,1.0,1,4,0.0,0.0,0.0,0.0,1977.0,0.0,7,0,0.0,0.0,3.0,0.0