,month,day,time,light,location,intersection,atmosphere,collision,municipality,department,road,traffic,nblanes,reslane,laneprofile,plan,surface,user,sex,route,pedlocation,pedaction,pedcondition,birth,dirtraffic,catvehicle,nboccupants,obstacle,movobstacle,impact,maneuver
2471,9,24,1515,1,1,1,1.0,5.0,222.0,760,3.0,2.0,2.0,0.0,2.0,4.0,1.0,1,4,0.0,0.0,0.0,0.0,1977.0,0.0,7,0,0.0,0.0,8.0,0.0
2472,9,24,1515,1,1,1,1.0,5.0,222.0,760,3.0,2.0,2.0,0.0,2.0,4.0,1.0,1,4,0.0,0.0,0.0,0.0,1977.0,0.0,33,0,0.0,0.0,3.0,13.0
2473,9,24,1515,1,1,1,1.0,5.0,222.0,760,3.0,2.0,2.0,0.0,2.0,4.0,1.0,1,4,0.0,0.0,0.0,0.0,1985.0,0.0,7,0,0.0,0.0,3.0,0.0
2474,9,24,1515,1,1,1,1.0,5.0,222.0,760,3.0,2.0,2.0,0.0,2.0,4.0,1.0,1,4,0.0,0.0,0.0,0.0,1985.0,0.0,7,0,0.0,0.0,8.0,0.0
2475,9,24,1515,1,1,1,1.0,5.0,222.0,760,3.0,2.0,2.0,0.0,2.0,4.0,1.0,1,4,0.0,0.0,0.0,0.0,1985.0,0.0,33,0,0.0,0.0,3.0,13.0
2476,9,24,1515,1,1,1,1.0,5.0,222.0,760,3.0,2.0,2.0,0.0,2.0,4.0,1.0,1,1,0.0,0.0,0.0,0.0,1996.0,0.0,7,0,0.0,0.0,3.0,0.0
2477,9,24,1515,1,1,1,1.0,5.0,222.0,760,3.0,2.0,2.0,0.0,2.0,4.0,1.0,1,1,0.0,0.0,0.0,0.0,1996.0,0.0,7,0,0.0,0.0,8.0,0.0
2478,9,24,1515,1,1,1,1.0,5.0,222.0,760,3.0,2.0,2.0,0.0,2.0,4.0,1.0,1,1,0.0,0.0,0.0,0.0,1996.0,0.0,33,0,0.0,0.0,3.0,13.0
2479,4,10,1545,1,1,1,1.0,3.0,659.0,760,3.0,2.0,2.0,0.0,1.0,1.0,1.0,1,1,4.0,0.0,0.0,0.0,1967.0,0.0,7,0,0.0,0.0,8.0,10.0
2480,4,10,1545,1,1,1,1.0,3.0,659.0,760,3.0,2.0,2.0,0.0,1.0,1.0,1.0,1,1,4.0,0.0,0.0,0.0,1967.0,0.0,33,0,0.0,2.0,1.0,1.0
2481,4,10,1545,1,1,1,1.0,3.0,659.0,760,3.0,2.0,2.0,0.0,1.0,1.0,1.0,1,1,4.0,0.0,0.0,0.0,1982.0,0.0,7,0,0.0,0.0,8.0,10.0
2482,4,10,1545,1,1,1,1.0,3.0,659.0,760,3.0,2.0,2.0,0.0,1.0,1.0,1.0,1,1,4.0,0.0,0.0,0.0,1982.0,0.0,33,0,0.0,2.0,1.0,1.0
2483,7,2,600,2,1,1,1.0,6.0,636.0,760,3.0,2.0,0.0,0.0,1.0,1.0,2.0,1,1,1.0,0.0,0.0,0.0,1997.0,0.0,7,0,2.0,0.0,1.0,21.0
2484,7,15,2215,5,2,1,1.0,6.0,222.0,760,3.0,2.0,2.0,0.0,1.0,1.0,1.0,1,1,9.0,0.0,0.0,0.0,1980.0,0.0,7,0,1.0,0.0,1.0,11.0
2485,8,16,330,3,2,1,1.0,7.0,20.0,760,4.0,2.0,2.0,0.0,1.0,3.0,1.0,1,1,4.0,0.0,0.0,0.0,1976.0,0.0,33,0,0.0,0.0,1.0,1.0
2486,8,16,1530,1,1,1,1.0,7.0,631.0,760,3.0,2.0,2.0,0.0,2.0,1.0,1.0,1,1,4.0,0.0,0.0,0.0,1961.0,0.0,33,0,0.0,0.0,7.0,17.0
2487,8,16,2045,1,1,1,1.0,6.0,20.0,760,3.0,2.0,2.0,0.0,1.0,1.0,1.0,1,1,4.0,0.0,0.0,0.0,1995.0,1.0,33,0,11.0,0.0,1.0,1.0
2488,4,15,545,3,1,1,2.0,1.0,143.0,760,3.0,2.0,2.0,0.0,1.0,1.0,2.0,1,1,2.0,0.0,0.0,0.0,1962.0,1.0,38,0,0.0,2.0,3.0,1.0
2489,4,15,545,3,1,1,2.0,1.0,143.0,760,3.0,2.0,2.0,0.0,1.0,1.0,2.0,1,1,2.0,0.0,0.0,0.0,1962.0,2.0,7,0,0.0,2.0,3.0,1.0
2490,4,15,545,3,1,1,2.0,1.0,143.0,760,3.0,2.0,2.0,0.0,1.0,1.0,2.0,1,1,1.0,0.0,0.0,0.0,1996.0,1.0,38,0,0.0,2.0,3.0,1.0
2491,4,15,545,3,1,1,2.0,1.0,143.0,760,3.0,2.0,2.0,0.0,1.0,1.0,2.0,1,1,1.0,0.0,0.0,0.0,1996.0,2.0,7,0,0.0,2.0,3.0,1.0
2492,5,8,845,1,1,1,1.0,6.0,79.0,760,3.0,2.0,2.0,0.0,0.0,3.0,1.0,1,1,4.0,0.0,0.0,0.0,1994.0,1.0,7,0,0.0,1.0,1.0,1.0
2493,5,8,845,1,1,1,1.0,6.0,79.0,760,3.0,2.0,2.0,0.0,0.0,3.0,1.0,3,4,4.0,1.0,1.0,4.0,1947.0,1.0,7,0,0.0,1.0,1.0,1.0
2494,5,8,845,1,1,1,1.0,6.0,79.0,760,3.0,2.0,2.0,0.0,0.0,3.0,1.0,3,4,4.0,1.0,1.0,4.0,1972.0,1.0,7,0,0.0,1.0,1.0,1.0
2495,7,18,1515,1,1,1,1.0,5.0,650.0,760,3.0,2.0,2.0,0.0,2.0,1.0,1.0,1,4,2.0,0.0,0.0,0.0,1980.0,1.0,7,0,0.0,2.0,3.0,1.0
2496,7,18,1515,1,1,1,1.0,5.0,650.0,760,3.0,2.0,2.0,0.0,2.0,1.0,1.0,1,4,2.0,0.0,0.0,0.0,1980.0,1.0,7,0,0.0,2.0,3.0,1.0
2497,7,18,1515,1,1,1,1.0,5.0,650.0,760,3.0,2.0,2.0,0.0,2.0,1.0,1.0,1,4,2.0,0.0,0.0,0.0,1980.0,2.0,7,0,0.0,2.0,3.0,13.0
2498,7,18,1515,1,1,1,1.0,5.0,650.0,760,3.0,2.0,2.0,0.0,2.0,1.0,1.0,1,4,4.0,0.0,0.0,0.0,1976.0,1.0,7,0,0.0,2.0,3.0,1.0
2499,7,18,1515,1,1,1,1.0,5.0,650.0,760,3.0,2.0,2.0,0.0,2.0,1.0,1.0,1,4,4.0,0.0,0.0,0.0,1976.0,1.0,7,0,0.0,2.0,3.0,1.0
2500,7,18,1515,1,1,1,1.0,5.0,650.0,760,3.0,2.0,2.0,0.0,2.0,1.0,1.0,1,4,4.0,0.0,0.0,0.0,1976.0,2.0,7,0,0.0,2.0,3.0,13.0
2501,7,18,1515,1,1,1,1.0,5.0,650.0,760,3.0,2.0,2.0,0.0,2.0,1.0,1.0,4,4,0.0,0.0,0.0,0.0,1949.0,1.0,7,0,0.0,2.0,3.0,1.0
2502,7,18,1515,1,1,1,1.0,5.0,650.0,760,3.0,2.0,2.0,0.0,2.0,1.0,1.0,4,4,0.0,0.0,0.0,0.0,1949.0,1.0,7,0,0.0,2.0,3.0,1.0
2503,7,18,1515,1,1,1,1.0,5.0,650.0,760,3.0,2.0,2.0,0.0,2.0,1.0,1.0,4,4,0.0,0.0,0.0,0.0,1949.0,2.0,7,0,0.0,2.0,3.0,13.0
2504,7,18,1515,1,1,1,1.0,5.0,650.0,760,3.0,2.0,2.0,0.0,2.0,1.0,1.0,1,1,4.0,0.0,0.0,0.0,1987.0,1.0,7,0,0.0,2.0,3.0,1.0
2505,7,18,1515,1,1,1,1.0,5.0,650.0,760,3.0,2.0,2.0,0.0,2.0,1.0,1.0,1,1,4.0,0.0,0.0,0.0,1987.0,1.0,7,0,0.0,2.0,3.0,1.0
2506,7,18,1515,1,1,1,1.0,5.0,650.0,760,3.0,2.0,2.0,0.0,2.0,1.0,1.0,1,1,4.0,0.0,0.0,0.0,1987.0,2.0,7,0,0.0,2.0,3.0,13.0
2507,7,26,1945,1,1,1,1.0,3.0,117.0,760,3.0,2.0,2.0,0.0,1.0,1.0,1.0,1,1,4.0,0.0,0.0,0.0,1970.0,1.0,33,0,0.0,2.0,8.0,17.0
2508,7,26,1945,1,1,1,1.0,3.0,117.0,760,3.0,2.0,2.0,0.0,1.0,1.0,1.0,1,1,4.0,0.0,0.0,0.0,1970.0,2.0,7,0,0.0,2.0,3.0,16.0
2509,7,26,1945,1,1,1,1.0,3.0,117.0,760,3.0,2.0,2.0,0.0,1.0,1.0,1.0,4,1,0.0,0.0,0.0,0.0,1998.0,1.0,33,0,0.0,2.0,8.0,17.0
2510,7,26,1945,1,1,1,1.0,3.0,117.0,760,3.0,2.0,2.0,0.0,1.0,1.0,1.0,4,1,0.0,0.0,0.0,0.0,1998.0,2.0,7,0,0.0,2.0,3.0,16.0
2511,7,26,1945,1,1,1,1.0,3.0,117.0,760,3.0,2.0,2.0,0.0,1.0,1.0,1.0,1,4,4.0,0.0,0.0,0.0,1992.0,1.0,33,0,0.0,2.0,8.0,17.0
2512,7,26,1945,1,1,1,1.0,3.0,117.0,760,3.0,2.0,2.0,0.0,1.0,1.0,1.0,1,4,4.0,0.0,0.0,0.0,1992.0,2.0,7,0,0.0,2.0,3.0,16.0
2513,7,26,1945,1,1,1,1.0,3.0,117.0,760,3.0,2.0,2.0,0.0,1.0,1.0,1.0,4,4,0.0,0.0,0.0,0.0,1969.0,1.0,33,0,0.0,2.0,8.0,17.0
2514,7,26,1945,1,1,1,1.0,3.0,117.0,760,3.0,2.0,2.0,0.0,1.0,1.0,1.0,4,4,0.0,0.0,0.0,0.0,1969.0,2.0,7,0,0.0,2.0,3.0,16.0
2515,7,30,1030,1,1,1,1.0,6.0,615.0,760,3.0,2.0,2.0,0.0,2.0,3.0,1.0,1,1,4.0,0.0,0.0,0.0,1992.0,1.0,7,0,2.0,0.0,3.0,1.0
2516,7,30,1030,1,1,1,1.0,6.0,615.0,760,3.0,2.0,2.0,0.0,2.0,3.0,1.0,4,4,0.0,0.0,0.0,0.0,1992.0,1.0,7,0,2.0,0.0,3.0,1.0
2517,7,30,1030,1,1,1,1.0,6.0,615.0,760,3.0,2.0,2.0,0.0,2.0,3.0,1.0,4,1,0.0,0.0,0.0,0.0,1992.0,1.0,7,0,2.0,0.0,3.0,1.0
2518,7,30,1030,1,1,1,1.0,6.0,615.0,760,3.0,2.0,2.0,0.0,2.0,3.0,1.0,4,4,0.0,0.0,0.0,0.0,1997.0,1.0,7,0,2.0,0.0,3.0,1.0
2519,7,30,1030,1,1,1,1.0,6.0,615.0,760,3.0,2.0,2.0,0.0,2.0,3.0,1.0,4,1,0.0,0.0,0.0,0.0,1988.0,1.0,7,0,2.0,0.0,3.0,1.0
2520,9,24,1745,1,1,1,1.0,1.0,408.0,760,3.0,2.0,2.0,0.0,1.0,1.0,1.0,1,1,0.0,0.0,0.0,0.0,1968.0,2.0,7,0,0.0,0.0,3.0,13.0
2521,9,24,1745,1,1,1,1.0,1.0,408.0,760,3.0,2.0,2.0,0.0,1.0,1.0,1.0,1,1,0.0,0.0,0.0,0.0,1968.0,1.0,7,0,0.0,2.0,3.0,1.0
2522,9,24,1745,1,1,1,1.0,1.0,408.0,760,3.0,2.0,2.0,0.0,1.0,1.0,1.0,1,4,0.0,0.0,0.0,0.0,1971.0,2.0,7,0,0.0,0.0,3.0,13.0
2523,9,24,1745,1,1,1,1.0,1.0,408.0,760,3.0,2.0,2.0,0.0,1.0,1.0,1.0,1,4,0.0,0.0,0.0,0.0,1971.0,1.0,7,0,0.0,2.0,3.0,1.0
2524,5,26,1745,1,2,1,1.0,1.0,258.0,760,4.0,2.0,2.0,0.0,1.0,2.0,1.0,1,1,4.0,0.0,0.0,0.0,2005.0,0.0,7,0,0.0,2.0,1.0,15.0
2525,5,26,1745,1,2,1,1.0,1.0,258.0,760,4.0,2.0,2.0,0.0,1.0,2.0,1.0,1,1,4.0,0.0,0.0,0.0,2005.0,0.0,1,0,0.0,2.0,1.0,1.0
2526,8,8,1700,1,1,1,1.0,3.0,751.0,760,3.0,0.0,2.0,0.0,1.0,1.0,1.0,1,1,2.0,0.0,0.0,0.0,2000.0,2.0,21,0,0.0,2.0,5.0,15.0
2527,8,8,1700,1,1,1,1.0,3.0,751.0,760,3.0,0.0,2.0,0.0,1.0,1.0,1.0,1,1,2.0,0.0,0.0,0.0,2000.0,1.0,33,0,0.0,2.0,1.0,1.0
2528,8,8,1700,1,1,1,1.0,3.0,751.0,760,3.0,0.0,2.0,0.0,1.0,1.0,1.0,1,1,4.0,0.0,0.0,0.0,1994.0,2.0,21,0,0.0,2.0,5.0,15.0
2529,8,8,1700,1,1,1,1.0,3.0,751.0,760,3.0,0.0,2.0,0.0,1.0,1.0,1.0,1,1,4.0,0.0,0.0,0.0,1994.0,1.0,33,0,0.0,2.0,1.0,1.0
2530,8,8,1700,1,1,1,1.0,3.0,751.0,760,3.0,0.0,2.0,0.0,1.0,1.0,1.0,4,4,0.0,0.0,0.0,0.0,1992.0,2.0,21,0,0.0,2.0,5.0,15.0
2531,8,8,1700,1,1,1,1.0,3.0,751.0,760,3.0,0.0,2.0,0.0,1.0,1.0,1.0,4,4,0.0,0.0,0.0,0.0,1992.0,1.0,33,0,0.0,2.0,1.0,1.0
2532,9,2,1945,1,1,2,1.0,3.0,115.0,760,3.0,2.0,2.0,0.0,1.0,1.0,1.0,1,4,0.0,0.0,0.0,0.0,1972.0,1.0,7,0,0.0,0.0,8.0,1.0
2533,9,2,1945,1,1,2,1.0,3.0,115.0,760,3.0,2.0,2.0,0.0,1.0,1.0,1.0,1,4,0.0,0.0,0.0,0.0,1972.0,2.0,7,0,0.0,2.0,1.0,19.0
2534,9,2,1945,1,1,2,1.0,3.0,115.0,760,3.0,2.0,2.0,0.0,1.0,1.0,1.0,1,1,4.0,0.0,0.0,0.0,1986.0,1.0,7,0,0.0,0.0,8.0,1.0
2535,9,2,1945,1,1,2,1.0,3.0,115.0,760,3.0,2.0,2.0,0.0,1.0,1.0,1.0,1,1,4.0,0.0,0.0,0.0,1986.0,2.0,7,0,0.0,2.0,1.0,19.0
2536,10,1,1530,1,1,2,1.0,3.0,80.0,760,3.0,2.0,2.0,0.0,1.0,1.0,1.0,1,1,4.0,0.0,0.0,0.0,1989.0,1.0,33,0,0.0,2.0,1.0,11.0
2537,10,1,1530,1,1,2,1.0,3.0,80.0,760,3.0,2.0,2.0,0.0,1.0,1.0,1.0,1,1,4.0,0.0,0.0,0.0,1989.0,1.0,38,0,0.0,2.0,3.0,19.0
2538,10,1,1530,1,1,2,1.0,3.0,80.0,760,3.0,2.0,2.0,0.0,1.0,1.0,1.0,1,4,2.0,0.0,0.0,0.0,1974.0,1.0,33,0,0.0,2.0,1.0,11.0
2539,10,1,1530,1,1,2,1.0,3.0,80.0,760,3.0,2.0,2.0,0.0,1.0,1.0,1.0,1,4,2.0,0.0,0.0,0.0,1974.0,1.0,38,0,0.0,2.0,3.0,19.0
2540,3,12,530,3,1,1,5.0,7.0,169.0,760,3.0,2.0,2.0,0.0,2.0,4.0,0.0,1,1,4.0,0.0,0.0,0.0,1986.0,0.0,10,0,13.0,0.0,2.0,13.0
2541,6,23,2100,1,1,1,1.0,6.0,647.0,760,3.0,2.0,2.0,0.0,0.0,1.0,1.0,1,1,4.0,0.0,0.0,0.0,2001.0,0.0,30,0,0.0,0.0,1.0,1.0
2542,7,12,730,1,1,2,1.0,3.0,657.0,760,1.0,1.0,1.0,0.0,1.0,1.0,1.0,1,1,2.0,0.0,0.0,0.0,1947.0,1.0,17,0,0.0,0.0,8.0,1.0
2543,7,12,730,1,1,2,1.0,3.0,657.0,760,1.0,1.0,1.0,0.0,1.0,1.0,1.0,1,1,2.0,0.0,0.0,0.0,1947.0,0.0,17,0,0.0,0.0,1.0,19.0
2544,7,12,730,1,1,2,1.0,3.0,657.0,760,1.0,1.0,1.0,0.0,1.0,1.0,1.0,1,1,2.0,0.0,0.0,0.0,1976.0,1.0,17,0,0.0,0.0,8.0,1.0
2545,7,12,730,1,1,2,1.0,3.0,657.0,760,1.0,1.0,1.0,0.0,1.0,1.0,1.0,1,1,2.0,0.0,0.0,0.0,1976.0,0.0,17,0,0.0,0.0,1.0,19.0
2546,7,16,1545,1,2,7,1.0,6.0,647.0,760,6.0,0.0,0.0,0.0,1.0,1.0,0.0,1,4,0.0,0.0,0.0,0.0,1934.0,0.0,7,0,0.0,1.0,2.0,16.0
2547,7,16,1545,1,2,7,1.0,6.0,647.0,760,6.0,0.0,0.0,0.0,1.0,1.0,0.0,3,1,0.0,6.0,9.0,1.0,1964.0,0.0,7,0,0.0,1.0,2.0,16.0
2548,8,14,1800,1,1,3,1.0,3.0,303.0,760,3.0,2.0,2.0,0.0,1.0,1.0,1.0,1,1,4.0,0.0,0.0,0.0,1994.0,2.0,33,0,0.0,2.0,1.0,1.0
2549,8,14,1800,1,1,3,1.0,3.0,303.0,760,3.0,2.0,2.0,0.0,1.0,1.0,1.0,1,1,4.0,0.0,0.0,0.0,1994.0,0.0,7,0,0.0,2.0,3.0,16.0
2550,8,14,1800,1,1,3,1.0,3.0,303.0,760,3.0,2.0,2.0,0.0,1.0,1.0,1.0,4,4,0.0,0.0,0.0,0.0,1994.0,2.0,33,0,0.0,2.0,1.0,1.0
2551,8,14,1800,1,1,3,1.0,3.0,303.0,760,3.0,2.0,2.0,0.0,1.0,1.0,1.0,4,4,0.0,0.0,0.0,0.0,1994.0,0.0,7,0,0.0,2.0,3.0,16.0
2552,8,14,1800,1,1,3,1.0,3.0,303.0,760,3.0,2.0,2.0,0.0,1.0,1.0,1.0,1,1,4.0,0.0,0.0,0.0,1972.0,2.0,33,0,0.0,2.0,1.0,1.0
2553,8,14,1800,1,1,3,1.0,3.0,303.0,760,3.0,2.0,2.0,0.0,1.0,1.0,1.0,1,1,4.0,0.0,0.0,0.0,1972.0,0.0,7,0,0.0,2.0,3.0,16.0
2554,8,20,1500,1,1,1,1.0,7.0,489.0,760,4.0,2.0,2.0,1.0,2.0,1.0,1.0,1,1,4.0,0.0,0.0,0.0,1995.0,0.0,33,0,16.0,0.0,1.0,1.0
2555,9,10,730,2,1,6,1.0,6.0,533.0,760,5.0,3.0,4.0,0.0,1.0,1.0,1.0,1,1,1.0,0.0,0.0,0.0,1979.0,0.0,33,0,11.0,0.0,1.0,1.0
2556,9,15,630,2,2,1,2.0,1.0,551.0,760,3.0,2.0,0.0,0.0,1.0,1.0,2.0,1,4,1.0,0.0,0.0,0.0,1989.0,1.0,7,0,0.0,2.0,1.0,17.0
2557,9,15,630,2,2,1,2.0,1.0,551.0,760,3.0,2.0,0.0,0.0,1.0,1.0,2.0,1,4,1.0,0.0,0.0,0.0,1989.0,2.0,7,0,0.0,2.0,1.0,1.0
2558,9,15,630,2,2,1,2.0,1.0,551.0,760,3.0,2.0,0.0,0.0,1.0,1.0,2.0,1,4,1.0,0.0,0.0,0.0,1991.0,1.0,7,0,0.0,2.0,1.0,17.0
2559,9,15,630,2,2,1,2.0,1.0,551.0,760,3.0,2.0,0.0,0.0,1.0,1.0,2.0,1,4,1.0,0.0,0.0,0.0,1991.0,2.0,7,0,0.0,2.0,1.0,1.0
2560,10,5,1745,1,1,1,1.0,3.0,522.0,760,3.0,2.0,2.0,0.0,2.0,1.0,1.0,1,4,0.0,0.0,0.0,0.0,1994.0,1.0,7,0,0.0,2.0,0.0,17.0
2561,10,5,1745,1,1,1,1.0,3.0,522.0,760,3.0,2.0,2.0,0.0,2.0,1.0,1.0,1,4,0.0,0.0,0.0,0.0,1994.0,1.0,7,0,0.0,2.0,0.0,1.0
2562,10,5,1745,1,1,1,1.0,3.0,522.0,760,3.0,2.0,2.0,0.0,2.0,1.0,1.0,1,4,1.0,0.0,0.0,0.0,1963.0,1.0,7,0,0.0,2.0,0.0,17.0
2563,10,5,1745,1,1,1,1.0,3.0,522.0,760,3.0,2.0,2.0,0.0,2.0,1.0,1.0,1,4,1.0,0.0,0.0,0.0,1963.0,1.0,7,0,0.0,2.0,0.0,1.0
2564,10,13,1625,1,1,1,1.0,1.0,533.0,760,3.0,2.0,2.0,0.0,1.0,3.0,1.0,1,1,4.0,0.0,0.0,0.0,1941.0,1.0,1,0,0.0,2.0,1.0,1.0
2565,10,13,1625,1,1,1,1.0,1.0,533.0,760,3.0,2.0,2.0,0.0,1.0,3.0,1.0,1,1,4.0,0.0,0.0,0.0,1941.0,2.0,7,0,0.0,9.0,1.0,13.0
2566,10,13,1625,1,1,1,1.0,1.0,533.0,760,3.0,2.0,2.0,0.0,1.0,3.0,1.0,1,4,1.0,0.0,0.0,0.0,1990.0,1.0,1,0,0.0,2.0,1.0,1.0
2567,10,13,1625,1,1,1,1.0,1.0,533.0,760,3.0,2.0,2.0,0.0,1.0,3.0,1.0,1,4,1.0,0.0,0.0,0.0,1990.0,2.0,7,0,0.0,9.0,1.0,13.0
2568,1,8,1715,3,1,1,1.0,3.0,465.0,760,3.0,2.0,2.0,0.0,1.0,3.0,1.0,1,4,1.0,0.0,0.0,0.0,1991.0,1.0,7,0,0.0,2.0,7.0,13.0
2569,1,8,1715,3,1,1,1.0,3.0,465.0,760,3.0,2.0,2.0,0.0,1.0,3.0,1.0,1,4,1.0,0.0,0.0,0.0,1991.0,2.0,7,0,0.0,2.0,1.0,1.0
2570,1,8,1715,3,1,1,1.0,3.0,465.0,760,3.0,2.0,2.0,0.0,1.0,3.0,1.0,1,4,4.0,0.0,0.0,0.0,1979.0,1.0,7,0,0.0,2.0,7.0,13.0
2571,1,8,1715,3,1,1,1.0,3.0,465.0,760,3.0,2.0,2.0,0.0,1.0,3.0,1.0,1,4,4.0,0.0,0.0,0.0,1979.0,2.0,7,0,0.0,2.0,1.0,1.0
2572,1,8,1715,3,1,1,1.0,3.0,465.0,760,3.0,2.0,2.0,0.0,1.0,3.0,1.0,4,1,0.0,0.0,0.0,0.0,2008.0,1.0,7,0,0.0,2.0,7.0,13.0
2573,1,8,1715,3,1,1,1.0,3.0,465.0,760,3.0,2.0,2.0,0.0,1.0,3.0,1.0,4,1,0.0,0.0,0.0,0.0,2008.0,2.0,7,0,0.0,2.0,1.0,1.0
2574,1,8,1715,3,1,1,1.0,3.0,465.0,760,3.0,2.0,2.0,0.0,1.0,3.0,1.0,4,4,0.0,0.0,0.0,0.0,2013.0,1.0,7,0,0.0,2.0,7.0,13.0
2575,1,8,1715,3,1,1,1.0,3.0,465.0,760,3.0,2.0,2.0,0.0,1.0,3.0,1.0,4,4,0.0,0.0,0.0,0.0,2013.0,2.0,7,0,0.0,2.0,1.0,1.0
2576,4,20,2145,3,1,2,1.0,3.0,399.0,760,4.0,2.0,2.0,0.0,1.0,1.0,1.0,1,1,1.0,0.0,0.0,0.0,1987.0,0.0,7,0,0.0,2.0,1.0,0.0
2577,4,20,2145,3,1,2,1.0,3.0,399.0,760,4.0,2.0,2.0,0.0,1.0,1.0,1.0,1,1,1.0,0.0,0.0,0.0,1987.0,0.0,7,0,0.0,0.0,7.0,1.0
2578,4,20,2145,3,1,2,1.0,3.0,399.0,760,4.0,2.0,2.0,0.0,1.0,1.0,1.0,1,4,4.0,0.0,0.0,0.0,1992.0,0.0,7,0,0.0,2.0,1.0,0.0
2579,4,20,2145,3,1,2,1.0,3.0,399.0,760,4.0,2.0,2.0,0.0,1.0,1.0,1.0,1,4,4.0,0.0,0.0,0.0,1992.0,0.0,7,0,0.0,0.0,7.0,1.0
2580,4,20,2145,3,1,2,1.0,3.0,399.0,760,4.0,2.0,2.0,0.0,1.0,1.0,1.0,4,4,0.0,0.0,0.0,0.0,1991.0,0.0,7,0,0.0,2.0,1.0,0.0
2581,4,20,2145,3,1,2,1.0,3.0,399.0,760,4.0,2.0,2.0,0.0,1.0,1.0,1.0,4,4,0.0,0.0,0.0,0.0,1991.0,0.0,7,0,0.0,0.0,7.0,1.0
2582,8,16,1630,1,2,2,1.0,1.0,462.0,760,3.0,2.0,2.0,0.0,1.0,1.0,1.0,1,1,4.0,0.0,0.0,0.0,1961.0,1.0,33,0,0.0,2.0,2.0,1.0
2583,8,16,1630,1,2,2,1.0,1.0,462.0,760,3.0,2.0,2.0,0.0,1.0,1.0,1.0,1,1,4.0,0.0,0.0,0.0,1961.0,0.0,7,0,0.0,2.0,3.0,19.0
2584,8,16,1630,1,2,2,1.0,1.0,462.0,760,3.0,2.0,2.0,0.0,1.0,1.0,1.0,1,4,1.0,0.0,0.0,0.0,1990.0,1.0,33,0,0.0,2.0,2.0,1.0
2585,8,16,1630,1,2,2,1.0,1.0,462.0,760,3.0,2.0,2.0,0.0,1.0,1.0,1.0,1,4,1.0,0.0,0.0,0.0,1990.0,0.0,7,0,0.0,2.0,3.0,19.0
2586,10,15,15,3,1,1,1.0,6.0,415.0,760,3.0,2.0,2.0,0.0,2.0,2.0,1.0,1,1,4.0,0.0,0.0,0.0,1998.0,1.0,7,0,2.0,0.0,2.0,1.0
2587,10,15,15,3,1,1,1.0,6.0,415.0,760,3.0,2.0,2.0,0.0,2.0,2.0,1.0,4,4,4.0,0.0,0.0,0.0,2001.0,1.0,7,0,2.0,0.0,2.0,1.0
2588,10,15,15,3,1,1,1.0,6.0,415.0,760,3.0,2.0,2.0,0.0,2.0,2.0,1.0,4,4,4.0,0.0,0.0,0.0,1998.0,1.0,7,0,2.0,0.0,2.0,1.0
2589,10,15,15,3,1,1,1.0,6.0,415.0,760,3.0,2.0,2.0,0.0,2.0,2.0,1.0,4,1,4.0,0.0,0.0,0.0,2000.0,1.0,7,0,2.0,0.0,2.0,1.0
2590,11,28,1530,1,2,1,7.0,6.0,462.0,760,3.0,2.0,2.0,0.0,2.0,1.0,1.0,1,1,4.0,0.0,0.0,0.0,1997.0,2.0,7,0,0.0,1.0,2.0,1.0
2591,11,28,1530,1,2,1,7.0,6.0,462.0,760,3.0,2.0,2.0,0.0,2.0,1.0,1.0,3,4,4.0,3.0,3.0,1.0,1942.0,2.0,7,0,0.0,1.0,2.0,1.0
2592,1,1,2130,3,1,1,1.0,6.0,35.0,760,3.0,2.0,2.0,0.0,2.0,1.0,2.0,1,1,4.0,0.0,0.0,0.0,1993.0,0.0,7,0,13.0,0.0,3.0,0.0
2593,1,1,2130,3,1,1,1.0,6.0,35.0,760,3.0,2.0,2.0,0.0,2.0,1.0,2.0,4,1,0.0,0.0,0.0,0.0,1990.0,0.0,7,0,13.0,0.0,3.0,0.0
2594,1,1,2130,3,1,1,1.0,6.0,35.0,760,3.0,2.0,2.0,0.0,2.0,1.0,2.0,4,1,0.0,0.0,0.0,0.0,1995.0,0.0,7,0,13.0,0.0,3.0,0.0
2595,1,13,1400,1,1,3,1.0,3.0,460.0,760,3.0,2.0,2.0,0.0,3.0,3.0,1.0,1,1,4.0,0.0,0.0,0.0,1978.0,1.0,31,0,0.0,2.0,0.0,17.0
2596,1,13,1400,1,1,3,1.0,3.0,460.0,760,3.0,2.0,2.0,0.0,3.0,3.0,1.0,1,1,4.0,0.0,0.0,0.0,1978.0,0.0,30,0,0.0,0.0,0.0,19.0
2597,1,13,1400,1,1,3,1.0,3.0,460.0,760,3.0,2.0,2.0,0.0,3.0,3.0,1.0,1,1,4.0,0.0,0.0,0.0,2001.0,1.0,31,0,0.0,2.0,0.0,17.0
2598,1,13,1400,1,1,3,1.0,3.0,460.0,760,3.0,2.0,2.0,0.0,3.0,3.0,1.0,1,1,4.0,0.0,0.0,0.0,2001.0,0.0,30,0,0.0,0.0,0.0,19.0
2599,8,26,1200,1,2,3,7.0,3.0,278.0,760,3.0,2.0,2.0,0.0,3.0,1.0,1.0,1,4,4.0,0.0,0.0,0.0,1970.0,2.0,14,0,1.0,2.0,3.0,15.0