,month,day,time,light,location,intersection,atmosphere,collision,municipality,department,road,traffic,nblanes,reslane,laneprofile,plan,surface,user,sex,route,pedlocation,pedaction,pedcondition,birth,dirtraffic,catvehicle,nboccupants,obstacle,movobstacle,impact,maneuver
2600,8,26,1200,1,2,3,7.0,3.0,278.0,760,3.0,2.0,2.0,0.0,3.0,1.0,1.0,1,4,4.0,0.0,0.0,0.0,1970.0,1.0,31,0,0.0,2.0,1.0,1.0
2601,8,26,1200,1,2,3,7.0,3.0,278.0,760,3.0,2.0,2.0,0.0,3.0,1.0,1.0,1,1,4.0,0.0,0.0,0.0,1963.0,2.0,14,0,1.0,2.0,3.0,15.0
2602,8,26,1200,1,2,3,7.0,3.0,278.0,760,3.0,2.0,2.0,0.0,3.0,1.0,1.0,1,1,4.0,0.0,0.0,0.0,1963.0,1.0,31,0,0.0,2.0,1.0,1.0
2603,1,6,1800,5,2,1,1.0,6.0,461.0,760,3.0,2.0,2.0,0.0,0.0,1.0,2.0,1,1,3.0,0.0,0.0,0.0,1956.0,1.0,7,0,0.0,1.0,2.0,1.0
2604,1,6,1800,5,2,1,1.0,6.0,461.0,760,3.0,2.0,2.0,0.0,0.0,1.0,2.0,3,1,4.0,1.0,4.0,1.0,1998.0,1.0,7,0,0.0,1.0,2.0,1.0
2605,9,23,1415,1,1,1,1.0,1.0,60.0,760,3.0,2.0,2.0,0.0,2.0,3.0,1.0,1,1,4.0,0.0,0.0,0.0,2000.0,1.0,2,0,0.0,2.0,1.0,1.0
2606,9,23,1415,1,1,1,1.0,1.0,60.0,760,3.0,2.0,2.0,0.0,2.0,3.0,1.0,1,1,4.0,0.0,0.0,0.0,2000.0,2.0,1,0,0.0,2.0,1.0,1.0
2607,9,23,1415,1,1,1,1.0,1.0,60.0,760,3.0,2.0,2.0,0.0,2.0,3.0,1.0,1,1,4.0,0.0,0.0,0.0,1938.0,1.0,2,0,0.0,2.0,1.0,1.0
2608,9,23,1415,1,1,1,1.0,1.0,60.0,760,3.0,2.0,2.0,0.0,2.0,3.0,1.0,1,1,4.0,0.0,0.0,0.0,1938.0,2.0,1,0,0.0,2.0,1.0,1.0
2609,11,8,1155,1,1,3,2.0,7.0,649.0,760,3.0,2.0,2.0,0.0,1.0,2.0,3.0,1,4,0.0,0.0,0.0,0.0,1996.0,2.0,7,0,16.0,0.0,8.0,13.0
2610,11,8,1155,1,1,3,2.0,7.0,649.0,760,3.0,2.0,2.0,0.0,1.0,2.0,3.0,4,4,0.0,0.0,0.0,0.0,1993.0,2.0,7,0,16.0,0.0,8.0,13.0
2611,11,24,1745,3,1,1,1.0,6.0,535.0,760,3.0,2.0,2.0,0.0,1.0,1.0,1.0,1,1,0.0,0.0,0.0,0.0,1991.0,1.0,7,0,0.0,5.0,1.0,1.0
2612,6,26,1000,1,2,1,1.0,3.0,25.0,760,3.0,2.0,2.0,0.0,1.0,1.0,1.0,1,4,4.0,0.0,0.0,0.0,1994.0,1.0,7,0,0.0,2.0,1.0,1.0
2613,6,26,1000,1,2,1,1.0,3.0,25.0,760,3.0,2.0,2.0,0.0,1.0,1.0,1.0,1,4,4.0,0.0,0.0,0.0,1994.0,2.0,1,0,0.0,2.0,7.0,16.0
2614,6,26,1000,1,2,1,1.0,3.0,25.0,760,3.0,2.0,2.0,0.0,1.0,1.0,1.0,1,1,0.0,0.0,0.0,0.0,1949.0,1.0,7,0,0.0,2.0,1.0,1.0
2615,6,26,1000,1,2,1,1.0,3.0,25.0,760,3.0,2.0,2.0,0.0,1.0,1.0,1.0,1,1,0.0,0.0,0.0,0.0,1949.0,2.0,1,0,0.0,2.0,7.0,16.0
2616,9,4,2200,3,1,1,2.0,6.0,263.0,760,3.0,2.0,2.0,0.0,0.0,3.0,2.0,1,1,4.0,0.0,0.0,0.0,1991.0,0.0,7,0,2.0,0.0,1.0,0.0
2617,9,4,2200,3,1,1,2.0,6.0,263.0,760,3.0,2.0,2.0,0.0,0.0,3.0,2.0,4,1,0.0,0.0,0.0,0.0,1993.0,0.0,7,0,2.0,0.0,1.0,0.0
2618,9,23,1400,1,2,1,1.0,3.0,312.0,760,2.0,2.0,3.0,0.0,2.0,1.0,1.0,1,1,1.0,0.0,0.0,0.0,1984.0,2.0,30,0,0.0,2.0,1.0,1.0
2619,9,23,1400,1,2,1,1.0,3.0,312.0,760,2.0,2.0,3.0,0.0,2.0,1.0,1.0,1,1,1.0,0.0,0.0,0.0,1984.0,2.0,7,0,0.0,2.0,8.0,10.0
2620,9,23,1400,1,2,1,1.0,3.0,312.0,760,2.0,2.0,3.0,0.0,2.0,1.0,1.0,1,1,1.0,0.0,0.0,0.0,1972.0,2.0,30,0,0.0,2.0,1.0,1.0
2621,9,23,1400,1,2,1,1.0,3.0,312.0,760,2.0,2.0,3.0,0.0,2.0,1.0,1.0,1,1,1.0,0.0,0.0,0.0,1972.0,2.0,7,0,0.0,2.0,8.0,10.0
2622,1,23,1545,1,1,2,8.0,3.0,55.0,760,3.0,2.0,0.0,0.0,1.0,1.0,1.0,1,4,4.0,0.0,0.0,0.0,1987.0,2.0,7,0,0.0,2.0,8.0,1.0
2623,1,23,1545,1,1,2,8.0,3.0,55.0,760,3.0,2.0,0.0,0.0,1.0,1.0,1.0,1,4,4.0,0.0,0.0,0.0,1987.0,2.0,7,0,0.0,2.0,1.0,19.0
2624,1,23,1545,1,1,2,8.0,3.0,55.0,760,3.0,2.0,0.0,0.0,1.0,1.0,1.0,4,4,0.0,0.0,0.0,0.0,1961.0,2.0,7,0,0.0,2.0,8.0,1.0
2625,1,23,1545,1,1,2,8.0,3.0,55.0,760,3.0,2.0,0.0,0.0,1.0,1.0,1.0,4,4,0.0,0.0,0.0,0.0,1961.0,2.0,7,0,0.0,2.0,1.0,19.0
2626,1,23,1545,1,1,2,8.0,3.0,55.0,760,3.0,2.0,0.0,0.0,1.0,1.0,1.0,1,1,4.0,0.0,0.0,0.0,1997.0,2.0,7,0,0.0,2.0,8.0,1.0
2627,1,23,1545,1,1,2,8.0,3.0,55.0,760,3.0,2.0,0.0,0.0,1.0,1.0,1.0,1,1,4.0,0.0,0.0,0.0,1997.0,2.0,7,0,0.0,2.0,1.0,19.0
2628,4,3,1745,1,1,2,1.0,2.0,758.0,760,3.0,2.0,0.0,0.0,3.0,1.0,1.0,1,1,4.0,0.0,0.0,0.0,1987.0,2.0,7,0,0.0,2.0,4.0,2.0
2629,4,3,1745,1,1,2,1.0,2.0,758.0,760,3.0,2.0,0.0,0.0,3.0,1.0,1.0,1,1,4.0,0.0,0.0,0.0,1987.0,2.0,7,0,0.0,2.0,1.0,1.0
2630,4,3,1745,1,1,2,1.0,2.0,758.0,760,3.0,2.0,0.0,0.0,3.0,1.0,1.0,4,4,0.0,0.0,0.0,0.0,1986.0,2.0,7,0,0.0,2.0,4.0,2.0
2631,4,3,1745,1,1,2,1.0,2.0,758.0,760,3.0,2.0,0.0,0.0,3.0,1.0,1.0,4,4,0.0,0.0,0.0,0.0,1986.0,2.0,7,0,0.0,2.0,1.0,1.0
2632,4,3,1745,1,1,2,1.0,2.0,758.0,760,3.0,2.0,0.0,0.0,3.0,1.0,1.0,4,1,0.0,0.0,0.0,0.0,2014.0,2.0,7,0,0.0,2.0,4.0,2.0
2633,4,3,1745,1,1,2,1.0,2.0,758.0,760,3.0,2.0,0.0,0.0,3.0,1.0,1.0,4,1,0.0,0.0,0.0,0.0,2014.0,2.0,7,0,0.0,2.0,1.0,1.0
2634,4,3,1745,1,1,2,1.0,2.0,758.0,760,3.0,2.0,0.0,0.0,3.0,1.0,1.0,4,1,0.0,0.0,0.0,0.0,2011.0,2.0,7,0,0.0,2.0,4.0,2.0
2635,4,3,1745,1,1,2,1.0,2.0,758.0,760,3.0,2.0,0.0,0.0,3.0,1.0,1.0,4,1,0.0,0.0,0.0,0.0,2011.0,2.0,7,0,0.0,2.0,1.0,1.0
2636,4,3,1745,1,1,2,1.0,2.0,758.0,760,3.0,2.0,0.0,0.0,3.0,1.0,1.0,1,1,4.0,0.0,0.0,0.0,1993.0,2.0,7,0,0.0,2.0,4.0,2.0
2637,4,3,1745,1,1,2,1.0,2.0,758.0,760,3.0,2.0,0.0,0.0,3.0,1.0,1.0,1,1,4.0,0.0,0.0,0.0,1993.0,2.0,7,0,0.0,2.0,1.0,1.0
2638,7,17,1030,1,1,1,1.0,3.0,55.0,760,3.0,2.0,2.0,0.0,4.0,1.0,1.0,1,4,4.0,0.0,0.0,0.0,1982.0,2.0,7,0,0.0,2.0,3.0,15.0
2639,7,17,1030,1,1,1,1.0,3.0,55.0,760,3.0,2.0,2.0,0.0,4.0,1.0,1.0,1,4,4.0,0.0,0.0,0.0,1982.0,2.0,7,0,0.0,2.0,2.0,13.0
2640,7,17,1030,1,1,1,1.0,3.0,55.0,760,3.0,2.0,2.0,0.0,4.0,1.0,1.0,1,1,4.0,0.0,0.0,0.0,1996.0,2.0,7,0,0.0,2.0,3.0,15.0
2641,7,17,1030,1,1,1,1.0,3.0,55.0,760,3.0,2.0,2.0,0.0,4.0,1.0,1.0,1,1,4.0,0.0,0.0,0.0,1996.0,2.0,7,0,0.0,2.0,2.0,13.0
2642,7,17,1030,1,1,1,1.0,3.0,55.0,760,3.0,2.0,2.0,0.0,4.0,1.0,1.0,4,1,0.0,0.0,0.0,0.0,1997.0,2.0,7,0,0.0,2.0,3.0,15.0
2643,7,17,1030,1,1,1,1.0,3.0,55.0,760,3.0,2.0,2.0,0.0,4.0,1.0,1.0,4,1,0.0,0.0,0.0,0.0,1997.0,2.0,7,0,0.0,2.0,2.0,13.0
2644,7,17,1030,1,1,1,1.0,3.0,55.0,760,3.0,2.0,2.0,0.0,4.0,1.0,1.0,4,4,0.0,0.0,0.0,0.0,1999.0,2.0,7,0,0.0,2.0,3.0,15.0
2645,7,17,1030,1,1,1,1.0,3.0,55.0,760,3.0,2.0,2.0,0.0,4.0,1.0,1.0,4,4,0.0,0.0,0.0,0.0,1999.0,2.0,7,0,0.0,2.0,2.0,13.0
2646,7,17,1030,1,1,1,1.0,3.0,55.0,760,3.0,2.0,2.0,0.0,4.0,1.0,1.0,4,1,0.0,0.0,0.0,0.0,1999.0,2.0,7,0,0.0,2.0,3.0,15.0
2647,7,17,1030,1,1,1,1.0,3.0,55.0,760,3.0,2.0,2.0,0.0,4.0,1.0,1.0,4,1,0.0,0.0,0.0,0.0,1999.0,2.0,7,0,0.0,2.0,2.0,13.0
2648,7,17,1030,1,1,1,1.0,3.0,55.0,760,3.0,2.0,2.0,0.0,4.0,1.0,1.0,4,1,0.0,0.0,0.0,0.0,1998.0,2.0,7,0,0.0,2.0,3.0,15.0
2649,7,17,1030,1,1,1,1.0,3.0,55.0,760,3.0,2.0,2.0,0.0,4.0,1.0,1.0,4,1,0.0,0.0,0.0,0.0,1998.0,2.0,7,0,0.0,2.0,2.0,13.0
2650,8,22,1530,1,2,3,1.0,3.0,758.0,760,3.0,2.0,2.0,0.0,1.0,1.0,1.0,1,1,3.0,0.0,0.0,0.0,1959.0,1.0,7,0,0.0,2.0,2.0,1.0
2651,8,22,1530,1,2,3,1.0,3.0,758.0,760,3.0,2.0,2.0,0.0,1.0,1.0,1.0,1,1,3.0,0.0,0.0,0.0,1959.0,2.0,1,0,0.0,2.0,1.0,16.0
2652,8,22,1530,1,2,3,1.0,3.0,758.0,760,3.0,2.0,2.0,0.0,1.0,1.0,1.0,1,1,4.0,0.0,0.0,0.0,1929.0,1.0,7,0,0.0,2.0,2.0,1.0
2653,8,22,1530,1,2,3,1.0,3.0,758.0,760,3.0,2.0,2.0,0.0,1.0,1.0,1.0,1,1,4.0,0.0,0.0,0.0,1929.0,2.0,1,0,0.0,2.0,1.0,16.0
2654,10,16,1515,1,1,1,2.0,1.0,718.0,760,3.0,2.0,3.0,0.0,1.0,1.0,2.0,1,1,4.0,0.0,0.0,0.0,1998.0,1.0,7,0,0.0,2.0,3.0,1.0
2655,10,16,1515,1,1,1,2.0,1.0,718.0,760,3.0,2.0,3.0,0.0,1.0,1.0,2.0,1,1,4.0,0.0,0.0,0.0,1998.0,2.0,7,0,0.0,2.0,3.0,13.0
2656,10,16,1515,1,1,1,2.0,1.0,718.0,760,3.0,2.0,3.0,0.0,1.0,1.0,2.0,4,4,4.0,0.0,0.0,0.0,1967.0,1.0,7,0,0.0,2.0,3.0,1.0
2657,10,16,1515,1,1,1,2.0,1.0,718.0,760,3.0,2.0,3.0,0.0,1.0,1.0,2.0,4,4,4.0,0.0,0.0,0.0,1967.0,2.0,7,0,0.0,2.0,3.0,13.0
2658,10,16,1515,1,1,1,2.0,1.0,718.0,760,3.0,2.0,3.0,0.0,1.0,1.0,2.0,1,1,4.0,0.0,0.0,0.0,1998.0,1.0,7,0,0.0,2.0,3.0,1.0
2659,10,16,1515,1,1,1,2.0,1.0,718.0,760,3.0,2.0,3.0,0.0,1.0,1.0,2.0,1,1,4.0,0.0,0.0,0.0,1998.0,2.0,7,0,0.0,2.0,3.0,13.0
2660,10,28,1450,1,1,1,1.0,5.0,758.0,760,3.0,2.0,3.0,0.0,2.0,1.0,1.0,1,4,0.0,0.0,0.0,0.0,1983.0,2.0,7,0,0.0,2.0,2.0,1.0
2661,10,28,1450,1,1,1,1.0,5.0,758.0,760,3.0,2.0,3.0,0.0,2.0,1.0,1.0,1,4,0.0,0.0,0.0,0.0,1983.0,2.0,7,0,0.0,2.0,1.0,1.0
2662,10,28,1450,1,1,1,1.0,5.0,758.0,760,3.0,2.0,3.0,0.0,2.0,1.0,1.0,1,4,0.0,0.0,0.0,0.0,1983.0,1.0,7,0,0.0,2.0,1.0,13.0
2663,10,28,1450,1,1,1,1.0,5.0,758.0,760,3.0,2.0,3.0,0.0,2.0,1.0,1.0,4,1,1.0,0.0,0.0,0.0,2007.0,2.0,7,0,0.0,2.0,2.0,1.0
2664,10,28,1450,1,1,1,1.0,5.0,758.0,760,3.0,2.0,3.0,0.0,2.0,1.0,1.0,4,1,1.0,0.0,0.0,0.0,2007.0,2.0,7,0,0.0,2.0,1.0,1.0
2665,10,28,1450,1,1,1,1.0,5.0,758.0,760,3.0,2.0,3.0,0.0,2.0,1.0,1.0,4,1,1.0,0.0,0.0,0.0,2007.0,1.0,7,0,0.0,2.0,1.0,13.0
2666,10,28,1450,1,1,1,1.0,5.0,758.0,760,3.0,2.0,3.0,0.0,2.0,1.0,1.0,1,1,0.0,0.0,0.0,0.0,1960.0,2.0,7,0,0.0,2.0,2.0,1.0
2667,10,28,1450,1,1,1,1.0,5.0,758.0,760,3.0,2.0,3.0,0.0,2.0,1.0,1.0,1,1,0.0,0.0,0.0,0.0,1960.0,2.0,7,0,0.0,2.0,1.0,1.0
2668,10,28,1450,1,1,1,1.0,5.0,758.0,760,3.0,2.0,3.0,0.0,2.0,1.0,1.0,1,1,0.0,0.0,0.0,0.0,1960.0,1.0,7,0,0.0,2.0,1.0,13.0
2669,10,28,1450,1,1,1,1.0,5.0,758.0,760,3.0,2.0,3.0,0.0,2.0,1.0,1.0,1,1,1.0,0.0,0.0,0.0,1994.0,2.0,7,0,0.0,2.0,2.0,1.0
2670,10,28,1450,1,1,1,1.0,5.0,758.0,760,3.0,2.0,3.0,0.0,2.0,1.0,1.0,1,1,1.0,0.0,0.0,0.0,1994.0,2.0,7,0,0.0,2.0,1.0,1.0
2671,10,28,1450,1,1,1,1.0,5.0,758.0,760,3.0,2.0,3.0,0.0,2.0,1.0,1.0,1,1,1.0,0.0,0.0,0.0,1994.0,1.0,7,0,0.0,2.0,1.0,13.0
2672,7,9,2300,5,2,1,1.0,3.0,495.0,760,3.0,2.0,2.0,0.0,1.0,1.0,1.0,1,4,9.0,0.0,0.0,0.0,1998.0,0.0,2,0,0.0,2.0,1.0,1.0
2673,7,9,2300,5,2,1,1.0,3.0,495.0,760,3.0,2.0,2.0,0.0,1.0,1.0,1.0,1,4,9.0,0.0,0.0,0.0,1998.0,0.0,7,0,0.0,0.0,8.0,10.0
2674,7,9,2300,5,2,1,1.0,3.0,495.0,760,3.0,2.0,2.0,0.0,1.0,1.0,1.0,1,1,4.0,0.0,0.0,0.0,1969.0,0.0,2,0,0.0,2.0,1.0,1.0
2675,7,9,2300,5,2,1,1.0,3.0,495.0,760,3.0,2.0,2.0,0.0,1.0,1.0,1.0,1,1,4.0,0.0,0.0,0.0,1969.0,0.0,7,0,0.0,0.0,8.0,10.0
2676,7,16,315,3,1,1,1.0,6.0,385.0,760,3.0,2.0,2.0,0.0,1.0,1.0,1.0,1,4,4.0,0.0,0.0,0.0,1994.0,0.0,7,0,8.0,0.0,1.0,1.0
2677,1,3,1100,1,1,1,2.0,6.0,566.0,760,3.0,2.0,2.0,0.0,2.0,3.0,2.0,1,1,4.0,0.0,0.0,0.0,1997.0,2.0,7,0,2.0,0.0,1.0,0.0
2678,1,31,1800,3,1,1,2.0,1.0,495.0,760,3.0,2.0,2.0,0.0,2.0,3.0,2.0,1,1,4.0,0.0,0.0,0.0,1955.0,1.0,7,0,0.0,2.0,1.0,1.0
2679,1,31,1800,3,1,1,2.0,1.0,495.0,760,3.0,2.0,2.0,0.0,2.0,3.0,2.0,1,1,4.0,0.0,0.0,0.0,1955.0,2.0,7,0,0.0,2.0,5.0,1.0
2680,1,31,1800,3,1,1,2.0,1.0,495.0,760,3.0,2.0,2.0,0.0,2.0,3.0,2.0,4,4,0.0,0.0,0.0,0.0,1958.0,1.0,7,0,0.0,2.0,1.0,1.0
2681,1,31,1800,3,1,1,2.0,1.0,495.0,760,3.0,2.0,2.0,0.0,2.0,3.0,2.0,4,4,0.0,0.0,0.0,0.0,1958.0,2.0,7,0,0.0,2.0,5.0,1.0
2682,1,31,1800,3,1,1,2.0,1.0,495.0,760,3.0,2.0,2.0,0.0,2.0,3.0,2.0,1,4,4.0,0.0,0.0,0.0,1995.0,1.0,7,0,0.0,2.0,1.0,1.0
2683,1,31,1800,3,1,1,2.0,1.0,495.0,760,3.0,2.0,2.0,0.0,2.0,3.0,2.0,1,4,4.0,0.0,0.0,0.0,1995.0,2.0,7,0,0.0,2.0,5.0,1.0
2684,1,31,1115,1,2,1,2.0,1.0,495.0,760,9.0,2.0,2.0,0.0,1.0,1.0,2.0,1,4,3.0,0.0,0.0,0.0,1974.0,0.0,3,0,0.0,2.0,3.0,1.0
2685,1,31,1115,1,2,1,2.0,1.0,495.0,760,9.0,2.0,2.0,0.0,1.0,1.0,2.0,1,4,3.0,0.0,0.0,0.0,1974.0,0.0,7,0,0.0,2.0,3.0,11.0
2686,1,31,1115,1,2,1,2.0,1.0,495.0,760,9.0,2.0,2.0,0.0,1.0,1.0,2.0,1,1,3.0,0.0,0.0,0.0,1963.0,0.0,3,0,0.0,2.0,3.0,1.0
2687,1,31,1115,1,2,1,2.0,1.0,495.0,760,9.0,2.0,2.0,0.0,1.0,1.0,2.0,1,1,3.0,0.0,0.0,0.0,1963.0,0.0,7,0,0.0,2.0,3.0,11.0
2688,3,5,1630,1,1,1,1.0,3.0,203.0,760,3.0,2.0,2.0,0.0,1.0,1.0,1.0,1,1,4.0,0.0,0.0,0.0,1979.0,2.0,7,0,0.0,2.0,2.0,17.0
2689,3,5,1630,1,1,1,1.0,3.0,203.0,760,3.0,2.0,2.0,0.0,1.0,1.0,1.0,1,1,4.0,0.0,0.0,0.0,1979.0,2.0,7,0,0.0,0.0,3.0,15.0
2690,3,5,1630,1,1,1,1.0,3.0,203.0,760,3.0,2.0,2.0,0.0,1.0,1.0,1.0,1,4,4.0,0.0,0.0,0.0,1974.0,2.0,7,0,0.0,2.0,2.0,17.0
2691,3,5,1630,1,1,1,1.0,3.0,203.0,760,3.0,2.0,2.0,0.0,1.0,1.0,1.0,1,4,4.0,0.0,0.0,0.0,1974.0,2.0,7,0,0.0,0.0,3.0,15.0
2692,7,10,1300,1,1,1,1.0,4.0,135.0,760,3.0,2.0,2.0,0.0,1.0,1.0,1.0,1,1,4.0,0.0,0.0,0.0,1983.0,0.0,33,0,0.0,0.0,4.0,2.0
2693,7,10,1300,1,1,1,1.0,4.0,135.0,760,3.0,2.0,2.0,0.0,1.0,1.0,1.0,1,1,4.0,0.0,0.0,0.0,1983.0,0.0,31,0,0.0,2.0,1.0,2.0
2694,7,10,1300,1,1,1,1.0,4.0,135.0,760,3.0,2.0,2.0,0.0,1.0,1.0,1.0,1,1,4.0,0.0,0.0,0.0,1983.0,0.0,31,0,0.0,2.0,1.0,2.0
2695,7,10,1300,1,1,1,1.0,4.0,135.0,760,3.0,2.0,2.0,0.0,1.0,1.0,1.0,1,1,0.0,0.0,0.0,0.0,1992.0,0.0,33,0,0.0,0.0,4.0,2.0
2696,7,10,1300,1,1,1,1.0,4.0,135.0,760,3.0,2.0,2.0,0.0,1.0,1.0,1.0,1,1,0.0,0.0,0.0,0.0,1992.0,0.0,31,0,0.0,2.0,1.0,2.0
2697,7,10,1300,1,1,1,1.0,4.0,135.0,760,3.0,2.0,2.0,0.0,1.0,1.0,1.0,1,1,0.0,0.0,0.0,0.0,1992.0,0.0,31,0,0.0,2.0,1.0,2.0
2698,7,10,1300,1,1,1,1.0,4.0,135.0,760,3.0,2.0,2.0,0.0,1.0,1.0,1.0,1,4,4.0,0.0,0.0,0.0,1994.0,0.0,33,0,0.0,0.0,4.0,2.0
2699,7,10,1300,1,1,1,1.0,4.0,135.0,760,3.0,2.0,2.0,0.0,1.0,1.0,1.0,1,4,4.0,0.0,0.0,0.0,1994.0,0.0,31,0,0.0,2.0,1.0,2.0
2700,7,10,1300,1,1,1,1.0,4.0,135.0,760,3.0,2.0,2.0,0.0,1.0,1.0,1.0,1,4,4.0,0.0,0.0,0.0,1994.0,0.0,31,0,0.0,2.0,1.0,2.0
2701,8,27,1715,1,1,1,1.0,2.0,135.0,760,3.0,2.0,2.0,0.0,0.0,1.0,1.0,1,1,4.0,0.0,0.0,0.0,1957.0,2.0,7,0,0.0,2.0,4.0,2.0
2702,8,27,1715,1,1,1,1.0,2.0,135.0,760,3.0,2.0,2.0,0.0,0.0,1.0,1.0,1,1,4.0,0.0,0.0,0.0,1957.0,2.0,33,0,0.0,2.0,1.0,2.0
2703,8,27,1715,1,1,1,1.0,2.0,135.0,760,3.0,2.0,2.0,0.0,0.0,1.0,1.0,4,1,0.0,0.0,0.0,0.0,1957.0,2.0,7,0,0.0,2.0,4.0,2.0
2704,8,27,1715,1,1,1,1.0,2.0,135.0,760,3.0,2.0,2.0,0.0,0.0,1.0,1.0,4,1,0.0,0.0,0.0,0.0,1957.0,2.0,33,0,0.0,2.0,1.0,2.0
2705,8,27,1715,1,1,1,1.0,2.0,135.0,760,3.0,2.0,2.0,0.0,0.0,1.0,1.0,1,1,4.0,0.0,0.0,0.0,1970.0,2.0,7,0,0.0,2.0,4.0,2.0
2706,8,27,1715,1,1,1,1.0,2.0,135.0,760,3.0,2.0,2.0,0.0,0.0,1.0,1.0,1,1,4.0,0.0,0.0,0.0,1970.0,2.0,33,0,0.0,2.0,1.0,2.0
2707,10,2,1815,1,1,1,1.0,6.0,234.0,760,3.0,2.0,2.0,0.0,2.0,3.0,1.0,1,1,4.0,0.0,0.0,0.0,1992.0,2.0,7,0,2.0,0.0,9.0,1.0
2708,10,2,1815,1,1,1,1.0,6.0,234.0,760,3.0,2.0,2.0,0.0,2.0,3.0,1.0,4,1,0.0,0.0,0.0,0.0,1992.0,2.0,7,0,2.0,0.0,9.0,1.0
2709,10,2,1815,1,1,1,1.0,6.0,234.0,760,3.0,2.0,2.0,0.0,2.0,3.0,1.0,4,1,0.0,0.0,0.0,0.0,1993.0,2.0,7,0,2.0,0.0,9.0,1.0
2710,10,2,1815,1,1,1,1.0,6.0,234.0,760,3.0,2.0,2.0,0.0,2.0,3.0,1.0,4,1,0.0,0.0,0.0,0.0,1997.0,2.0,7,0,2.0,0.0,9.0,1.0
2711,12,1,735,2,1,3,1.0,5.0,433.0,760,3.0,2.0,2.0,0.0,1.0,1.0,1.0,1,4,4.0,0.0,0.0,0.0,1986.0,2.0,7,0,0.0,2.0,1.0,1.0
2712,12,1,735,2,1,3,1.0,5.0,433.0,760,3.0,2.0,2.0,0.0,1.0,1.0,1.0,1,4,4.0,0.0,0.0,0.0,1986.0,2.0,7,0,0.0,2.0,4.0,23.0
2713,12,1,735,2,1,3,1.0,5.0,433.0,760,3.0,2.0,2.0,0.0,1.0,1.0,1.0,1,4,4.0,0.0,0.0,0.0,1986.0,2.0,7,0,0.0,2.0,4.0,23.0
2714,12,1,735,2,1,3,1.0,5.0,433.0,760,3.0,2.0,2.0,0.0,1.0,1.0,1.0,1,4,4.0,0.0,0.0,0.0,1986.0,2.0,7,0,0.0,0.0,4.0,23.0
2715,12,1,735,2,1,3,1.0,5.0,433.0,760,3.0,2.0,2.0,0.0,1.0,1.0,1.0,1,4,4.0,0.0,0.0,0.0,1986.0,1.0,7,0,0.0,2.0,1.0,1.0
2716,12,1,735,2,1,3,1.0,5.0,433.0,760,3.0,2.0,2.0,0.0,1.0,1.0,1.0,1,4,1.0,0.0,0.0,0.0,1961.0,2.0,7,0,0.0,2.0,1.0,1.0
2717,12,1,735,2,1,3,1.0,5.0,433.0,760,3.0,2.0,2.0,0.0,1.0,1.0,1.0,1,4,1.0,0.0,0.0,0.0,1961.0,2.0,7,0,0.0,2.0,4.0,23.0
2718,12,1,735,2,1,3,1.0,5.0,433.0,760,3.0,2.0,2.0,0.0,1.0,1.0,1.0,1,4,1.0,0.0,0.0,0.0,1961.0,2.0,7,0,0.0,2.0,4.0,23.0
2719,12,1,735,2,1,3,1.0,5.0,433.0,760,3.0,2.0,2.0,0.0,1.0,1.0,1.0,1,4,1.0,0.0,0.0,0.0,1961.0,2.0,7,0,0.0,0.0,4.0,23.0
2720,12,1,735,2,1,3,1.0,5.0,433.0,760,3.0,2.0,2.0,0.0,1.0,1.0,1.0,1,4,1.0,0.0,0.0,0.0,1961.0,1.0,7,0,0.0,2.0,1.0,1.0
2721,12,1,735,2,1,3,1.0,5.0,433.0,760,3.0,2.0,2.0,0.0,1.0,1.0,1.0,1,1,1.0,0.0,0.0,0.0,1985.0,2.0,7,0,0.0,2.0,1.0,1.0
2722,12,1,735,2,1,3,1.0,5.0,433.0,760,3.0,2.0,2.0,0.0,1.0,1.0,1.0,1,1,1.0,0.0,0.0,0.0,1985.0,2.0,7,0,0.0,2.0,4.0,23.0
2723,12,1,735,2,1,3,1.0,5.0,433.0,760,3.0,2.0,2.0,0.0,1.0,1.0,1.0,1,1,1.0,0.0,0.0,0.0,1985.0,2.0,7,0,0.0,2.0,4.0,23.0
2724,12,1,735,2,1,3,1.0,5.0,433.0,760,3.0,2.0,2.0,0.0,1.0,1.0,1.0,1,1,1.0,0.0,0.0,0.0,1985.0,2.0,7,0,0.0,0.0,4.0,23.0
2725,12,1,735,2,1,3,1.0,5.0,433.0,760,3.0,2.0,2.0,0.0,1.0,1.0,1.0,1,1,1.0,0.0,0.0,0.0,1985.0,1.0,7,0,0.0,2.0,1.0,1.0
2726,12,1,735,2,1,3,1.0,5.0,433.0,760,3.0,2.0,2.0,0.0,1.0,1.0,1.0,1,4,1.0,0.0,0.0,0.0,1981.0,2.0,7,0,0.0,2.0,1.0,1.0
2727,12,1,735,2,1,3,1.0,5.0,433.0,760,3.0,2.0,2.0,0.0,1.0,1.0,1.0,1,4,1.0,0.0,0.0,0.0,1981.0,2.0,7,0,0.0,2.0,4.0,23.0
2728,12,1,735,2,1,3,1.0,5.0,433.0,760,3.0,2.0,2.0,0.0,1.0,1.0,1.0,1,4,1.0,0.0,0.0,0.0,1981.0,2.0,7,0,0.0,2.0,4.0,23.0
2729,12,1,735,2,1,3,1.0,5.0,433.0,760,3.0,2.0,2.0,0.0,1.0,1.0,1.0,1,4,1.0,0.0,0.0,0.0,1981.0,2.0,7,0,0.0,0.0,4.0,23.0