,month,day,time,light,location,intersection,atmosphere,collision,municipality,department,road,traffic,nblanes,reslane,laneprofile,plan,surface,user,sex,route,pedlocation,pedaction,pedcondition,birth,dirtraffic,catvehicle,nboccupants,obstacle,movobstacle,impact,maneuver
2730,12,1,735,2,1,3,1.0,5.0,433.0,760,3.0,2.0,2.0,0.0,1.0,1.0,1.0,1,4,1.0,0.0,0.0,0.0,1981.0,1.0,7,0,0.0,2.0,1.0,1.0
2731,12,1,735,2,1,3,1.0,5.0,433.0,760,3.0,2.0,2.0,0.0,1.0,1.0,1.0,1,4,1.0,0.0,0.0,0.0,1984.0,2.0,7,0,0.0,2.0,1.0,1.0
2732,12,1,735,2,1,3,1.0,5.0,433.0,760,3.0,2.0,2.0,0.0,1.0,1.0,1.0,1,4,1.0,0.0,0.0,0.0,1984.0,2.0,7,0,0.0,2.0,4.0,23.0
2733,12,1,735,2,1,3,1.0,5.0,433.0,760,3.0,2.0,2.0,0.0,1.0,1.0,1.0,1,4,1.0,0.0,0.0,0.0,1984.0,2.0,7,0,0.0,2.0,4.0,23.0
2734,12,1,735,2,1,3,1.0,5.0,433.0,760,3.0,2.0,2.0,0.0,1.0,1.0,1.0,1,4,1.0,0.0,0.0,0.0,1984.0,2.0,7,0,0.0,0.0,4.0,23.0
2735,12,1,735,2,1,3,1.0,5.0,433.0,760,3.0,2.0,2.0,0.0,1.0,1.0,1.0,1,4,1.0,0.0,0.0,0.0,1984.0,1.0,7,0,0.0,2.0,1.0,1.0
2736,12,1,735,2,1,3,1.0,5.0,433.0,760,3.0,2.0,2.0,0.0,1.0,1.0,1.0,4,4,1.0,0.0,0.0,0.0,1978.0,2.0,7,0,0.0,2.0,1.0,1.0
2737,12,1,735,2,1,3,1.0,5.0,433.0,760,3.0,2.0,2.0,0.0,1.0,1.0,1.0,4,4,1.0,0.0,0.0,0.0,1978.0,2.0,7,0,0.0,2.0,4.0,23.0
2738,12,1,735,2,1,3,1.0,5.0,433.0,760,3.0,2.0,2.0,0.0,1.0,1.0,1.0,4,4,1.0,0.0,0.0,0.0,1978.0,2.0,7,0,0.0,2.0,4.0,23.0
2739,12,1,735,2,1,3,1.0,5.0,433.0,760,3.0,2.0,2.0,0.0,1.0,1.0,1.0,4,4,1.0,0.0,0.0,0.0,1978.0,2.0,7,0,0.0,0.0,4.0,23.0
2740,12,1,735,2,1,3,1.0,5.0,433.0,760,3.0,2.0,2.0,0.0,1.0,1.0,1.0,4,4,1.0,0.0,0.0,0.0,1978.0,1.0,7,0,0.0,2.0,1.0,1.0
2741,12,8,1710,2,1,1,1.0,6.0,444.0,760,3.0,2.0,2.0,0.0,2.0,2.0,1.0,1,1,0.0,0.0,0.0,0.0,1997.0,0.0,33,0,8.0,0.0,0.0,1.0
2742,12,12,815,2,2,1,1.0,3.0,57.0,760,3.0,2.0,2.0,0.0,1.0,1.0,1.0,1,4,1.0,0.0,0.0,0.0,1992.0,0.0,7,0,0.0,2.0,7.0,19.0
2743,12,12,815,2,2,1,1.0,3.0,57.0,760,3.0,2.0,2.0,0.0,1.0,1.0,1.0,1,4,1.0,0.0,0.0,0.0,1992.0,0.0,2,0,0.0,2.0,1.0,1.0
2744,12,12,815,2,2,1,1.0,3.0,57.0,760,3.0,2.0,2.0,0.0,1.0,1.0,1.0,1,4,4.0,0.0,0.0,0.0,2001.0,0.0,7,0,0.0,2.0,7.0,19.0
2745,12,12,815,2,2,1,1.0,3.0,57.0,760,3.0,2.0,2.0,0.0,1.0,1.0,1.0,1,4,4.0,0.0,0.0,0.0,2001.0,0.0,2,0,0.0,2.0,1.0,1.0
2746,1,16,1500,1,1,1,1.0,6.0,642.0,760,3.0,2.0,2.0,0.0,1.0,3.0,1.0,1,1,4.0,0.0,0.0,0.0,1994.0,2.0,7,0,13.0,0.0,3.0,1.0
2747,5,23,1730,1,2,1,1.0,1.0,189.0,760,3.0,2.0,2.0,0.0,1.0,1.0,0.0,1,1,1.0,0.0,0.0,0.0,1993.0,1.0,21,0,0.0,9.0,1.0,15.0
2748,5,23,1730,1,2,1,1.0,1.0,189.0,760,3.0,2.0,2.0,0.0,1.0,1.0,0.0,1,1,1.0,0.0,0.0,0.0,1993.0,2.0,2,0,14.0,0.0,1.0,1.0
2749,5,23,1730,1,2,1,1.0,1.0,189.0,760,3.0,2.0,2.0,0.0,1.0,1.0,0.0,1,1,1.0,0.0,0.0,0.0,1998.0,1.0,21,0,0.0,9.0,1.0,15.0
2750,5,23,1730,1,2,1,1.0,1.0,189.0,760,3.0,2.0,2.0,0.0,1.0,1.0,0.0,1,1,1.0,0.0,0.0,0.0,1998.0,2.0,2,0,14.0,0.0,1.0,1.0
2751,1,31,845,1,1,1,2.0,6.0,663.0,760,3.0,2.0,2.0,0.0,1.0,1.0,2.0,1,1,4.0,0.0,0.0,0.0,1995.0,2.0,7,0,13.0,0.0,1.0,14.0
2752,1,31,845,1,1,1,2.0,6.0,663.0,760,3.0,2.0,2.0,0.0,1.0,1.0,2.0,4,1,0.0,0.0,0.0,0.0,1993.0,2.0,7,0,13.0,0.0,1.0,14.0
2753,2,12,730,3,1,1,2.0,6.0,719.0,760,3.0,2.0,2.0,0.0,3.0,1.0,2.0,1,1,1.0,0.0,0.0,0.0,1980.0,1.0,7,0,0.0,5.0,1.0,1.0
2754,3,23,1700,1,1,2,1.0,3.0,685.0,760,3.0,2.0,2.0,0.0,1.0,1.0,1.0,1,1,1.0,0.0,0.0,0.0,1968.0,2.0,7,0,0.0,2.0,1.0,1.0
2755,3,23,1700,1,1,2,1.0,3.0,685.0,760,3.0,2.0,2.0,0.0,1.0,1.0,1.0,1,1,1.0,0.0,0.0,0.0,1968.0,1.0,10,0,0.0,2.0,8.0,15.0
2756,3,23,1700,1,1,2,1.0,3.0,685.0,760,3.0,2.0,2.0,0.0,1.0,1.0,1.0,1,4,9.0,0.0,0.0,0.0,1953.0,2.0,7,0,0.0,2.0,1.0,1.0
2757,3,23,1700,1,1,2,1.0,3.0,685.0,760,3.0,2.0,2.0,0.0,1.0,1.0,1.0,1,4,9.0,0.0,0.0,0.0,1953.0,1.0,10,0,0.0,2.0,8.0,15.0
2758,3,23,1700,1,1,2,1.0,3.0,685.0,760,3.0,2.0,2.0,0.0,1.0,1.0,1.0,4,1,0.0,0.0,0.0,0.0,1934.0,2.0,7,0,0.0,2.0,1.0,1.0
2759,3,23,1700,1,1,2,1.0,3.0,685.0,760,3.0,2.0,2.0,0.0,1.0,1.0,1.0,4,1,0.0,0.0,0.0,0.0,1934.0,1.0,10,0,0.0,2.0,8.0,15.0
2760,3,23,1700,1,1,2,1.0,3.0,685.0,760,3.0,2.0,2.0,0.0,1.0,1.0,1.0,4,4,0.0,0.0,0.0,0.0,1937.0,2.0,7,0,0.0,2.0,1.0,1.0
2761,3,23,1700,1,1,2,1.0,3.0,685.0,760,3.0,2.0,2.0,0.0,1.0,1.0,1.0,4,4,0.0,0.0,0.0,0.0,1937.0,1.0,10,0,0.0,2.0,8.0,15.0
2762,5,21,1345,1,1,2,1.0,3.0,706.0,760,3.0,2.0,2.0,0.0,1.0,1.0,1.0,1,4,4.0,0.0,0.0,0.0,1983.0,2.0,7,0,0.0,2.0,1.0,1.0
2763,5,21,1345,1,1,2,1.0,3.0,706.0,760,3.0,2.0,2.0,0.0,1.0,1.0,1.0,1,4,4.0,0.0,0.0,0.0,1983.0,0.0,7,0,0.0,2.0,5.0,1.0
2764,5,21,1345,1,1,2,1.0,3.0,706.0,760,3.0,2.0,2.0,0.0,1.0,1.0,1.0,4,1,0.0,0.0,0.0,0.0,1956.0,2.0,7,0,0.0,2.0,1.0,1.0
2765,5,21,1345,1,1,2,1.0,3.0,706.0,760,3.0,2.0,2.0,0.0,1.0,1.0,1.0,4,1,0.0,0.0,0.0,0.0,1956.0,0.0,7,0,0.0,2.0,5.0,1.0
2766,5,21,1345,1,1,2,1.0,3.0,706.0,760,3.0,2.0,2.0,0.0,1.0,1.0,1.0,4,4,0.0,0.0,0.0,0.0,1959.0,2.0,7,0,0.0,2.0,1.0,1.0
2767,5,21,1345,1,1,2,1.0,3.0,706.0,760,3.0,2.0,2.0,0.0,1.0,1.0,1.0,4,4,0.0,0.0,0.0,0.0,1959.0,0.0,7,0,0.0,2.0,5.0,1.0
2768,5,21,1345,1,1,2,1.0,3.0,706.0,760,3.0,2.0,2.0,0.0,1.0,1.0,1.0,4,1,0.0,0.0,0.0,0.0,2014.0,2.0,7,0,0.0,2.0,1.0,1.0
2769,5,21,1345,1,1,2,1.0,3.0,706.0,760,3.0,2.0,2.0,0.0,1.0,1.0,1.0,4,1,0.0,0.0,0.0,0.0,2014.0,0.0,7,0,0.0,2.0,5.0,1.0
2770,5,21,1345,1,1,2,1.0,3.0,706.0,760,3.0,2.0,2.0,0.0,1.0,1.0,1.0,1,1,4.0,0.0,0.0,0.0,1951.0,2.0,7,0,0.0,2.0,1.0,1.0
2771,5,21,1345,1,1,2,1.0,3.0,706.0,760,3.0,2.0,2.0,0.0,1.0,1.0,1.0,1,1,4.0,0.0,0.0,0.0,1951.0,0.0,7,0,0.0,2.0,5.0,1.0
2772,5,21,1345,1,1,2,1.0,3.0,706.0,760,3.0,2.0,2.0,0.0,1.0,1.0,1.0,4,4,0.0,0.0,0.0,0.0,1954.0,2.0,7,0,0.0,2.0,1.0,1.0
2773,5,21,1345,1,1,2,1.0,3.0,706.0,760,3.0,2.0,2.0,0.0,1.0,1.0,1.0,4,4,0.0,0.0,0.0,0.0,1954.0,0.0,7,0,0.0,2.0,5.0,1.0
2774,9,24,1115,1,1,1,1.0,7.0,195.0,760,3.0,2.0,2.0,0.0,1.0,1.0,1.0,1,1,4.0,0.0,0.0,0.0,1992.0,1.0,33,0,0.0,0.0,9.0,1.0
2775,9,20,645,3,1,1,1.0,1.0,91.0,760,3.0,2.0,2.0,0.0,0.0,1.0,1.0,1,1,2.0,0.0,0.0,0.0,1951.0,2.0,14,0,0.0,2.0,3.0,1.0
2776,9,20,645,3,1,1,1.0,1.0,91.0,760,3.0,2.0,2.0,0.0,0.0,1.0,1.0,1,1,2.0,0.0,0.0,0.0,1951.0,1.0,7,0,0.0,2.0,3.0,13.0
2777,9,20,645,3,1,1,1.0,1.0,91.0,760,3.0,2.0,2.0,0.0,0.0,1.0,1.0,1,1,1.0,0.0,0.0,0.0,1976.0,2.0,14,0,0.0,2.0,3.0,1.0
2778,9,20,645,3,1,1,1.0,1.0,91.0,760,3.0,2.0,2.0,0.0,0.0,1.0,1.0,1,1,1.0,0.0,0.0,0.0,1976.0,1.0,7,0,0.0,2.0,3.0,13.0
2779,5,2,745,1,2,1,1.0,2.0,684.0,270,3.0,2.0,2.0,0.0,1.0,0.0,1.0,1,1,2.0,0.0,0.0,0.0,1981.0,2.0,37,2,0.0,0.0,4.0,23.0
2780,5,2,745,1,2,1,1.0,2.0,684.0,270,3.0,2.0,2.0,0.0,1.0,0.0,1.0,1,1,2.0,0.0,0.0,0.0,1981.0,2.0,37,14,0.0,0.0,1.0,2.0
2781,5,2,745,1,2,1,1.0,2.0,684.0,270,3.0,2.0,2.0,0.0,1.0,0.0,1.0,4,4,0.0,0.0,0.0,0.0,1999.0,2.0,37,2,0.0,0.0,4.0,23.0
2782,5,2,745,1,2,1,1.0,2.0,684.0,270,3.0,2.0,2.0,0.0,1.0,0.0,1.0,4,4,0.0,0.0,0.0,0.0,1999.0,2.0,37,14,0.0,0.0,1.0,2.0
2783,5,2,745,1,2,1,1.0,2.0,684.0,270,3.0,2.0,2.0,0.0,1.0,0.0,1.0,1,1,2.0,0.0,0.0,0.0,1983.0,2.0,37,2,0.0,0.0,4.0,23.0
2784,5,2,745,1,2,1,1.0,2.0,684.0,270,3.0,2.0,2.0,0.0,1.0,0.0,1.0,1,1,2.0,0.0,0.0,0.0,1983.0,2.0,37,14,0.0,0.0,1.0,2.0
2785,5,2,745,1,2,1,1.0,2.0,684.0,270,3.0,2.0,2.0,0.0,1.0,0.0,1.0,4,4,0.0,0.0,0.0,0.0,1999.0,2.0,37,2,0.0,0.0,4.0,23.0
2786,5,2,745,1,2,1,1.0,2.0,684.0,270,3.0,2.0,2.0,0.0,1.0,0.0,1.0,4,4,0.0,0.0,0.0,0.0,1999.0,2.0,37,14,0.0,0.0,1.0,2.0
2787,5,2,745,1,2,1,1.0,2.0,684.0,270,3.0,2.0,2.0,0.0,1.0,0.0,1.0,4,4,0.0,0.0,0.0,0.0,1999.0,2.0,37,2,0.0,0.0,4.0,23.0
2788,5,2,745,1,2,1,1.0,2.0,684.0,270,3.0,2.0,2.0,0.0,1.0,0.0,1.0,4,4,0.0,0.0,0.0,0.0,1999.0,2.0,37,14,0.0,0.0,1.0,2.0
2789,5,2,745,1,2,1,1.0,2.0,684.0,270,3.0,2.0,2.0,0.0,1.0,0.0,1.0,4,4,0.0,0.0,0.0,0.0,1999.0,2.0,37,2,0.0,0.0,4.0,23.0
2790,5,2,745,1,2,1,1.0,2.0,684.0,270,3.0,2.0,2.0,0.0,1.0,0.0,1.0,4,4,0.0,0.0,0.0,0.0,1999.0,2.0,37,14,0.0,0.0,1.0,2.0
2791,11,18,1345,1,1,1,1.0,6.0,634.0,270,2.0,1.0,2.0,0.0,1.0,3.0,1.0,1,1,2.0,0.0,0.0,0.0,1971.0,1.0,17,0,1.0,0.0,2.0,21.0
2792,1,13,730,3,2,2,2.0,7.0,165.0,270,3.0,2.0,2.0,0.0,1.0,3.0,2.0,1,4,1.0,0.0,0.0,0.0,1955.0,0.0,7,0,0.0,0.0,1.0,15.0
2793,1,13,1745,3,2,1,1.0,1.0,20.0,270,3.0,2.0,2.0,0.0,4.0,4.0,1.0,1,1,3.0,0.0,0.0,0.0,1934.0,0.0,7,0,0.0,2.0,3.0,1.0
2794,1,13,1745,3,2,1,1.0,1.0,20.0,270,3.0,2.0,2.0,0.0,4.0,4.0,1.0,1,1,3.0,0.0,0.0,0.0,1934.0,0.0,7,0,0.0,2.0,3.0,0.0
2795,1,13,1745,3,2,1,1.0,1.0,20.0,270,3.0,2.0,2.0,0.0,4.0,4.0,1.0,4,4,0.0,0.0,0.0,0.0,1936.0,0.0,7,0,0.0,2.0,3.0,1.0
2796,1,13,1745,3,2,1,1.0,1.0,20.0,270,3.0,2.0,2.0,0.0,4.0,4.0,1.0,4,4,0.0,0.0,0.0,0.0,1936.0,0.0,7,0,0.0,2.0,3.0,0.0
2797,1,13,1745,3,2,1,1.0,1.0,20.0,270,3.0,2.0,2.0,0.0,4.0,4.0,1.0,1,1,1.0,0.0,0.0,0.0,1956.0,0.0,7,0,0.0,2.0,3.0,1.0
2798,1,13,1745,3,2,1,1.0,1.0,20.0,270,3.0,2.0,2.0,0.0,4.0,4.0,1.0,1,1,1.0,0.0,0.0,0.0,1956.0,0.0,7,0,0.0,2.0,3.0,0.0
2799,4,1,1500,1,2,1,1.0,1.0,20.0,270,4.0,0.0,0.0,0.0,1.0,1.0,1.0,1,1,4.0,0.0,0.0,0.0,1937.0,0.0,30,0,0.0,2.0,8.0,1.0
2800,4,1,1500,1,2,1,1.0,1.0,20.0,270,4.0,0.0,0.0,0.0,1.0,1.0,1.0,1,1,4.0,0.0,0.0,0.0,1937.0,0.0,37,1,0.0,2.0,8.0,23.0
2801,4,1,1500,1,2,1,1.0,1.0,20.0,270,4.0,0.0,0.0,0.0,1.0,1.0,1.0,1,1,2.0,0.0,0.0,0.0,1957.0,0.0,30,0,0.0,2.0,8.0,1.0
2802,4,1,1500,1,2,1,1.0,1.0,20.0,270,4.0,0.0,0.0,0.0,1.0,1.0,1.0,1,1,2.0,0.0,0.0,0.0,1957.0,0.0,37,1,0.0,2.0,8.0,23.0
2803,6,11,1830,1,2,2,1.0,2.0,165.0,270,4.0,,,,,,,1,4,4.0,0.0,0.0,0.0,1971.0,0.0,7,0,0.0,2.0,6.0,1.0
2804,6,11,1830,1,2,2,1.0,2.0,165.0,270,4.0,,,,,,,1,4,4.0,0.0,0.0,0.0,1971.0,0.0,33,0,0.0,2.0,0.0,21.0
2805,6,11,1830,1,2,2,1.0,2.0,165.0,270,4.0,,,,,,,1,1,0.0,0.0,0.0,0.0,1967.0,0.0,7,0,0.0,2.0,6.0,1.0
2806,6,11,1830,1,2,2,1.0,2.0,165.0,270,4.0,,,,,,,1,1,0.0,0.0,0.0,0.0,1967.0,0.0,33,0,0.0,2.0,0.0,21.0
2807,6,13,1745,1,1,1,1.0,1.0,165.0,270,3.0,2.0,0.0,0.0,1.0,1.0,1.0,1,1,0.0,0.0,0.0,0.0,1964.0,1.0,7,0,0.0,2.0,1.0,1.0
2808,6,13,1745,1,1,1,1.0,1.0,165.0,270,3.0,2.0,0.0,0.0,1.0,1.0,1.0,1,1,0.0,0.0,0.0,0.0,1964.0,2.0,7,0,0.0,2.0,2.0,15.0
2809,6,13,1745,1,1,1,1.0,1.0,165.0,270,3.0,2.0,0.0,0.0,1.0,1.0,1.0,4,4,0.0,0.0,0.0,0.0,1964.0,1.0,7,0,0.0,2.0,1.0,1.0
2810,6,13,1745,1,1,1,1.0,1.0,165.0,270,3.0,2.0,0.0,0.0,1.0,1.0,1.0,4,4,0.0,0.0,0.0,0.0,1964.0,2.0,7,0,0.0,2.0,2.0,15.0
2811,6,13,1745,1,1,1,1.0,1.0,165.0,270,3.0,2.0,0.0,0.0,1.0,1.0,1.0,1,4,0.0,0.0,0.0,0.0,1991.0,1.0,7,0,0.0,2.0,1.0,1.0
2812,6,13,1745,1,1,1,1.0,1.0,165.0,270,3.0,2.0,0.0,0.0,1.0,1.0,1.0,1,4,0.0,0.0,0.0,0.0,1991.0,2.0,7,0,0.0,2.0,2.0,15.0
2813,7,15,2100,1,1,1,1.0,6.0,165.0,270,3.0,2.0,2.0,0.0,0.0,2.0,1.0,1,4,4.0,0.0,0.0,0.0,1961.0,0.0,7,0,13.0,0.0,2.0,1.0
2814,8,22,1245,1,2,1,1.0,2.0,602.0,270,3.0,0.0,2.0,0.0,0.0,1.0,1.0,1,4,0.0,0.0,0.0,0.0,1939.0,0.0,7,0,0.0,2.0,1.0,2.0
2815,8,22,1245,1,2,1,1.0,2.0,602.0,270,3.0,0.0,2.0,0.0,0.0,1.0,1.0,1,4,0.0,0.0,0.0,0.0,1939.0,0.0,7,0,0.0,2.0,4.0,2.0
2816,8,22,1245,1,2,1,1.0,2.0,602.0,270,3.0,0.0,2.0,0.0,0.0,1.0,1.0,1,4,0.0,0.0,0.0,0.0,1963.0,0.0,7,0,0.0,2.0,1.0,2.0
2817,8,22,1245,1,2,1,1.0,2.0,602.0,270,3.0,0.0,2.0,0.0,0.0,1.0,1.0,1,4,0.0,0.0,0.0,0.0,1963.0,0.0,7,0,0.0,2.0,4.0,2.0
2818,9,1,815,1,1,1,1.0,7.0,161.0,270,3.0,0.0,0.0,0.0,0.0,0.0,0.0,1,1,1.0,0.0,0.0,0.0,1979.0,0.0,33,0,0.0,0.0,0.0,0.0
2819,9,10,1300,1,1,1,1.0,1.0,20.0,270,3.0,2.0,2.0,0.0,0.0,1.0,1.0,1,1,4.0,0.0,0.0,0.0,1960.0,1.0,7,0,0.0,2.0,1.0,1.0
2820,9,10,1300,1,1,1,1.0,1.0,20.0,270,3.0,2.0,2.0,0.0,0.0,1.0,1.0,1,1,4.0,0.0,0.0,0.0,1960.0,2.0,7,0,0.0,2.0,1.0,13.0
2821,9,10,1300,1,1,1,1.0,1.0,20.0,270,3.0,2.0,2.0,0.0,0.0,1.0,1.0,4,4,0.0,0.0,0.0,0.0,1970.0,1.0,7,0,0.0,2.0,1.0,1.0
2822,9,10,1300,1,1,1,1.0,1.0,20.0,270,3.0,2.0,2.0,0.0,0.0,1.0,1.0,4,4,0.0,0.0,0.0,0.0,1970.0,2.0,7,0,0.0,2.0,1.0,13.0
2823,9,10,1300,1,1,1,1.0,1.0,20.0,270,3.0,2.0,2.0,0.0,0.0,1.0,1.0,1,1,1.0,0.0,0.0,0.0,1991.0,1.0,7,0,0.0,2.0,1.0,1.0
2824,9,10,1300,1,1,1,1.0,1.0,20.0,270,3.0,2.0,2.0,0.0,0.0,1.0,1.0,1,1,1.0,0.0,0.0,0.0,1991.0,2.0,7,0,0.0,2.0,1.0,13.0
2825,12,5,1230,2,1,1,8.0,3.0,618.0,270,3.0,2.0,0.0,0.0,3.0,1.0,1.0,1,4,1.0,0.0,0.0,0.0,1956.0,2.0,7,0,0.0,2.0,8.0,1.0
2826,12,5,1230,2,1,1,8.0,3.0,618.0,270,3.0,2.0,0.0,0.0,3.0,1.0,1.0,1,4,1.0,0.0,0.0,0.0,1956.0,1.0,7,0,13.0,2.0,1.0,1.0
2827,12,5,1230,2,1,1,8.0,3.0,618.0,270,3.0,2.0,0.0,0.0,3.0,1.0,1.0,1,4,1.0,0.0,0.0,0.0,1983.0,2.0,7,0,0.0,2.0,8.0,1.0
2828,12,5,1230,2,1,1,8.0,3.0,618.0,270,3.0,2.0,0.0,0.0,3.0,1.0,1.0,1,4,1.0,0.0,0.0,0.0,1983.0,1.0,7,0,13.0,2.0,1.0,1.0
2829,3,12,1615,1,1,1,1.0,3.0,17.0,270,3.0,2.0,2.0,0.0,0.0,1.0,1.0,1,1,4.0,0.0,0.0,0.0,1990.0,1.0,33,0,0.0,2.0,1.0,1.0
2830,3,12,1615,1,1,1,1.0,3.0,17.0,270,3.0,2.0,2.0,0.0,0.0,1.0,1.0,1,1,4.0,0.0,0.0,0.0,1990.0,1.0,7,0,0.0,0.0,3.0,10.0
2831,3,12,1615,1,1,1,1.0,3.0,17.0,270,3.0,2.0,2.0,0.0,0.0,1.0,1.0,1,1,4.0,0.0,0.0,0.0,1954.0,1.0,33,0,0.0,2.0,1.0,1.0
2832,3,12,1615,1,1,1,1.0,3.0,17.0,270,3.0,2.0,2.0,0.0,0.0,1.0,1.0,1,1,4.0,0.0,0.0,0.0,1954.0,1.0,7,0,0.0,0.0,3.0,10.0
2833,3,12,1615,1,1,1,1.0,3.0,17.0,270,3.0,2.0,2.0,0.0,0.0,1.0,1.0,4,4,4.0,0.0,0.0,0.0,1994.0,1.0,33,0,0.0,2.0,1.0,1.0
2834,3,12,1615,1,1,1,1.0,3.0,17.0,270,3.0,2.0,2.0,0.0,0.0,1.0,1.0,4,4,4.0,0.0,0.0,0.0,1994.0,1.0,7,0,0.0,0.0,3.0,10.0
2835,3,13,1815,1,1,1,1.0,7.0,306.0,270,3.0,2.0,2.0,0.0,1.0,1.0,1.0,1,1,4.0,0.0,0.0,0.0,1997.0,1.0,7,0,13.0,0.0,1.0,1.0
2836,3,13,1815,1,1,1,1.0,7.0,306.0,270,3.0,2.0,2.0,0.0,1.0,1.0,1.0,4,1,4.0,0.0,0.0,0.0,1998.0,1.0,7,0,13.0,0.0,1.0,1.0
2837,3,13,1815,1,1,1,1.0,7.0,306.0,270,3.0,2.0,2.0,0.0,1.0,1.0,1.0,4,4,4.0,0.0,0.0,0.0,1999.0,1.0,7,0,13.0,0.0,1.0,1.0
2838,3,13,1815,1,1,1,1.0,7.0,306.0,270,3.0,2.0,2.0,0.0,1.0,1.0,1.0,4,1,4.0,0.0,0.0,0.0,1999.0,1.0,7,0,13.0,0.0,1.0,1.0
2839,4,10,515,3,1,1,1.0,6.0,183.0,270,3.0,2.0,2.0,0.0,1.0,1.0,1.0,1,1,4.0,0.0,0.0,0.0,1974.0,2.0,7,0,2.0,0.0,7.0,1.0
2840,5,5,2145,5,2,1,1.0,3.0,183.0,270,4.0,2.0,0.0,0.0,1.0,0.0,1.0,1,4,4.0,0.0,0.0,0.0,1987.0,0.0,7,0,0.0,2.0,6.0,1.0
2841,5,5,2145,5,2,1,1.0,3.0,183.0,270,4.0,2.0,0.0,0.0,1.0,0.0,1.0,1,4,4.0,0.0,0.0,0.0,1987.0,0.0,7,0,0.0,2.0,1.0,17.0
2842,5,5,2145,5,2,1,1.0,3.0,183.0,270,4.0,2.0,0.0,0.0,1.0,0.0,1.0,4,1,4.0,0.0,0.0,0.0,1985.0,0.0,7,0,0.0,2.0,6.0,1.0
2843,5,5,2145,5,2,1,1.0,3.0,183.0,270,4.0,2.0,0.0,0.0,1.0,0.0,1.0,4,1,4.0,0.0,0.0,0.0,1985.0,0.0,7,0,0.0,2.0,1.0,17.0
2844,5,5,2145,5,2,1,1.0,3.0,183.0,270,4.0,2.0,0.0,0.0,1.0,0.0,1.0,4,1,4.0,0.0,0.0,0.0,2013.0,0.0,7,0,0.0,2.0,6.0,1.0
2845,5,5,2145,5,2,1,1.0,3.0,183.0,270,4.0,2.0,0.0,0.0,1.0,0.0,1.0,4,1,4.0,0.0,0.0,0.0,2013.0,0.0,7,0,0.0,2.0,1.0,17.0
2846,5,5,2145,5,2,1,1.0,3.0,183.0,270,4.0,2.0,0.0,0.0,1.0,0.0,1.0,4,1,4.0,0.0,0.0,0.0,2000.0,0.0,7,0,0.0,2.0,6.0,1.0
2847,5,5,2145,5,2,1,1.0,3.0,183.0,270,4.0,2.0,0.0,0.0,1.0,0.0,1.0,4,1,4.0,0.0,0.0,0.0,2000.0,0.0,7,0,0.0,2.0,1.0,17.0
2848,6,26,1530,1,1,1,1.0,7.0,421.0,270,3.0,2.0,2.0,0.0,1.0,1.0,1.0,1,1,4.0,0.0,0.0,0.0,1984.0,2.0,33,0,16.0,0.0,8.0,21.0
2849,6,26,1530,1,1,1,1.0,7.0,421.0,270,3.0,2.0,2.0,0.0,1.0,1.0,1.0,4,1,4.0,0.0,0.0,0.0,1990.0,2.0,33,0,16.0,0.0,8.0,21.0
2850,7,13,1830,1,1,3,1.0,3.0,306.0,270,4.0,2.0,2.0,0.0,1.0,1.0,1.0,1,1,1.0,0.0,0.0,0.0,1963.0,0.0,33,0,0.0,2.0,1.0,1.0
2851,7,13,1830,1,1,3,1.0,3.0,306.0,270,4.0,2.0,2.0,0.0,1.0,1.0,1.0,1,1,1.0,0.0,0.0,0.0,1963.0,2.0,3,0,0.0,0.0,3.0,15.0
2852,7,13,1830,1,1,3,1.0,3.0,306.0,270,4.0,2.0,2.0,0.0,1.0,1.0,1.0,1,1,3.0,0.0,0.0,0.0,1984.0,0.0,33,0,0.0,2.0,1.0,1.0
2853,7,13,1830,1,1,3,1.0,3.0,306.0,270,4.0,2.0,2.0,0.0,1.0,1.0,1.0,1,1,3.0,0.0,0.0,0.0,1984.0,2.0,3,0,0.0,0.0,3.0,15.0
2854,7,15,1430,1,1,1,1.0,3.0,301.0,270,3.0,2.0,2.0,0.0,1.0,1.0,1.0,1,1,0.0,0.0,0.0,0.0,1948.0,1.0,7,0,0.0,2.0,3.0,1.0
2855,7,15,1430,1,1,1,1.0,3.0,301.0,270,3.0,2.0,2.0,0.0,1.0,1.0,1.0,1,1,0.0,0.0,0.0,0.0,1948.0,0.0,7,0,0.0,2.0,3.0,17.0
2856,7,15,1430,1,1,1,1.0,3.0,301.0,270,3.0,2.0,2.0,0.0,1.0,1.0,1.0,1,1,0.0,0.0,0.0,0.0,1993.0,1.0,7,0,0.0,2.0,3.0,1.0
2857,7,15,1430,1,1,1,1.0,3.0,301.0,270,3.0,2.0,2.0,0.0,1.0,1.0,1.0,1,1,0.0,0.0,0.0,0.0,1993.0,0.0,7,0,0.0,2.0,3.0,17.0
2858,10,4,900,1,1,1,1.0,3.0,278.0,270,3.0,2.0,2.0,0.0,1.0,1.0,1.0,1,4,0.0,0.0,0.0,0.0,1986.0,1.0,7,0,7.0,2.0,3.0,1.0
2859,10,4,900,1,1,1,1.0,3.0,278.0,270,3.0,2.0,2.0,0.0,1.0,1.0,1.0,1,4,0.0,0.0,0.0,0.0,1986.0,0.0,7,0,0.0,2.0,2.0,1.0