,month,day,time,light,location,intersection,atmosphere,collision,municipality,department,road,traffic,nblanes,reslane,laneprofile,plan,surface,user,sex,route,pedlocation,pedaction,pedcondition,birth,dirtraffic,catvehicle,nboccupants,obstacle,movobstacle,impact,maneuver
2860,10,4,900,1,1,1,1.0,3.0,278.0,270,3.0,2.0,2.0,0.0,1.0,1.0,1.0,1,1,0.0,0.0,0.0,0.0,1977.0,1.0,7,0,7.0,2.0,3.0,1.0
2861,10,4,900,1,1,1,1.0,3.0,278.0,270,3.0,2.0,2.0,0.0,1.0,1.0,1.0,1,1,0.0,0.0,0.0,0.0,1977.0,0.0,7,0,0.0,2.0,2.0,1.0
2862,10,8,430,5,2,4,1.0,6.0,183.0,270,3.0,2.0,2.0,0.0,1.0,1.0,1.0,1,1,4.0,0.0,0.0,0.0,1987.0,0.0,7,0,8.0,0.0,1.0,1.0
2863,9,27,830,1,2,1,1.0,6.0,183.0,270,3.0,2.0,2.0,0.0,1.0,1.0,1.0,1,4,2.0,0.0,0.0,0.0,1992.0,2.0,7,0,0.0,1.0,1.0,1.0
2864,9,27,830,1,2,1,1.0,6.0,183.0,270,3.0,2.0,2.0,0.0,1.0,1.0,1.0,3,1,3.0,2.0,3.0,4.0,1950.0,2.0,7,0,0.0,1.0,1.0,1.0
2865,10,13,515,3,1,1,1.0,6.0,183.0,270,3.0,2.0,0.0,0.0,1.0,1.0,1.0,1,1,2.0,0.0,0.0,0.0,1971.0,2.0,7,0,2.0,0.0,3.0,1.0
2866,12,22,2245,3,1,1,5.0,6.0,177.0,270,3.0,2.0,2.0,0.0,1.0,2.0,2.0,1,1,4.0,0.0,0.0,0.0,1998.0,2.0,7,0,13.0,0.0,5.0,1.0
2867,7,18,1745,1,1,2,1.0,3.0,166.0,270,3.0,2.0,2.0,0.0,1.0,1.0,1.0,1,4,4.0,0.0,0.0,0.0,1963.0,2.0,7,0,0.0,0.0,1.0,1.0
2868,7,18,1745,1,1,2,1.0,3.0,166.0,270,3.0,2.0,2.0,0.0,1.0,1.0,1.0,1,4,4.0,0.0,0.0,0.0,1963.0,0.0,7,0,0.0,0.0,8.0,19.0
2869,7,18,1745,1,1,2,1.0,3.0,166.0,270,3.0,2.0,2.0,0.0,1.0,1.0,1.0,1,4,4.0,0.0,0.0,0.0,1969.0,2.0,7,0,0.0,0.0,1.0,1.0
2870,7,18,1745,1,1,2,1.0,3.0,166.0,270,3.0,2.0,2.0,0.0,1.0,1.0,1.0,1,4,4.0,0.0,0.0,0.0,1969.0,0.0,7,0,0.0,0.0,8.0,19.0
2871,7,18,1745,1,1,2,1.0,3.0,166.0,270,3.0,2.0,2.0,0.0,1.0,1.0,1.0,4,4,0.0,0.0,0.0,0.0,1993.0,2.0,7,0,0.0,0.0,1.0,1.0
2872,7,18,1745,1,1,2,1.0,3.0,166.0,270,3.0,2.0,2.0,0.0,1.0,1.0,1.0,4,4,0.0,0.0,0.0,0.0,1993.0,0.0,7,0,0.0,0.0,8.0,19.0
2873,7,18,1745,1,1,2,1.0,3.0,166.0,270,3.0,2.0,2.0,0.0,1.0,1.0,1.0,4,4,0.0,0.0,0.0,0.0,1975.0,2.0,7,0,0.0,0.0,1.0,1.0
2874,7,18,1745,1,1,2,1.0,3.0,166.0,270,3.0,2.0,2.0,0.0,1.0,1.0,1.0,4,4,0.0,0.0,0.0,0.0,1975.0,0.0,7,0,0.0,0.0,8.0,19.0
2875,8,12,715,1,1,2,1.0,3.0,2.0,270,2.0,3.0,4.0,0.0,1.0,1.0,1.0,1,1,0.0,0.0,0.0,0.0,1956.0,2.0,10,0,0.0,2.0,1.0,1.0
2876,8,12,715,1,1,2,1.0,3.0,2.0,270,2.0,3.0,4.0,0.0,1.0,1.0,1.0,1,1,0.0,0.0,0.0,0.0,1956.0,1.0,7,0,0.0,2.0,3.0,16.0
2877,8,12,715,1,1,2,1.0,3.0,2.0,270,2.0,3.0,4.0,0.0,1.0,1.0,1.0,1,1,9.0,0.0,0.0,0.0,1976.0,2.0,10,0,0.0,2.0,1.0,1.0
2878,8,12,715,1,1,2,1.0,3.0,2.0,270,2.0,3.0,4.0,0.0,1.0,1.0,1.0,1,1,9.0,0.0,0.0,0.0,1976.0,1.0,7,0,0.0,2.0,3.0,16.0
2879,8,30,1745,1,1,1,1.0,3.0,416.0,270,3.0,2.0,2.0,0.0,1.0,1.0,1.0,1,1,3.0,0.0,0.0,0.0,2001.0,2.0,30,0,0.0,2.0,1.0,17.0
2880,8,30,1745,1,1,1,1.0,3.0,416.0,270,3.0,2.0,2.0,0.0,1.0,1.0,1.0,1,1,3.0,0.0,0.0,0.0,2001.0,2.0,21,0,0.0,0.0,3.0,15.0
2881,8,30,1745,1,1,1,1.0,3.0,416.0,270,3.0,2.0,2.0,0.0,1.0,1.0,1.0,1,1,2.0,0.0,0.0,0.0,1996.0,2.0,30,0,0.0,2.0,1.0,17.0
2882,8,30,1745,1,1,1,1.0,3.0,416.0,270,3.0,2.0,2.0,0.0,1.0,1.0,1.0,1,1,2.0,0.0,0.0,0.0,1996.0,2.0,21,0,0.0,0.0,3.0,15.0
2883,9,13,1800,1,1,1,7.0,1.0,491.0,270,3.0,2.0,2.0,0.0,1.0,3.0,1.0,1,1,2.0,0.0,0.0,0.0,1989.0,1.0,10,0,0.0,2.0,3.0,17.0
2884,9,13,1800,1,1,1,7.0,1.0,491.0,270,3.0,2.0,2.0,0.0,1.0,3.0,1.0,1,1,2.0,0.0,0.0,0.0,1989.0,2.0,1,0,0.0,2.0,1.0,1.0
2885,9,13,1800,1,1,1,7.0,1.0,491.0,270,3.0,2.0,2.0,0.0,1.0,3.0,1.0,1,1,4.0,0.0,0.0,0.0,1963.0,1.0,10,0,0.0,2.0,3.0,17.0
2886,9,13,1800,1,1,1,7.0,1.0,491.0,270,3.0,2.0,2.0,0.0,1.0,3.0,1.0,1,1,4.0,0.0,0.0,0.0,1963.0,2.0,1,0,0.0,2.0,1.0,1.0
2887,12,2,900,1,1,1,1.0,6.0,543.0,270,3.0,2.0,2.0,0.0,1.0,1.0,9.0,1,4,1.0,0.0,0.0,0.0,1959.0,0.0,7,0,8.0,0.0,8.0,1.0
2888,4,24,730,1,1,2,1.0,3.0,123.0,270,2.0,2.0,2.0,0.0,0.0,1.0,1.0,1,1,1.0,0.0,0.0,0.0,1993.0,0.0,7,0,0.0,2.0,1.0,0.0
2889,4,24,730,1,1,2,1.0,3.0,123.0,270,2.0,2.0,2.0,0.0,0.0,1.0,1.0,1,1,1.0,0.0,0.0,0.0,1993.0,0.0,7,0,0.0,2.0,2.0,0.0
2890,4,24,730,1,1,2,1.0,3.0,123.0,270,2.0,2.0,2.0,0.0,0.0,1.0,1.0,1,1,4.0,0.0,0.0,0.0,1996.0,0.0,7,0,0.0,2.0,1.0,0.0
2891,4,24,730,1,1,2,1.0,3.0,123.0,270,2.0,2.0,2.0,0.0,0.0,1.0,1.0,1,1,4.0,0.0,0.0,0.0,1996.0,0.0,7,0,0.0,2.0,2.0,0.0
2892,5,30,1615,1,1,3,1.0,3.0,4.0,270,2.0,2.0,2.0,0.0,1.0,1.0,2.0,1,1,9.0,0.0,0.0,0.0,1973.0,2.0,7,0,0.0,2.0,6.0,19.0
2893,5,30,1615,1,1,3,1.0,3.0,4.0,270,2.0,2.0,2.0,0.0,1.0,1.0,2.0,1,1,9.0,0.0,0.0,0.0,1973.0,2.0,7,0,0.0,2.0,1.0,1.0
2894,5,30,1615,1,1,3,1.0,3.0,4.0,270,2.0,2.0,2.0,0.0,1.0,1.0,2.0,4,1,0.0,0.0,0.0,0.0,2011.0,2.0,7,0,0.0,2.0,6.0,19.0
2895,5,30,1615,1,1,3,1.0,3.0,4.0,270,2.0,2.0,2.0,0.0,1.0,1.0,2.0,4,1,0.0,0.0,0.0,0.0,2011.0,2.0,7,0,0.0,2.0,1.0,1.0
2896,5,30,1615,1,1,3,1.0,3.0,4.0,270,2.0,2.0,2.0,0.0,1.0,1.0,2.0,1,4,1.0,0.0,0.0,0.0,1995.0,2.0,7,0,0.0,2.0,6.0,19.0
2897,5,30,1615,1,1,3,1.0,3.0,4.0,270,2.0,2.0,2.0,0.0,1.0,1.0,2.0,1,4,1.0,0.0,0.0,0.0,1995.0,2.0,7,0,0.0,2.0,1.0,1.0
2898,6,14,1445,1,1,1,2.0,1.0,448.0,270,2.0,2.0,3.0,0.0,0.0,1.0,1.0,1,1,1.0,0.0,0.0,0.0,1985.0,2.0,7,0,0.0,2.0,1.0,0.0
2899,6,14,1445,1,1,1,2.0,1.0,448.0,270,2.0,2.0,3.0,0.0,0.0,1.0,1.0,1,1,1.0,0.0,0.0,0.0,1985.0,1.0,7,0,0.0,2.0,1.0,13.0
2900,6,14,1445,1,1,1,2.0,1.0,448.0,270,2.0,2.0,3.0,0.0,0.0,1.0,1.0,4,1,1.0,0.0,0.0,0.0,1982.0,2.0,7,0,0.0,2.0,1.0,0.0
2901,6,14,1445,1,1,1,2.0,1.0,448.0,270,2.0,2.0,3.0,0.0,0.0,1.0,1.0,4,1,1.0,0.0,0.0,0.0,1982.0,1.0,7,0,0.0,2.0,1.0,13.0
2902,6,14,1445,1,1,1,2.0,1.0,448.0,270,2.0,2.0,3.0,0.0,0.0,1.0,1.0,1,1,1.0,0.0,0.0,0.0,1968.0,2.0,7,0,0.0,2.0,1.0,0.0
2903,6,14,1445,1,1,1,2.0,1.0,448.0,270,2.0,2.0,3.0,0.0,0.0,1.0,1.0,1,1,1.0,0.0,0.0,0.0,1968.0,1.0,7,0,0.0,2.0,1.0,13.0
2904,6,30,1830,1,1,1,1.0,1.0,119.0,270,3.0,2.0,2.0,0.0,0.0,1.0,1.0,1,4,1.0,0.0,0.0,0.0,1996.0,2.0,7,0,0.0,2.0,1.0,17.0
2905,6,30,1830,1,1,1,1.0,1.0,119.0,270,3.0,2.0,2.0,0.0,0.0,1.0,1.0,1,4,1.0,0.0,0.0,0.0,1996.0,1.0,7,0,0.0,2.0,1.0,1.0
2906,6,30,1830,1,1,1,1.0,1.0,119.0,270,3.0,2.0,2.0,0.0,0.0,1.0,1.0,1,1,1.0,0.0,0.0,0.0,1991.0,2.0,7,0,0.0,2.0,1.0,17.0
2907,6,30,1830,1,1,1,1.0,1.0,119.0,270,3.0,2.0,2.0,0.0,0.0,1.0,1.0,1,1,1.0,0.0,0.0,0.0,1991.0,1.0,7,0,0.0,2.0,1.0,1.0
2908,7,13,800,1,1,1,1.0,1.0,123.0,270,3.0,2.0,0.0,0.0,0.0,2.0,1.0,1,1,1.0,0.0,0.0,0.0,1987.0,1.0,7,0,0.0,2.0,3.0,1.0
2909,7,13,800,1,1,1,1.0,1.0,123.0,270,3.0,2.0,0.0,0.0,0.0,2.0,1.0,1,1,1.0,0.0,0.0,0.0,1987.0,2.0,2,0,0.0,2.0,1.0,5.0
2910,7,13,800,1,1,1,1.0,1.0,123.0,270,3.0,2.0,0.0,0.0,0.0,2.0,1.0,1,1,1.0,0.0,0.0,0.0,1998.0,1.0,7,0,0.0,2.0,3.0,1.0
2911,7,13,800,1,1,1,1.0,1.0,123.0,270,3.0,2.0,0.0,0.0,0.0,2.0,1.0,1,1,1.0,0.0,0.0,0.0,1998.0,2.0,2,0,0.0,2.0,1.0,5.0
2912,8,9,2130,2,1,2,1.0,3.0,410.0,270,2.0,2.0,3.0,0.0,1.0,1.0,1.0,1,1,9.0,0.0,0.0,0.0,1997.0,1.0,7,0,0.0,2.0,1.0,1.0
2913,8,9,2130,2,1,2,1.0,3.0,410.0,270,2.0,2.0,3.0,0.0,1.0,1.0,1.0,1,1,9.0,0.0,0.0,0.0,1997.0,1.0,7,0,0.0,0.0,7.0,19.0
2914,8,9,2130,2,1,2,1.0,3.0,410.0,270,2.0,2.0,3.0,0.0,1.0,1.0,1.0,1,1,4.0,0.0,0.0,0.0,1996.0,1.0,7,0,0.0,2.0,1.0,1.0
2915,8,9,2130,2,1,2,1.0,3.0,410.0,270,2.0,2.0,3.0,0.0,1.0,1.0,1.0,1,1,4.0,0.0,0.0,0.0,1996.0,1.0,7,0,0.0,0.0,7.0,19.0
2916,8,9,2130,2,1,2,1.0,3.0,410.0,270,2.0,2.0,3.0,0.0,1.0,1.0,1.0,4,1,4.0,0.0,0.0,0.0,1995.0,1.0,7,0,0.0,2.0,1.0,1.0
2917,8,9,2130,2,1,2,1.0,3.0,410.0,270,2.0,2.0,3.0,0.0,1.0,1.0,1.0,4,1,4.0,0.0,0.0,0.0,1995.0,1.0,7,0,0.0,0.0,7.0,19.0
2918,8,9,2130,2,1,2,1.0,3.0,410.0,270,2.0,2.0,3.0,0.0,1.0,1.0,1.0,4,1,4.0,0.0,0.0,0.0,1995.0,1.0,7,0,0.0,2.0,1.0,1.0
2919,8,9,2130,2,1,2,1.0,3.0,410.0,270,2.0,2.0,3.0,0.0,1.0,1.0,1.0,4,1,4.0,0.0,0.0,0.0,1995.0,1.0,7,0,0.0,0.0,7.0,19.0
2920,10,21,1730,1,2,1,2.0,1.0,397.0,270,4.0,2.0,0.0,0.0,0.0,1.0,1.0,1,1,9.0,0.0,0.0,0.0,2000.0,0.0,30,0,0.0,2.0,1.0,19.0
2921,10,21,1730,1,2,1,2.0,1.0,397.0,270,4.0,2.0,0.0,0.0,0.0,1.0,1.0,1,1,9.0,0.0,0.0,0.0,2000.0,0.0,7,0,0.0,2.0,3.0,1.0
2922,10,21,1730,1,2,1,2.0,1.0,397.0,270,4.0,2.0,0.0,0.0,0.0,1.0,1.0,1,1,1.0,0.0,0.0,0.0,1973.0,0.0,30,0,0.0,2.0,1.0,19.0
2923,10,21,1730,1,2,1,2.0,1.0,397.0,270,4.0,2.0,0.0,0.0,0.0,1.0,1.0,1,1,1.0,0.0,0.0,0.0,1973.0,0.0,7,0,0.0,2.0,3.0,1.0
2924,11,6,1445,1,2,1,1.0,6.0,76.0,270,4.0,2.0,0.0,0.0,0.0,1.0,1.0,1,1,1.0,0.0,0.0,0.0,1971.0,1.0,7,0,0.0,1.0,1.0,1.0
2925,11,6,1445,1,2,1,1.0,6.0,76.0,270,4.0,2.0,0.0,0.0,0.0,1.0,1.0,3,1,4.0,1.0,3.0,1.0,2009.0,1.0,7,0,0.0,1.0,1.0,1.0
2926,12,21,1600,1,2,8,1.0,3.0,114.0,270,3.0,2.0,2.0,0.0,0.0,1.0,1.0,1,1,2.0,0.0,0.0,0.0,1976.0,1.0,39,1,0.0,2.0,1.0,1.0
2927,12,21,1600,1,2,8,1.0,3.0,114.0,270,3.0,2.0,2.0,0.0,0.0,1.0,1.0,1,1,2.0,0.0,0.0,0.0,1976.0,1.0,1,0,0.0,4.0,0.0,0.0
2928,12,21,1600,1,2,8,1.0,3.0,114.0,270,3.0,2.0,2.0,0.0,0.0,1.0,1.0,1,1,4.0,0.0,0.0,0.0,1956.0,1.0,39,1,0.0,2.0,1.0,1.0
2929,12,21,1600,1,2,8,1.0,3.0,114.0,270,3.0,2.0,2.0,0.0,0.0,1.0,1.0,1,1,4.0,0.0,0.0,0.0,1956.0,1.0,1,0,0.0,4.0,0.0,0.0
2930,12,23,1800,5,2,2,1.0,3.0,448.0,270,4.0,,,,,,,1,1,4.0,0.0,0.0,0.0,1999.0,0.0,7,0,8.0,2.0,2.0,19.0
2931,12,23,1800,5,2,2,1.0,3.0,448.0,270,4.0,,,,,,,1,1,4.0,0.0,0.0,0.0,1999.0,0.0,7,0,0.0,2.0,3.0,1.0
2932,12,23,1800,5,2,2,1.0,3.0,448.0,270,4.0,,,,,,,4,1,4.0,0.0,0.0,0.0,1999.0,0.0,7,0,8.0,2.0,2.0,19.0
2933,12,23,1800,5,2,2,1.0,3.0,448.0,270,4.0,,,,,,,4,1,4.0,0.0,0.0,0.0,1999.0,0.0,7,0,0.0,2.0,3.0,1.0
2934,12,23,1800,5,2,2,1.0,3.0,448.0,270,4.0,,,,,,,4,1,4.0,0.0,0.0,0.0,1997.0,0.0,7,0,8.0,2.0,2.0,19.0
2935,12,23,1800,5,2,2,1.0,3.0,448.0,270,4.0,,,,,,,4,1,4.0,0.0,0.0,0.0,1997.0,0.0,7,0,0.0,2.0,3.0,1.0
2936,12,23,1800,5,2,2,1.0,3.0,448.0,270,4.0,,,,,,,1,1,4.0,0.0,0.0,0.0,1958.0,0.0,7,0,8.0,2.0,2.0,19.0
2937,12,23,1800,5,2,2,1.0,3.0,448.0,270,4.0,,,,,,,1,1,4.0,0.0,0.0,0.0,1958.0,0.0,7,0,0.0,2.0,3.0,1.0
2938,6,3,2300,5,1,1,1.0,3.0,17.0,270,3.0,2.0,2.0,0.0,1.0,1.0,1.0,1,1,4.0,0.0,0.0,0.0,1989.0,2.0,7,0,0.0,2.0,3.0,11.0
2939,6,3,2300,5,1,1,1.0,3.0,17.0,270,3.0,2.0,2.0,0.0,1.0,1.0,1.0,1,1,4.0,0.0,0.0,0.0,1989.0,2.0,10,0,2.0,2.0,2.0,17.0
2940,6,3,2300,5,1,1,1.0,3.0,17.0,270,3.0,2.0,2.0,0.0,1.0,1.0,1.0,1,1,2.0,0.0,0.0,0.0,1985.0,2.0,7,0,0.0,2.0,3.0,11.0
2941,6,3,2300,5,1,1,1.0,3.0,17.0,270,3.0,2.0,2.0,0.0,1.0,1.0,1.0,1,1,2.0,0.0,0.0,0.0,1985.0,2.0,10,0,2.0,2.0,2.0,17.0
2942,6,3,2300,5,1,1,1.0,3.0,17.0,270,3.0,2.0,2.0,0.0,1.0,1.0,1.0,4,1,2.0,0.0,0.0,0.0,1990.0,2.0,7,0,0.0,2.0,3.0,11.0
2943,6,3,2300,5,1,1,1.0,3.0,17.0,270,3.0,2.0,2.0,0.0,1.0,1.0,1.0,4,1,2.0,0.0,0.0,0.0,1990.0,2.0,10,0,2.0,2.0,2.0,17.0
2944,6,3,2300,5,1,1,1.0,3.0,17.0,270,3.0,2.0,2.0,0.0,1.0,1.0,1.0,4,1,2.0,0.0,0.0,0.0,1995.0,2.0,7,0,0.0,2.0,3.0,11.0
2945,6,3,2300,5,1,1,1.0,3.0,17.0,270,3.0,2.0,2.0,0.0,1.0,1.0,1.0,4,1,2.0,0.0,0.0,0.0,1995.0,2.0,10,0,2.0,2.0,2.0,17.0
2946,6,3,2300,5,1,1,1.0,3.0,17.0,270,3.0,2.0,2.0,0.0,1.0,1.0,1.0,4,1,2.0,0.0,0.0,0.0,1981.0,2.0,7,0,0.0,2.0,3.0,11.0
2947,6,3,2300,5,1,1,1.0,3.0,17.0,270,3.0,2.0,2.0,0.0,1.0,1.0,1.0,4,1,2.0,0.0,0.0,0.0,1981.0,2.0,10,0,2.0,2.0,2.0,17.0
2948,6,3,2300,5,1,1,1.0,3.0,17.0,270,3.0,2.0,2.0,0.0,1.0,1.0,1.0,4,1,2.0,0.0,0.0,0.0,1986.0,2.0,7,0,0.0,2.0,3.0,11.0
2949,6,3,2300,5,1,1,1.0,3.0,17.0,270,3.0,2.0,2.0,0.0,1.0,1.0,1.0,4,1,2.0,0.0,0.0,0.0,1986.0,2.0,10,0,2.0,2.0,2.0,17.0
2950,6,20,715,2,1,1,2.0,6.0,421.0,270,3.0,2.0,2.0,0.0,0.0,1.0,2.0,1,1,4.0,0.0,0.0,0.0,1997.0,1.0,7,0,2.0,0.0,1.0,1.0
2951,4,9,1515,1,1,3,2.0,7.0,96.0,270,3.0,2.0,2.0,0.0,1.0,1.0,2.0,1,4,4.0,0.0,0.0,0.0,1952.0,1.0,7,0,8.0,0.0,8.0,1.0
2952,6,24,915,1,1,3,1.0,3.0,573.0,270,4.0,,,,,,,1,1,1.0,0.0,0.0,0.0,1968.0,0.0,7,0,0.0,2.0,2.0,1.0
2953,6,24,915,1,1,3,1.0,3.0,573.0,270,4.0,,,,,,,1,1,1.0,0.0,0.0,0.0,1968.0,0.0,7,0,0.0,2.0,8.0,1.0
2954,6,24,915,1,1,3,1.0,3.0,573.0,270,4.0,,,,,,,1,4,4.0,0.0,0.0,0.0,1984.0,0.0,7,0,0.0,2.0,2.0,1.0
2955,6,24,915,1,1,3,1.0,3.0,573.0,270,4.0,,,,,,,1,4,4.0,0.0,0.0,0.0,1984.0,0.0,7,0,0.0,2.0,8.0,1.0
2956,6,24,915,1,1,3,1.0,3.0,573.0,270,4.0,,,,,,,4,1,4.0,0.0,0.0,0.0,2011.0,0.0,7,0,0.0,2.0,2.0,1.0
2957,6,24,915,1,1,3,1.0,3.0,573.0,270,4.0,,,,,,,4,1,4.0,0.0,0.0,0.0,2011.0,0.0,7,0,0.0,2.0,8.0,1.0
2958,6,24,915,1,1,3,1.0,3.0,573.0,270,4.0,,,,,,,4,4,4.0,0.0,0.0,0.0,2006.0,0.0,7,0,0.0,2.0,2.0,1.0
2959,6,24,915,1,1,3,1.0,3.0,573.0,270,4.0,,,,,,,4,4,4.0,0.0,0.0,0.0,2006.0,0.0,7,0,0.0,2.0,8.0,1.0
2960,7,8,845,1,1,2,1.0,3.0,159.0,270,4.0,2.0,2.0,0.0,1.0,1.0,1.0,1,4,1.0,0.0,0.0,0.0,1960.0,0.0,7,0,0.0,0.0,8.0,1.0
2961,7,8,845,1,1,2,1.0,3.0,159.0,270,4.0,2.0,2.0,0.0,1.0,1.0,1.0,1,4,1.0,0.0,0.0,0.0,1960.0,0.0,7,0,0.0,2.0,1.0,1.0
2962,7,8,845,1,1,2,1.0,3.0,159.0,270,4.0,2.0,2.0,0.0,1.0,1.0,1.0,1,4,9.0,0.0,0.0,0.0,1985.0,0.0,7,0,0.0,0.0,8.0,1.0
2963,7,8,845,1,1,2,1.0,3.0,159.0,270,4.0,2.0,2.0,0.0,1.0,1.0,1.0,1,4,9.0,0.0,0.0,0.0,1985.0,0.0,7,0,0.0,2.0,1.0,1.0
2964,7,8,845,1,1,2,1.0,3.0,159.0,270,4.0,2.0,2.0,0.0,1.0,1.0,1.0,4,1,9.0,0.0,0.0,0.0,2010.0,0.0,7,0,0.0,0.0,8.0,1.0
2965,7,8,845,1,1,2,1.0,3.0,159.0,270,4.0,2.0,2.0,0.0,1.0,1.0,1.0,4,1,9.0,0.0,0.0,0.0,2010.0,0.0,7,0,0.0,2.0,1.0,1.0
2966,7,8,845,1,1,2,1.0,3.0,159.0,270,4.0,2.0,2.0,0.0,1.0,1.0,1.0,4,1,9.0,0.0,0.0,0.0,2013.0,0.0,7,0,0.0,0.0,8.0,1.0
2967,7,8,845,1,1,2,1.0,3.0,159.0,270,4.0,2.0,2.0,0.0,1.0,1.0,1.0,4,1,9.0,0.0,0.0,0.0,2013.0,0.0,7,0,0.0,2.0,1.0,1.0
2968,8,30,1500,1,1,1,1.0,7.0,565.0,270,3.0,2.0,0.0,0.0,1.0,1.0,1.0,1,4,9.0,0.0,0.0,0.0,1940.0,0.0,7,0,13.0,0.0,1.0,1.0
2969,12,2,715,2,1,1,5.0,7.0,303.0,270,3.0,2.0,2.0,0.0,2.0,2.0,7.0,1,4,4.0,0.0,0.0,0.0,1996.0,2.0,7,0,0.0,0.0,3.0,1.0
2970,12,17,1615,1,1,1,1.0,6.0,565.0,270,4.0,2.0,0.0,0.0,1.0,1.0,1.0,1,1,9.0,0.0,0.0,0.0,1952.0,0.0,7,0,0.0,1.0,7.0,1.0
2971,12,17,1615,1,1,1,1.0,6.0,565.0,270,4.0,2.0,0.0,0.0,1.0,1.0,1.0,3,1,9.0,1.0,4.0,1.0,1992.0,0.0,7,0,0.0,1.0,7.0,1.0
2972,12,25,1800,5,2,4,2.0,3.0,431.0,270,3.0,2.0,2.0,0.0,1.0,3.0,2.0,1,1,4.0,0.0,0.0,0.0,1989.0,1.0,7,0,0.0,2.0,2.0,19.0
2973,12,25,1800,5,2,4,2.0,3.0,431.0,270,3.0,2.0,2.0,0.0,1.0,3.0,2.0,1,1,4.0,0.0,0.0,0.0,1989.0,2.0,7,0,0.0,2.0,3.0,1.0
2974,12,25,1800,5,2,4,2.0,3.0,431.0,270,3.0,2.0,2.0,0.0,1.0,3.0,2.0,4,4,4.0,0.0,0.0,0.0,1989.0,1.0,7,0,0.0,2.0,2.0,19.0
2975,12,25,1800,5,2,4,2.0,3.0,431.0,270,3.0,2.0,2.0,0.0,1.0,3.0,2.0,4,4,4.0,0.0,0.0,0.0,1989.0,2.0,7,0,0.0,2.0,3.0,1.0
2976,12,25,1800,5,2,4,2.0,3.0,431.0,270,3.0,2.0,2.0,0.0,1.0,3.0,2.0,4,1,9.0,0.0,0.0,0.0,2014.0,1.0,7,0,0.0,2.0,2.0,19.0
2977,12,25,1800,5,2,4,2.0,3.0,431.0,270,3.0,2.0,2.0,0.0,1.0,3.0,2.0,4,1,9.0,0.0,0.0,0.0,2014.0,2.0,7,0,0.0,2.0,3.0,1.0
2978,12,25,1800,5,2,4,2.0,3.0,431.0,270,3.0,2.0,2.0,0.0,1.0,3.0,2.0,1,1,4.0,0.0,0.0,0.0,1989.0,1.0,7,0,0.0,2.0,2.0,19.0
2979,12,25,1800,5,2,4,2.0,3.0,431.0,270,3.0,2.0,2.0,0.0,1.0,3.0,2.0,1,1,4.0,0.0,0.0,0.0,1989.0,2.0,7,0,0.0,2.0,3.0,1.0
2980,1,7,1900,3,1,1,8.0,3.0,473.0,270,3.0,2.0,0.0,0.0,0.0,1.0,0.0,1,1,3.0,0.0,0.0,0.0,1968.0,2.0,7,0,0.0,2.0,7.0,5.0
2981,1,7,1900,3,1,1,8.0,3.0,473.0,270,3.0,2.0,0.0,0.0,0.0,1.0,0.0,1,1,3.0,0.0,0.0,0.0,1968.0,1.0,7,0,0.0,2.0,7.0,5.0
2982,1,7,1900,3,1,1,8.0,3.0,473.0,270,3.0,2.0,0.0,0.0,0.0,1.0,0.0,1,1,1.0,0.0,0.0,0.0,1992.0,2.0,7,0,0.0,2.0,7.0,5.0
2983,1,7,1900,3,1,1,8.0,3.0,473.0,270,3.0,2.0,0.0,0.0,0.0,1.0,0.0,1,1,1.0,0.0,0.0,0.0,1992.0,1.0,7,0,0.0,2.0,7.0,5.0
2984,1,7,1900,3,1,1,8.0,3.0,473.0,270,3.0,2.0,0.0,0.0,0.0,1.0,0.0,4,1,1.0,0.0,0.0,0.0,1992.0,2.0,7,0,0.0,2.0,7.0,5.0
2985,1,7,1900,3,1,1,8.0,3.0,473.0,270,3.0,2.0,0.0,0.0,0.0,1.0,0.0,4,1,1.0,0.0,0.0,0.0,1992.0,1.0,7,0,0.0,2.0,7.0,5.0
2986,4,24,715,1,1,2,1.0,3.0,16.0,270,3.0,2.0,0.0,0.0,1.0,3.0,0.0,1,4,4.0,0.0,0.0,0.0,2000.0,1.0,7,0,0.0,2.0,1.0,19.0
2987,4,24,715,1,1,2,1.0,3.0,16.0,270,3.0,2.0,0.0,0.0,1.0,3.0,0.0,1,4,4.0,0.0,0.0,0.0,2000.0,2.0,7,0,0.0,2.0,3.0,19.0
2988,4,24,715,1,1,2,1.0,3.0,16.0,270,3.0,2.0,0.0,0.0,1.0,3.0,0.0,4,4,4.0,0.0,0.0,0.0,1972.0,1.0,7,0,0.0,2.0,1.0,19.0
2989,4,24,715,1,1,2,1.0,3.0,16.0,270,3.0,2.0,0.0,0.0,1.0,3.0,0.0,4,4,4.0,0.0,0.0,0.0,1972.0,2.0,7,0,0.0,2.0,3.0,19.0
2990,4,24,715,1,1,2,1.0,3.0,16.0,270,3.0,2.0,0.0,0.0,1.0,3.0,0.0,1,4,4.0,0.0,0.0,0.0,1995.0,1.0,7,0,0.0,2.0,1.0,19.0
2991,4,24,715,1,1,2,1.0,3.0,16.0,270,3.0,2.0,0.0,0.0,1.0,3.0,0.0,1,4,4.0,0.0,0.0,0.0,1995.0,2.0,7,0,0.0,2.0,3.0,19.0