,month,day,time,light,location,intersection,atmosphere,collision,municipality,department,road,traffic,nblanes,reslane,laneprofile,plan,surface,user,sex,route,pedlocation,pedaction,pedcondition,birth,dirtraffic,catvehicle,nboccupants,obstacle,movobstacle,impact,maneuver
2992,5,28,2245,3,1,2,1.0,3.0,58.0,270,3.0,2.0,2.0,0.0,1.0,3.0,1.0,1,1,4.0,0.0,0.0,0.0,1990.0,2.0,33,0,0.0,2.0,1.0,1.0
2993,5,28,2245,3,1,2,1.0,3.0,58.0,270,3.0,2.0,2.0,0.0,1.0,3.0,1.0,1,1,4.0,0.0,0.0,0.0,1990.0,0.0,7,0,0.0,2.0,2.0,19.0
2994,5,28,2245,3,1,2,1.0,3.0,58.0,270,3.0,2.0,2.0,0.0,1.0,3.0,1.0,1,4,4.0,0.0,0.0,0.0,1991.0,2.0,33,0,0.0,2.0,1.0,1.0
2995,5,28,2245,3,1,2,1.0,3.0,58.0,270,3.0,2.0,2.0,0.0,1.0,3.0,1.0,1,4,4.0,0.0,0.0,0.0,1991.0,0.0,7,0,0.0,2.0,2.0,19.0
2996,5,28,2245,3,1,2,1.0,3.0,58.0,270,3.0,2.0,2.0,0.0,1.0,3.0,1.0,4,4,4.0,0.0,0.0,0.0,1989.0,2.0,33,0,0.0,2.0,1.0,1.0
2997,5,28,2245,3,1,2,1.0,3.0,58.0,270,3.0,2.0,2.0,0.0,1.0,3.0,1.0,4,4,4.0,0.0,0.0,0.0,1989.0,0.0,7,0,0.0,2.0,2.0,19.0
2998,5,28,2245,3,1,2,1.0,3.0,58.0,270,3.0,2.0,2.0,0.0,1.0,3.0,1.0,4,4,4.0,0.0,0.0,0.0,1990.0,2.0,33,0,0.0,2.0,1.0,1.0
2999,5,28,2245,3,1,2,1.0,3.0,58.0,270,3.0,2.0,2.0,0.0,1.0,3.0,1.0,4,4,4.0,0.0,0.0,0.0,1990.0,0.0,7,0,0.0,2.0,2.0,19.0
3000,6,25,1745,1,1,1,1.0,7.0,16.0,270,3.0,2.0,2.0,0.0,3.0,2.0,1.0,1,1,4.0,0.0,0.0,0.0,1993.0,1.0,33,0,0.0,0.0,1.0,19.0
3001,6,25,1745,1,1,1,1.0,7.0,16.0,270,3.0,2.0,2.0,0.0,3.0,2.0,1.0,4,4,4.0,0.0,0.0,0.0,1973.0,1.0,33,0,0.0,0.0,1.0,19.0
3002,7,9,1715,1,1,9,1.0,6.0,16.0,270,5.0,2.0,0.0,0.0,1.0,1.0,1.0,1,4,4.0,0.0,0.0,0.0,1954.0,0.0,7,0,0.0,1.0,2.0,1.0
3003,7,9,1715,1,1,9,1.0,6.0,16.0,270,5.0,2.0,0.0,0.0,1.0,1.0,1.0,3,1,4.0,4.0,4.0,4.0,2014.0,0.0,7,0,0.0,1.0,2.0,1.0
3004,8,22,2330,3,1,1,1.0,7.0,175.0,270,5.0,2.0,0.0,0.0,1.0,2.0,1.0,1,1,4.0,0.0,0.0,0.0,1972.0,2.0,7,0,0.0,0.0,9.0,1.0
3005,8,22,2330,3,1,1,1.0,7.0,175.0,270,5.0,2.0,0.0,0.0,1.0,2.0,1.0,4,1,4.0,0.0,0.0,0.0,1978.0,2.0,7,0,0.0,0.0,9.0,1.0
3006,8,29,1800,1,2,9,1.0,6.0,16.0,270,5.0,0.0,0.0,0.0,1.0,0.0,1.0,1,1,4.0,0.0,0.0,0.0,1935.0,0.0,7,0,15.0,1.0,4.0,4.0
3007,8,29,1800,1,2,9,1.0,6.0,16.0,270,5.0,0.0,0.0,0.0,1.0,0.0,1.0,3,1,4.0,4.0,9.0,4.0,1958.0,0.0,7,0,15.0,1.0,4.0,4.0
3008,8,29,1800,1,2,9,1.0,6.0,16.0,270,5.0,0.0,0.0,0.0,1.0,0.0,1.0,3,1,4.0,4.0,9.0,4.0,1963.0,0.0,7,0,15.0,1.0,4.0,4.0
3009,9,7,1815,1,2,1,1.0,3.0,16.0,270,3.0,2.0,2.0,0.0,1.0,1.0,1.0,1,1,0.0,0.0,0.0,0.0,1995.0,2.0,33,0,0.0,2.0,1.0,1.0
3010,9,7,1815,1,2,1,1.0,3.0,16.0,270,3.0,2.0,2.0,0.0,1.0,1.0,1.0,1,1,0.0,0.0,0.0,0.0,1995.0,1.0,7,0,0.0,2.0,7.0,15.0
3011,9,7,1815,1,2,1,1.0,3.0,16.0,270,3.0,2.0,2.0,0.0,1.0,1.0,1.0,1,1,3.0,0.0,0.0,0.0,1936.0,2.0,33,0,0.0,2.0,1.0,1.0
3012,9,7,1815,1,2,1,1.0,3.0,16.0,270,3.0,2.0,2.0,0.0,1.0,1.0,1.0,1,1,3.0,0.0,0.0,0.0,1936.0,1.0,7,0,0.0,2.0,7.0,15.0
3013,10,3,1830,1,2,1,1.0,4.0,16.0,270,3.0,2.0,0.0,0.0,1.0,1.0,1.0,1,4,4.0,0.0,0.0,0.0,1996.0,1.0,7,0,0.0,2.0,1.0,1.0
3014,10,3,1830,1,2,1,1.0,4.0,16.0,270,3.0,2.0,0.0,0.0,1.0,1.0,1.0,1,4,4.0,0.0,0.0,0.0,1996.0,1.0,30,0,0.0,2.0,9.0,1.0
3015,10,3,1830,1,2,1,1.0,4.0,16.0,270,3.0,2.0,0.0,0.0,1.0,1.0,1.0,1,4,4.0,0.0,0.0,0.0,1996.0,1.0,7,0,0.0,2.0,4.0,1.0
3016,10,3,1830,1,2,1,1.0,4.0,16.0,270,3.0,2.0,0.0,0.0,1.0,1.0,1.0,1,4,4.0,0.0,0.0,0.0,1961.0,1.0,7,0,0.0,2.0,1.0,1.0
3017,10,3,1830,1,2,1,1.0,4.0,16.0,270,3.0,2.0,0.0,0.0,1.0,1.0,1.0,1,4,4.0,0.0,0.0,0.0,1961.0,1.0,30,0,0.0,2.0,9.0,1.0
3018,10,3,1830,1,2,1,1.0,4.0,16.0,270,3.0,2.0,0.0,0.0,1.0,1.0,1.0,1,4,4.0,0.0,0.0,0.0,1961.0,1.0,7,0,0.0,2.0,4.0,1.0
3019,10,3,1830,1,2,1,1.0,4.0,16.0,270,3.0,2.0,0.0,0.0,1.0,1.0,1.0,1,1,4.0,0.0,0.0,0.0,1993.0,1.0,7,0,0.0,2.0,1.0,1.0
3020,10,3,1830,1,2,1,1.0,4.0,16.0,270,3.0,2.0,0.0,0.0,1.0,1.0,1.0,1,1,4.0,0.0,0.0,0.0,1993.0,1.0,30,0,0.0,2.0,9.0,1.0
3021,10,3,1830,1,2,1,1.0,4.0,16.0,270,3.0,2.0,0.0,0.0,1.0,1.0,1.0,1,1,4.0,0.0,0.0,0.0,1993.0,1.0,7,0,0.0,2.0,4.0,1.0
3022,11,15,745,2,2,1,2.0,1.0,16.0,270,3.0,2.0,0.0,0.0,1.0,1.0,1.0,1,4,4.0,0.0,0.0,0.0,1970.0,1.0,7,0,0.0,2.0,1.0,13.0
3023,11,15,745,2,2,1,2.0,1.0,16.0,270,3.0,2.0,0.0,0.0,1.0,1.0,1.0,1,4,4.0,0.0,0.0,0.0,1970.0,2.0,7,0,0.0,2.0,1.0,1.0
3024,11,15,745,2,2,1,2.0,1.0,16.0,270,3.0,2.0,0.0,0.0,1.0,1.0,1.0,1,1,4.0,0.0,0.0,0.0,1999.0,1.0,7,0,0.0,2.0,1.0,13.0
3025,11,15,745,2,2,1,2.0,1.0,16.0,270,3.0,2.0,0.0,0.0,1.0,1.0,1.0,1,1,4.0,0.0,0.0,0.0,1999.0,2.0,7,0,0.0,2.0,1.0,1.0
3026,11,15,745,2,2,1,2.0,1.0,16.0,270,3.0,2.0,0.0,0.0,1.0,1.0,1.0,4,4,4.0,0.0,0.0,0.0,1972.0,1.0,7,0,0.0,2.0,1.0,13.0
3027,11,15,745,2,2,1,2.0,1.0,16.0,270,3.0,2.0,0.0,0.0,1.0,1.0,1.0,4,4,4.0,0.0,0.0,0.0,1972.0,2.0,7,0,0.0,2.0,1.0,1.0
3028,12,31,1730,5,1,1,1.0,1.0,16.0,270,3.0,2.0,2.0,0.0,1.0,1.0,1.0,1,1,4.0,0.0,0.0,0.0,1956.0,1.0,7,0,0.0,2.0,3.0,1.0
3029,12,31,1730,5,1,1,1.0,1.0,16.0,270,3.0,2.0,2.0,0.0,1.0,1.0,1.0,1,1,4.0,0.0,0.0,0.0,1956.0,2.0,31,0,0.0,2.0,1.0,17.0
3030,12,31,1730,5,1,1,1.0,1.0,16.0,270,3.0,2.0,2.0,0.0,1.0,1.0,1.0,1,1,4.0,0.0,0.0,0.0,1959.0,1.0,7,0,0.0,2.0,3.0,1.0
3031,12,31,1730,5,1,1,1.0,1.0,16.0,270,3.0,2.0,2.0,0.0,1.0,1.0,1.0,1,1,4.0,0.0,0.0,0.0,1959.0,2.0,31,0,0.0,2.0,1.0,17.0
3032,1,31,1815,3,1,1,3.0,3.0,644.0,270,3.0,2.0,2.0,0.0,1.0,1.0,3.0,1,1,4.0,0.0,0.0,0.0,1984.0,1.0,7,0,0.0,2.0,3.0,1.0
3033,1,31,1815,3,1,1,3.0,3.0,644.0,270,3.0,2.0,2.0,0.0,1.0,1.0,3.0,1,1,4.0,0.0,0.0,0.0,1984.0,2.0,7,0,0.0,2.0,8.0,1.0
3034,1,31,1815,3,1,1,3.0,3.0,644.0,270,3.0,2.0,2.0,0.0,1.0,1.0,3.0,1,4,4.0,0.0,0.0,0.0,1972.0,1.0,7,0,0.0,2.0,3.0,1.0
3035,1,31,1815,3,1,1,3.0,3.0,644.0,270,3.0,2.0,2.0,0.0,1.0,1.0,3.0,1,4,4.0,0.0,0.0,0.0,1972.0,2.0,7,0,0.0,2.0,8.0,1.0
3036,1,31,1815,3,1,1,3.0,3.0,644.0,270,3.0,2.0,2.0,0.0,1.0,1.0,3.0,4,1,4.0,0.0,0.0,0.0,1971.0,1.0,7,0,0.0,2.0,3.0,1.0
3037,1,31,1815,3,1,1,3.0,3.0,644.0,270,3.0,2.0,2.0,0.0,1.0,1.0,3.0,4,1,4.0,0.0,0.0,0.0,1971.0,2.0,7,0,0.0,2.0,8.0,1.0
3038,2,26,1630,1,1,1,1.0,6.0,540.0,270,3.0,2.0,1.0,0.0,1.0,3.0,1.0,1,1,4.0,0.0,0.0,0.0,1990.0,2.0,33,0,0.0,0.0,1.0,1.0
3039,6,17,1830,1,1,1,1.0,2.0,72.0,270,4.0,2.0,0.0,0.0,1.0,1.0,1.0,1,1,0.0,0.0,0.0,0.0,2002.0,0.0,30,0,0.0,2.0,3.0,1.0
3040,6,17,1830,1,1,1,1.0,2.0,72.0,270,4.0,2.0,0.0,0.0,1.0,1.0,1.0,1,1,0.0,0.0,0.0,0.0,2002.0,0.0,20,0,1.0,2.0,4.0,4.0
3041,6,17,1830,1,1,1,1.0,2.0,72.0,270,4.0,2.0,0.0,0.0,1.0,1.0,1.0,1,1,2.0,0.0,0.0,0.0,1967.0,0.0,30,0,0.0,2.0,3.0,1.0
3042,6,17,1830,1,1,1,1.0,2.0,72.0,270,4.0,2.0,0.0,0.0,1.0,1.0,1.0,1,1,2.0,0.0,0.0,0.0,1967.0,0.0,20,0,1.0,2.0,4.0,4.0
3043,6,27,800,1,1,1,1.0,6.0,213.0,270,3.0,2.0,0.0,0.0,1.0,3.0,1.0,1,1,4.0,0.0,0.0,0.0,1995.0,1.0,20,0,13.0,0.0,7.0,1.0
3044,2,1,130,5,2,9,1.0,6.0,104.0,270,9.0,2.0,1.0,0.0,1.0,1.0,2.0,1,1,4.0,0.0,0.0,0.0,1979.0,1.0,7,0,6.0,0.0,1.0,0.0
3045,2,23,730,2,1,1,1.0,6.0,493.0,270,4.0,2.0,0.0,0.0,1.0,1.0,1.0,1,4,1.0,0.0,0.0,0.0,1967.0,0.0,7,0,0.0,1.0,2.0,19.0
3046,2,23,730,2,1,1,1.0,6.0,493.0,270,4.0,2.0,0.0,0.0,1.0,1.0,1.0,3,4,4.0,2.0,3.0,1.0,1999.0,0.0,7,0,0.0,1.0,2.0,19.0
3047,3,23,1330,1,1,1,1.0,6.0,672.0,270,3.0,2.0,2.0,0.0,1.0,3.0,1.0,1,1,4.0,0.0,0.0,0.0,1992.0,2.0,7,0,15.0,0.0,1.0,1.0
3048,3,30,1615,1,1,1,2.0,1.0,454.0,270,3.0,2.0,0.0,0.0,1.0,3.0,2.0,1,1,4.0,0.0,0.0,0.0,1938.0,2.0,7,0,0.0,2.0,1.0,1.0
3049,3,30,1615,1,1,1,2.0,1.0,454.0,270,3.0,2.0,0.0,0.0,1.0,3.0,2.0,1,1,4.0,0.0,0.0,0.0,1938.0,1.0,7,0,0.0,2.0,1.0,1.0
3050,3,30,1615,1,1,1,2.0,1.0,454.0,270,3.0,2.0,0.0,0.0,1.0,3.0,2.0,4,4,0.0,0.0,0.0,0.0,1943.0,2.0,7,0,0.0,2.0,1.0,1.0
3051,3,30,1615,1,1,1,2.0,1.0,454.0,270,3.0,2.0,0.0,0.0,1.0,3.0,2.0,4,4,0.0,0.0,0.0,0.0,1943.0,1.0,7,0,0.0,2.0,1.0,1.0
3052,3,30,1615,1,1,1,2.0,1.0,454.0,270,3.0,2.0,0.0,0.0,1.0,3.0,2.0,1,4,4.0,0.0,0.0,0.0,1940.0,2.0,7,0,0.0,2.0,1.0,1.0
3053,3,30,1615,1,1,1,2.0,1.0,454.0,270,3.0,2.0,0.0,0.0,1.0,3.0,2.0,1,4,4.0,0.0,0.0,0.0,1940.0,1.0,7,0,0.0,2.0,1.0,1.0
3054,4,27,1115,1,1,1,3.0,1.0,274.0,270,4.0,2.0,1.0,0.0,1.0,2.0,2.0,1,4,3.0,0.0,0.0,0.0,1989.0,0.0,10,0,0.0,2.0,3.0,1.0
3055,4,27,1115,1,1,1,3.0,1.0,274.0,270,4.0,2.0,1.0,0.0,1.0,2.0,2.0,1,4,3.0,0.0,0.0,0.0,1989.0,0.0,7,0,0.0,2.0,3.0,1.0
3056,4,27,1115,1,1,1,3.0,1.0,274.0,270,4.0,2.0,1.0,0.0,1.0,2.0,2.0,1,1,3.0,0.0,0.0,0.0,1962.0,0.0,10,0,0.0,2.0,3.0,1.0
3057,4,27,1115,1,1,1,3.0,1.0,274.0,270,4.0,2.0,1.0,0.0,1.0,2.0,2.0,1,1,3.0,0.0,0.0,0.0,1962.0,0.0,7,0,0.0,2.0,3.0,1.0
3058,5,19,1700,1,1,9,1.0,6.0,151.0,270,4.0,2.0,0.0,0.0,0.0,3.0,1.0,1,1,1.0,0.0,0.0,0.0,1994.0,0.0,33,0,12.0,0.0,1.0,0.0
3059,6,26,1745,1,1,1,1.0,6.0,246.0,270,3.0,2.0,2.0,0.0,2.0,1.0,1.0,1,1,4.0,0.0,0.0,0.0,1988.0,1.0,7,0,6.0,0.0,1.0,1.0
3060,6,26,1745,1,1,1,1.0,6.0,246.0,270,3.0,2.0,2.0,0.0,2.0,1.0,1.0,4,1,4.0,0.0,0.0,0.0,1954.0,1.0,7,0,6.0,0.0,1.0,1.0
3061,6,26,1745,1,1,1,1.0,6.0,246.0,270,3.0,2.0,2.0,0.0,2.0,1.0,1.0,4,1,4.0,0.0,0.0,0.0,1988.0,1.0,7,0,6.0,0.0,1.0,1.0
3062,6,26,1745,1,1,1,1.0,6.0,246.0,270,3.0,2.0,2.0,0.0,2.0,1.0,1.0,4,1,4.0,0.0,0.0,0.0,1990.0,1.0,7,0,6.0,0.0,1.0,1.0
3063,6,26,1745,1,1,1,1.0,6.0,246.0,270,3.0,2.0,2.0,0.0,2.0,1.0,1.0,4,4,4.0,0.0,0.0,0.0,1980.0,1.0,7,0,6.0,0.0,1.0,1.0
3064,7,7,1300,1,2,1,1.0,3.0,104.0,270,3.0,2.0,2.0,0.0,1.0,1.0,1.0,1,1,4.0,0.0,0.0,0.0,1971.0,1.0,7,0,0.0,0.0,7.0,15.0
3065,7,7,1300,1,2,1,1.0,3.0,104.0,270,3.0,2.0,2.0,0.0,1.0,1.0,1.0,1,1,4.0,0.0,0.0,0.0,1971.0,2.0,33,0,0.0,0.0,1.0,1.0
3066,7,7,1300,1,2,1,1.0,3.0,104.0,270,3.0,2.0,2.0,0.0,1.0,1.0,1.0,1,1,4.0,0.0,0.0,0.0,1963.0,1.0,7,0,0.0,0.0,7.0,15.0
3067,7,7,1300,1,2,1,1.0,3.0,104.0,270,3.0,2.0,2.0,0.0,1.0,1.0,1.0,1,1,4.0,0.0,0.0,0.0,1963.0,2.0,33,0,0.0,0.0,1.0,1.0
3068,7,6,2100,1,1,1,1.0,6.0,151.0,270,3.0,2.0,2.0,0.0,1.0,2.0,1.0,1,1,1.0,0.0,0.0,0.0,1992.0,2.0,33,0,12.0,0.0,1.0,0.0
3069,7,30,30,5,2,1,1.0,6.0,104.0,270,3.0,2.0,2.0,0.0,1.0,3.0,1.0,1,1,4.0,0.0,0.0,0.0,1996.0,2.0,7,0,15.0,0.0,9.0,1.0
3070,8,7,1615,1,1,1,1.0,2.0,377.0,270,3.0,2.0,2.0,0.0,2.0,2.0,1.0,1,1,4.0,0.0,0.0,0.0,1994.0,2.0,33,0,0.0,0.0,6.0,2.0
3071,8,7,1615,1,1,1,1.0,2.0,377.0,270,3.0,2.0,2.0,0.0,2.0,2.0,1.0,1,1,4.0,0.0,0.0,0.0,1994.0,2.0,33,0,0.0,2.0,2.0,2.0
3072,8,7,1615,1,1,1,1.0,2.0,377.0,270,3.0,2.0,2.0,0.0,2.0,2.0,1.0,1,1,4.0,0.0,0.0,0.0,1960.0,2.0,33,0,0.0,0.0,6.0,2.0
3073,8,7,1615,1,1,1,1.0,2.0,377.0,270,3.0,2.0,2.0,0.0,2.0,2.0,1.0,1,1,4.0,0.0,0.0,0.0,1960.0,2.0,33,0,0.0,2.0,2.0,2.0
3074,8,7,1615,1,1,1,1.0,2.0,377.0,270,3.0,2.0,2.0,0.0,2.0,2.0,1.0,4,1,0.0,0.0,0.0,0.0,1973.0,2.0,33,0,0.0,0.0,6.0,2.0
3075,8,7,1615,1,1,1,1.0,2.0,377.0,270,3.0,2.0,2.0,0.0,2.0,2.0,1.0,4,1,0.0,0.0,0.0,0.0,1973.0,2.0,33,0,0.0,2.0,2.0,2.0
3076,9,9,1645,1,1,1,7.0,2.0,493.0,270,3.0,2.0,0.0,0.0,2.0,3.0,1.0,1,1,4.0,0.0,0.0,0.0,1962.0,1.0,1,0,0.0,2.0,4.0,2.0
3077,9,9,1645,1,1,1,7.0,2.0,493.0,270,3.0,2.0,0.0,0.0,2.0,3.0,1.0,1,1,4.0,0.0,0.0,0.0,1962.0,1.0,7,0,0.0,2.0,2.0,2.0
3078,9,9,1645,1,1,1,7.0,2.0,493.0,270,3.0,2.0,0.0,0.0,2.0,3.0,1.0,1,1,1.0,0.0,0.0,0.0,1984.0,1.0,1,0,0.0,2.0,4.0,2.0
3079,9,9,1645,1,1,1,7.0,2.0,493.0,270,3.0,2.0,0.0,0.0,2.0,3.0,1.0,1,1,1.0,0.0,0.0,0.0,1984.0,1.0,7,0,0.0,2.0,2.0,2.0
3080,9,21,1045,1,1,1,1.0,6.0,664.0,270,4.0,2.0,0.0,0.0,1.0,1.0,1.0,1,1,4.0,0.0,0.0,0.0,1934.0,0.0,7,0,2.0,0.0,3.0,1.0
3081,9,25,130,3,1,1,1.0,7.0,488.0,270,3.0,2.0,2.0,0.0,1.0,1.0,1.0,1,1,4.0,0.0,0.0,0.0,1982.0,0.0,7,0,0.0,0.0,1.0,0.0
3082,10,17,830,2,1,1,2.0,3.0,407.0,270,3.0,2.0,2.0,0.0,1.0,1.0,2.0,1,1,1.0,0.0,0.0,0.0,1971.0,0.0,7,0,0.0,2.0,1.0,0.0
3083,10,17,830,2,1,1,2.0,3.0,407.0,270,3.0,2.0,2.0,0.0,1.0,1.0,2.0,1,1,1.0,0.0,0.0,0.0,1971.0,0.0,10,0,0.0,2.0,1.0,0.0
3084,10,17,830,2,1,1,2.0,3.0,407.0,270,3.0,2.0,2.0,0.0,1.0,1.0,2.0,1,1,2.0,0.0,0.0,0.0,1984.0,0.0,7,0,0.0,2.0,1.0,0.0
3085,10,17,830,2,1,1,2.0,3.0,407.0,270,3.0,2.0,2.0,0.0,1.0,1.0,2.0,1,1,2.0,0.0,0.0,0.0,1984.0,0.0,10,0,0.0,2.0,1.0,0.0
3086,11,11,700,5,2,1,1.0,6.0,453.0,270,3.0,2.0,0.0,0.0,1.0,2.0,2.0,1,1,4.0,0.0,0.0,0.0,1997.0,1.0,7,0,2.0,0.0,3.0,1.0
3087,11,11,700,5,2,1,1.0,6.0,453.0,270,3.0,2.0,0.0,0.0,1.0,2.0,2.0,4,1,0.0,0.0,0.0,0.0,1998.0,1.0,7,0,2.0,0.0,3.0,1.0
3088,11,23,430,3,1,1,2.0,3.0,470.0,270,3.0,2.0,0.0,0.0,3.0,2.0,2.0,1,4,1.0,0.0,0.0,0.0,1979.0,2.0,7,0,0.0,2.0,3.0,1.0
3089,11,23,430,3,1,1,2.0,3.0,470.0,270,3.0,2.0,0.0,0.0,3.0,2.0,2.0,1,4,1.0,0.0,0.0,0.0,1979.0,1.0,17,0,0.0,0.0,0.0,0.0
3090,11,23,430,3,1,1,2.0,3.0,470.0,270,3.0,2.0,0.0,0.0,3.0,2.0,2.0,1,1,0.0,0.0,0.0,0.0,1988.0,2.0,7,0,0.0,2.0,3.0,1.0
3091,11,23,430,3,1,1,2.0,3.0,470.0,270,3.0,2.0,0.0,0.0,3.0,2.0,2.0,1,1,0.0,0.0,0.0,0.0,1988.0,1.0,17,0,0.0,0.0,0.0,0.0
3092,12,14,830,1,2,1,1.0,1.0,470.0,270,3.0,2.0,1.0,0.0,1.0,1.0,1.0,1,1,1.0,0.0,0.0,0.0,1991.0,0.0,31,0,0.0,2.0,5.0,0.0
3093,12,14,830,1,2,1,1.0,1.0,470.0,270,3.0,2.0,1.0,0.0,1.0,1.0,1.0,1,1,1.0,0.0,0.0,0.0,1991.0,0.0,7,0,0.0,2.0,3.0,15.0
3094,12,14,830,1,2,1,1.0,1.0,470.0,270,3.0,2.0,1.0,0.0,1.0,1.0,1.0,1,4,3.0,0.0,0.0,0.0,1965.0,0.0,31,0,0.0,2.0,5.0,0.0
3095,12,14,830,1,2,1,1.0,1.0,470.0,270,3.0,2.0,1.0,0.0,1.0,1.0,1.0,1,4,3.0,0.0,0.0,0.0,1965.0,0.0,7,0,0.0,2.0,3.0,15.0
3096,12,16,2045,3,1,1,5.0,1.0,454.0,270,4.0,1.0,0.0,0.0,1.0,1.0,2.0,1,1,4.0,0.0,0.0,0.0,1993.0,0.0,7,0,0.0,2.0,1.0,1.0
3097,12,16,2045,3,1,1,5.0,1.0,454.0,270,4.0,1.0,0.0,0.0,1.0,1.0,2.0,1,1,4.0,0.0,0.0,0.0,1993.0,0.0,7,0,0.0,2.0,1.0,1.0
3098,12,16,2045,3,1,1,5.0,1.0,454.0,270,4.0,1.0,0.0,0.0,1.0,1.0,2.0,4,1,0.0,0.0,0.0,0.0,1993.0,0.0,7,0,0.0,2.0,1.0,1.0
3099,12,16,2045,3,1,1,5.0,1.0,454.0,270,4.0,1.0,0.0,0.0,1.0,1.0,2.0,4,1,0.0,0.0,0.0,0.0,1993.0,0.0,7,0,0.0,2.0,1.0,1.0
3100,12,16,2045,3,1,1,5.0,1.0,454.0,270,4.0,1.0,0.0,0.0,1.0,1.0,2.0,1,4,4.0,0.0,0.0,0.0,1993.0,0.0,7,0,0.0,2.0,1.0,1.0
3101,12,16,2045,3,1,1,5.0,1.0,454.0,270,4.0,1.0,0.0,0.0,1.0,1.0,2.0,1,4,4.0,0.0,0.0,0.0,1993.0,0.0,7,0,0.0,2.0,1.0,1.0
3102,2,2,115,3,1,1,8.0,6.0,426.0,270,3.0,2.0,1.0,3.0,1.0,1.0,2.0,1,1,1.0,0.0,0.0,0.0,1970.0,2.0,7,0,0.0,6.0,1.0,1.0
3103,5,16,2000,1,2,1,1.0,7.0,304.0,270,3.0,2.0,0.0,3.0,1.0,3.0,1.0,1,1,4.0,0.0,0.0,0.0,1988.0,1.0,7,0,0.0,0.0,1.0,1.0
3104,5,16,2000,1,2,1,1.0,7.0,304.0,270,3.0,2.0,0.0,3.0,1.0,3.0,1.0,4,1,4.0,0.0,0.0,0.0,1993.0,1.0,7,0,0.0,0.0,1.0,1.0
3105,8,5,1245,1,2,9,1.0,3.0,617.0,270,3.0,2.0,0.0,0.0,1.0,1.0,1.0,1,4,4.0,0.0,0.0,0.0,1980.0,0.0,7,0,0.0,2.0,8.0,9.0
3106,8,5,1245,1,2,9,1.0,3.0,617.0,270,3.0,2.0,0.0,0.0,1.0,1.0,1.0,1,4,4.0,0.0,0.0,0.0,1980.0,1.0,33,0,0.0,2.0,1.0,1.0
3107,8,5,1245,1,2,9,1.0,3.0,617.0,270,3.0,2.0,0.0,0.0,1.0,1.0,1.0,4,4,4.0,0.0,0.0,0.0,2007.0,0.0,7,0,0.0,2.0,8.0,9.0
3108,8,5,1245,1,2,9,1.0,3.0,617.0,270,3.0,2.0,0.0,0.0,1.0,1.0,1.0,4,4,4.0,0.0,0.0,0.0,2007.0,1.0,33,0,0.0,2.0,1.0,1.0
3109,8,5,1245,1,2,9,1.0,3.0,617.0,270,3.0,2.0,0.0,0.0,1.0,1.0,1.0,4,4,4.0,0.0,0.0,0.0,2009.0,0.0,7,0,0.0,2.0,8.0,9.0
3110,8,5,1245,1,2,9,1.0,3.0,617.0,270,3.0,2.0,0.0,0.0,1.0,1.0,1.0,4,4,4.0,0.0,0.0,0.0,2009.0,1.0,33,0,0.0,2.0,1.0,1.0
3111,8,5,1245,1,2,9,1.0,3.0,617.0,270,3.0,2.0,0.0,0.0,1.0,1.0,1.0,1,1,4.0,0.0,0.0,0.0,1974.0,0.0,7,0,0.0,2.0,8.0,9.0
3112,8,5,1245,1,2,9,1.0,3.0,617.0,270,3.0,2.0,0.0,0.0,1.0,1.0,1.0,1,1,4.0,0.0,0.0,0.0,1974.0,1.0,33,0,0.0,2.0,1.0,1.0
3113,8,5,1245,1,2,9,1.0,3.0,617.0,270,3.0,2.0,0.0,0.0,1.0,1.0,1.0,4,4,4.0,0.0,0.0,0.0,1996.0,0.0,7,0,0.0,2.0,8.0,9.0
3114,8,5,1245,1,2,9,1.0,3.0,617.0,270,3.0,2.0,0.0,0.0,1.0,1.0,1.0,4,4,4.0,0.0,0.0,0.0,1996.0,1.0,33,0,0.0,2.0,1.0,1.0
3115,8,27,1515,1,2,1,1.0,6.0,204.0,270,3.0,2.0,0.0,0.0,1.0,2.0,1.0,1,1,4.0,0.0,0.0,0.0,1972.0,1.0,31,0,13.0,0.0,1.0,1.0
3116,10,29,2245,5,2,1,1.0,6.0,284.0,270,3.0,2.0,0.0,0.0,1.0,1.0,1.0,1,1,4.0,0.0,0.0,0.0,1992.0,0.0,7,0,15.0,0.0,1.0,1.0
3117,10,29,2245,5,2,1,1.0,6.0,284.0,270,3.0,2.0,0.0,0.0,1.0,1.0,1.0,4,4,4.0,0.0,0.0,0.0,1990.0,0.0,7,0,15.0,0.0,1.0,1.0
3118,12,8,2350,3,1,1,1.0,6.0,567.0,270,3.0,2.0,2.0,0.0,1.0,3.0,1.0,1,1,4.0,0.0,0.0,0.0,1997.0,1.0,7,0,8.0,0.0,7.0,1.0
3119,1,13,1400,1,1,2,1.0,3.0,516.0,270,3.0,2.0,2.0,0.0,1.0,1.0,1.0,1,4,4.0,0.0,0.0,0.0,1980.0,2.0,7,0,0.0,2.0,7.0,1.0
3120,1,13,1400,1,1,2,1.0,3.0,516.0,270,3.0,2.0,2.0,0.0,1.0,1.0,1.0,1,4,4.0,0.0,0.0,0.0,1980.0,1.0,7,0,0.0,2.0,1.0,1.0
3121,1,13,1400,1,1,2,1.0,3.0,516.0,270,3.0,2.0,2.0,0.0,1.0,1.0,1.0,4,4,4.0,0.0,0.0,0.0,2015.0,2.0,7,0,0.0,2.0,7.0,1.0