,month,day,time,light,location,intersection,atmosphere,collision,municipality,department,road,traffic,nblanes,reslane,laneprofile,plan,surface,user,sex,route,pedlocation,pedaction,pedcondition,birth,dirtraffic,catvehicle,nboccupants,obstacle,movobstacle,impact,maneuver
3122,1,13,1400,1,1,2,1.0,3.0,516.0,270,3.0,2.0,2.0,0.0,1.0,1.0,1.0,4,4,4.0,0.0,0.0,0.0,2015.0,1.0,7,0,0.0,2.0,1.0,1.0
3123,1,13,1400,1,1,2,1.0,3.0,516.0,270,3.0,2.0,2.0,0.0,1.0,1.0,1.0,4,1,4.0,0.0,0.0,0.0,2007.0,2.0,7,0,0.0,2.0,7.0,1.0
3124,1,13,1400,1,1,2,1.0,3.0,516.0,270,3.0,2.0,2.0,0.0,1.0,1.0,1.0,4,1,4.0,0.0,0.0,0.0,2007.0,1.0,7,0,0.0,2.0,1.0,1.0
3125,1,13,1400,1,1,2,1.0,3.0,516.0,270,3.0,2.0,2.0,0.0,1.0,1.0,1.0,4,4,4.0,0.0,0.0,0.0,2010.0,2.0,7,0,0.0,2.0,7.0,1.0
3126,1,13,1400,1,1,2,1.0,3.0,516.0,270,3.0,2.0,2.0,0.0,1.0,1.0,1.0,4,4,4.0,0.0,0.0,0.0,2010.0,1.0,7,0,0.0,2.0,1.0,1.0
3127,1,13,1400,1,1,2,1.0,3.0,516.0,270,3.0,2.0,2.0,0.0,1.0,1.0,1.0,1,1,1.0,0.0,0.0,0.0,1991.0,2.0,7,0,0.0,2.0,7.0,1.0
3128,1,13,1400,1,1,2,1.0,3.0,516.0,270,3.0,2.0,2.0,0.0,1.0,1.0,1.0,1,1,1.0,0.0,0.0,0.0,1991.0,1.0,7,0,0.0,2.0,1.0,1.0
3129,11,18,1800,1,2,1,4.0,7.0,398.0,270,4.0,2.0,2.0,0.0,2.0,3.0,2.0,1,4,4.0,0.0,0.0,0.0,1951.0,0.0,33,0,0.0,0.0,7.0,1.0
3130,11,30,645,3,1,1,1.0,7.0,138.0,270,3.0,2.0,2.0,0.0,1.0,1.0,1.0,1,1,2.0,0.0,0.0,0.0,1997.0,2.0,7,0,0.0,0.0,3.0,1.0
3131,2,27,245,3,1,1,1.0,6.0,74.0,270,3.0,2.0,0.0,0.0,1.0,1.0,1.0,1,1,4.0,0.0,0.0,0.0,1957.0,1.0,7,0,8.0,0.0,2.0,1.0
3132,3,26,1,5,2,1,1.0,6.0,210.0,270,3.0,2.0,2.0,0.0,1.0,3.0,1.0,1,1,4.0,0.0,0.0,0.0,1988.0,1.0,7,0,6.0,0.0,2.0,1.0
3133,12,14,1430,1,1,1,1.0,6.0,116.0,270,3.0,2.0,0.0,0.0,1.0,1.0,1.0,1,4,4.0,0.0,0.0,0.0,1967.0,2.0,10,0,0.0,1.0,7.0,1.0
3134,12,14,1430,1,1,1,1.0,6.0,116.0,270,3.0,2.0,0.0,0.0,1.0,1.0,1.0,3,4,4.0,4.0,2.0,1.0,1985.0,2.0,10,0,0.0,1.0,7.0,1.0
3135,1,14,800,5,2,2,3.0,1.0,3.0,270,3.0,,,,,,,1,1,1.0,0.0,0.0,0.0,1967.0,1.0,7,0,0.0,2.0,6.0,15.0
3136,1,14,800,5,2,2,3.0,1.0,3.0,270,3.0,,,,,,,1,1,1.0,0.0,0.0,0.0,1967.0,2.0,7,0,0.0,2.0,3.0,1.0
3137,1,14,800,5,2,2,3.0,1.0,3.0,270,3.0,,,,,,,1,4,1.0,0.0,0.0,0.0,1956.0,1.0,7,0,0.0,2.0,6.0,15.0
3138,1,14,800,5,2,2,3.0,1.0,3.0,270,3.0,,,,,,,1,4,1.0,0.0,0.0,0.0,1956.0,2.0,7,0,0.0,2.0,3.0,1.0
3139,1,22,1930,3,1,2,1.0,3.0,31.0,270,4.0,2.0,2.0,0.0,1.0,1.0,1.0,1,1,1.0,0.0,0.0,0.0,1986.0,0.0,7,0,0.0,2.0,3.0,9.0
3140,1,22,1930,3,1,2,1.0,3.0,31.0,270,4.0,2.0,2.0,0.0,1.0,1.0,1.0,1,1,1.0,0.0,0.0,0.0,1986.0,0.0,7,0,0.0,2.0,2.0,1.0
3141,1,22,1930,3,1,2,1.0,3.0,31.0,270,4.0,2.0,2.0,0.0,1.0,1.0,1.0,1,4,4.0,0.0,0.0,0.0,1975.0,0.0,7,0,0.0,2.0,3.0,9.0
3142,1,22,1930,3,1,2,1.0,3.0,31.0,270,4.0,2.0,2.0,0.0,1.0,1.0,1.0,1,4,4.0,0.0,0.0,0.0,1975.0,0.0,7,0,0.0,2.0,2.0,1.0
3143,1,22,1930,3,1,2,1.0,3.0,31.0,270,4.0,2.0,2.0,0.0,1.0,1.0,1.0,4,1,4.0,0.0,0.0,0.0,2002.0,0.0,7,0,0.0,2.0,3.0,9.0
3144,1,22,1930,3,1,2,1.0,3.0,31.0,270,4.0,2.0,2.0,0.0,1.0,1.0,1.0,4,1,4.0,0.0,0.0,0.0,2002.0,0.0,7,0,0.0,2.0,2.0,1.0
3145,2,13,1800,2,1,1,3.0,7.0,439.0,270,3.0,2.0,2.0,0.0,1.0,1.0,3.0,1,1,4.0,0.0,0.0,0.0,1995.0,2.0,7,0,13.0,0.0,9.0,17.0
3146,2,13,1800,2,1,1,3.0,7.0,439.0,270,3.0,2.0,2.0,0.0,1.0,1.0,3.0,4,1,0.0,0.0,0.0,0.0,1993.0,2.0,7,0,13.0,0.0,9.0,17.0
3147,2,13,1800,2,1,1,3.0,7.0,439.0,270,3.0,2.0,2.0,0.0,1.0,1.0,3.0,4,1,0.0,0.0,0.0,0.0,1997.0,2.0,7,0,13.0,0.0,9.0,17.0
3148,2,13,1800,2,1,1,3.0,7.0,439.0,270,3.0,2.0,2.0,0.0,1.0,1.0,3.0,4,1,0.0,0.0,0.0,0.0,1995.0,2.0,7,0,13.0,0.0,9.0,17.0
3149,2,14,1715,1,1,2,1.0,3.0,342.0,270,3.0,2.0,2.0,0.0,3.0,1.0,1.0,1,1,4.0,0.0,0.0,0.0,1935.0,2.0,7,0,0.0,2.0,1.0,1.0
3150,2,14,1715,1,1,2,1.0,3.0,342.0,270,3.0,2.0,2.0,0.0,3.0,1.0,1.0,1,1,4.0,0.0,0.0,0.0,1935.0,0.0,7,0,0.0,2.0,2.0,1.0
3151,2,14,1715,1,1,2,1.0,3.0,342.0,270,3.0,2.0,2.0,0.0,3.0,1.0,1.0,4,4,4.0,0.0,0.0,0.0,1964.0,2.0,7,0,0.0,2.0,1.0,1.0
3152,2,14,1715,1,1,2,1.0,3.0,342.0,270,3.0,2.0,2.0,0.0,3.0,1.0,1.0,4,4,4.0,0.0,0.0,0.0,1964.0,0.0,7,0,0.0,2.0,2.0,1.0
3153,2,14,1715,1,1,2,1.0,3.0,342.0,270,3.0,2.0,2.0,0.0,3.0,1.0,1.0,1,1,4.0,0.0,0.0,0.0,1993.0,2.0,7,0,0.0,2.0,1.0,1.0
3154,2,14,1715,1,1,2,1.0,3.0,342.0,270,3.0,2.0,2.0,0.0,3.0,1.0,1.0,1,1,4.0,0.0,0.0,0.0,1993.0,0.0,7,0,0.0,2.0,2.0,1.0
3155,4,21,745,1,2,1,7.0,3.0,375.0,270,3.0,2.0,2.0,0.0,1.0,2.0,1.0,1,1,4.0,0.0,0.0,0.0,1998.0,1.0,31,0,0.0,2.0,1.0,1.0
3156,4,21,745,1,2,1,7.0,3.0,375.0,270,3.0,2.0,2.0,0.0,1.0,2.0,1.0,1,1,4.0,0.0,0.0,0.0,1998.0,1.0,10,0,0.0,2.0,6.0,15.0
3157,4,21,745,1,2,1,7.0,3.0,375.0,270,3.0,2.0,2.0,0.0,1.0,2.0,1.0,1,1,2.0,0.0,0.0,0.0,1977.0,1.0,31,0,0.0,2.0,1.0,1.0
3158,4,21,745,1,2,1,7.0,3.0,375.0,270,3.0,2.0,2.0,0.0,1.0,2.0,1.0,1,1,2.0,0.0,0.0,0.0,1977.0,1.0,10,0,0.0,2.0,6.0,15.0
3159,6,3,1545,1,2,9,1.0,6.0,439.0,270,9.0,4.0,2.0,0.0,1.0,1.0,1.0,1,1,3.0,0.0,0.0,0.0,1969.0,0.0,7,0,0.0,1.0,2.0,1.0
3160,6,3,1545,1,2,9,1.0,6.0,439.0,270,9.0,4.0,2.0,0.0,1.0,1.0,1.0,3,1,3.0,1.0,3.0,4.0,2010.0,0.0,7,0,0.0,1.0,2.0,1.0
3161,8,13,1100,1,1,1,1.0,3.0,598.0,270,3.0,2.0,2.0,0.0,1.0,1.0,1.0,1,1,4.0,0.0,0.0,0.0,1967.0,2.0,7,0,0.0,2.0,7.0,15.0
3162,8,13,1100,1,1,1,1.0,3.0,598.0,270,3.0,2.0,2.0,0.0,1.0,1.0,1.0,1,1,4.0,0.0,0.0,0.0,1967.0,1.0,31,0,0.0,2.0,1.0,1.0
3163,8,13,1100,1,1,1,1.0,3.0,598.0,270,3.0,2.0,2.0,0.0,1.0,1.0,1.0,1,1,1.0,0.0,0.0,0.0,1967.0,2.0,7,0,0.0,2.0,7.0,15.0
3164,8,13,1100,1,1,1,1.0,3.0,598.0,270,3.0,2.0,2.0,0.0,1.0,1.0,1.0,1,1,1.0,0.0,0.0,0.0,1967.0,1.0,31,0,0.0,2.0,1.0,1.0
3165,8,15,1700,1,2,3,1.0,3.0,14.0,270,3.0,2.0,1.0,0.0,1.0,1.0,1.0,1,1,4.0,0.0,0.0,0.0,1999.0,2.0,31,0,0.0,2.0,1.0,21.0
3166,8,15,1700,1,2,3,1.0,3.0,14.0,270,3.0,2.0,1.0,0.0,1.0,1.0,1.0,1,1,4.0,0.0,0.0,0.0,1999.0,2.0,7,0,0.0,2.0,8.0,15.0
3167,8,15,1700,1,2,3,1.0,3.0,14.0,270,3.0,2.0,1.0,0.0,1.0,1.0,1.0,4,4,4.0,0.0,0.0,0.0,1999.0,2.0,31,0,0.0,2.0,1.0,21.0
3168,8,15,1700,1,2,3,1.0,3.0,14.0,270,3.0,2.0,1.0,0.0,1.0,1.0,1.0,4,4,4.0,0.0,0.0,0.0,1999.0,2.0,7,0,0.0,2.0,8.0,15.0
3169,8,15,1700,1,2,3,1.0,3.0,14.0,270,3.0,2.0,1.0,0.0,1.0,1.0,1.0,1,4,4.0,0.0,0.0,0.0,1950.0,2.0,31,0,0.0,2.0,1.0,21.0
3170,8,15,1700,1,2,3,1.0,3.0,14.0,270,3.0,2.0,1.0,0.0,1.0,1.0,1.0,1,4,4.0,0.0,0.0,0.0,1950.0,2.0,7,0,0.0,2.0,8.0,15.0
3171,9,8,1700,1,1,1,1.0,5.0,624.0,270,3.0,2.0,2.0,0.0,1.0,1.0,1.0,1,1,4.0,0.0,0.0,0.0,1945.0,1.0,7,0,0.0,2.0,3.0,13.0
3172,9,8,1700,1,1,1,1.0,5.0,624.0,270,3.0,2.0,2.0,0.0,1.0,1.0,1.0,1,1,4.0,0.0,0.0,0.0,1945.0,2.0,7,0,0.0,2.0,8.0,1.0
3173,9,8,1700,1,1,1,1.0,5.0,624.0,270,3.0,2.0,2.0,0.0,1.0,1.0,1.0,1,1,4.0,0.0,0.0,0.0,1945.0,2.0,33,0,0.0,2.0,1.0,21.0
3174,9,8,1700,1,1,1,1.0,5.0,624.0,270,3.0,2.0,2.0,0.0,1.0,1.0,1.0,1,1,4.0,0.0,0.0,0.0,1945.0,1.0,7,0,0.0,2.0,3.0,13.0
3175,9,8,1700,1,1,1,1.0,5.0,624.0,270,3.0,2.0,2.0,0.0,1.0,1.0,1.0,1,1,4.0,0.0,0.0,0.0,1945.0,2.0,7,0,0.0,2.0,8.0,1.0
3176,9,8,1700,1,1,1,1.0,5.0,624.0,270,3.0,2.0,2.0,0.0,1.0,1.0,1.0,1,1,4.0,0.0,0.0,0.0,1945.0,2.0,33,0,0.0,2.0,1.0,21.0
3177,9,8,1700,1,1,1,1.0,5.0,624.0,270,3.0,2.0,2.0,0.0,1.0,1.0,1.0,1,1,1.0,0.0,0.0,0.0,1974.0,1.0,7,0,0.0,2.0,3.0,13.0
3178,9,8,1700,1,1,1,1.0,5.0,624.0,270,3.0,2.0,2.0,0.0,1.0,1.0,1.0,1,1,1.0,0.0,0.0,0.0,1974.0,2.0,7,0,0.0,2.0,8.0,1.0
3179,9,8,1700,1,1,1,1.0,5.0,624.0,270,3.0,2.0,2.0,0.0,1.0,1.0,1.0,1,1,1.0,0.0,0.0,0.0,1974.0,2.0,33,0,0.0,2.0,1.0,21.0
3180,10,13,1045,1,1,2,1.0,3.0,401.0,270,3.0,2.0,2.0,0.0,1.0,1.0,1.0,1,4,2.0,0.0,0.0,0.0,1980.0,2.0,7,0,0.0,2.0,3.0,1.0
3181,10,13,1045,1,1,2,1.0,3.0,401.0,270,3.0,2.0,2.0,0.0,1.0,1.0,1.0,1,4,2.0,0.0,0.0,0.0,1980.0,0.0,7,0,0.0,2.0,2.0,1.0
3182,10,13,1045,1,1,2,1.0,3.0,401.0,270,3.0,2.0,2.0,0.0,1.0,1.0,1.0,1,1,4.0,0.0,0.0,0.0,1981.0,2.0,7,0,0.0,2.0,3.0,1.0
3183,10,13,1045,1,1,2,1.0,3.0,401.0,270,3.0,2.0,2.0,0.0,1.0,1.0,1.0,1,1,4.0,0.0,0.0,0.0,1981.0,0.0,7,0,0.0,2.0,2.0,1.0
3184,11,14,1730,1,1,1,1.0,6.0,3.0,270,3.0,2.0,2.0,0.0,2.0,2.0,2.0,1,1,1.0,0.0,0.0,0.0,1969.0,2.0,7,0,0.0,6.0,1.0,1.0
3185,10,3,1400,1,1,1,1.0,6.0,230.0,270,3.0,2.0,2.0,0.0,1.0,2.0,0.0,1,4,3.0,0.0,0.0,0.0,1986.0,2.0,7,0,2.0,0.0,1.0,1.0
3186,1,10,145,3,1,2,1.0,3.0,249.0,270,3.0,2.0,2.0,3.0,0.0,1.0,0.0,1,4,4.0,0.0,0.0,0.0,1989.0,2.0,7,0,0.0,2.0,8.0,1.0
3187,1,10,145,3,1,2,1.0,3.0,249.0,270,3.0,2.0,2.0,3.0,0.0,1.0,0.0,1,4,4.0,0.0,0.0,0.0,1989.0,1.0,7,0,0.0,2.0,1.0,15.0
3188,1,10,145,3,1,2,1.0,3.0,249.0,270,3.0,2.0,2.0,3.0,0.0,1.0,0.0,1,1,4.0,0.0,0.0,0.0,1997.0,2.0,7,0,0.0,2.0,8.0,1.0
3189,1,10,145,3,1,2,1.0,3.0,249.0,270,3.0,2.0,2.0,3.0,0.0,1.0,0.0,1,1,4.0,0.0,0.0,0.0,1997.0,1.0,7,0,0.0,2.0,1.0,15.0
3190,1,14,1215,1,1,1,8.0,1.0,25.0,270,3.0,2.0,0.0,0.0,1.0,2.0,2.0,1,1,2.0,0.0,0.0,0.0,1995.0,2.0,10,0,16.0,2.0,3.0,13.0
3191,1,14,1215,1,1,1,8.0,1.0,25.0,270,3.0,2.0,0.0,0.0,1.0,2.0,2.0,1,1,2.0,0.0,0.0,0.0,1995.0,1.0,7,0,16.0,2.0,3.0,1.0
3192,1,14,1215,1,1,1,8.0,1.0,25.0,270,3.0,2.0,0.0,0.0,1.0,2.0,2.0,1,1,9.0,0.0,0.0,0.0,1983.0,2.0,10,0,16.0,2.0,3.0,13.0
3193,1,14,1215,1,1,1,8.0,1.0,25.0,270,3.0,2.0,0.0,0.0,1.0,2.0,2.0,1,1,9.0,0.0,0.0,0.0,1983.0,1.0,7,0,16.0,2.0,3.0,1.0
3194,4,11,1045,1,1,2,1.0,3.0,489.0,270,3.0,2.0,0.0,3.0,0.0,1.0,0.0,1,1,4.0,0.0,0.0,0.0,1993.0,1.0,7,0,0.0,2.0,1.0,1.0
3195,4,11,1045,1,1,2,1.0,3.0,489.0,270,3.0,2.0,0.0,3.0,0.0,1.0,0.0,1,1,4.0,0.0,0.0,0.0,1993.0,1.0,21,0,0.0,2.0,1.0,1.0
3196,4,11,1045,1,1,2,1.0,3.0,489.0,270,3.0,2.0,0.0,3.0,0.0,1.0,0.0,1,1,2.0,0.0,0.0,0.0,1959.0,1.0,7,0,0.0,2.0,1.0,1.0
3197,4,11,1045,1,1,2,1.0,3.0,489.0,270,3.0,2.0,0.0,3.0,0.0,1.0,0.0,1,1,2.0,0.0,0.0,0.0,1959.0,1.0,21,0,0.0,2.0,1.0,1.0
3198,5,3,1715,1,2,3,1.0,3.0,25.0,270,3.0,2.0,2.0,0.0,0.0,1.0,1.0,1,1,1.0,0.0,0.0,0.0,1986.0,0.0,33,0,0.0,2.0,1.0,1.0
3199,5,3,1715,1,2,3,1.0,3.0,25.0,270,3.0,2.0,2.0,0.0,0.0,1.0,1.0,1,1,1.0,0.0,0.0,0.0,1986.0,0.0,7,0,0.0,2.0,5.0,10.0
3200,5,3,1715,1,2,3,1.0,3.0,25.0,270,3.0,2.0,2.0,0.0,0.0,1.0,1.0,1,1,1.0,0.0,0.0,0.0,1979.0,0.0,33,0,0.0,2.0,1.0,1.0
3201,5,3,1715,1,2,3,1.0,3.0,25.0,270,3.0,2.0,2.0,0.0,0.0,1.0,1.0,1,1,1.0,0.0,0.0,0.0,1979.0,0.0,7,0,0.0,2.0,5.0,10.0
3202,5,5,2215,3,1,4,1.0,1.0,517.0,270,3.0,2.0,2.0,0.0,1.0,2.0,1.0,1,1,4.0,0.0,0.0,0.0,1974.0,0.0,7,0,0.0,2.0,2.0,15.0
3203,5,5,2215,3,1,4,1.0,1.0,517.0,270,3.0,2.0,2.0,0.0,1.0,2.0,1.0,1,1,4.0,0.0,0.0,0.0,1974.0,2.0,33,0,0.0,2.0,1.0,1.0
3204,5,5,2215,3,1,4,1.0,1.0,517.0,270,3.0,2.0,2.0,0.0,1.0,2.0,1.0,1,1,4.0,0.0,0.0,0.0,1973.0,0.0,7,0,0.0,2.0,2.0,15.0
3205,5,5,2215,3,1,4,1.0,1.0,517.0,270,3.0,2.0,2.0,0.0,1.0,2.0,1.0,1,1,4.0,0.0,0.0,0.0,1973.0,2.0,33,0,0.0,2.0,1.0,1.0
3206,6,4,430,2,1,2,1.0,3.0,275.0,270,3.0,2.0,3.0,3.0,4.0,1.0,1.0,1,1,1.0,0.0,0.0,0.0,1975.0,0.0,7,0,0.0,2.0,1.0,1.0
3207,6,4,430,2,1,2,1.0,3.0,275.0,270,3.0,2.0,3.0,3.0,4.0,1.0,1.0,1,1,1.0,0.0,0.0,0.0,1975.0,0.0,3,0,0.0,2.0,3.0,15.0
3208,6,4,430,2,1,2,1.0,3.0,275.0,270,3.0,2.0,3.0,3.0,4.0,1.0,1.0,1,1,9.0,0.0,0.0,0.0,1991.0,0.0,7,0,0.0,2.0,1.0,1.0
3209,6,4,430,2,1,2,1.0,3.0,275.0,270,3.0,2.0,3.0,3.0,4.0,1.0,1.0,1,1,9.0,0.0,0.0,0.0,1991.0,0.0,3,0,0.0,2.0,3.0,15.0
3210,7,25,1430,1,1,1,8.0,7.0,517.0,270,3.0,2.0,0.0,0.0,2.0,3.0,1.0,1,4,9.0,0.0,0.0,0.0,1948.0,2.0,7,0,2.0,0.0,8.0,13.0
3211,7,25,1430,1,1,1,8.0,7.0,517.0,270,3.0,2.0,0.0,0.0,2.0,3.0,1.0,4,4,9.0,0.0,0.0,0.0,2010.0,2.0,7,0,2.0,0.0,8.0,13.0
3212,7,25,1430,1,1,1,8.0,7.0,517.0,270,3.0,2.0,0.0,0.0,2.0,3.0,1.0,4,1,9.0,0.0,0.0,0.0,2006.0,2.0,7,0,2.0,0.0,8.0,13.0
3213,10,8,1130,1,1,9,1.0,1.0,517.0,270,3.0,2.0,1.0,0.0,1.0,4.0,1.0,1,1,4.0,0.0,0.0,0.0,1966.0,0.0,33,0,0.0,2.0,1.0,13.0
3214,10,8,1130,1,1,9,1.0,1.0,517.0,270,3.0,2.0,1.0,0.0,1.0,4.0,1.0,1,1,4.0,0.0,0.0,0.0,1966.0,0.0,7,0,0.0,2.0,1.0,1.0
3215,10,8,1130,1,1,9,1.0,1.0,517.0,270,3.0,2.0,1.0,0.0,1.0,4.0,1.0,1,1,4.0,0.0,0.0,0.0,1965.0,0.0,33,0,0.0,2.0,1.0,13.0
3216,10,8,1130,1,1,9,1.0,1.0,517.0,270,3.0,2.0,1.0,0.0,1.0,4.0,1.0,1,1,4.0,0.0,0.0,0.0,1965.0,0.0,7,0,0.0,2.0,1.0,1.0
3217,10,8,1130,1,1,9,1.0,1.0,517.0,270,3.0,2.0,1.0,0.0,1.0,4.0,1.0,4,1,4.0,0.0,0.0,0.0,1938.0,0.0,33,0,0.0,2.0,1.0,13.0
3218,10,8,1130,1,1,9,1.0,1.0,517.0,270,3.0,2.0,1.0,0.0,1.0,4.0,1.0,4,1,4.0,0.0,0.0,0.0,1938.0,0.0,7,0,0.0,2.0,1.0,1.0
3219,10,8,1130,1,1,9,1.0,1.0,517.0,270,3.0,2.0,1.0,0.0,1.0,4.0,1.0,4,4,4.0,0.0,0.0,0.0,2009.0,0.0,33,0,0.0,2.0,1.0,13.0
3220,10,8,1130,1,1,9,1.0,1.0,517.0,270,3.0,2.0,1.0,0.0,1.0,4.0,1.0,4,4,4.0,0.0,0.0,0.0,2009.0,0.0,7,0,0.0,2.0,1.0,1.0
3221,10,8,1130,1,1,9,1.0,1.0,517.0,270,3.0,2.0,1.0,0.0,1.0,4.0,1.0,4,4,4.0,0.0,0.0,0.0,1975.0,0.0,33,0,0.0,2.0,1.0,13.0
3222,10,8,1130,1,1,9,1.0,1.0,517.0,270,3.0,2.0,1.0,0.0,1.0,4.0,1.0,4,4,4.0,0.0,0.0,0.0,1975.0,0.0,7,0,0.0,2.0,1.0,1.0
3223,10,8,1130,1,1,9,1.0,1.0,517.0,270,3.0,2.0,1.0,0.0,1.0,4.0,1.0,4,1,4.0,0.0,0.0,0.0,2012.0,0.0,33,0,0.0,2.0,1.0,13.0
3224,10,8,1130,1,1,9,1.0,1.0,517.0,270,3.0,2.0,1.0,0.0,1.0,4.0,1.0,4,1,4.0,0.0,0.0,0.0,2012.0,0.0,7,0,0.0,2.0,1.0,1.0
3225,11,15,2030,3,1,1,1.0,1.0,611.0,270,3.0,2.0,0.0,0.0,1.0,2.0,2.0,1,1,1.0,0.0,0.0,0.0,1971.0,2.0,7,0,0.0,2.0,1.0,1.0
3226,11,15,2030,3,1,1,1.0,1.0,611.0,270,3.0,2.0,0.0,0.0,1.0,2.0,2.0,1,1,1.0,0.0,0.0,0.0,1971.0,1.0,7,0,0.0,2.0,1.0,13.0
3227,11,15,2030,3,1,1,1.0,1.0,611.0,270,3.0,2.0,0.0,0.0,1.0,2.0,2.0,1,1,4.0,0.0,0.0,0.0,1959.0,2.0,7,0,0.0,2.0,1.0,1.0
3228,11,15,2030,3,1,1,1.0,1.0,611.0,270,3.0,2.0,0.0,0.0,1.0,2.0,2.0,1,1,4.0,0.0,0.0,0.0,1959.0,1.0,7,0,0.0,2.0,1.0,13.0
3229,12,10,815,1,1,3,1.0,3.0,275.0,270,3.0,2.0,2.0,0.0,1.0,1.0,1.0,1,1,3.0,0.0,0.0,0.0,1932.0,0.0,7,0,0.0,2.0,3.0,19.0
3230,12,10,815,1,1,3,1.0,3.0,275.0,270,3.0,2.0,2.0,0.0,1.0,1.0,1.0,1,1,3.0,0.0,0.0,0.0,1932.0,1.0,32,0,0.0,2.0,1.0,1.0
3231,12,10,815,1,1,3,1.0,3.0,275.0,270,3.0,2.0,2.0,0.0,1.0,1.0,1.0,1,1,9.0,0.0,0.0,0.0,2000.0,0.0,7,0,0.0,2.0,3.0,19.0
3232,12,10,815,1,1,3,1.0,3.0,275.0,270,3.0,2.0,2.0,0.0,1.0,1.0,1.0,1,1,9.0,0.0,0.0,0.0,2000.0,1.0,32,0,0.0,2.0,1.0,1.0
3233,1,11,2000,5,1,1,2.0,3.0,188.0,270,3.0,2.0,0.0,0.0,0.0,1.0,2.0,1,4,4.0,0.0,0.0,0.0,1989.0,2.0,7,0,0.0,2.0,7.0,13.0
3234,1,11,2000,5,1,1,2.0,3.0,188.0,270,3.0,2.0,0.0,0.0,0.0,1.0,2.0,1,4,4.0,0.0,0.0,0.0,1989.0,1.0,7,0,0.0,2.0,1.0,1.0
3235,1,11,2000,5,1,1,2.0,3.0,188.0,270,3.0,2.0,0.0,0.0,0.0,1.0,2.0,1,1,1.0,0.0,0.0,0.0,1979.0,2.0,7,0,0.0,2.0,7.0,13.0
3236,1,11,2000,5,1,1,2.0,3.0,188.0,270,3.0,2.0,0.0,0.0,0.0,1.0,2.0,1,1,1.0,0.0,0.0,0.0,1979.0,1.0,7,0,0.0,2.0,1.0,1.0
3237,2,26,1845,3,1,1,1.0,1.0,365.0,270,3.0,2.0,2.0,0.0,1.0,3.0,1.0,1,4,4.0,0.0,0.0,0.0,1996.0,1.0,33,0,0.0,2.0,3.0,13.0
3238,2,26,1845,3,1,1,1.0,1.0,365.0,270,3.0,2.0,2.0,0.0,1.0,3.0,1.0,1,4,4.0,0.0,0.0,0.0,1996.0,2.0,7,0,0.0,2.0,3.0,1.0
3239,2,26,1845,3,1,1,1.0,1.0,365.0,270,3.0,2.0,2.0,0.0,1.0,3.0,1.0,1,4,4.0,0.0,0.0,0.0,1996.0,1.0,33,0,0.0,2.0,3.0,13.0
3240,2,26,1845,3,1,1,1.0,1.0,365.0,270,3.0,2.0,2.0,0.0,1.0,3.0,1.0,1,4,4.0,0.0,0.0,0.0,1996.0,2.0,7,0,0.0,2.0,3.0,1.0
3241,4,3,1630,1,1,1,1.0,6.0,365.0,270,3.0,2.0,2.0,0.0,1.0,1.0,1.0,1,4,4.0,0.0,0.0,0.0,2003.0,1.0,1,0,0.0,2.0,7.0,19.0
3242,4,3,1630,1,1,1,1.0,6.0,365.0,270,3.0,2.0,2.0,0.0,1.0,1.0,1.0,1,4,4.0,0.0,0.0,0.0,2003.0,1.0,7,0,0.0,2.0,1.0,1.0
3243,4,3,1630,1,1,1,1.0,6.0,365.0,270,3.0,2.0,2.0,0.0,1.0,1.0,1.0,1,1,4.0,0.0,0.0,0.0,1997.0,1.0,1,0,0.0,2.0,7.0,19.0
3244,4,3,1630,1,1,1,1.0,6.0,365.0,270,3.0,2.0,2.0,0.0,1.0,1.0,1.0,1,1,4.0,0.0,0.0,0.0,1997.0,1.0,7,0,0.0,2.0,1.0,1.0
3245,5,6,1715,1,1,2,1.0,1.0,188.0,270,3.0,2.0,2.0,0.0,1.0,1.0,1.0,1,1,4.0,0.0,0.0,0.0,1996.0,2.0,7,0,0.0,2.0,1.0,15.0
3246,5,6,1715,1,1,2,1.0,1.0,188.0,270,3.0,2.0,2.0,0.0,1.0,1.0,1.0,1,1,4.0,0.0,0.0,0.0,1996.0,1.0,34,0,0.0,2.0,1.0,1.0
3247,5,6,1715,1,1,2,1.0,1.0,188.0,270,3.0,2.0,2.0,0.0,1.0,1.0,1.0,1,1,4.0,0.0,0.0,0.0,1983.0,2.0,7,0,0.0,2.0,1.0,15.0
3248,5,6,1715,1,1,2,1.0,1.0,188.0,270,3.0,2.0,2.0,0.0,1.0,1.0,1.0,1,1,4.0,0.0,0.0,0.0,1983.0,1.0,34,0,0.0,2.0,1.0,1.0
3249,7,27,730,1,1,1,1.0,7.0,648.0,270,3.0,2.0,2.0,0.0,1.0,0.0,9.0,1,4,1.0,0.0,0.0,0.0,1991.0,2.0,7,0,13.0,0.0,2.0,1.0
3250,8,16,1830,1,1,4,1.0,3.0,412.0,270,3.0,2.0,2.0,0.0,1.0,1.0,1.0,1,4,1.0,0.0,0.0,0.0,1996.0,1.0,30,0,0.0,2.0,6.0,15.0
3251,8,16,1830,1,1,4,1.0,3.0,412.0,270,3.0,2.0,2.0,0.0,1.0,1.0,1.0,1,4,1.0,0.0,0.0,0.0,1996.0,1.0,7,0,0.0,2.0,2.0,17.0