,month,day,time,light,location,intersection,atmosphere,collision,municipality,department,road,traffic,nblanes,reslane,laneprofile,plan,surface,user,sex,route,pedlocation,pedaction,pedcondition,birth,dirtraffic,catvehicle,nboccupants,obstacle,movobstacle,impact,maneuver
3252,8,16,1830,1,1,4,1.0,3.0,412.0,270,3.0,2.0,2.0,0.0,1.0,1.0,1.0,1,4,1.0,0.0,0.0,0.0,1986.0,1.0,30,0,0.0,2.0,6.0,15.0
3253,8,16,1830,1,1,4,1.0,3.0,412.0,270,3.0,2.0,2.0,0.0,1.0,1.0,1.0,1,4,1.0,0.0,0.0,0.0,1986.0,1.0,7,0,0.0,2.0,2.0,17.0
3254,10,11,1845,1,2,1,1.0,6.0,469.0,270,3.0,2.0,2.0,0.0,1.0,0.0,1.0,1,4,1.0,0.0,0.0,0.0,1995.0,2.0,7,0,0.0,1.0,1.0,1.0
3255,10,11,1845,1,2,1,1.0,6.0,469.0,270,3.0,2.0,2.0,0.0,1.0,0.0,1.0,3,4,1.0,3.0,3.0,1.0,1978.0,2.0,7,0,0.0,1.0,1.0,1.0
3256,11,9,145,3,1,1,2.0,6.0,322.0,270,3.0,2.0,0.0,0.0,1.0,1.0,2.0,1,1,4.0,0.0,0.0,0.0,1997.0,1.0,7,0,2.0,2.0,1.0,1.0
3257,11,9,145,3,1,1,2.0,6.0,322.0,270,3.0,2.0,0.0,0.0,1.0,1.0,2.0,4,1,4.0,0.0,0.0,0.0,2001.0,1.0,7,0,2.0,2.0,1.0,1.0
3258,11,9,145,3,1,1,2.0,6.0,322.0,270,3.0,2.0,0.0,0.0,1.0,1.0,2.0,4,4,4.0,0.0,0.0,0.0,1999.0,1.0,7,0,2.0,2.0,1.0,1.0
3259,11,9,145,3,1,1,2.0,6.0,322.0,270,3.0,2.0,0.0,0.0,1.0,1.0,2.0,4,4,4.0,0.0,0.0,0.0,2001.0,1.0,7,0,2.0,2.0,1.0,1.0
3260,11,9,145,3,1,1,2.0,6.0,322.0,270,3.0,2.0,0.0,0.0,1.0,1.0,2.0,4,4,4.0,0.0,0.0,0.0,1999.0,1.0,7,0,2.0,2.0,1.0,1.0
3261,11,23,1645,2,1,1,8.0,6.0,365.0,270,3.0,2.0,2.0,0.0,1.0,2.0,1.0,1,4,4.0,0.0,0.0,0.0,1982.0,2.0,7,0,13.0,0.0,2.0,1.0
3262,11,23,1645,2,1,1,8.0,6.0,365.0,270,3.0,2.0,2.0,0.0,1.0,2.0,1.0,4,4,4.0,0.0,0.0,0.0,2002.0,2.0,7,0,13.0,0.0,2.0,1.0
3263,11,23,1645,2,1,1,8.0,6.0,365.0,270,3.0,2.0,2.0,0.0,1.0,2.0,1.0,4,4,4.0,0.0,0.0,0.0,2001.0,2.0,7,0,13.0,0.0,2.0,1.0
3264,12,16,930,2,2,3,1.0,6.0,386.0,270,3.0,2.0,0.0,0.0,1.0,1.0,1.0,1,4,1.0,0.0,0.0,0.0,1971.0,2.0,1,0,0.0,2.0,2.0,1.0
3265,12,16,930,2,2,3,1.0,6.0,386.0,270,3.0,2.0,0.0,0.0,1.0,1.0,1.0,1,4,1.0,0.0,0.0,0.0,1971.0,1.0,3,0,0.0,9.0,7.0,15.0
3266,12,16,930,2,2,3,1.0,6.0,386.0,270,3.0,2.0,0.0,0.0,1.0,1.0,1.0,1,4,1.0,0.0,0.0,0.0,1970.0,2.0,1,0,0.0,2.0,2.0,1.0
3267,12,16,930,2,2,3,1.0,6.0,386.0,270,3.0,2.0,0.0,0.0,1.0,1.0,1.0,1,4,1.0,0.0,0.0,0.0,1970.0,1.0,3,0,0.0,9.0,7.0,15.0
3268,1,14,715,3,1,1,3.0,1.0,282.0,270,3.0,2.0,3.0,0.0,1.0,1.0,2.0,1,1,1.0,0.0,0.0,0.0,1956.0,2.0,7,0,0.0,2.0,1.0,1.0
3269,1,14,715,3,1,1,3.0,1.0,282.0,270,3.0,2.0,3.0,0.0,1.0,1.0,2.0,1,1,1.0,0.0,0.0,0.0,1956.0,1.0,7,0,0.0,2.0,1.0,13.0
3270,1,14,715,3,1,1,3.0,1.0,282.0,270,3.0,2.0,3.0,0.0,1.0,1.0,2.0,1,4,1.0,0.0,0.0,0.0,1995.0,2.0,7,0,0.0,2.0,1.0,1.0
3271,1,14,715,3,1,1,3.0,1.0,282.0,270,3.0,2.0,3.0,0.0,1.0,1.0,2.0,1,4,1.0,0.0,0.0,0.0,1995.0,1.0,7,0,0.0,2.0,1.0,13.0
3272,1,31,1245,1,1,9,2.0,6.0,534.0,270,3.0,2.0,2.0,0.0,0.0,2.0,2.0,1,4,1.0,0.0,0.0,0.0,1987.0,0.0,7,0,2.0,0.0,8.0,1.0
3273,2,7,1500,1,2,2,1.0,3.0,700.0,270,3.0,2.0,2.0,3.0,2.0,1.0,1.0,1,1,4.0,0.0,0.0,0.0,1961.0,1.0,1,0,0.0,0.0,1.0,1.0
3274,2,7,1500,1,2,2,1.0,3.0,700.0,270,3.0,2.0,2.0,3.0,2.0,1.0,1.0,1,1,4.0,0.0,0.0,0.0,1961.0,1.0,7,0,0.0,0.0,1.0,15.0
3275,2,7,1500,1,2,2,1.0,3.0,700.0,270,3.0,2.0,2.0,3.0,2.0,1.0,1.0,1,4,4.0,0.0,0.0,0.0,1956.0,1.0,1,0,0.0,0.0,1.0,1.0
3276,2,7,1500,1,2,2,1.0,3.0,700.0,270,3.0,2.0,2.0,3.0,2.0,1.0,1.0,1,4,4.0,0.0,0.0,0.0,1956.0,1.0,7,0,0.0,0.0,1.0,15.0
3277,3,30,1115,1,2,6,1.0,6.0,261.0,270,3.0,2.0,4.0,0.0,1.0,1.0,1.0,1,1,4.0,0.0,0.0,0.0,1949.0,0.0,1,0,0.0,0.0,4.0,1.0
3278,3,30,1115,1,2,6,1.0,6.0,261.0,270,3.0,2.0,4.0,0.0,1.0,1.0,1.0,1,1,4.0,0.0,0.0,0.0,1949.0,0.0,7,0,0.0,2.0,1.0,1.0
3279,3,30,1115,1,2,6,1.0,6.0,261.0,270,3.0,2.0,4.0,0.0,1.0,1.0,1.0,1,1,4.0,0.0,0.0,0.0,1936.0,0.0,1,0,0.0,0.0,4.0,1.0
3280,3,30,1115,1,2,6,1.0,6.0,261.0,270,3.0,2.0,4.0,0.0,1.0,1.0,1.0,1,1,4.0,0.0,0.0,0.0,1936.0,0.0,7,0,0.0,2.0,1.0,1.0
3281,6,15,1800,1,1,1,8.0,1.0,654.0,270,4.0,2.0,0.0,3.0,0.0,2.0,0.0,1,1,3.0,0.0,0.0,0.0,1971.0,1.0,7,0,0.0,2.0,1.0,1.0
3282,6,15,1800,1,1,1,8.0,1.0,654.0,270,4.0,2.0,0.0,3.0,0.0,2.0,0.0,1,1,3.0,0.0,0.0,0.0,1971.0,1.0,7,0,0.0,2.0,1.0,1.0
3283,6,15,1800,1,1,1,8.0,1.0,654.0,270,4.0,2.0,0.0,3.0,0.0,2.0,0.0,1,4,3.0,0.0,0.0,0.0,1993.0,1.0,7,0,0.0,2.0,1.0,1.0
3284,6,15,1800,1,1,1,8.0,1.0,654.0,270,4.0,2.0,0.0,3.0,0.0,2.0,0.0,1,4,3.0,0.0,0.0,0.0,1993.0,1.0,7,0,0.0,2.0,1.0,1.0
3285,7,5,815,1,1,2,1.0,6.0,55.0,270,3.0,2.0,2.0,0.0,1.0,1.0,1.0,1,1,2.0,0.0,0.0,0.0,1992.0,1.0,7,0,0.0,2.0,1.0,1.0
3286,7,5,815,1,1,2,1.0,6.0,55.0,270,3.0,2.0,2.0,0.0,1.0,1.0,1.0,1,1,2.0,0.0,0.0,0.0,1992.0,2.0,7,0,0.0,2.0,8.0,1.0
3287,7,5,815,1,1,2,1.0,6.0,55.0,270,3.0,2.0,2.0,0.0,1.0,1.0,1.0,1,1,3.0,0.0,0.0,0.0,1960.0,1.0,7,0,0.0,2.0,1.0,1.0
3288,7,5,815,1,1,2,1.0,6.0,55.0,270,3.0,2.0,2.0,0.0,1.0,1.0,1.0,1,1,3.0,0.0,0.0,0.0,1960.0,2.0,7,0,0.0,2.0,8.0,1.0
3289,7,16,15,3,1,1,1.0,5.0,616.0,270,3.0,2.0,0.0,0.0,0.0,1.0,0.0,1,4,4.0,0.0,0.0,0.0,1989.0,1.0,7,0,0.0,2.0,1.0,1.0
3290,7,16,15,3,1,1,1.0,5.0,616.0,270,3.0,2.0,0.0,0.0,0.0,1.0,0.0,1,4,4.0,0.0,0.0,0.0,1989.0,1.0,1,0,0.0,2.0,4.0,1.0
3291,7,16,15,3,1,1,1.0,5.0,616.0,270,3.0,2.0,0.0,0.0,0.0,1.0,0.0,1,4,4.0,0.0,0.0,0.0,1989.0,1.0,1,0,0.0,2.0,4.0,1.0
3292,7,16,15,3,1,1,1.0,5.0,616.0,270,3.0,2.0,0.0,0.0,0.0,1.0,0.0,1,4,4.0,0.0,0.0,0.0,1984.0,1.0,7,0,0.0,2.0,1.0,1.0
3293,7,16,15,3,1,1,1.0,5.0,616.0,270,3.0,2.0,0.0,0.0,0.0,1.0,0.0,1,4,4.0,0.0,0.0,0.0,1984.0,1.0,1,0,0.0,2.0,4.0,1.0
3294,7,16,15,3,1,1,1.0,5.0,616.0,270,3.0,2.0,0.0,0.0,0.0,1.0,0.0,1,4,4.0,0.0,0.0,0.0,1984.0,1.0,1,0,0.0,2.0,4.0,1.0
3295,8,8,1900,1,2,1,1.0,1.0,579.0,270,3.0,2.0,2.0,0.0,2.0,4.0,0.0,1,4,1.0,0.0,0.0,0.0,1970.0,2.0,7,0,0.0,2.0,1.0,1.0
3296,8,8,1900,1,2,1,1.0,1.0,579.0,270,3.0,2.0,2.0,0.0,2.0,4.0,0.0,1,4,1.0,0.0,0.0,0.0,1970.0,1.0,7,0,0.0,2.0,1.0,13.0
3297,8,8,1900,1,2,1,1.0,1.0,579.0,270,3.0,2.0,2.0,0.0,2.0,4.0,0.0,1,1,1.0,0.0,0.0,0.0,1997.0,2.0,7,0,0.0,2.0,1.0,1.0
3298,8,8,1900,1,2,1,1.0,1.0,579.0,270,3.0,2.0,2.0,0.0,2.0,4.0,0.0,1,1,1.0,0.0,0.0,0.0,1997.0,1.0,7,0,0.0,2.0,1.0,13.0
3299,8,18,2030,1,1,1,1.0,7.0,192.0,270,3.0,2.0,0.0,0.0,0.0,1.0,0.0,1,4,3.0,0.0,0.0,0.0,1988.0,1.0,7,0,0.0,2.0,0.0,1.0
3300,9,15,830,1,1,1,1.0,1.0,344.0,270,3.0,2.0,0.0,3.0,1.0,3.0,1.0,1,1,2.0,0.0,0.0,0.0,1998.0,1.0,7,0,0.0,2.0,1.0,17.0
3301,9,15,830,1,1,1,1.0,1.0,344.0,270,3.0,2.0,0.0,3.0,1.0,3.0,1.0,1,1,2.0,0.0,0.0,0.0,1998.0,2.0,10,0,0.0,2.0,1.0,1.0
3302,9,15,830,1,1,1,1.0,1.0,344.0,270,3.0,2.0,0.0,3.0,1.0,3.0,1.0,1,1,2.0,0.0,0.0,0.0,1987.0,1.0,7,0,0.0,2.0,1.0,17.0
3303,9,15,830,1,1,1,1.0,1.0,344.0,270,3.0,2.0,0.0,3.0,1.0,3.0,1.0,1,1,2.0,0.0,0.0,0.0,1987.0,2.0,10,0,0.0,2.0,1.0,1.0
3304,9,15,830,1,1,1,1.0,1.0,344.0,270,3.0,2.0,0.0,3.0,1.0,3.0,1.0,4,1,2.0,0.0,0.0,0.0,1991.0,1.0,7,0,0.0,2.0,1.0,17.0
3305,9,15,830,1,1,1,1.0,1.0,344.0,270,3.0,2.0,0.0,3.0,1.0,3.0,1.0,4,1,2.0,0.0,0.0,0.0,1991.0,2.0,10,0,0.0,2.0,1.0,1.0
3306,11,1,400,3,2,9,5.0,6.0,389.0,270,3.0,2.0,2.0,0.0,1.0,1.0,1.0,1,1,4.0,0.0,0.0,0.0,1992.0,2.0,7,0,5.0,0.0,2.0,1.0
3307,11,19,2145,3,1,1,6.0,6.0,658.0,270,3.0,2.0,3.0,0.0,1.0,1.0,2.0,1,4,4.0,0.0,0.0,0.0,1993.0,2.0,7,0,1.0,1.0,1.0,1.0
3308,11,19,2145,3,1,1,6.0,6.0,658.0,270,3.0,2.0,3.0,0.0,1.0,1.0,2.0,3,1,4.0,0.0,0.0,0.0,1995.0,2.0,7,0,1.0,1.0,1.0,1.0
3309,2,1,1145,1,1,1,1.0,6.0,260.0,270,4.0,2.0,0.0,0.0,0.0,2.0,1.0,1,4,3.0,0.0,0.0,0.0,1974.0,1.0,7,0,0.0,2.0,3.0,5.0
3310,2,1,1145,1,1,1,1.0,6.0,260.0,270,4.0,2.0,0.0,0.0,0.0,2.0,1.0,1,4,3.0,0.0,0.0,0.0,1974.0,2.0,7,0,0.0,2.0,2.0,1.0
3311,2,1,1145,1,1,1,1.0,6.0,260.0,270,4.0,2.0,0.0,0.0,0.0,2.0,1.0,1,4,3.0,0.0,0.0,0.0,1983.0,1.0,7,0,0.0,2.0,3.0,5.0
3312,2,1,1145,1,1,1,1.0,6.0,260.0,270,4.0,2.0,0.0,0.0,0.0,2.0,1.0,1,4,3.0,0.0,0.0,0.0,1983.0,2.0,7,0,0.0,2.0,2.0,1.0
3313,2,1,1145,1,1,1,1.0,6.0,260.0,270,4.0,2.0,0.0,0.0,0.0,2.0,1.0,4,4,3.0,0.0,0.0,0.0,1988.0,1.0,7,0,0.0,2.0,3.0,5.0
3314,2,1,1145,1,1,1,1.0,6.0,260.0,270,4.0,2.0,0.0,0.0,0.0,2.0,1.0,4,4,3.0,0.0,0.0,0.0,1988.0,2.0,7,0,0.0,2.0,2.0,1.0
3315,2,12,2345,3,1,1,1.0,6.0,65.0,270,3.0,2.0,2.0,0.0,0.0,3.0,1.0,1,4,0.0,0.0,0.0,0.0,1979.0,1.0,10,0,13.0,0.0,3.0,1.0
3316,4,15,1000,1,2,1,1.0,6.0,467.0,270,5.0,0.0,0.0,0.0,0.0,1.0,1.0,1,1,4.0,0.0,0.0,0.0,1984.0,0.0,7,0,0.0,1.0,4.0,4.0
3317,4,15,1000,1,2,1,1.0,6.0,467.0,270,5.0,0.0,0.0,0.0,0.0,1.0,1.0,3,4,3.0,2.0,3.0,1.0,1950.0,0.0,7,0,0.0,1.0,4.0,4.0
3318,5,10,945,1,1,1,1.0,1.0,655.0,270,3.0,2.0,0.0,0.0,2.0,4.0,1.0,1,4,0.0,0.0,0.0,0.0,1986.0,0.0,7,0,0.0,2.0,1.0,11.0
3319,5,10,945,1,1,1,1.0,1.0,655.0,270,3.0,2.0,0.0,0.0,2.0,4.0,1.0,1,4,0.0,0.0,0.0,0.0,1986.0,0.0,10,0,0.0,2.0,1.0,1.0
3320,5,10,945,1,1,1,1.0,1.0,655.0,270,3.0,2.0,0.0,0.0,2.0,4.0,1.0,1,4,0.0,0.0,0.0,0.0,1952.0,0.0,7,0,0.0,2.0,1.0,11.0
3321,5,10,945,1,1,1,1.0,1.0,655.0,270,3.0,2.0,0.0,0.0,2.0,4.0,1.0,1,4,0.0,0.0,0.0,0.0,1952.0,0.0,10,0,0.0,2.0,1.0,1.0
3322,5,10,945,1,1,1,1.0,1.0,655.0,270,3.0,2.0,0.0,0.0,2.0,4.0,1.0,4,4,0.0,0.0,0.0,0.0,2012.0,0.0,7,0,0.0,2.0,1.0,11.0
3323,5,10,945,1,1,1,1.0,1.0,655.0,270,3.0,2.0,0.0,0.0,2.0,4.0,1.0,4,4,0.0,0.0,0.0,0.0,2012.0,0.0,10,0,0.0,2.0,1.0,1.0
3324,5,25,1645,1,2,2,1.0,3.0,467.0,270,4.0,,,,,,,1,4,1.0,0.0,0.0,0.0,1994.0,0.0,33,0,0.0,2.0,8.0,1.0
3325,5,25,1645,1,2,2,1.0,3.0,467.0,270,4.0,,,,,,,1,4,1.0,0.0,0.0,0.0,1994.0,0.0,7,0,0.0,2.0,1.0,19.0
3326,5,25,1645,1,2,2,1.0,3.0,467.0,270,4.0,,,,,,,1,4,0.0,0.0,0.0,0.0,1997.0,0.0,33,0,0.0,2.0,8.0,1.0
3327,5,25,1645,1,2,2,1.0,3.0,467.0,270,4.0,,,,,,,1,4,0.0,0.0,0.0,0.0,1997.0,0.0,7,0,0.0,2.0,1.0,19.0
3328,7,7,1300,1,1,1,1.0,6.0,65.0,270,3.0,2.0,0.0,0.0,1.0,1.0,9.0,1,4,4.0,0.0,0.0,0.0,1974.0,2.0,7,0,2.0,0.0,1.0,1.0
3329,7,17,2200,2,2,3,1.0,6.0,656.0,270,3.0,2.0,2.0,0.0,1.0,1.0,1.0,1,1,4.0,0.0,0.0,0.0,1988.0,2.0,31,0,0.0,2.0,7.0,1.0
3330,7,17,2200,2,2,3,1.0,6.0,656.0,270,3.0,2.0,2.0,0.0,1.0,1.0,1.0,1,1,4.0,0.0,0.0,0.0,1988.0,0.0,7,0,0.0,2.0,1.0,15.0
3331,7,17,2200,2,2,3,1.0,6.0,656.0,270,3.0,2.0,2.0,0.0,1.0,1.0,1.0,4,4,4.0,0.0,0.0,0.0,1987.0,2.0,31,0,0.0,2.0,7.0,1.0
3332,7,17,2200,2,2,3,1.0,6.0,656.0,270,3.0,2.0,2.0,0.0,1.0,1.0,1.0,4,4,4.0,0.0,0.0,0.0,1987.0,0.0,7,0,0.0,2.0,1.0,15.0
3333,7,17,2200,2,2,3,1.0,6.0,656.0,270,3.0,2.0,2.0,0.0,1.0,1.0,1.0,1,1,4.0,0.0,0.0,0.0,1946.0,2.0,31,0,0.0,2.0,7.0,1.0
3334,7,17,2200,2,2,3,1.0,6.0,656.0,270,3.0,2.0,2.0,0.0,1.0,1.0,1.0,1,1,4.0,0.0,0.0,0.0,1946.0,0.0,7,0,0.0,2.0,1.0,15.0
3335,7,27,2300,3,1,1,2.0,7.0,549.0,270,3.0,2.0,2.0,0.0,3.0,3.0,1.0,1,1,4.0,0.0,0.0,0.0,1999.0,1.0,31,0,3.0,0.0,1.0,1.0
3336,7,27,2300,3,1,1,2.0,7.0,549.0,270,3.0,2.0,2.0,0.0,3.0,3.0,1.0,4,4,4.0,0.0,0.0,0.0,1999.0,1.0,31,0,3.0,0.0,1.0,1.0
3337,9,17,1600,1,1,1,2.0,6.0,174.0,270,3.0,2.0,1.0,0.0,1.0,1.0,2.0,1,4,4.0,0.0,0.0,0.0,1995.0,1.0,7,0,0.0,1.0,2.0,17.0
3338,9,17,1600,1,1,1,2.0,6.0,174.0,270,3.0,2.0,1.0,0.0,1.0,1.0,2.0,2,1,4.0,0.0,0.0,0.0,2000.0,1.0,7,0,0.0,1.0,2.0,17.0
3339,11,7,800,1,2,1,2.0,5.0,656.0,270,3.0,2.0,2.0,0.0,1.0,1.0,2.0,1,4,1.0,0.0,0.0,0.0,1969.0,2.0,7,0,0.0,2.0,3.0,1.0
3340,11,7,800,1,2,1,2.0,5.0,656.0,270,3.0,2.0,2.0,0.0,1.0,1.0,2.0,1,4,1.0,0.0,0.0,0.0,1969.0,1.0,7,0,0.0,2.0,3.0,11.0
3341,11,7,800,1,2,1,2.0,5.0,656.0,270,3.0,2.0,2.0,0.0,1.0,1.0,2.0,1,4,1.0,0.0,0.0,0.0,1969.0,2.0,7,0,0.0,2.0,3.0,1.0
3342,11,7,800,1,2,1,2.0,5.0,656.0,270,3.0,2.0,2.0,0.0,1.0,1.0,2.0,1,4,1.0,0.0,0.0,0.0,1974.0,2.0,7,0,0.0,2.0,3.0,1.0
3343,11,7,800,1,2,1,2.0,5.0,656.0,270,3.0,2.0,2.0,0.0,1.0,1.0,2.0,1,4,1.0,0.0,0.0,0.0,1974.0,1.0,7,0,0.0,2.0,3.0,11.0
3344,11,7,800,1,2,1,2.0,5.0,656.0,270,3.0,2.0,2.0,0.0,1.0,1.0,2.0,1,4,1.0,0.0,0.0,0.0,1974.0,2.0,7,0,0.0,2.0,3.0,1.0
3345,11,7,800,1,2,1,2.0,5.0,656.0,270,3.0,2.0,2.0,0.0,1.0,1.0,2.0,1,4,1.0,0.0,0.0,0.0,1986.0,2.0,7,0,0.0,2.0,3.0,1.0
3346,11,7,800,1,2,1,2.0,5.0,656.0,270,3.0,2.0,2.0,0.0,1.0,1.0,2.0,1,4,1.0,0.0,0.0,0.0,1986.0,1.0,7,0,0.0,2.0,3.0,11.0
3347,11,7,800,1,2,1,2.0,5.0,656.0,270,3.0,2.0,2.0,0.0,1.0,1.0,2.0,1,4,1.0,0.0,0.0,0.0,1986.0,2.0,7,0,0.0,2.0,3.0,1.0
3348,11,7,800,1,2,1,2.0,5.0,656.0,270,3.0,2.0,2.0,0.0,1.0,1.0,2.0,4,1,1.0,0.0,0.0,0.0,1976.0,2.0,7,0,0.0,2.0,3.0,1.0
3349,11,7,800,1,2,1,2.0,5.0,656.0,270,3.0,2.0,2.0,0.0,1.0,1.0,2.0,4,1,1.0,0.0,0.0,0.0,1976.0,1.0,7,0,0.0,2.0,3.0,11.0
3350,11,7,800,1,2,1,2.0,5.0,656.0,270,3.0,2.0,2.0,0.0,1.0,1.0,2.0,4,1,1.0,0.0,0.0,0.0,1976.0,2.0,7,0,0.0,2.0,3.0,1.0
3351,11,20,1045,1,2,2,1.0,3.0,467.0,270,3.0,2.0,2.0,0.0,1.0,1.0,1.0,1,4,4.0,0.0,0.0,0.0,1994.0,0.0,33,0,0.0,2.0,8.0,1.0
3352,11,20,1045,1,2,2,1.0,3.0,467.0,270,3.0,2.0,2.0,0.0,1.0,1.0,1.0,1,4,4.0,0.0,0.0,0.0,1994.0,1.0,7,0,0.0,2.0,3.0,15.0
3353,11,20,1045,1,2,2,1.0,3.0,467.0,270,3.0,2.0,2.0,0.0,1.0,1.0,1.0,1,4,4.0,0.0,0.0,0.0,1972.0,0.0,33,0,0.0,2.0,8.0,1.0
3354,11,20,1045,1,2,2,1.0,3.0,467.0,270,3.0,2.0,2.0,0.0,1.0,1.0,1.0,1,4,4.0,0.0,0.0,0.0,1972.0,1.0,7,0,0.0,2.0,3.0,15.0
3355,11,22,1715,2,2,2,1.0,6.0,467.0,270,3.0,2.0,2.0,0.0,1.0,1.0,1.0,1,4,3.0,0.0,0.0,0.0,1983.0,1.0,7,0,0.0,1.0,1.0,1.0
3356,11,22,1715,2,2,2,1.0,6.0,467.0,270,3.0,2.0,2.0,0.0,1.0,1.0,1.0,3,1,3.0,2.0,3.0,4.0,1946.0,1.0,7,0,0.0,1.0,1.0,1.0
3357,11,22,1715,2,2,2,1.0,6.0,467.0,270,3.0,2.0,2.0,0.0,1.0,1.0,1.0,3,4,3.0,2.0,3.0,4.0,1950.0,1.0,7,0,0.0,1.0,1.0,1.0
3358,11,26,1130,1,1,1,1.0,3.0,655.0,270,3.0,2.0,2.0,0.0,1.0,1.0,1.0,1,4,4.0,0.0,0.0,0.0,1935.0,1.0,7,0,0.0,2.0,2.0,1.0
3359,11,26,1130,1,1,1,1.0,3.0,655.0,270,3.0,2.0,2.0,0.0,1.0,1.0,1.0,1,4,4.0,0.0,0.0,0.0,1935.0,1.0,1,0,0.0,2.0,1.0,9.0
3360,11,26,1130,1,1,1,1.0,3.0,655.0,270,3.0,2.0,2.0,0.0,1.0,1.0,1.0,4,4,4.0,0.0,0.0,0.0,1936.0,1.0,7,0,0.0,2.0,2.0,1.0
3361,11,26,1130,1,1,1,1.0,3.0,655.0,270,3.0,2.0,2.0,0.0,1.0,1.0,1.0,4,4,4.0,0.0,0.0,0.0,1936.0,1.0,1,0,0.0,2.0,1.0,9.0
3362,11,26,1130,1,1,1,1.0,3.0,655.0,270,3.0,2.0,2.0,0.0,1.0,1.0,1.0,1,1,4.0,0.0,0.0,0.0,1939.0,1.0,7,0,0.0,2.0,2.0,1.0
3363,11,26,1130,1,1,1,1.0,3.0,655.0,270,3.0,2.0,2.0,0.0,1.0,1.0,1.0,1,1,4.0,0.0,0.0,0.0,1939.0,1.0,1,0,0.0,2.0,1.0,9.0
3364,2,13,1230,1,1,1,3.0,2.0,580.0,270,3.0,2.0,2.0,0.0,1.0,1.0,2.0,1,4,4.0,0.0,0.0,0.0,1975.0,2.0,7,0,0.0,0.0,4.0,23.0
3365,2,13,1230,1,1,1,3.0,2.0,580.0,270,3.0,2.0,2.0,0.0,1.0,1.0,2.0,1,4,4.0,0.0,0.0,0.0,1975.0,2.0,7,0,0.0,2.0,1.0,2.0
3366,2,13,1230,1,1,1,3.0,2.0,580.0,270,3.0,2.0,2.0,0.0,1.0,1.0,2.0,1,4,4.0,0.0,0.0,0.0,1991.0,2.0,7,0,0.0,0.0,4.0,23.0
3367,2,13,1230,1,1,1,3.0,2.0,580.0,270,3.0,2.0,2.0,0.0,1.0,1.0,2.0,1,4,4.0,0.0,0.0,0.0,1991.0,2.0,7,0,0.0,2.0,1.0,2.0
3368,2,13,1230,1,1,1,3.0,2.0,580.0,270,3.0,2.0,2.0,0.0,1.0,1.0,2.0,4,4,0.0,0.0,0.0,0.0,1949.0,2.0,7,0,0.0,0.0,4.0,23.0
3369,2,13,1230,1,1,1,3.0,2.0,580.0,270,3.0,2.0,2.0,0.0,1.0,1.0,2.0,4,4,0.0,0.0,0.0,0.0,1949.0,2.0,7,0,0.0,2.0,1.0,2.0
3370,6,12,200,3,1,1,2.0,6.0,244.0,270,3.0,2.0,2.0,0.0,0.0,3.0,2.0,1,1,4.0,0.0,0.0,0.0,1986.0,1.0,7,0,13.0,0.0,1.0,1.0
3371,7,31,1200,1,2,1,1.0,1.0,102.0,270,4.0,2.0,2.0,0.0,1.0,0.0,1.0,1,1,4.0,0.0,0.0,0.0,1930.0,0.0,7,0,0.0,2.0,2.0,2.0
3372,7,31,1200,1,2,1,1.0,1.0,102.0,270,4.0,2.0,2.0,0.0,1.0,0.0,1.0,1,1,4.0,0.0,0.0,0.0,1930.0,0.0,7,0,0.0,2.0,7.0,19.0
3373,7,31,1200,1,2,1,1.0,1.0,102.0,270,4.0,2.0,2.0,0.0,1.0,0.0,1.0,4,4,0.0,0.0,0.0,0.0,1934.0,0.0,7,0,0.0,2.0,2.0,2.0
3374,7,31,1200,1,2,1,1.0,1.0,102.0,270,4.0,2.0,2.0,0.0,1.0,0.0,1.0,4,4,0.0,0.0,0.0,0.0,1934.0,0.0,7,0,0.0,2.0,7.0,19.0
3375,7,31,1200,1,2,1,1.0,1.0,102.0,270,4.0,2.0,2.0,0.0,1.0,0.0,1.0,1,1,4.0,0.0,0.0,0.0,1934.0,0.0,7,0,0.0,2.0,2.0,2.0
3376,7,31,1200,1,2,1,1.0,1.0,102.0,270,4.0,2.0,2.0,0.0,1.0,0.0,1.0,1,1,4.0,0.0,0.0,0.0,1934.0,0.0,7,0,0.0,2.0,7.0,19.0
3377,9,27,1730,1,2,1,1.0,6.0,227.0,270,3.0,2.0,2.0,0.0,1.0,4.0,1.0,1,1,1.0,0.0,0.0,0.0,1988.0,0.0,32,0,8.0,0.0,1.0,1.0
3378,10,1,1515,1,2,1,1.0,6.0,133.0,270,3.0,2.0,0.0,0.0,1.0,2.0,1.0,1,1,4.0,0.0,0.0,0.0,1994.0,2.0,33,0,6.0,2.0,1.0,14.0
3379,7,14,2315,3,1,1,1.0,6.0,367.0,270,4.0,2.0,2.0,0.0,3.0,1.0,1.0,1,1,4.0,0.0,0.0,0.0,1960.0,0.0,7,0,13.0,0.0,1.0,14.0
3380,12,27,1445,1,1,2,1.0,3.0,538.0,270,3.0,2.0,2.0,0.0,1.0,1.0,1.0,1,4,4.0,0.0,0.0,0.0,1994.0,0.0,7,0,0.0,2.0,3.0,1.0
3381,12,27,1445,1,1,2,1.0,3.0,538.0,270,3.0,2.0,2.0,0.0,1.0,1.0,1.0,1,4,4.0,0.0,0.0,0.0,1994.0,0.0,7,0,0.0,2.0,8.0,19.0