,month,day,time,light,location,intersection,atmosphere,collision,municipality,department,road,traffic,nblanes,reslane,laneprofile,plan,surface,user,sex,route,pedlocation,pedaction,pedcondition,birth,dirtraffic,catvehicle,nboccupants,obstacle,movobstacle,impact,maneuver
3382,12,27,1445,1,1,2,1.0,3.0,538.0,270,3.0,2.0,2.0,0.0,1.0,1.0,1.0,4,1,0.0,0.0,0.0,0.0,2007.0,0.0,7,0,0.0,2.0,3.0,1.0
3383,12,27,1445,1,1,2,1.0,3.0,538.0,270,3.0,2.0,2.0,0.0,1.0,1.0,1.0,4,1,0.0,0.0,0.0,0.0,2007.0,0.0,7,0,0.0,2.0,8.0,19.0
3384,12,27,1445,1,1,2,1.0,3.0,538.0,270,3.0,2.0,2.0,0.0,1.0,1.0,1.0,1,1,4.0,0.0,0.0,0.0,1942.0,0.0,7,0,0.0,2.0,3.0,1.0
3385,12,27,1445,1,1,2,1.0,3.0,538.0,270,3.0,2.0,2.0,0.0,1.0,1.0,1.0,1,1,4.0,0.0,0.0,0.0,1942.0,0.0,7,0,0.0,2.0,8.0,19.0
3386,12,27,1445,1,1,2,1.0,3.0,538.0,270,3.0,2.0,2.0,0.0,1.0,1.0,1.0,4,4,0.0,0.0,0.0,0.0,1950.0,0.0,7,0,0.0,2.0,3.0,1.0
3387,12,27,1445,1,1,2,1.0,3.0,538.0,270,3.0,2.0,2.0,0.0,1.0,1.0,1.0,4,4,0.0,0.0,0.0,0.0,1950.0,0.0,7,0,0.0,2.0,8.0,19.0
3388,1,20,1900,3,1,1,1.0,6.0,47.0,350,3.0,2.0,0.0,0.0,2.0,1.0,1.0,1,4,1.0,0.0,0.0,0.0,1966.0,1.0,7,0,0.0,5.0,1.0,19.0
3389,4,23,1645,1,1,1,8.0,5.0,66.0,350,3.0,2.0,1.0,0.0,1.0,1.0,1.0,1,1,9.0,0.0,0.0,0.0,1988.0,2.0,7,0,0.0,2.0,3.0,1.0
3390,4,23,1645,1,1,1,8.0,5.0,66.0,350,3.0,2.0,1.0,0.0,1.0,1.0,1.0,1,1,9.0,0.0,0.0,0.0,1988.0,2.0,7,0,0.0,2.0,3.0,13.0
3391,4,23,1645,1,1,1,8.0,5.0,66.0,350,3.0,2.0,1.0,0.0,1.0,1.0,1.0,1,1,9.0,0.0,0.0,0.0,1988.0,2.0,33,0,0.0,2.0,1.0,1.0
3392,4,23,1645,1,1,1,8.0,5.0,66.0,350,3.0,2.0,1.0,0.0,1.0,1.0,1.0,1,1,9.0,0.0,0.0,0.0,1988.0,2.0,7,0,0.0,2.0,3.0,1.0
3393,4,23,1645,1,1,1,8.0,5.0,66.0,350,3.0,2.0,1.0,0.0,1.0,1.0,1.0,4,4,0.0,0.0,0.0,0.0,1963.0,2.0,7,0,0.0,2.0,3.0,1.0
3394,4,23,1645,1,1,1,8.0,5.0,66.0,350,3.0,2.0,1.0,0.0,1.0,1.0,1.0,4,4,0.0,0.0,0.0,0.0,1963.0,2.0,7,0,0.0,2.0,3.0,13.0
3395,4,23,1645,1,1,1,8.0,5.0,66.0,350,3.0,2.0,1.0,0.0,1.0,1.0,1.0,4,4,0.0,0.0,0.0,0.0,1963.0,2.0,33,0,0.0,2.0,1.0,1.0
3396,4,23,1645,1,1,1,8.0,5.0,66.0,350,3.0,2.0,1.0,0.0,1.0,1.0,1.0,4,4,0.0,0.0,0.0,0.0,1963.0,2.0,7,0,0.0,2.0,3.0,1.0
3397,4,23,1645,1,1,1,8.0,5.0,66.0,350,3.0,2.0,1.0,0.0,1.0,1.0,1.0,1,4,9.0,0.0,0.0,0.0,1996.0,2.0,7,0,0.0,2.0,3.0,1.0
3398,4,23,1645,1,1,1,8.0,5.0,66.0,350,3.0,2.0,1.0,0.0,1.0,1.0,1.0,1,4,9.0,0.0,0.0,0.0,1996.0,2.0,7,0,0.0,2.0,3.0,13.0
3399,4,23,1645,1,1,1,8.0,5.0,66.0,350,3.0,2.0,1.0,0.0,1.0,1.0,1.0,1,4,9.0,0.0,0.0,0.0,1996.0,2.0,33,0,0.0,2.0,1.0,1.0
3400,4,23,1645,1,1,1,8.0,5.0,66.0,350,3.0,2.0,1.0,0.0,1.0,1.0,1.0,1,4,9.0,0.0,0.0,0.0,1996.0,2.0,7,0,0.0,2.0,3.0,1.0
3401,4,23,1645,1,1,1,8.0,5.0,66.0,350,3.0,2.0,1.0,0.0,1.0,1.0,1.0,1,1,9.0,0.0,0.0,0.0,1961.0,2.0,7,0,0.0,2.0,3.0,1.0
3402,4,23,1645,1,1,1,8.0,5.0,66.0,350,3.0,2.0,1.0,0.0,1.0,1.0,1.0,1,1,9.0,0.0,0.0,0.0,1961.0,2.0,7,0,0.0,2.0,3.0,13.0
3403,4,23,1645,1,1,1,8.0,5.0,66.0,350,3.0,2.0,1.0,0.0,1.0,1.0,1.0,1,1,9.0,0.0,0.0,0.0,1961.0,2.0,33,0,0.0,2.0,1.0,1.0
3404,4,23,1645,1,1,1,8.0,5.0,66.0,350,3.0,2.0,1.0,0.0,1.0,1.0,1.0,1,1,9.0,0.0,0.0,0.0,1961.0,2.0,7,0,0.0,2.0,3.0,1.0
3405,4,23,1645,1,1,1,8.0,5.0,66.0,350,3.0,2.0,1.0,0.0,1.0,1.0,1.0,1,4,9.0,0.0,0.0,0.0,1939.0,2.0,7,0,0.0,2.0,3.0,1.0
3406,4,23,1645,1,1,1,8.0,5.0,66.0,350,3.0,2.0,1.0,0.0,1.0,1.0,1.0,1,4,9.0,0.0,0.0,0.0,1939.0,2.0,7,0,0.0,2.0,3.0,13.0
3407,4,23,1645,1,1,1,8.0,5.0,66.0,350,3.0,2.0,1.0,0.0,1.0,1.0,1.0,1,4,9.0,0.0,0.0,0.0,1939.0,2.0,33,0,0.0,2.0,1.0,1.0
3408,4,23,1645,1,1,1,8.0,5.0,66.0,350,3.0,2.0,1.0,0.0,1.0,1.0,1.0,1,4,9.0,0.0,0.0,0.0,1939.0,2.0,7,0,0.0,2.0,3.0,1.0
3409,4,23,1645,1,1,1,8.0,5.0,66.0,350,3.0,2.0,1.0,0.0,1.0,1.0,1.0,4,4,0.0,0.0,0.0,0.0,1937.0,2.0,7,0,0.0,2.0,3.0,1.0
3410,4,23,1645,1,1,1,8.0,5.0,66.0,350,3.0,2.0,1.0,0.0,1.0,1.0,1.0,4,4,0.0,0.0,0.0,0.0,1937.0,2.0,7,0,0.0,2.0,3.0,13.0
3411,4,23,1645,1,1,1,8.0,5.0,66.0,350,3.0,2.0,1.0,0.0,1.0,1.0,1.0,4,4,0.0,0.0,0.0,0.0,1937.0,2.0,33,0,0.0,2.0,1.0,1.0
3412,4,23,1645,1,1,1,8.0,5.0,66.0,350,3.0,2.0,1.0,0.0,1.0,1.0,1.0,4,4,0.0,0.0,0.0,0.0,1937.0,2.0,7,0,0.0,2.0,3.0,1.0
3413,6,7,2315,3,1,1,1.0,6.0,47.0,350,3.0,2.0,2.0,0.0,1.0,1.0,1.0,1,1,4.0,0.0,0.0,0.0,1994.0,2.0,7,0,14.0,0.0,1.0,0.0
3414,6,7,2315,3,1,1,1.0,6.0,47.0,350,3.0,2.0,2.0,0.0,1.0,1.0,1.0,4,4,0.0,0.0,0.0,0.0,1996.0,2.0,7,0,14.0,0.0,1.0,0.0
3415,9,14,1130,1,1,1,1.0,6.0,47.0,350,3.0,3.0,4.0,0.0,1.0,1.0,1.0,1,1,2.0,0.0,0.0,0.0,1967.0,2.0,14,0,13.0,0.0,2.0,14.0
3416,10,6,1910,1,2,1,1.0,5.0,47.0,350,3.0,2.0,2.0,0.0,1.0,1.0,1.0,1,4,1.0,0.0,0.0,0.0,1959.0,1.0,7,0,0.0,2.0,1.0,1.0
3417,10,6,1910,1,2,1,1.0,5.0,47.0,350,3.0,2.0,2.0,0.0,1.0,1.0,1.0,1,4,1.0,0.0,0.0,0.0,1959.0,2.0,7,0,0.0,2.0,1.0,13.0
3418,10,6,1910,1,2,1,1.0,5.0,47.0,350,3.0,2.0,2.0,0.0,1.0,1.0,1.0,1,4,1.0,0.0,0.0,0.0,1959.0,1.0,7,0,0.0,2.0,1.0,1.0
3419,10,6,1910,1,2,1,1.0,5.0,47.0,350,3.0,2.0,2.0,0.0,1.0,1.0,1.0,1,1,0.0,0.0,0.0,0.0,1965.0,1.0,7,0,0.0,2.0,1.0,1.0
3420,10,6,1910,1,2,1,1.0,5.0,47.0,350,3.0,2.0,2.0,0.0,1.0,1.0,1.0,1,1,0.0,0.0,0.0,0.0,1965.0,2.0,7,0,0.0,2.0,1.0,13.0
3421,10,6,1910,1,2,1,1.0,5.0,47.0,350,3.0,2.0,2.0,0.0,1.0,1.0,1.0,1,1,0.0,0.0,0.0,0.0,1965.0,1.0,7,0,0.0,2.0,1.0,1.0
3422,10,6,1910,1,2,1,1.0,5.0,47.0,350,3.0,2.0,2.0,0.0,1.0,1.0,1.0,1,1,0.0,0.0,0.0,0.0,1996.0,1.0,7,0,0.0,2.0,1.0,1.0
3423,10,6,1910,1,2,1,1.0,5.0,47.0,350,3.0,2.0,2.0,0.0,1.0,1.0,1.0,1,1,0.0,0.0,0.0,0.0,1996.0,2.0,7,0,0.0,2.0,1.0,13.0
3424,10,6,1910,1,2,1,1.0,5.0,47.0,350,3.0,2.0,2.0,0.0,1.0,1.0,1.0,1,1,0.0,0.0,0.0,0.0,1996.0,1.0,7,0,0.0,2.0,1.0,1.0
3425,3,18,930,1,1,3,1.0,3.0,177.0,350,3.0,2.0,0.0,0.0,1.0,3.0,1.0,1,1,1.0,0.0,0.0,0.0,1968.0,2.0,7,0,0.0,2.0,8.0,15.0
3426,3,18,930,1,1,3,1.0,3.0,177.0,350,3.0,2.0,0.0,0.0,1.0,3.0,1.0,1,1,1.0,0.0,0.0,0.0,1968.0,2.0,33,0,0.0,2.0,1.0,1.0
3427,3,18,930,1,1,3,1.0,3.0,177.0,350,3.0,2.0,0.0,0.0,1.0,3.0,1.0,1,1,4.0,0.0,0.0,0.0,1974.0,2.0,7,0,0.0,2.0,8.0,15.0
3428,3,18,930,1,1,3,1.0,3.0,177.0,350,3.0,2.0,0.0,0.0,1.0,3.0,1.0,1,1,4.0,0.0,0.0,0.0,1974.0,2.0,33,0,0.0,2.0,1.0,1.0
3429,4,22,2145,5,2,1,1.0,1.0,233.0,350,3.0,2.0,2.0,0.0,2.0,2.0,1.0,1,1,4.0,0.0,0.0,0.0,1996.0,2.0,7,0,0.0,2.0,1.0,1.0
3430,4,22,2145,5,2,1,1.0,1.0,233.0,350,3.0,2.0,2.0,0.0,2.0,2.0,1.0,1,1,4.0,0.0,0.0,0.0,1996.0,1.0,7,0,0.0,2.0,1.0,13.0
3431,4,22,2145,5,2,1,1.0,1.0,233.0,350,3.0,2.0,2.0,0.0,2.0,2.0,1.0,1,1,4.0,0.0,0.0,0.0,1995.0,2.0,7,0,0.0,2.0,1.0,1.0
3432,4,22,2145,5,2,1,1.0,1.0,233.0,350,3.0,2.0,2.0,0.0,2.0,2.0,1.0,1,1,4.0,0.0,0.0,0.0,1995.0,1.0,7,0,0.0,2.0,1.0,13.0
3433,4,30,2000,1,2,3,1.0,3.0,79.0,350,3.0,2.0,2.0,0.0,1.0,0.0,1.0,1,1,0.0,0.0,0.0,0.0,1962.0,0.0,10,0,0.0,2.0,3.0,1.0
3434,4,30,2000,1,2,3,1.0,3.0,79.0,350,3.0,2.0,2.0,0.0,1.0,0.0,1.0,1,1,0.0,0.0,0.0,0.0,1962.0,0.0,2,0,0.0,2.0,1.0,16.0
3435,4,30,2000,1,2,3,1.0,3.0,79.0,350,3.0,2.0,2.0,0.0,1.0,0.0,1.0,4,4,0.0,0.0,0.0,0.0,1964.0,0.0,10,0,0.0,2.0,3.0,1.0
3436,4,30,2000,1,2,3,1.0,3.0,79.0,350,3.0,2.0,2.0,0.0,1.0,0.0,1.0,4,4,0.0,0.0,0.0,0.0,1964.0,0.0,2,0,0.0,2.0,1.0,16.0
3437,4,30,2000,1,2,3,1.0,3.0,79.0,350,3.0,2.0,2.0,0.0,1.0,0.0,1.0,1,1,0.0,0.0,0.0,0.0,2000.0,0.0,10,0,0.0,2.0,3.0,1.0
3438,4,30,2000,1,2,3,1.0,3.0,79.0,350,3.0,2.0,2.0,0.0,1.0,0.0,1.0,1,1,0.0,0.0,0.0,0.0,2000.0,0.0,2,0,0.0,2.0,1.0,16.0
3439,5,11,1600,1,2,1,1.0,7.0,296.0,350,4.0,2.0,2.0,0.0,1.0,1.0,1.0,1,1,4.0,0.0,0.0,0.0,1935.0,0.0,1,0,14.0,0.0,2.0,1.0
3440,8,18,1730,1,2,1,1.0,3.0,107.0,350,3.0,2.0,0.0,0.0,1.0,1.0,1.0,1,4,0.0,0.0,0.0,0.0,1948.0,1.0,7,0,0.0,2.0,8.0,10.0
3441,8,18,1730,1,2,1,1.0,3.0,107.0,350,3.0,2.0,0.0,0.0,1.0,1.0,1.0,1,4,0.0,0.0,0.0,0.0,1948.0,2.0,33,0,0.0,2.0,8.0,0.0
3442,8,18,1730,1,2,1,1.0,3.0,107.0,350,3.0,2.0,0.0,0.0,1.0,1.0,1.0,1,1,4.0,0.0,0.0,0.0,1995.0,1.0,7,0,0.0,2.0,8.0,10.0
3443,8,18,1730,1,2,1,1.0,3.0,107.0,350,3.0,2.0,0.0,0.0,1.0,1.0,1.0,1,1,4.0,0.0,0.0,0.0,1995.0,2.0,33,0,0.0,2.0,8.0,0.0
3444,9,3,2000,1,2,1,1.0,3.0,315.0,350,3.0,0.0,2.0,0.0,1.0,1.0,1.0,1,1,4.0,0.0,0.0,0.0,2002.0,0.0,2,0,0.0,2.0,8.0,13.0
3445,9,3,2000,1,2,1,1.0,3.0,315.0,350,3.0,0.0,2.0,0.0,1.0,1.0,1.0,1,1,4.0,0.0,0.0,0.0,2002.0,0.0,2,0,0.0,2.0,1.0,1.0
3446,9,3,2000,1,2,1,1.0,3.0,315.0,350,3.0,0.0,2.0,0.0,1.0,1.0,1.0,1,1,0.0,0.0,0.0,0.0,2001.0,0.0,2,0,0.0,2.0,8.0,13.0
3447,9,3,2000,1,2,1,1.0,3.0,315.0,350,3.0,0.0,2.0,0.0,1.0,1.0,1.0,1,1,0.0,0.0,0.0,0.0,2001.0,0.0,2,0,0.0,2.0,1.0,1.0
3448,9,3,2000,1,2,1,1.0,3.0,315.0,350,3.0,0.0,2.0,0.0,1.0,1.0,1.0,4,1,0.0,0.0,0.0,0.0,2002.0,0.0,2,0,0.0,2.0,8.0,13.0
3449,9,3,2000,1,2,1,1.0,3.0,315.0,350,3.0,0.0,2.0,0.0,1.0,1.0,1.0,4,1,0.0,0.0,0.0,0.0,2002.0,0.0,2,0,0.0,2.0,1.0,1.0
3450,9,26,2130,3,1,1,1.0,7.0,154.0,350,3.0,2.0,2.0,0.0,1.0,1.0,1.0,1,1,4.0,0.0,0.0,0.0,1988.0,2.0,7,0,0.0,0.0,3.0,1.0
3451,9,26,1730,1,2,1,1.0,1.0,1.0,350,3.0,2.0,1.0,0.0,1.0,1.0,1.0,1,4,4.0,0.0,0.0,0.0,1946.0,0.0,7,0,0.0,0.0,1.0,1.0
3452,9,26,1730,1,2,1,1.0,1.0,1.0,350,3.0,2.0,1.0,0.0,1.0,1.0,1.0,1,4,4.0,0.0,0.0,0.0,1946.0,0.0,31,0,0.0,0.0,1.0,1.0
3453,9,26,1730,1,2,1,1.0,1.0,1.0,350,3.0,2.0,1.0,0.0,1.0,1.0,1.0,1,1,3.0,0.0,0.0,0.0,1977.0,0.0,7,0,0.0,0.0,1.0,1.0
3454,9,26,1730,1,2,1,1.0,1.0,1.0,350,3.0,2.0,1.0,0.0,1.0,1.0,1.0,1,1,3.0,0.0,0.0,0.0,1977.0,0.0,31,0,0.0,0.0,1.0,1.0
3455,11,1,1400,1,1,1,1.0,1.0,154.0,350,3.0,2.0,2.0,0.0,1.0,3.0,1.0,1,4,4.0,0.0,0.0,0.0,1969.0,1.0,7,0,0.0,2.0,3.0,1.0
3456,11,1,1400,1,1,1,1.0,1.0,154.0,350,3.0,2.0,2.0,0.0,1.0,3.0,1.0,1,4,4.0,0.0,0.0,0.0,1969.0,1.0,7,0,0.0,2.0,3.0,13.0
3457,11,1,1400,1,1,1,1.0,1.0,154.0,350,3.0,2.0,2.0,0.0,1.0,3.0,1.0,4,1,4.0,0.0,0.0,0.0,1997.0,1.0,7,0,0.0,2.0,3.0,1.0
3458,11,1,1400,1,1,1,1.0,1.0,154.0,350,3.0,2.0,2.0,0.0,1.0,3.0,1.0,4,1,4.0,0.0,0.0,0.0,1997.0,1.0,7,0,0.0,2.0,3.0,13.0
3459,11,1,1400,1,1,1,1.0,1.0,154.0,350,3.0,2.0,2.0,0.0,1.0,3.0,1.0,1,4,4.0,0.0,0.0,0.0,1974.0,1.0,7,0,0.0,2.0,3.0,1.0
3460,11,1,1400,1,1,1,1.0,1.0,154.0,350,3.0,2.0,2.0,0.0,1.0,3.0,1.0,1,4,4.0,0.0,0.0,0.0,1974.0,1.0,7,0,0.0,2.0,3.0,13.0
3461,2,28,800,1,1,1,1.0,6.0,184.0,350,2.0,2.0,0.0,0.0,2.0,1.0,1.0,1,4,4.0,0.0,0.0,0.0,1993.0,1.0,7,0,13.0,0.0,1.0,2.0
3462,5,29,1900,1,2,1,1.0,6.0,26.0,350,3.0,2.0,2.0,0.0,1.0,1.0,1.0,1,1,4.0,0.0,0.0,0.0,1968.0,0.0,7,0,0.0,1.0,1.0,1.0
3463,5,29,1900,1,2,1,1.0,6.0,26.0,350,3.0,2.0,2.0,0.0,1.0,1.0,1.0,2,1,4.0,8.0,4.0,0.0,2008.0,0.0,7,0,0.0,1.0,1.0,1.0
3464,7,12,1145,1,2,7,1.0,6.0,297.0,350,6.0,0.0,0.0,0.0,1.0,1.0,1.0,1,1,4.0,0.0,0.0,0.0,1986.0,0.0,7,0,1.0,1.0,3.0,20.0
3465,7,12,1145,1,2,7,1.0,6.0,297.0,350,6.0,0.0,0.0,0.0,1.0,1.0,1.0,3,1,3.0,4.0,0.0,1.0,1929.0,0.0,7,0,1.0,1.0,3.0,20.0
3466,8,3,1915,1,1,1,1.0,2.0,302.0,350,3.0,2.0,2.0,0.0,1.0,1.0,1.0,1,1,0.0,0.0,0.0,0.0,1954.0,0.0,10,0,0.0,0.0,6.0,15.0
3467,8,3,1915,1,1,1,1.0,2.0,302.0,350,3.0,2.0,2.0,0.0,1.0,1.0,1.0,1,1,0.0,0.0,0.0,0.0,1954.0,0.0,7,0,0.0,2.0,1.0,2.0
3468,8,3,1915,1,1,1,1.0,2.0,302.0,350,3.0,2.0,2.0,0.0,1.0,1.0,1.0,1,1,0.0,0.0,0.0,0.0,1984.0,0.0,10,0,0.0,0.0,6.0,15.0
3469,8,3,1915,1,1,1,1.0,2.0,302.0,350,3.0,2.0,2.0,0.0,1.0,1.0,1.0,1,1,0.0,0.0,0.0,0.0,1984.0,0.0,7,0,0.0,2.0,1.0,2.0
3470,8,14,1730,1,1,1,1.0,6.0,143.0,350,3.0,2.0,0.0,0.0,0.0,2.0,1.0,1,1,4.0,0.0,0.0,0.0,1970.0,1.0,7,0,8.0,0.0,2.0,1.0
3471,8,24,1345,1,2,1,1.0,3.0,297.0,350,3.0,2.0,2.0,0.0,2.0,1.0,1.0,1,1,4.0,0.0,0.0,0.0,1999.0,0.0,30,0,0.0,2.0,1.0,17.0
3472,8,24,1345,1,2,1,1.0,3.0,297.0,350,3.0,2.0,2.0,0.0,2.0,1.0,1.0,1,1,4.0,0.0,0.0,0.0,1999.0,0.0,7,0,0.0,2.0,6.0,15.0
3473,8,24,1345,1,2,1,1.0,3.0,297.0,350,3.0,2.0,2.0,0.0,2.0,1.0,1.0,1,4,0.0,0.0,0.0,0.0,1958.0,0.0,30,0,0.0,2.0,1.0,17.0
3474,8,24,1345,1,2,1,1.0,3.0,297.0,350,3.0,2.0,2.0,0.0,2.0,1.0,1.0,1,4,0.0,0.0,0.0,0.0,1958.0,0.0,7,0,0.0,2.0,6.0,15.0
3475,9,16,1800,1,1,1,1.0,2.0,184.0,350,2.0,3.0,0.0,0.0,1.0,1.0,1.0,1,4,1.0,0.0,0.0,0.0,1994.0,2.0,10,0,0.0,2.0,6.0,23.0
3476,9,16,1800,1,1,1,1.0,2.0,184.0,350,2.0,3.0,0.0,0.0,1.0,1.0,1.0,1,4,1.0,0.0,0.0,0.0,1994.0,2.0,7,0,1.0,0.0,2.0,14.0
3477,9,16,1800,1,1,1,1.0,2.0,184.0,350,2.0,3.0,0.0,0.0,1.0,1.0,1.0,4,4,0.0,0.0,0.0,0.0,1996.0,2.0,10,0,0.0,2.0,6.0,23.0
3478,9,16,1800,1,1,1,1.0,2.0,184.0,350,2.0,3.0,0.0,0.0,1.0,1.0,1.0,4,4,0.0,0.0,0.0,0.0,1996.0,2.0,7,0,1.0,0.0,2.0,14.0
3479,9,16,1800,1,1,1,1.0,2.0,184.0,350,2.0,3.0,0.0,0.0,1.0,1.0,1.0,1,1,4.0,0.0,0.0,0.0,1998.0,2.0,10,0,0.0,2.0,6.0,23.0
3480,9,16,1800,1,1,1,1.0,2.0,184.0,350,2.0,3.0,0.0,0.0,1.0,1.0,1.0,1,1,4.0,0.0,0.0,0.0,1998.0,2.0,7,0,1.0,0.0,2.0,14.0
3481,9,30,745,1,1,2,1.0,5.0,27.0,350,3.0,2.0,2.0,0.0,1.0,1.0,1.0,1,1,9.0,0.0,0.0,0.0,1974.0,0.0,7,0,0.0,2.0,1.0,23.0
3482,9,30,745,1,1,2,1.0,5.0,27.0,350,3.0,2.0,2.0,0.0,1.0,1.0,1.0,1,1,9.0,0.0,0.0,0.0,1974.0,0.0,7,0,0.0,2.0,1.0,1.0
3483,9,30,745,1,1,2,1.0,5.0,27.0,350,3.0,2.0,2.0,0.0,1.0,1.0,1.0,1,1,9.0,0.0,0.0,0.0,1974.0,0.0,7,0,0.0,2.0,1.0,15.0
3484,9,30,745,1,1,2,1.0,5.0,27.0,350,3.0,2.0,2.0,0.0,1.0,1.0,1.0,1,4,4.0,0.0,0.0,0.0,1988.0,0.0,7,0,0.0,2.0,1.0,23.0
3485,9,30,745,1,1,2,1.0,5.0,27.0,350,3.0,2.0,2.0,0.0,1.0,1.0,1.0,1,4,4.0,0.0,0.0,0.0,1988.0,0.0,7,0,0.0,2.0,1.0,1.0
3486,9,30,745,1,1,2,1.0,5.0,27.0,350,3.0,2.0,2.0,0.0,1.0,1.0,1.0,1,4,4.0,0.0,0.0,0.0,1988.0,0.0,7,0,0.0,2.0,1.0,15.0
3487,9,30,745,1,1,2,1.0,5.0,27.0,350,3.0,2.0,2.0,0.0,1.0,1.0,1.0,1,1,4.0,0.0,0.0,0.0,1996.0,0.0,7,0,0.0,2.0,1.0,23.0
3488,9,30,745,1,1,2,1.0,5.0,27.0,350,3.0,2.0,2.0,0.0,1.0,1.0,1.0,1,1,4.0,0.0,0.0,0.0,1996.0,0.0,7,0,0.0,2.0,1.0,1.0
3489,9,30,745,1,1,2,1.0,5.0,27.0,350,3.0,2.0,2.0,0.0,1.0,1.0,1.0,1,1,4.0,0.0,0.0,0.0,1996.0,0.0,7,0,0.0,2.0,1.0,15.0
3490,2,27,1815,2,1,1,1.0,1.0,187.0,350,4.0,2.0,2.0,0.0,1.0,3.0,1.0,1,1,4.0,0.0,0.0,0.0,1991.0,0.0,33,0,0.0,2.0,1.0,21.0
3491,2,27,1815,2,1,1,1.0,1.0,187.0,350,4.0,2.0,2.0,0.0,1.0,3.0,1.0,1,1,4.0,0.0,0.0,0.0,1991.0,0.0,7,0,0.0,2.0,2.0,1.0
3492,2,27,1815,2,1,1,1.0,1.0,187.0,350,4.0,2.0,2.0,0.0,1.0,3.0,1.0,1,1,4.0,0.0,0.0,0.0,1949.0,0.0,33,0,0.0,2.0,1.0,21.0
3493,2,27,1815,2,1,1,1.0,1.0,187.0,350,4.0,2.0,2.0,0.0,1.0,3.0,1.0,1,1,4.0,0.0,0.0,0.0,1949.0,0.0,7,0,0.0,2.0,2.0,1.0
3494,3,4,1300,1,2,1,1.0,3.0,188.0,350,3.0,2.0,0.0,0.0,1.0,0.0,0.0,1,1,1.0,0.0,0.0,0.0,1960.0,0.0,33,0,0.0,2.0,1.0,1.0
3495,3,4,1300,1,2,1,1.0,3.0,188.0,350,3.0,2.0,0.0,0.0,1.0,0.0,0.0,1,1,1.0,0.0,0.0,0.0,1960.0,0.0,7,0,0.0,2.0,3.0,15.0
3496,3,4,1300,1,2,1,1.0,3.0,188.0,350,3.0,2.0,0.0,0.0,1.0,0.0,0.0,1,4,4.0,0.0,0.0,0.0,1998.0,0.0,33,0,0.0,2.0,1.0,1.0
3497,3,4,1300,1,2,1,1.0,3.0,188.0,350,3.0,2.0,0.0,0.0,1.0,0.0,0.0,1,4,4.0,0.0,0.0,0.0,1998.0,0.0,7,0,0.0,2.0,3.0,15.0
3498,3,11,1515,1,1,1,7.0,1.0,133.0,350,3.0,2.0,2.0,0.0,0.0,1.0,1.0,1,1,4.0,0.0,0.0,0.0,1996.0,1.0,33,0,0.0,2.0,1.0,1.0
3499,3,11,1515,1,1,1,7.0,1.0,133.0,350,3.0,2.0,2.0,0.0,0.0,1.0,1.0,1,1,4.0,0.0,0.0,0.0,1996.0,2.0,7,0,0.0,2.0,7.0,15.0
3500,3,11,1515,1,1,1,7.0,1.0,133.0,350,3.0,2.0,2.0,0.0,0.0,1.0,1.0,1,4,1.0,0.0,0.0,0.0,1991.0,1.0,33,0,0.0,2.0,1.0,1.0
3501,3,11,1515,1,1,1,7.0,1.0,133.0,350,3.0,2.0,2.0,0.0,0.0,1.0,1.0,1,4,1.0,0.0,0.0,0.0,1991.0,2.0,7,0,0.0,2.0,7.0,15.0
3502,3,16,1645,1,1,1,6.0,2.0,223.0,350,3.0,2.0,2.0,0.0,1.0,1.0,1.0,1,1,4.0,0.0,0.0,0.0,1960.0,1.0,7,0,0.0,2.0,2.0,17.0
3503,3,16,1645,1,1,1,6.0,2.0,223.0,350,3.0,2.0,2.0,0.0,1.0,1.0,1.0,1,1,4.0,0.0,0.0,0.0,1960.0,1.0,1,0,0.0,2.0,6.0,13.0
3504,3,16,1645,1,1,1,6.0,2.0,223.0,350,3.0,2.0,2.0,0.0,1.0,1.0,1.0,1,4,4.0,0.0,0.0,0.0,1937.0,1.0,7,0,0.0,2.0,2.0,17.0
3505,3,16,1645,1,1,1,6.0,2.0,223.0,350,3.0,2.0,2.0,0.0,1.0,1.0,1.0,1,4,4.0,0.0,0.0,0.0,1937.0,1.0,1,0,0.0,2.0,6.0,13.0
3506,4,19,1400,1,2,2,1.0,1.0,133.0,350,3.0,2.0,0.0,0.0,1.0,0.0,1.0,1,1,4.0,0.0,0.0,0.0,1981.0,0.0,7,0,0.0,0.0,2.0,10.0
3507,4,19,1400,1,2,2,1.0,1.0,133.0,350,3.0,2.0,0.0,0.0,1.0,0.0,1.0,1,1,4.0,0.0,0.0,0.0,1981.0,0.0,2,0,0.0,2.0,1.0,1.0
3508,4,19,1400,1,2,2,1.0,1.0,133.0,350,3.0,2.0,0.0,0.0,1.0,0.0,1.0,1,1,4.0,0.0,0.0,0.0,1998.0,0.0,7,0,0.0,0.0,2.0,10.0
3509,4,19,1400,1,2,2,1.0,1.0,133.0,350,3.0,2.0,0.0,0.0,1.0,0.0,1.0,1,1,4.0,0.0,0.0,0.0,1998.0,0.0,2,0,0.0,2.0,1.0,1.0
3510,5,6,100,3,1,1,1.0,6.0,227.0,350,3.0,2.0,2.0,0.0,1.0,1.0,1.0,1,1,4.0,0.0,0.0,0.0,1992.0,0.0,10,0,0.0,0.0,3.0,1.0
3511,5,31,1800,1,2,6,1.0,1.0,188.0,350,3.0,2.0,1.0,0.0,1.0,1.0,1.0,1,1,4.0,0.0,0.0,0.0,1998.0,1.0,30,0,0.0,2.0,1.0,0.0