,month,day,time,light,location,intersection,atmosphere,collision,municipality,department,road,traffic,nblanes,reslane,laneprofile,plan,surface,user,sex,route,pedlocation,pedaction,pedcondition,birth,dirtraffic,catvehicle,nboccupants,obstacle,movobstacle,impact,maneuver
3512,5,31,1800,1,2,6,1.0,1.0,188.0,350,3.0,2.0,1.0,0.0,1.0,1.0,1.0,1,1,4.0,0.0,0.0,0.0,1998.0,0.0,7,0,0.0,0.0,5.0,0.0
3513,5,31,1800,1,2,6,1.0,1.0,188.0,350,3.0,2.0,1.0,0.0,1.0,1.0,1.0,1,4,9.0,0.0,0.0,0.0,1979.0,1.0,30,0,0.0,2.0,1.0,0.0
3514,5,31,1800,1,2,6,1.0,1.0,188.0,350,3.0,2.0,1.0,0.0,1.0,1.0,1.0,1,4,9.0,0.0,0.0,0.0,1979.0,0.0,7,0,0.0,0.0,5.0,0.0
3515,7,20,1615,1,1,1,1.0,1.0,331.0,350,3.0,2.0,2.0,0.0,1.0,2.0,1.0,1,1,4.0,0.0,0.0,0.0,1984.0,1.0,7,0,0.0,2.0,3.0,1.0
3516,7,20,1615,1,1,1,1.0,1.0,331.0,350,3.0,2.0,2.0,0.0,1.0,2.0,1.0,1,1,4.0,0.0,0.0,0.0,1984.0,2.0,7,0,0.0,2.0,1.0,1.0
3517,7,20,1615,1,1,1,1.0,1.0,331.0,350,3.0,2.0,2.0,0.0,1.0,2.0,1.0,1,4,4.0,0.0,0.0,0.0,1997.0,1.0,7,0,0.0,2.0,3.0,1.0
3518,7,20,1615,1,1,1,1.0,1.0,331.0,350,3.0,2.0,2.0,0.0,1.0,2.0,1.0,1,4,4.0,0.0,0.0,0.0,1997.0,2.0,7,0,0.0,2.0,1.0,1.0
3519,9,16,745,2,1,1,2.0,3.0,227.0,350,2.0,3.0,4.0,0.0,1.0,1.0,2.0,1,4,1.0,0.0,0.0,0.0,1982.0,2.0,7,0,0.0,2.0,2.0,12.0
3520,9,16,745,2,1,1,2.0,3.0,227.0,350,2.0,3.0,4.0,0.0,1.0,1.0,2.0,1,4,1.0,0.0,0.0,0.0,1982.0,2.0,33,0,0.0,2.0,3.0,3.0
3521,9,16,745,2,1,1,2.0,3.0,227.0,350,2.0,3.0,4.0,0.0,1.0,1.0,2.0,4,1,0.0,0.0,0.0,0.0,1968.0,2.0,7,0,0.0,2.0,2.0,12.0
3522,9,16,745,2,1,1,2.0,3.0,227.0,350,2.0,3.0,4.0,0.0,1.0,1.0,2.0,4,1,0.0,0.0,0.0,0.0,1968.0,2.0,33,0,0.0,2.0,3.0,3.0
3523,9,16,745,2,1,1,2.0,3.0,227.0,350,2.0,3.0,4.0,0.0,1.0,1.0,2.0,1,1,1.0,0.0,0.0,0.0,1967.0,2.0,7,0,0.0,2.0,2.0,12.0
3524,9,16,745,2,1,1,2.0,3.0,227.0,350,2.0,3.0,4.0,0.0,1.0,1.0,2.0,1,1,1.0,0.0,0.0,0.0,1967.0,2.0,33,0,0.0,2.0,3.0,3.0
3525,1,15,715,3,1,1,9.0,6.0,196.0,350,3.0,2.0,2.0,0.0,0.0,1.0,7.0,1,1,1.0,0.0,0.0,0.0,1970.0,0.0,7,0,6.0,0.0,1.0,1.0
3526,1,19,1745,3,1,1,1.0,2.0,240.0,350,2.0,3.0,2.0,0.0,1.0,1.0,1.0,1,4,4.0,0.0,0.0,0.0,1989.0,2.0,7,0,0.0,0.0,3.0,1.0
3527,1,19,1745,3,1,1,1.0,2.0,240.0,350,2.0,3.0,2.0,0.0,1.0,1.0,1.0,1,4,4.0,0.0,0.0,0.0,1989.0,2.0,7,0,0.0,2.0,5.0,1.0
3528,1,19,1745,3,1,1,1.0,2.0,240.0,350,2.0,3.0,2.0,0.0,1.0,1.0,1.0,1,1,4.0,0.0,0.0,0.0,1965.0,2.0,7,0,0.0,0.0,3.0,1.0
3529,1,19,1745,3,1,1,1.0,2.0,240.0,350,2.0,3.0,2.0,0.0,1.0,1.0,1.0,1,1,4.0,0.0,0.0,0.0,1965.0,2.0,7,0,0.0,2.0,5.0,1.0
3530,3,11,2300,4,1,6,1.0,7.0,76.0,350,3.0,2.0,2.0,0.0,1.0,2.0,1.0,1,1,4.0,0.0,0.0,0.0,1977.0,1.0,7,0,0.0,0.0,1.0,1.0
3531,3,11,2300,4,1,6,1.0,7.0,76.0,350,3.0,2.0,2.0,0.0,1.0,2.0,1.0,4,1,0.0,0.0,0.0,0.0,1997.0,1.0,7,0,0.0,0.0,1.0,1.0
3532,3,11,2300,4,1,6,1.0,7.0,76.0,350,3.0,2.0,2.0,0.0,1.0,2.0,1.0,4,1,0.0,0.0,0.0,0.0,1999.0,1.0,7,0,0.0,0.0,1.0,1.0
3533,3,11,2300,4,1,6,1.0,7.0,76.0,350,3.0,2.0,2.0,0.0,1.0,2.0,1.0,4,1,0.0,0.0,0.0,0.0,1998.0,1.0,7,0,0.0,0.0,1.0,1.0
3534,4,20,1545,1,2,1,1.0,3.0,196.0,350,4.0,2.0,2.0,0.0,1.0,1.0,1.0,1,1,4.0,0.0,0.0,0.0,1980.0,0.0,30,0,0.0,2.0,1.0,1.0
3535,4,20,1545,1,2,1,1.0,3.0,196.0,350,4.0,2.0,2.0,0.0,1.0,1.0,1.0,1,1,4.0,0.0,0.0,0.0,1980.0,0.0,7,0,0.0,2.0,8.0,1.0
3536,4,20,1545,1,2,1,1.0,3.0,196.0,350,4.0,2.0,2.0,0.0,1.0,1.0,1.0,1,4,1.0,0.0,0.0,0.0,1955.0,0.0,30,0,0.0,2.0,1.0,1.0
3537,4,20,1545,1,2,1,1.0,3.0,196.0,350,4.0,2.0,2.0,0.0,1.0,1.0,1.0,1,4,1.0,0.0,0.0,0.0,1955.0,0.0,7,0,0.0,2.0,8.0,1.0
3538,5,4,1515,1,1,2,1.0,1.0,37.0,350,4.0,2.0,2.0,0.0,1.0,1.0,,1,1,4.0,0.0,0.0,0.0,1937.0,0.0,7,0,0.0,2.0,1.0,15.0
3539,5,4,1515,1,1,2,1.0,1.0,37.0,350,4.0,2.0,2.0,0.0,1.0,1.0,,1,1,4.0,0.0,0.0,0.0,1937.0,0.0,30,0,0.0,2.0,2.0,1.0
3540,5,4,1515,1,1,2,1.0,1.0,37.0,350,4.0,2.0,2.0,0.0,1.0,1.0,,1,1,4.0,0.0,0.0,0.0,1998.0,0.0,7,0,0.0,2.0,1.0,15.0
3541,5,4,1515,1,1,2,1.0,1.0,37.0,350,4.0,2.0,2.0,0.0,1.0,1.0,,1,1,4.0,0.0,0.0,0.0,1998.0,0.0,30,0,0.0,2.0,2.0,1.0
3542,5,4,1515,1,1,2,1.0,1.0,37.0,350,4.0,2.0,2.0,0.0,1.0,1.0,,4,1,0.0,0.0,0.0,0.0,2000.0,0.0,7,0,0.0,2.0,1.0,15.0
3543,5,4,1515,1,1,2,1.0,1.0,37.0,350,4.0,2.0,2.0,0.0,1.0,1.0,,4,1,0.0,0.0,0.0,0.0,2000.0,0.0,30,0,0.0,2.0,2.0,1.0
3544,8,17,830,1,2,6,7.0,3.0,240.0,350,3.0,4.0,0.0,0.0,1.0,2.0,1.0,1,1,0.0,0.0,0.0,0.0,1966.0,0.0,7,0,0.0,0.0,8.0,9.0
3545,8,17,830,1,2,6,7.0,3.0,240.0,350,3.0,4.0,0.0,0.0,1.0,2.0,1.0,1,1,0.0,0.0,0.0,0.0,1966.0,0.0,1,0,0.0,0.0,7.0,1.0
3546,8,17,830,1,2,6,7.0,3.0,240.0,350,3.0,4.0,0.0,0.0,1.0,2.0,1.0,1,4,0.0,0.0,0.0,0.0,1973.0,0.0,7,0,0.0,0.0,8.0,9.0
3547,8,17,830,1,2,6,7.0,3.0,240.0,350,3.0,4.0,0.0,0.0,1.0,2.0,1.0,1,4,0.0,0.0,0.0,0.0,1973.0,0.0,1,0,0.0,0.0,7.0,1.0
3548,10,7,1515,1,1,1,1.0,7.0,240.0,350,2.0,3.0,4.0,0.0,1.0,3.0,1.0,1,1,4.0,0.0,0.0,0.0,1961.0,1.0,33,0,0.0,0.0,8.0,1.0
3549,10,18,745,1,1,1,5.0,3.0,76.0,350,3.0,2.0,2.0,0.0,1.0,1.0,1.0,1,1,1.0,0.0,0.0,0.0,1993.0,2.0,10,0,0.0,2.0,3.0,1.0
3550,10,18,745,1,1,1,5.0,3.0,76.0,350,3.0,2.0,2.0,0.0,1.0,1.0,1.0,1,1,1.0,0.0,0.0,0.0,1993.0,1.0,7,0,0.0,2.0,3.0,1.0
3551,10,18,745,1,1,1,5.0,3.0,76.0,350,3.0,2.0,2.0,0.0,1.0,1.0,1.0,1,4,1.0,0.0,0.0,0.0,1976.0,2.0,10,0,0.0,2.0,3.0,1.0
3552,10,18,745,1,1,1,5.0,3.0,76.0,350,3.0,2.0,2.0,0.0,1.0,1.0,1.0,1,4,1.0,0.0,0.0,0.0,1976.0,1.0,7,0,0.0,2.0,3.0,1.0
3553,11,23,2230,3,1,1,8.0,2.0,76.0,350,2.0,2.0,4.0,0.0,1.0,1.0,2.0,1,1,2.0,0.0,0.0,0.0,1960.0,1.0,15,0,0.0,2.0,4.0,2.0
3554,11,23,2230,3,1,1,8.0,2.0,76.0,350,2.0,2.0,4.0,0.0,1.0,1.0,2.0,1,1,2.0,0.0,0.0,0.0,1960.0,1.0,7,0,0.0,2.0,1.0,2.0
3555,11,23,2230,3,1,1,8.0,2.0,76.0,350,2.0,2.0,4.0,0.0,1.0,1.0,2.0,1,1,9.0,0.0,0.0,0.0,1978.0,1.0,15,0,0.0,2.0,4.0,2.0
3556,11,23,2230,3,1,1,8.0,2.0,76.0,350,2.0,2.0,4.0,0.0,1.0,1.0,2.0,1,1,9.0,0.0,0.0,0.0,1978.0,1.0,7,0,0.0,2.0,1.0,2.0
3557,12,6,1710,2,2,3,9.0,7.0,196.0,350,3.0,3.0,2.0,2.0,1.0,3.0,1.0,1,1,4.0,0.0,0.0,0.0,1986.0,2.0,2,0,0.0,0.0,8.0,15.0
3558,4,13,1800,1,2,9,3.0,6.0,142.0,350,6.0,0.0,0.0,0.0,1.0,1.0,2.0,1,1,4.0,0.0,0.0,0.0,1936.0,0.0,7,0,0.0,1.0,5.0,4.0
3559,4,13,1800,1,2,9,3.0,6.0,142.0,350,6.0,0.0,0.0,0.0,1.0,1.0,2.0,4,1,0.0,0.0,0.0,0.0,1932.0,0.0,7,0,0.0,1.0,5.0,4.0
3560,4,13,1800,1,2,9,3.0,6.0,142.0,350,6.0,0.0,0.0,0.0,1.0,1.0,2.0,3,4,4.0,0.0,9.0,1.0,1941.0,0.0,7,0,0.0,1.0,5.0,4.0
3561,7,18,945,1,1,1,1.0,1.0,18.0,350,3.0,2.0,0.0,0.0,2.0,0.0,1.0,1,1,2.0,0.0,0.0,0.0,1963.0,1.0,14,0,0.0,2.0,3.0,1.0
3562,7,18,945,1,1,1,1.0,1.0,18.0,350,3.0,2.0,0.0,0.0,2.0,0.0,1.0,1,1,2.0,0.0,0.0,0.0,1963.0,1.0,7,0,0.0,0.0,3.0,19.0
3563,7,18,945,1,1,1,1.0,1.0,18.0,350,3.0,2.0,0.0,0.0,2.0,0.0,1.0,1,4,4.0,0.0,0.0,0.0,1929.0,1.0,14,0,0.0,2.0,3.0,1.0
3564,7,18,945,1,1,1,1.0,1.0,18.0,350,3.0,2.0,0.0,0.0,2.0,0.0,1.0,1,4,4.0,0.0,0.0,0.0,1929.0,1.0,7,0,0.0,0.0,3.0,19.0
3565,8,12,1100,1,1,3,7.0,1.0,138.0,350,4.0,2.0,0.0,0.0,1.0,1.0,1.0,1,1,2.0,0.0,0.0,0.0,1992.0,0.0,7,0,0.0,2.0,3.0,15.0
3566,8,12,1100,1,1,3,7.0,1.0,138.0,350,4.0,2.0,0.0,0.0,1.0,1.0,1.0,1,1,2.0,0.0,0.0,0.0,1992.0,0.0,33,0,0.0,2.0,1.0,1.0
3567,8,12,1100,1,1,3,7.0,1.0,138.0,350,4.0,2.0,0.0,0.0,1.0,1.0,1.0,1,1,4.0,0.0,0.0,0.0,1959.0,0.0,7,0,0.0,2.0,3.0,15.0
3568,8,12,1100,1,1,3,7.0,1.0,138.0,350,4.0,2.0,0.0,0.0,1.0,1.0,1.0,1,1,4.0,0.0,0.0,0.0,1959.0,0.0,33,0,0.0,2.0,1.0,1.0
3569,1,18,1245,1,1,1,2.0,6.0,355.0,350,3.0,2.0,2.0,0.0,2.0,1.0,2.0,1,1,2.0,0.0,0.0,0.0,1977.0,1.0,17,0,13.0,0.0,1.0,1.0
3570,5,25,1945,1,1,1,1.0,2.0,326.0,350,3.0,2.0,2.0,0.0,0.0,0.0,1.0,1,1,9.0,0.0,0.0,0.0,1987.0,2.0,7,0,0.0,2.0,3.0,15.0
3571,5,25,1945,1,1,1,1.0,2.0,326.0,350,3.0,2.0,2.0,0.0,0.0,0.0,1.0,1,1,9.0,0.0,0.0,0.0,1987.0,2.0,33,0,0.0,2.0,1.0,1.0
3572,5,25,1945,1,1,1,1.0,2.0,326.0,350,3.0,2.0,2.0,0.0,0.0,0.0,1.0,1,1,0.0,0.0,0.0,0.0,1996.0,2.0,7,0,0.0,2.0,3.0,15.0
3573,5,25,1945,1,1,1,1.0,2.0,326.0,350,3.0,2.0,2.0,0.0,0.0,0.0,1.0,1,1,0.0,0.0,0.0,0.0,1996.0,2.0,33,0,0.0,2.0,1.0,1.0
3574,6,18,1100,1,1,1,1.0,7.0,355.0,350,3.0,2.0,0.0,0.0,4.0,2.0,1.0,1,1,4.0,0.0,0.0,0.0,1948.0,1.0,33,0,13.0,0.0,6.0,1.0
3575,6,27,915,1,1,1,2.0,5.0,282.0,350,3.0,2.0,2.0,0.0,1.0,1.0,2.0,1,1,4.0,0.0,0.0,0.0,1970.0,2.0,1,0,0.0,2.0,1.0,1.0
3576,6,27,915,1,1,1,2.0,5.0,282.0,350,3.0,2.0,2.0,0.0,1.0,1.0,2.0,1,1,4.0,0.0,0.0,0.0,1970.0,1.0,7,0,0.0,2.0,1.0,1.0
3577,6,27,915,1,1,1,2.0,5.0,282.0,350,3.0,2.0,2.0,0.0,1.0,1.0,2.0,1,1,4.0,0.0,0.0,0.0,1970.0,2.0,1,0,0.0,2.0,1.0,1.0
3578,6,27,915,1,1,1,2.0,5.0,282.0,350,3.0,2.0,2.0,0.0,1.0,1.0,2.0,1,1,1.0,0.0,0.0,0.0,1988.0,2.0,1,0,0.0,2.0,1.0,1.0
3579,6,27,915,1,1,1,2.0,5.0,282.0,350,3.0,2.0,2.0,0.0,1.0,1.0,2.0,1,1,1.0,0.0,0.0,0.0,1988.0,1.0,7,0,0.0,2.0,1.0,1.0
3580,6,27,915,1,1,1,2.0,5.0,282.0,350,3.0,2.0,2.0,0.0,1.0,1.0,2.0,1,1,1.0,0.0,0.0,0.0,1988.0,2.0,1,0,0.0,2.0,1.0,1.0
3581,6,27,915,1,1,1,2.0,5.0,282.0,350,3.0,2.0,2.0,0.0,1.0,1.0,2.0,1,1,4.0,0.0,0.0,0.0,1977.0,2.0,1,0,0.0,2.0,1.0,1.0
3582,6,27,915,1,1,1,2.0,5.0,282.0,350,3.0,2.0,2.0,0.0,1.0,1.0,2.0,1,1,4.0,0.0,0.0,0.0,1977.0,1.0,7,0,0.0,2.0,1.0,1.0
3583,6,27,915,1,1,1,2.0,5.0,282.0,350,3.0,2.0,2.0,0.0,1.0,1.0,2.0,1,1,4.0,0.0,0.0,0.0,1977.0,2.0,1,0,0.0,2.0,1.0,1.0
3584,8,13,1815,1,1,1,7.0,2.0,178.0,350,3.0,2.0,2.0,0.0,1.0,3.0,1.0,1,1,4.0,0.0,0.0,0.0,1998.0,1.0,7,0,0.0,2.0,3.0,2.0
3585,8,13,1815,1,1,1,7.0,2.0,178.0,350,3.0,2.0,2.0,0.0,1.0,3.0,1.0,1,1,4.0,0.0,0.0,0.0,1998.0,1.0,1,0,0.0,2.0,4.0,15.0
3586,8,13,1815,1,1,1,7.0,2.0,178.0,350,3.0,2.0,2.0,0.0,1.0,3.0,1.0,1,1,4.0,0.0,0.0,0.0,2003.0,1.0,7,0,0.0,2.0,3.0,2.0
3587,8,13,1815,1,1,1,7.0,2.0,178.0,350,3.0,2.0,2.0,0.0,1.0,3.0,1.0,1,1,4.0,0.0,0.0,0.0,2003.0,1.0,1,0,0.0,2.0,4.0,15.0
3588,1,16,115,3,1,1,4.0,7.0,83.0,350,3.0,2.0,2.0,0.0,0.0,3.0,7.0,1,1,4.0,0.0,0.0,0.0,1990.0,2.0,7,0,0.0,0.0,9.0,1.0
3589,1,16,115,3,1,1,4.0,7.0,83.0,350,3.0,2.0,2.0,0.0,0.0,3.0,7.0,4,4,0.0,0.0,0.0,0.0,1989.0,2.0,7,0,0.0,0.0,9.0,1.0
3590,4,24,130,3,1,1,1.0,7.0,341.0,350,3.0,2.0,2.0,0.0,0.0,2.0,1.0,1,4,4.0,0.0,0.0,0.0,1997.0,2.0,7,0,13.0,0.0,1.0,1.0
3591,4,24,130,3,1,1,1.0,7.0,341.0,350,3.0,2.0,2.0,0.0,0.0,2.0,1.0,4,1,0.0,0.0,0.0,0.0,1996.0,2.0,7,0,13.0,0.0,1.0,1.0
3592,4,24,130,3,1,1,1.0,7.0,341.0,350,3.0,2.0,2.0,0.0,0.0,2.0,1.0,4,1,0.0,0.0,0.0,0.0,1996.0,2.0,7,0,13.0,0.0,1.0,1.0
3593,4,24,130,3,1,1,1.0,7.0,341.0,350,3.0,2.0,2.0,0.0,0.0,2.0,1.0,4,1,0.0,0.0,0.0,0.0,1996.0,2.0,7,0,13.0,0.0,1.0,1.0
3594,4,24,130,3,1,1,1.0,7.0,341.0,350,3.0,2.0,2.0,0.0,0.0,2.0,1.0,4,1,0.0,0.0,0.0,0.0,1996.0,2.0,7,0,13.0,0.0,1.0,1.0
3595,4,24,130,3,1,1,1.0,7.0,341.0,350,3.0,2.0,2.0,0.0,0.0,2.0,1.0,4,1,0.0,0.0,0.0,0.0,1996.0,2.0,7,0,13.0,0.0,1.0,1.0
3596,4,24,130,3,1,1,1.0,7.0,341.0,350,3.0,2.0,2.0,0.0,0.0,2.0,1.0,4,1,0.0,0.0,0.0,0.0,1996.0,2.0,7,0,13.0,0.0,1.0,1.0
3597,4,24,130,3,1,1,1.0,7.0,341.0,350,3.0,2.0,2.0,0.0,0.0,2.0,1.0,4,1,0.0,0.0,0.0,0.0,1996.0,2.0,7,0,13.0,0.0,1.0,1.0
3598,5,28,730,1,2,2,8.0,6.0,257.0,350,3.0,2.0,2.0,0.0,1.0,1.0,1.0,1,4,1.0,0.0,0.0,0.0,1988.0,0.0,7,0,0.0,1.0,1.0,1.0
3599,5,28,730,1,2,2,8.0,6.0,257.0,350,3.0,2.0,2.0,0.0,1.0,1.0,1.0,3,4,4.0,2.0,3.0,1.0,1984.0,0.0,7,0,0.0,1.0,1.0,1.0
3600,6,9,900,1,1,1,1.0,7.0,267.0,350,3.0,2.0,2.0,0.0,1.0,0.0,1.0,1,1,1.0,0.0,0.0,0.0,1989.0,2.0,7,0,13.0,0.0,7.0,1.0
3601,6,9,900,1,1,1,1.0,7.0,267.0,350,3.0,2.0,2.0,0.0,1.0,0.0,1.0,4,1,0.0,0.0,0.0,0.0,1981.0,2.0,7,0,13.0,0.0,7.0,1.0
3602,6,9,900,1,1,1,1.0,7.0,267.0,350,3.0,2.0,2.0,0.0,1.0,0.0,1.0,4,1,0.0,0.0,0.0,0.0,1988.0,2.0,7,0,13.0,0.0,7.0,1.0
3603,7,25,715,1,1,1,8.0,6.0,303.0,350,3.0,2.0,2.0,0.0,2.0,1.0,1.0,1,1,1.0,0.0,0.0,0.0,1997.0,2.0,7,0,13.0,0.0,2.0,2.0
3604,9,9,915,1,1,6,7.0,3.0,257.0,350,3.0,2.0,0.0,0.0,1.0,2.0,1.0,1,4,4.0,0.0,0.0,0.0,1954.0,1.0,7,0,0.0,2.0,1.0,9.0
3605,9,9,915,1,1,6,7.0,3.0,257.0,350,3.0,2.0,0.0,0.0,1.0,2.0,1.0,1,4,4.0,0.0,0.0,0.0,1954.0,0.0,1,0,0.0,0.0,7.0,1.0
3606,9,9,915,1,1,6,7.0,3.0,257.0,350,3.0,2.0,0.0,0.0,1.0,2.0,1.0,1,1,0.0,0.0,0.0,0.0,1946.0,1.0,7,0,0.0,2.0,1.0,9.0
3607,9,9,915,1,1,6,7.0,3.0,257.0,350,3.0,2.0,0.0,0.0,1.0,2.0,1.0,1,1,0.0,0.0,0.0,0.0,1946.0,0.0,1,0,0.0,0.0,7.0,1.0
3608,1,24,2015,3,1,1,1.0,1.0,236.0,350,3.0,2.0,0.0,0.0,1.0,1.0,2.0,1,1,4.0,0.0,0.0,0.0,1997.0,1.0,7,0,0.0,2.0,1.0,13.0
3609,1,24,2015,3,1,1,1.0,1.0,236.0,350,3.0,2.0,0.0,0.0,1.0,1.0,2.0,1,1,4.0,0.0,0.0,0.0,1997.0,2.0,7,0,0.0,0.0,1.0,1.0
3610,1,24,2015,3,1,1,1.0,1.0,236.0,350,3.0,2.0,0.0,0.0,1.0,1.0,2.0,1,1,4.0,0.0,0.0,0.0,1944.0,1.0,7,0,0.0,2.0,1.0,13.0
3611,1,24,2015,3,1,1,1.0,1.0,236.0,350,3.0,2.0,0.0,0.0,1.0,1.0,2.0,1,1,4.0,0.0,0.0,0.0,1944.0,2.0,7,0,0.0,0.0,1.0,1.0
3612,1,23,2230,5,2,1,2.0,6.0,236.0,350,4.0,1.0,1.0,0.0,2.0,2.0,2.0,1,1,4.0,0.0,0.0,0.0,1997.0,0.0,7,0,6.0,0.0,7.0,15.0
3613,1,23,2230,5,2,1,2.0,6.0,236.0,350,4.0,1.0,1.0,0.0,2.0,2.0,2.0,4,1,0.0,0.0,0.0,0.0,1998.0,0.0,7,0,6.0,0.0,7.0,15.0
3614,1,23,2230,5,2,1,2.0,6.0,236.0,350,4.0,1.0,1.0,0.0,2.0,2.0,2.0,4,4,0.0,0.0,0.0,0.0,1998.0,0.0,7,0,6.0,0.0,7.0,15.0
3615,2,8,1600,1,2,6,1.0,3.0,236.0,350,3.0,2.0,2.0,2.0,,,,1,1,4.0,0.0,0.0,0.0,1963.0,2.0,31,0,0.0,2.0,7.0,1.0
3616,2,8,1600,1,2,6,1.0,3.0,236.0,350,3.0,2.0,2.0,2.0,,,,1,1,4.0,0.0,0.0,0.0,1963.0,1.0,7,0,0.0,2.0,3.0,9.0
3617,2,8,1600,1,2,6,1.0,3.0,236.0,350,3.0,2.0,2.0,2.0,,,,1,4,4.0,0.0,0.0,0.0,1948.0,2.0,31,0,0.0,2.0,7.0,1.0
3618,2,8,1600,1,2,6,1.0,3.0,236.0,350,3.0,2.0,2.0,2.0,,,,1,4,4.0,0.0,0.0,0.0,1948.0,1.0,7,0,0.0,2.0,3.0,9.0
3619,4,12,1015,1,2,3,7.0,3.0,13.0,350,3.0,2.0,2.0,0.0,1.0,1.0,1.0,1,1,2.0,0.0,0.0,0.0,1981.0,1.0,7,0,0.0,2.0,3.0,9.0
3620,4,12,1015,1,2,3,7.0,3.0,13.0,350,3.0,2.0,2.0,0.0,1.0,1.0,1.0,1,1,2.0,0.0,0.0,0.0,1981.0,0.0,1,0,0.0,2.0,7.0,1.0
3621,4,12,1015,1,2,3,7.0,3.0,13.0,350,3.0,2.0,2.0,0.0,1.0,1.0,1.0,1,4,3.0,0.0,0.0,0.0,1931.0,1.0,7,0,0.0,2.0,3.0,9.0
3622,4,12,1015,1,2,3,7.0,3.0,13.0,350,3.0,2.0,2.0,0.0,1.0,1.0,1.0,1,4,3.0,0.0,0.0,0.0,1931.0,0.0,1,0,0.0,2.0,7.0,1.0
3623,6,27,1600,1,2,2,1.0,3.0,236.0,350,4.0,2.0,0.0,0.0,1.0,1.0,1.0,1,4,1.0,0.0,0.0,0.0,1983.0,0.0,7,0,0.0,2.0,3.0,1.0
3624,6,27,1600,1,2,2,1.0,3.0,236.0,350,4.0,2.0,0.0,0.0,1.0,1.0,1.0,1,4,1.0,0.0,0.0,0.0,1983.0,0.0,30,0,0.0,2.0,2.0,15.0
3625,6,27,1600,1,2,2,1.0,3.0,236.0,350,4.0,2.0,0.0,0.0,1.0,1.0,1.0,1,4,4.0,0.0,0.0,0.0,2000.0,0.0,7,0,0.0,2.0,3.0,1.0
3626,6,27,1600,1,2,2,1.0,3.0,236.0,350,4.0,2.0,0.0,0.0,1.0,1.0,1.0,1,4,4.0,0.0,0.0,0.0,2000.0,0.0,30,0,0.0,2.0,2.0,15.0
3627,6,27,1600,1,2,2,1.0,3.0,236.0,350,4.0,2.0,0.0,0.0,1.0,1.0,1.0,4,1,0.0,0.0,0.0,0.0,2000.0,0.0,7,0,0.0,2.0,3.0,1.0
3628,6,27,1600,1,2,2,1.0,3.0,236.0,350,4.0,2.0,0.0,0.0,1.0,1.0,1.0,4,1,0.0,0.0,0.0,0.0,2000.0,0.0,30,0,0.0,2.0,2.0,15.0
3629,8,13,1515,1,1,2,1.0,3.0,13.0,350,3.0,2.0,2.0,0.0,1.0,1.0,1.0,1,1,9.0,0.0,0.0,0.0,1952.0,0.0,7,0,0.0,0.0,1.0,1.0
3630,8,13,1515,1,1,2,1.0,3.0,13.0,350,3.0,2.0,2.0,0.0,1.0,1.0,1.0,1,1,9.0,0.0,0.0,0.0,1952.0,0.0,7,0,2.0,0.0,2.0,19.0
3631,8,13,1515,1,1,2,1.0,3.0,13.0,350,3.0,2.0,2.0,0.0,1.0,1.0,1.0,4,4,0.0,0.0,0.0,0.0,1956.0,0.0,7,0,0.0,0.0,1.0,1.0
3632,8,13,1515,1,1,2,1.0,3.0,13.0,350,3.0,2.0,2.0,0.0,1.0,1.0,1.0,4,4,0.0,0.0,0.0,0.0,1956.0,0.0,7,0,2.0,0.0,2.0,19.0
3633,8,13,1515,1,1,2,1.0,3.0,13.0,350,3.0,2.0,2.0,0.0,1.0,1.0,1.0,1,1,0.0,0.0,0.0,0.0,1983.0,0.0,7,0,0.0,0.0,1.0,1.0
3634,8,13,1515,1,1,2,1.0,3.0,13.0,350,3.0,2.0,2.0,0.0,1.0,1.0,1.0,1,1,0.0,0.0,0.0,0.0,1983.0,0.0,7,0,2.0,0.0,2.0,19.0
3635,8,13,1515,1,1,2,1.0,3.0,13.0,350,3.0,2.0,2.0,0.0,1.0,1.0,1.0,4,4,0.0,0.0,0.0,0.0,1957.0,0.0,7,0,0.0,0.0,1.0,1.0
3636,8,13,1515,1,1,2,1.0,3.0,13.0,350,3.0,2.0,2.0,0.0,1.0,1.0,1.0,4,4,0.0,0.0,0.0,0.0,1957.0,0.0,7,0,2.0,0.0,2.0,19.0
3637,8,13,1515,1,1,2,1.0,3.0,13.0,350,3.0,2.0,2.0,0.0,1.0,1.0,1.0,4,4,0.0,0.0,0.0,0.0,2006.0,0.0,7,0,0.0,0.0,1.0,1.0
3638,8,13,1515,1,1,2,1.0,3.0,13.0,350,3.0,2.0,2.0,0.0,1.0,1.0,1.0,4,4,0.0,0.0,0.0,0.0,2006.0,0.0,7,0,2.0,0.0,2.0,19.0
3639,8,13,1515,1,1,2,1.0,3.0,13.0,350,3.0,2.0,2.0,0.0,1.0,1.0,1.0,4,4,0.0,0.0,0.0,0.0,1931.0,0.0,7,0,0.0,0.0,1.0,1.0
3640,8,13,1515,1,1,2,1.0,3.0,13.0,350,3.0,2.0,2.0,0.0,1.0,1.0,1.0,4,4,0.0,0.0,0.0,0.0,1931.0,0.0,7,0,2.0,0.0,2.0,19.0
3641,9,8,1145,1,1,1,1.0,1.0,13.0,350,3.0,2.0,2.0,0.0,1.0,1.0,1.0,1,1,0.0,0.0,0.0,0.0,1988.0,2.0,7,0,0.0,2.0,2.0,17.0