,month,day,time,light,location,intersection,atmosphere,collision,municipality,department,road,traffic,nblanes,reslane,laneprofile,plan,surface,user,sex,route,pedlocation,pedaction,pedcondition,birth,dirtraffic,catvehicle,nboccupants,obstacle,movobstacle,impact,maneuver
3642,9,8,1145,1,1,1,1.0,1.0,13.0,350,3.0,2.0,2.0,0.0,1.0,1.0,1.0,1,1,0.0,0.0,0.0,0.0,1988.0,1.0,7,0,0.0,2.0,3.0,15.0
3643,9,8,1145,1,1,1,1.0,1.0,13.0,350,3.0,2.0,2.0,0.0,1.0,1.0,1.0,1,4,4.0,0.0,0.0,0.0,1984.0,2.0,7,0,0.0,2.0,2.0,17.0
3644,9,8,1145,1,1,1,1.0,1.0,13.0,350,3.0,2.0,2.0,0.0,1.0,1.0,1.0,1,4,4.0,0.0,0.0,0.0,1984.0,1.0,7,0,0.0,2.0,3.0,15.0
3645,10,27,1715,1,2,1,1.0,6.0,236.0,350,3.0,2.0,2.0,0.0,1.0,1.0,1.0,1,1,4.0,0.0,0.0,0.0,1995.0,1.0,7,0,0.0,1.0,8.0,15.0
3646,10,27,1715,1,2,1,1.0,6.0,236.0,350,3.0,2.0,2.0,0.0,1.0,1.0,1.0,3,1,4.0,3.0,3.0,1.0,1972.0,1.0,7,0,0.0,1.0,8.0,15.0
3647,11,11,2150,3,1,1,1.0,6.0,13.0,350,3.0,2.0,2.0,0.0,1.0,1.0,1.0,1,1,4.0,0.0,0.0,0.0,1986.0,0.0,7,0,0.0,1.0,1.0,1.0
3648,11,11,2150,3,1,1,1.0,6.0,13.0,350,3.0,2.0,2.0,0.0,1.0,1.0,1.0,3,1,0.0,1.0,4.0,1.0,1973.0,0.0,7,0,0.0,1.0,1.0,1.0
3649,12,8,2330,3,1,1,1.0,6.0,64.0,350,3.0,2.0,2.0,0.0,1.0,3.0,1.0,1,1,1.0,0.0,0.0,0.0,1987.0,1.0,7,0,2.0,0.0,2.0,17.0
3650,12,26,2058,3,2,1,1.0,6.0,236.0,350,4.0,2.0,2.0,0.0,1.0,3.0,1.0,1,1,4.0,0.0,0.0,0.0,1993.0,0.0,7,0,2.0,0.0,1.0,0.0
3651,2,27,1115,1,1,2,1.0,3.0,231.0,350,3.0,2.0,0.0,0.0,1.0,2.0,1.0,1,1,4.0,0.0,0.0,0.0,1992.0,0.0,7,0,0.0,2.0,1.0,1.0
3652,2,27,1115,1,1,2,1.0,3.0,231.0,350,3.0,2.0,0.0,0.0,1.0,2.0,1.0,1,1,4.0,0.0,0.0,0.0,1992.0,0.0,7,0,0.0,0.0,7.0,19.0
3653,2,27,1115,1,1,2,1.0,3.0,231.0,350,3.0,2.0,0.0,0.0,1.0,2.0,1.0,4,4,0.0,0.0,0.0,0.0,1951.0,0.0,7,0,0.0,2.0,1.0,1.0
3654,2,27,1115,1,1,2,1.0,3.0,231.0,350,3.0,2.0,0.0,0.0,1.0,2.0,1.0,4,4,0.0,0.0,0.0,0.0,1951.0,0.0,7,0,0.0,0.0,7.0,19.0
3655,2,27,1115,1,1,2,1.0,3.0,231.0,350,3.0,2.0,0.0,0.0,1.0,2.0,1.0,4,4,0.0,0.0,0.0,0.0,1990.0,0.0,7,0,0.0,2.0,1.0,1.0
3656,2,27,1115,1,1,2,1.0,3.0,231.0,350,3.0,2.0,0.0,0.0,1.0,2.0,1.0,4,4,0.0,0.0,0.0,0.0,1990.0,0.0,7,0,0.0,0.0,7.0,19.0
3657,2,27,1115,1,1,2,1.0,3.0,231.0,350,3.0,2.0,0.0,0.0,1.0,2.0,1.0,1,4,4.0,0.0,0.0,0.0,1981.0,0.0,7,0,0.0,2.0,1.0,1.0
3658,2,27,1115,1,1,2,1.0,3.0,231.0,350,3.0,2.0,0.0,0.0,1.0,2.0,1.0,1,4,4.0,0.0,0.0,0.0,1981.0,0.0,7,0,0.0,0.0,7.0,19.0
3659,4,25,2030,2,2,2,1.0,3.0,321.0,350,3.0,2.0,2.0,0.0,1.0,3.0,1.0,1,1,9.0,0.0,0.0,0.0,1976.0,1.0,10,0,0.0,2.0,3.0,19.0
3660,4,25,2030,2,2,2,1.0,3.0,321.0,350,3.0,2.0,2.0,0.0,1.0,3.0,1.0,1,1,9.0,0.0,0.0,0.0,1976.0,2.0,7,0,0.0,2.0,2.0,1.0
3661,4,25,2030,2,2,2,1.0,3.0,321.0,350,3.0,2.0,2.0,0.0,1.0,3.0,1.0,1,1,0.0,0.0,0.0,0.0,1995.0,1.0,10,0,0.0,2.0,3.0,19.0
3662,4,25,2030,2,2,2,1.0,3.0,321.0,350,3.0,2.0,2.0,0.0,1.0,3.0,1.0,1,1,0.0,0.0,0.0,0.0,1995.0,2.0,7,0,0.0,2.0,2.0,1.0
3663,4,25,2030,2,2,2,1.0,3.0,321.0,350,3.0,2.0,2.0,0.0,1.0,3.0,1.0,4,4,0.0,0.0,0.0,0.0,1996.0,1.0,10,0,0.0,2.0,3.0,19.0
3664,4,25,2030,2,2,2,1.0,3.0,321.0,350,3.0,2.0,2.0,0.0,1.0,3.0,1.0,4,4,0.0,0.0,0.0,0.0,1996.0,2.0,7,0,0.0,2.0,2.0,1.0
3665,5,4,1330,1,1,1,1.0,7.0,221.0,350,3.0,2.0,2.0,0.0,2.0,2.0,9.0,1,4,4.0,0.0,0.0,0.0,1949.0,1.0,7,0,3.0,0.0,0.0,1.0
3666,5,11,45,3,1,1,1.0,6.0,106.0,350,3.0,2.0,2.0,0.0,0.0,3.0,1.0,1,1,4.0,0.0,0.0,0.0,1982.0,1.0,7,0,2.0,0.0,9.0,1.0
3667,6,8,115,3,1,1,1.0,7.0,33.0,350,3.0,2.0,2.0,0.0,3.0,3.0,1.0,1,1,4.0,0.0,0.0,0.0,1983.0,2.0,7,0,13.0,0.0,1.0,13.0
3668,6,16,1915,1,1,1,1.0,1.0,12.0,350,3.0,2.0,0.0,0.0,3.0,1.0,1.0,1,4,9.0,0.0,0.0,0.0,1968.0,0.0,7,0,13.0,0.0,0.0,17.0
3669,6,16,1915,1,1,1,1.0,1.0,12.0,350,3.0,2.0,0.0,0.0,3.0,1.0,1.0,1,4,9.0,0.0,0.0,0.0,1968.0,0.0,10,0,0.0,0.0,0.0,1.0
3670,6,16,1915,1,1,1,1.0,1.0,12.0,350,3.0,2.0,0.0,0.0,3.0,1.0,1.0,1,1,1.0,0.0,0.0,0.0,1984.0,0.0,7,0,13.0,0.0,0.0,17.0
3671,6,16,1915,1,1,1,1.0,1.0,12.0,350,3.0,2.0,0.0,0.0,3.0,1.0,1.0,1,1,1.0,0.0,0.0,0.0,1984.0,0.0,10,0,0.0,0.0,0.0,1.0
3672,7,26,1730,1,1,1,1.0,6.0,145.0,350,3.0,3.0,2.0,0.0,2.0,2.0,1.0,1,1,4.0,0.0,0.0,0.0,1992.0,2.0,7,0,2.0,0.0,9.0,14.0
3673,2,3,630,3,1,1,1.0,7.0,149.0,350,3.0,2.0,2.0,0.0,1.0,2.0,1.0,1,4,1.0,0.0,0.0,0.0,1984.0,2.0,7,0,0.0,0.0,1.0,1.0
3674,2,10,1630,1,1,1,1.0,2.0,126.0,350,3.0,2.0,0.0,0.0,2.0,1.0,1.0,1,4,2.0,0.0,0.0,0.0,1989.0,1.0,7,0,0.0,9.0,2.0,1.0
3675,2,10,1630,1,1,1,1.0,2.0,126.0,350,3.0,2.0,0.0,0.0,2.0,1.0,1.0,1,4,2.0,0.0,0.0,0.0,1989.0,1.0,1,0,0.0,0.0,4.0,1.0
3676,2,10,1630,1,1,1,1.0,2.0,126.0,350,3.0,2.0,0.0,0.0,2.0,1.0,1.0,1,1,4.0,0.0,0.0,0.0,1958.0,1.0,7,0,0.0,9.0,2.0,1.0
3677,2,10,1630,1,1,1,1.0,2.0,126.0,350,3.0,2.0,0.0,0.0,2.0,1.0,1.0,1,1,4.0,0.0,0.0,0.0,1958.0,1.0,1,0,0.0,0.0,4.0,1.0
3678,4,8,1730,1,1,1,1.0,4.0,126.0,350,3.0,2.0,2.0,0.0,1.0,1.0,1.0,1,4,4.0,0.0,0.0,0.0,1989.0,2.0,7,0,0.0,2.0,1.0,1.0
3679,4,8,1730,1,1,1,1.0,4.0,126.0,350,3.0,2.0,2.0,0.0,1.0,1.0,1.0,1,4,4.0,0.0,0.0,0.0,1989.0,2.0,7,0,0.0,2.0,4.0,1.0
3680,4,8,1730,1,1,1,1.0,4.0,126.0,350,3.0,2.0,2.0,0.0,1.0,1.0,1.0,1,4,4.0,0.0,0.0,0.0,1989.0,2.0,10,0,0.0,0.0,4.0,1.0
3681,4,8,1730,1,1,1,1.0,4.0,126.0,350,3.0,2.0,2.0,0.0,1.0,1.0,1.0,1,4,4.0,0.0,0.0,0.0,1985.0,2.0,7,0,0.0,2.0,1.0,1.0
3682,4,8,1730,1,1,1,1.0,4.0,126.0,350,3.0,2.0,2.0,0.0,1.0,1.0,1.0,1,4,4.0,0.0,0.0,0.0,1985.0,2.0,7,0,0.0,2.0,4.0,1.0
3683,4,8,1730,1,1,1,1.0,4.0,126.0,350,3.0,2.0,2.0,0.0,1.0,1.0,1.0,1,4,4.0,0.0,0.0,0.0,1985.0,2.0,10,0,0.0,0.0,4.0,1.0
3684,4,8,1730,1,1,1,1.0,4.0,126.0,350,3.0,2.0,2.0,0.0,1.0,1.0,1.0,4,4,0.0,0.0,0.0,0.0,2014.0,2.0,7,0,0.0,2.0,1.0,1.0
3685,4,8,1730,1,1,1,1.0,4.0,126.0,350,3.0,2.0,2.0,0.0,1.0,1.0,1.0,4,4,0.0,0.0,0.0,0.0,2014.0,2.0,7,0,0.0,2.0,4.0,1.0
3686,4,8,1730,1,1,1,1.0,4.0,126.0,350,3.0,2.0,2.0,0.0,1.0,1.0,1.0,4,4,0.0,0.0,0.0,0.0,2014.0,2.0,10,0,0.0,0.0,4.0,1.0
3687,4,8,1730,1,1,1,1.0,4.0,126.0,350,3.0,2.0,2.0,0.0,1.0,1.0,1.0,4,4,0.0,0.0,0.0,0.0,2009.0,2.0,7,0,0.0,2.0,1.0,1.0
3688,4,8,1730,1,1,1,1.0,4.0,126.0,350,3.0,2.0,2.0,0.0,1.0,1.0,1.0,4,4,0.0,0.0,0.0,0.0,2009.0,2.0,7,0,0.0,2.0,4.0,1.0
3689,4,8,1730,1,1,1,1.0,4.0,126.0,350,3.0,2.0,2.0,0.0,1.0,1.0,1.0,4,4,0.0,0.0,0.0,0.0,2009.0,2.0,10,0,0.0,0.0,4.0,1.0
3690,4,8,1730,1,1,1,1.0,4.0,126.0,350,3.0,2.0,2.0,0.0,1.0,1.0,1.0,4,1,0.0,0.0,0.0,0.0,2012.0,2.0,7,0,0.0,2.0,1.0,1.0
3691,4,8,1730,1,1,1,1.0,4.0,126.0,350,3.0,2.0,2.0,0.0,1.0,1.0,1.0,4,1,0.0,0.0,0.0,0.0,2012.0,2.0,7,0,0.0,2.0,4.0,1.0
3692,4,8,1730,1,1,1,1.0,4.0,126.0,350,3.0,2.0,2.0,0.0,1.0,1.0,1.0,4,1,0.0,0.0,0.0,0.0,2012.0,2.0,10,0,0.0,0.0,4.0,1.0
3693,4,8,1730,1,1,1,1.0,4.0,126.0,350,3.0,2.0,2.0,0.0,1.0,1.0,1.0,1,4,4.0,0.0,0.0,0.0,1963.0,2.0,7,0,0.0,2.0,1.0,1.0
3694,4,8,1730,1,1,1,1.0,4.0,126.0,350,3.0,2.0,2.0,0.0,1.0,1.0,1.0,1,4,4.0,0.0,0.0,0.0,1963.0,2.0,7,0,0.0,2.0,4.0,1.0
3695,4,8,1730,1,1,1,1.0,4.0,126.0,350,3.0,2.0,2.0,0.0,1.0,1.0,1.0,1,4,4.0,0.0,0.0,0.0,1963.0,2.0,10,0,0.0,0.0,4.0,1.0
3696,4,8,1730,1,1,1,1.0,4.0,126.0,350,3.0,2.0,2.0,0.0,1.0,1.0,1.0,4,4,0.0,0.0,0.0,0.0,2013.0,2.0,7,0,0.0,2.0,1.0,1.0
3697,4,8,1730,1,1,1,1.0,4.0,126.0,350,3.0,2.0,2.0,0.0,1.0,1.0,1.0,4,4,0.0,0.0,0.0,0.0,2013.0,2.0,7,0,0.0,2.0,4.0,1.0
3698,4,8,1730,1,1,1,1.0,4.0,126.0,350,3.0,2.0,2.0,0.0,1.0,1.0,1.0,4,4,0.0,0.0,0.0,0.0,2013.0,2.0,10,0,0.0,0.0,4.0,1.0
3699,4,16,2200,3,1,1,1.0,5.0,123.0,350,3.0,2.0,2.0,0.0,0.0,3.0,1.0,1,1,4.0,0.0,0.0,0.0,1979.0,2.0,7,0,0.0,2.0,3.0,17.0
3700,4,16,2200,3,1,1,1.0,5.0,123.0,350,3.0,2.0,2.0,0.0,0.0,3.0,1.0,1,1,4.0,0.0,0.0,0.0,1979.0,2.0,7,0,0.0,2.0,3.0,1.0
3701,4,16,2200,3,1,1,1.0,5.0,123.0,350,3.0,2.0,2.0,0.0,0.0,3.0,1.0,1,1,4.0,0.0,0.0,0.0,1979.0,1.0,7,0,0.0,2.0,1.0,1.0
3702,4,16,2200,3,1,1,1.0,5.0,123.0,350,3.0,2.0,2.0,0.0,0.0,3.0,1.0,4,1,0.0,0.0,0.0,0.0,1979.0,2.0,7,0,0.0,2.0,3.0,17.0
3703,4,16,2200,3,1,1,1.0,5.0,123.0,350,3.0,2.0,2.0,0.0,0.0,3.0,1.0,4,1,0.0,0.0,0.0,0.0,1979.0,2.0,7,0,0.0,2.0,3.0,1.0
3704,4,16,2200,3,1,1,1.0,5.0,123.0,350,3.0,2.0,2.0,0.0,0.0,3.0,1.0,4,1,0.0,0.0,0.0,0.0,1979.0,1.0,7,0,0.0,2.0,1.0,1.0
3705,4,16,2200,3,1,1,1.0,5.0,123.0,350,3.0,2.0,2.0,0.0,0.0,3.0,1.0,1,4,4.0,0.0,0.0,0.0,1944.0,2.0,7,0,0.0,2.0,3.0,17.0
3706,4,16,2200,3,1,1,1.0,5.0,123.0,350,3.0,2.0,2.0,0.0,0.0,3.0,1.0,1,4,4.0,0.0,0.0,0.0,1944.0,2.0,7,0,0.0,2.0,3.0,1.0
3707,4,16,2200,3,1,1,1.0,5.0,123.0,350,3.0,2.0,2.0,0.0,0.0,3.0,1.0,1,4,4.0,0.0,0.0,0.0,1944.0,1.0,7,0,0.0,2.0,1.0,1.0
3708,4,16,2200,3,1,1,1.0,5.0,123.0,350,3.0,2.0,2.0,0.0,0.0,3.0,1.0,4,1,0.0,0.0,0.0,0.0,1944.0,2.0,7,0,0.0,2.0,3.0,17.0
3709,4,16,2200,3,1,1,1.0,5.0,123.0,350,3.0,2.0,2.0,0.0,0.0,3.0,1.0,4,1,0.0,0.0,0.0,0.0,1944.0,2.0,7,0,0.0,2.0,3.0,1.0
3710,4,16,2200,3,1,1,1.0,5.0,123.0,350,3.0,2.0,2.0,0.0,0.0,3.0,1.0,4,1,0.0,0.0,0.0,0.0,1944.0,1.0,7,0,0.0,2.0,1.0,1.0
3711,4,16,2200,3,1,1,1.0,5.0,123.0,350,3.0,2.0,2.0,0.0,0.0,3.0,1.0,1,4,4.0,0.0,0.0,0.0,1995.0,2.0,7,0,0.0,2.0,3.0,17.0
3712,4,16,2200,3,1,1,1.0,5.0,123.0,350,3.0,2.0,2.0,0.0,0.0,3.0,1.0,1,4,4.0,0.0,0.0,0.0,1995.0,2.0,7,0,0.0,2.0,3.0,1.0
3713,4,16,2200,3,1,1,1.0,5.0,123.0,350,3.0,2.0,2.0,0.0,0.0,3.0,1.0,1,4,4.0,0.0,0.0,0.0,1995.0,1.0,7,0,0.0,2.0,1.0,1.0
3714,4,16,2200,3,1,1,1.0,5.0,123.0,350,3.0,2.0,2.0,0.0,0.0,3.0,1.0,4,1,0.0,0.0,0.0,0.0,1993.0,2.0,7,0,0.0,2.0,3.0,17.0
3715,4,16,2200,3,1,1,1.0,5.0,123.0,350,3.0,2.0,2.0,0.0,0.0,3.0,1.0,4,1,0.0,0.0,0.0,0.0,1993.0,2.0,7,0,0.0,2.0,3.0,1.0
3716,4,16,2200,3,1,1,1.0,5.0,123.0,350,3.0,2.0,2.0,0.0,0.0,3.0,1.0,4,1,0.0,0.0,0.0,0.0,1993.0,1.0,7,0,0.0,2.0,1.0,1.0
3717,4,16,2200,3,1,1,1.0,5.0,123.0,350,3.0,2.0,2.0,0.0,0.0,3.0,1.0,4,1,0.0,0.0,0.0,0.0,1996.0,2.0,7,0,0.0,2.0,3.0,17.0
3718,4,16,2200,3,1,1,1.0,5.0,123.0,350,3.0,2.0,2.0,0.0,0.0,3.0,1.0,4,1,0.0,0.0,0.0,0.0,1996.0,2.0,7,0,0.0,2.0,3.0,1.0
3719,4,16,2200,3,1,1,1.0,5.0,123.0,350,3.0,2.0,2.0,0.0,0.0,3.0,1.0,4,1,0.0,0.0,0.0,0.0,1996.0,1.0,7,0,0.0,2.0,1.0,1.0
3720,4,16,2200,3,1,1,1.0,5.0,123.0,350,3.0,2.0,2.0,0.0,0.0,3.0,1.0,4,4,0.0,0.0,0.0,0.0,2008.0,2.0,7,0,0.0,2.0,3.0,17.0
3721,4,16,2200,3,1,1,1.0,5.0,123.0,350,3.0,2.0,2.0,0.0,0.0,3.0,1.0,4,4,0.0,0.0,0.0,0.0,2008.0,2.0,7,0,0.0,2.0,3.0,1.0
3722,4,16,2200,3,1,1,1.0,5.0,123.0,350,3.0,2.0,2.0,0.0,0.0,3.0,1.0,4,4,0.0,0.0,0.0,0.0,2008.0,1.0,7,0,0.0,2.0,1.0,1.0
3723,7,7,1615,1,1,3,1.0,3.0,139.0,350,4.0,2.0,1.0,0.0,1.0,2.0,1.0,1,1,4.0,0.0,0.0,0.0,1973.0,0.0,1,0,0.0,2.0,1.0,15.0
3724,7,7,1615,1,1,3,1.0,3.0,139.0,350,4.0,2.0,1.0,0.0,1.0,2.0,1.0,1,1,4.0,0.0,0.0,0.0,1973.0,0.0,14,0,0.0,2.0,7.0,1.0
3725,7,7,1615,1,1,3,1.0,3.0,139.0,350,4.0,2.0,1.0,0.0,1.0,2.0,1.0,1,1,2.0,0.0,0.0,0.0,1960.0,0.0,1,0,0.0,2.0,1.0,15.0
3726,7,7,1615,1,1,3,1.0,3.0,139.0,350,4.0,2.0,1.0,0.0,1.0,2.0,1.0,1,1,2.0,0.0,0.0,0.0,1960.0,0.0,14,0,0.0,2.0,7.0,1.0
3727,11,27,235,5,1,1,1.0,6.0,123.0,350,3.0,2.0,2.0,0.0,1.0,1.0,1.0,1,4,4.0,0.0,0.0,0.0,1998.0,1.0,2,0,0.0,0.0,0.0,1.0
3728,12,24,1345,1,1,6,1.0,7.0,126.0,350,3.0,1.0,1.0,0.0,1.0,2.0,1.0,1,1,4.0,0.0,0.0,0.0,1974.0,1.0,33,0,0.0,0.0,0.0,9.0
3729,8,6,1645,1,2,1,1.0,6.0,129.0,350,4.0,2.0,2.0,0.0,1.0,1.0,1.0,1,1,4.0,0.0,0.0,0.0,1974.0,0.0,7,0,16.0,0.0,2.0,17.0
3730,8,6,1645,1,2,1,1.0,6.0,129.0,350,4.0,2.0,2.0,0.0,1.0,1.0,1.0,4,1,0.0,0.0,0.0,0.0,1985.0,0.0,7,0,16.0,0.0,2.0,17.0
3731,8,6,1645,1,2,1,1.0,6.0,129.0,350,4.0,2.0,2.0,0.0,1.0,1.0,1.0,4,1,0.0,0.0,0.0,0.0,2008.0,0.0,7,0,16.0,0.0,2.0,17.0
3732,8,6,1645,1,2,1,1.0,6.0,129.0,350,4.0,2.0,2.0,0.0,1.0,1.0,1.0,4,1,0.0,0.0,0.0,0.0,2009.0,0.0,7,0,16.0,0.0,2.0,17.0
3733,2,1,145,3,1,1,1.0,1.0,285.0,350,3.0,2.0,2.0,0.0,2.0,1.0,2.0,1,1,4.0,0.0,0.0,0.0,1983.0,2.0,10,0,0.0,2.0,1.0,13.0
3734,2,1,145,3,1,1,1.0,1.0,285.0,350,3.0,2.0,2.0,0.0,2.0,1.0,2.0,1,1,4.0,0.0,0.0,0.0,1983.0,1.0,7,0,0.0,2.0,1.0,1.0
3735,2,1,145,3,1,1,1.0,1.0,285.0,350,3.0,2.0,2.0,0.0,2.0,1.0,2.0,1,1,4.0,0.0,0.0,0.0,1973.0,2.0,10,0,0.0,2.0,1.0,13.0
3736,2,1,145,3,1,1,1.0,1.0,285.0,350,3.0,2.0,2.0,0.0,2.0,1.0,2.0,1,1,4.0,0.0,0.0,0.0,1973.0,1.0,7,0,0.0,2.0,1.0,1.0
3737,5,6,1530,1,1,9,1.0,3.0,289.0,350,4.0,2.0,2.0,0.0,1.0,3.0,1.0,1,4,4.0,0.0,0.0,0.0,2004.0,0.0,1,0,0.0,2.0,8.0,19.0
3738,5,6,1530,1,1,9,1.0,3.0,289.0,350,4.0,2.0,2.0,0.0,1.0,3.0,1.0,1,4,4.0,0.0,0.0,0.0,2004.0,0.0,7,0,0.0,2.0,1.0,1.0
3739,5,6,1530,1,1,9,1.0,3.0,289.0,350,4.0,2.0,2.0,0.0,1.0,3.0,1.0,1,4,3.0,0.0,0.0,0.0,1963.0,0.0,1,0,0.0,2.0,8.0,19.0
3740,5,6,1530,1,1,9,1.0,3.0,289.0,350,4.0,2.0,2.0,0.0,1.0,3.0,1.0,1,4,3.0,0.0,0.0,0.0,1963.0,0.0,7,0,0.0,2.0,1.0,1.0
3741,5,6,1530,1,1,9,1.0,3.0,289.0,350,4.0,2.0,2.0,0.0,1.0,3.0,1.0,4,4,0.0,0.0,0.0,0.0,1993.0,0.0,1,0,0.0,2.0,8.0,19.0
3742,5,6,1530,1,1,9,1.0,3.0,289.0,350,4.0,2.0,2.0,0.0,1.0,3.0,1.0,4,4,0.0,0.0,0.0,0.0,1993.0,0.0,7,0,0.0,2.0,1.0,1.0
3743,6,6,1445,1,2,1,1.0,3.0,175.0,350,4.0,2.0,2.0,0.0,1.0,1.0,1.0,1,1,4.0,0.0,0.0,0.0,2000.0,0.0,30,0,0.0,2.0,1.0,1.0
3744,6,6,1445,1,2,1,1.0,3.0,175.0,350,4.0,2.0,2.0,0.0,1.0,1.0,1.0,1,1,4.0,0.0,0.0,0.0,2000.0,0.0,30,0,0.0,2.0,8.0,10.0
3745,6,6,1445,1,2,1,1.0,3.0,175.0,350,4.0,2.0,2.0,0.0,1.0,1.0,1.0,1,1,4.0,0.0,0.0,0.0,1999.0,0.0,30,0,0.0,2.0,1.0,1.0
3746,6,6,1445,1,2,1,1.0,3.0,175.0,350,4.0,2.0,2.0,0.0,1.0,1.0,1.0,1,1,4.0,0.0,0.0,0.0,1999.0,0.0,30,0,0.0,2.0,8.0,10.0
3747,9,8,1945,1,1,1,1.0,1.0,168.0,350,3.0,2.0,2.0,0.0,1.0,3.0,1.0,1,1,4.0,0.0,0.0,0.0,1996.0,2.0,7,0,0.0,2.0,1.0,1.0
3748,9,8,1945,1,1,1,1.0,1.0,168.0,350,3.0,2.0,2.0,0.0,1.0,3.0,1.0,1,1,4.0,0.0,0.0,0.0,1996.0,1.0,14,0,0.0,2.0,1.0,1.0
3749,9,8,1945,1,1,1,1.0,1.0,168.0,350,3.0,2.0,2.0,0.0,1.0,3.0,1.0,1,1,4.0,0.0,0.0,0.0,1958.0,2.0,7,0,0.0,2.0,1.0,1.0
3750,9,8,1945,1,1,1,1.0,1.0,168.0,350,3.0,2.0,2.0,0.0,1.0,3.0,1.0,1,1,4.0,0.0,0.0,0.0,1958.0,1.0,14,0,0.0,2.0,1.0,1.0
3751,5,5,1900,1,1,1,1.0,1.0,314.0,350,3.0,2.0,1.0,0.0,0.0,3.0,1.0,1,4,4.0,0.0,0.0,0.0,1984.0,2.0,7,0,0.0,2.0,2.0,1.0
3752,5,5,1900,1,1,1,1.0,1.0,314.0,350,3.0,2.0,1.0,0.0,0.0,3.0,1.0,1,4,4.0,0.0,0.0,0.0,1984.0,1.0,7,0,0.0,2.0,1.0,1.0
3753,5,5,1900,1,1,1,1.0,1.0,314.0,350,3.0,2.0,1.0,0.0,0.0,3.0,1.0,1,4,4.0,0.0,0.0,0.0,1948.0,2.0,7,0,0.0,2.0,2.0,1.0
3754,5,5,1900,1,1,1,1.0,1.0,314.0,350,3.0,2.0,1.0,0.0,0.0,3.0,1.0,1,4,4.0,0.0,0.0,0.0,1948.0,1.0,7,0,0.0,2.0,1.0,1.0
3755,5,5,1900,1,1,1,1.0,1.0,314.0,350,3.0,2.0,1.0,0.0,0.0,3.0,1.0,4,4,0.0,0.0,0.0,0.0,1938.0,2.0,7,0,0.0,2.0,2.0,1.0
3756,5,5,1900,1,1,1,1.0,1.0,314.0,350,3.0,2.0,1.0,0.0,0.0,3.0,1.0,4,4,0.0,0.0,0.0,0.0,1938.0,1.0,7,0,0.0,2.0,1.0,1.0
3757,6,18,1900,1,1,1,1.0,3.0,299.0,350,3.0,2.0,2.0,0.0,2.0,1.0,1.0,1,1,4.0,0.0,0.0,0.0,1955.0,1.0,7,0,0.0,2.0,7.0,17.0
3758,6,18,1900,1,1,1,1.0,3.0,299.0,350,3.0,2.0,2.0,0.0,2.0,1.0,1.0,1,1,4.0,0.0,0.0,0.0,1955.0,1.0,2,0,0.0,0.0,8.0,13.0
3759,6,18,1900,1,1,1,1.0,3.0,299.0,350,3.0,2.0,2.0,0.0,2.0,1.0,1.0,1,4,4.0,0.0,0.0,0.0,1990.0,1.0,7,0,0.0,2.0,7.0,17.0
3760,6,18,1900,1,1,1,1.0,3.0,299.0,350,3.0,2.0,2.0,0.0,2.0,1.0,1.0,1,4,4.0,0.0,0.0,0.0,1990.0,1.0,2,0,0.0,0.0,8.0,13.0
3761,8,3,2000,1,1,1,1.0,6.0,179.0,350,3.0,3.0,0.0,0.0,0.0,1.0,1.0,1,1,1.0,0.0,0.0,0.0,1978.0,1.0,34,0,3.0,0.0,8.0,9.0
3762,8,21,1600,1,1,1,1.0,3.0,49.0,350,3.0,2.0,2.0,0.0,0.0,0.0,1.0,1,1,0.0,0.0,0.0,0.0,1947.0,2.0,7,0,0.0,2.0,7.0,1.0
3763,8,21,1600,1,1,1,1.0,3.0,49.0,350,3.0,2.0,2.0,0.0,0.0,0.0,1.0,1,1,0.0,0.0,0.0,0.0,1947.0,1.0,7,0,0.0,2.0,7.0,13.0
3764,8,21,1600,1,1,1,1.0,3.0,49.0,350,3.0,2.0,2.0,0.0,0.0,0.0,1.0,1,1,4.0,0.0,0.0,0.0,1972.0,2.0,7,0,0.0,2.0,7.0,1.0
3765,8,21,1600,1,1,1,1.0,3.0,49.0,350,3.0,2.0,2.0,0.0,0.0,0.0,1.0,1,1,4.0,0.0,0.0,0.0,1972.0,1.0,7,0,0.0,2.0,7.0,13.0
3766,3,20,1545,1,1,1,1.0,7.0,228.0,350,4.0,2.0,1.0,0.0,1.0,1.0,1.0,1,4,4.0,0.0,0.0,0.0,1986.0,0.0,36,0,16.0,0.0,0.0,1.0
3767,3,20,1545,1,1,1,1.0,7.0,228.0,350,4.0,2.0,1.0,0.0,1.0,1.0,1.0,4,1,0.0,0.0,0.0,0.0,1986.0,0.0,36,0,16.0,0.0,0.0,1.0
3768,3,29,2045,3,2,6,1.0,3.0,228.0,350,3.0,0.0,0.0,0.0,0.0,3.0,1.0,1,1,4.0,0.0,0.0,0.0,1993.0,2.0,7,0,0.0,2.0,3.0,9.0
3769,3,29,2045,3,2,6,1.0,3.0,228.0,350,3.0,0.0,0.0,0.0,0.0,3.0,1.0,1,1,4.0,0.0,0.0,0.0,1993.0,1.0,30,0,0.0,2.0,7.0,2.0
3770,3,29,2045,3,2,6,1.0,3.0,228.0,350,3.0,0.0,0.0,0.0,0.0,3.0,1.0,1,4,4.0,0.0,0.0,0.0,1998.0,2.0,7,0,0.0,2.0,3.0,9.0