,month,day,time,light,location,intersection,atmosphere,collision,municipality,department,road,traffic,nblanes,reslane,laneprofile,plan,surface,user,sex,route,pedlocation,pedaction,pedcondition,birth,dirtraffic,catvehicle,nboccupants,obstacle,movobstacle,impact,maneuver
3771,3,29,2045,3,2,6,1.0,3.0,228.0,350,3.0,0.0,0.0,0.0,0.0,3.0,1.0,1,4,4.0,0.0,0.0,0.0,1998.0,1.0,30,0,0.0,2.0,7.0,2.0
3772,4,21,1730,1,1,2,2.0,3.0,228.0,350,4.0,2.0,1.0,0.0,2.0,1.0,2.0,1,1,4.0,0.0,0.0,0.0,1957.0,0.0,7,0,0.0,2.0,3.0,1.0
3773,4,21,1730,1,1,2,2.0,3.0,228.0,350,4.0,2.0,1.0,0.0,2.0,1.0,2.0,1,1,4.0,0.0,0.0,0.0,1957.0,0.0,1,0,0.0,2.0,7.0,16.0
3774,4,21,1730,1,1,2,2.0,3.0,228.0,350,4.0,2.0,1.0,0.0,2.0,1.0,2.0,1,1,4.0,0.0,0.0,0.0,1981.0,0.0,7,0,0.0,2.0,3.0,1.0
3775,4,21,1730,1,1,2,2.0,3.0,228.0,350,4.0,2.0,1.0,0.0,2.0,1.0,2.0,1,1,4.0,0.0,0.0,0.0,1981.0,0.0,1,0,0.0,2.0,7.0,16.0
3776,5,24,1030,1,1,3,1.0,3.0,256.0,350,3.0,2.0,2.0,0.0,1.0,1.0,1.0,1,4,4.0,0.0,0.0,0.0,1970.0,2.0,7,0,0.0,2.0,2.0,1.0
3777,5,24,1030,1,1,3,1.0,3.0,256.0,350,3.0,2.0,2.0,0.0,1.0,1.0,1.0,1,4,4.0,0.0,0.0,0.0,1970.0,0.0,7,0,0.0,2.0,1.0,1.0
3778,5,24,1030,1,1,3,1.0,3.0,256.0,350,3.0,2.0,2.0,0.0,1.0,1.0,1.0,1,4,4.0,0.0,0.0,0.0,1956.0,2.0,7,0,0.0,2.0,2.0,1.0
3779,5,24,1030,1,1,3,1.0,3.0,256.0,350,3.0,2.0,2.0,0.0,1.0,1.0,1.0,1,4,4.0,0.0,0.0,0.0,1956.0,0.0,7,0,0.0,2.0,1.0,1.0
3780,8,6,545,2,1,1,1.0,1.0,228.0,350,3.0,2.0,2.0,0.0,1.0,1.0,1.0,1,4,1.0,0.0,0.0,0.0,1968.0,2.0,10,0,0.0,0.0,2.0,1.0
3781,8,6,545,2,1,1,1.0,1.0,228.0,350,3.0,2.0,2.0,0.0,1.0,1.0,1.0,1,4,1.0,0.0,0.0,0.0,1968.0,1.0,2,0,0.0,0.0,1.0,13.0
3782,8,6,545,2,1,1,1.0,1.0,228.0,350,3.0,2.0,2.0,0.0,1.0,1.0,1.0,1,1,4.0,0.0,0.0,0.0,1998.0,2.0,10,0,0.0,0.0,2.0,1.0
3783,8,6,545,2,1,1,1.0,1.0,228.0,350,3.0,2.0,2.0,0.0,1.0,1.0,1.0,1,1,4.0,0.0,0.0,0.0,1998.0,1.0,2,0,0.0,0.0,1.0,13.0
3784,9,14,1700,1,2,1,1.0,1.0,228.0,350,4.0,2.0,1.0,0.0,1.0,1.0,1.0,1,1,0.0,0.0,0.0,0.0,1973.0,0.0,7,0,0.0,2.0,1.0,1.0
3785,9,14,1700,1,2,1,1.0,1.0,228.0,350,4.0,2.0,1.0,0.0,1.0,1.0,1.0,1,1,0.0,0.0,0.0,0.0,1973.0,0.0,2,0,0.0,2.0,1.0,5.0
3786,9,14,1700,1,2,1,1.0,1.0,228.0,350,4.0,2.0,1.0,0.0,1.0,1.0,1.0,1,1,4.0,0.0,0.0,0.0,1996.0,0.0,7,0,0.0,2.0,1.0,1.0
3787,9,14,1700,1,2,1,1.0,1.0,228.0,350,4.0,2.0,1.0,0.0,1.0,1.0,1.0,1,1,4.0,0.0,0.0,0.0,1996.0,0.0,2,0,0.0,2.0,1.0,5.0
3788,9,22,1700,1,1,2,1.0,3.0,287.0,350,3.0,2.0,0.0,0.0,0.0,1.0,1.0,1,1,4.0,0.0,0.0,0.0,1992.0,1.0,33,0,0.0,2.0,1.0,1.0
3789,9,22,1700,1,1,2,1.0,3.0,287.0,350,3.0,2.0,0.0,0.0,0.0,1.0,1.0,1,1,4.0,0.0,0.0,0.0,1992.0,2.0,10,0,0.0,2.0,8.0,15.0
3790,9,22,1700,1,1,2,1.0,3.0,287.0,350,3.0,2.0,0.0,0.0,0.0,1.0,1.0,1,1,2.0,0.0,0.0,0.0,1987.0,1.0,33,0,0.0,2.0,1.0,1.0
3791,9,22,1700,1,1,2,1.0,3.0,287.0,350,3.0,2.0,0.0,0.0,0.0,1.0,1.0,1,1,2.0,0.0,0.0,0.0,1987.0,2.0,10,0,0.0,2.0,8.0,15.0
3792,11,19,1740,3,1,1,2.0,1.0,228.0,350,3.0,2.0,2.0,0.0,1.0,1.0,2.0,1,4,4.0,0.0,0.0,0.0,1952.0,2.0,7,0,0.0,2.0,3.0,1.0
3793,11,19,1740,3,1,1,2.0,1.0,228.0,350,3.0,2.0,2.0,0.0,1.0,1.0,2.0,1,4,4.0,0.0,0.0,0.0,1952.0,1.0,7,0,0.0,2.0,3.0,17.0
3794,11,19,1740,3,1,1,2.0,1.0,228.0,350,3.0,2.0,2.0,0.0,1.0,1.0,2.0,1,4,4.0,0.0,0.0,0.0,1988.0,2.0,7,0,0.0,2.0,3.0,1.0
3795,11,19,1740,3,1,1,2.0,1.0,228.0,350,3.0,2.0,2.0,0.0,1.0,1.0,2.0,1,4,4.0,0.0,0.0,0.0,1988.0,1.0,7,0,0.0,2.0,3.0,17.0
3796,11,30,1340,1,1,1,1.0,1.0,228.0,350,4.0,2.0,2.0,0.0,2.0,1.0,1.0,1,1,2.0,0.0,0.0,0.0,1975.0,0.0,10,0,0.0,2.0,1.0,13.0
3797,11,30,1340,1,1,1,1.0,1.0,228.0,350,4.0,2.0,2.0,0.0,2.0,1.0,1.0,1,1,2.0,0.0,0.0,0.0,1975.0,0.0,7,0,0.0,2.0,1.0,1.0
3798,11,30,1340,1,1,1,1.0,1.0,228.0,350,4.0,2.0,2.0,0.0,2.0,1.0,1.0,4,1,2.0,0.0,0.0,0.0,1999.0,0.0,10,0,0.0,2.0,1.0,13.0
3799,11,30,1340,1,1,1,1.0,1.0,228.0,350,4.0,2.0,2.0,0.0,2.0,1.0,1.0,4,1,2.0,0.0,0.0,0.0,1999.0,0.0,7,0,0.0,2.0,1.0,1.0
3800,11,30,1340,1,1,1,1.0,1.0,228.0,350,4.0,2.0,2.0,0.0,2.0,1.0,1.0,1,4,4.0,0.0,0.0,0.0,1949.0,0.0,10,0,0.0,2.0,1.0,13.0
3801,11,30,1340,1,1,1,1.0,1.0,228.0,350,4.0,2.0,2.0,0.0,2.0,1.0,1.0,1,4,4.0,0.0,0.0,0.0,1949.0,0.0,7,0,0.0,2.0,1.0,1.0
3802,1,22,815,2,2,1,3.0,6.0,360.0,350,3.0,2.0,2.0,1.0,1.0,1.0,2.0,1,1,1.0,0.0,0.0,0.0,1970.0,2.0,7,0,0.0,1.0,2.0,1.0
3803,1,22,815,2,2,1,3.0,6.0,360.0,350,3.0,2.0,2.0,1.0,1.0,1.0,2.0,3,1,1.0,2.0,3.0,1.0,1955.0,2.0,7,0,0.0,1.0,2.0,1.0
3804,5,13,1030,1,2,6,2.0,3.0,360.0,350,3.0,2.0,2.0,0.0,1.0,1.0,2.0,1,4,1.0,0.0,0.0,0.0,1960.0,0.0,7,0,0.0,2.0,6.0,1.0
3805,5,13,1030,1,2,6,2.0,3.0,360.0,350,3.0,2.0,2.0,0.0,1.0,1.0,2.0,1,4,1.0,0.0,0.0,0.0,1960.0,0.0,32,0,0.0,2.0,5.0,0.0
3806,5,13,1030,1,2,6,2.0,3.0,360.0,350,3.0,2.0,2.0,0.0,1.0,1.0,2.0,1,4,3.0,0.0,0.0,0.0,1964.0,0.0,7,0,0.0,2.0,6.0,1.0
3807,5,13,1030,1,2,6,2.0,3.0,360.0,350,3.0,2.0,2.0,0.0,1.0,1.0,2.0,1,4,3.0,0.0,0.0,0.0,1964.0,0.0,32,0,0.0,2.0,5.0,0.0
3808,5,19,1830,1,2,1,1.0,7.0,15.0,350,4.0,2.0,1.0,0.0,2.0,3.0,9.0,1,1,4.0,0.0,0.0,0.0,2002.0,0.0,2,0,0.0,0.0,7.0,1.0
3809,5,19,1830,1,2,1,1.0,7.0,15.0,350,4.0,2.0,1.0,0.0,2.0,3.0,9.0,4,1,0.0,0.0,0.0,0.0,2002.0,0.0,2,0,0.0,0.0,7.0,1.0
3810,6,26,745,1,1,6,1.0,7.0,360.0,350,3.0,1.0,0.0,0.0,2.0,3.0,1.0,1,1,9.0,0.0,0.0,0.0,1988.0,2.0,7,0,0.0,0.0,0.0,1.0
3811,7,16,2100,1,1,1,1.0,6.0,87.0,350,3.0,2.0,0.0,0.0,1.0,3.0,1.0,1,1,4.0,0.0,0.0,0.0,1993.0,2.0,7,0,8.0,0.0,2.0,1.0
3812,7,16,2100,1,1,1,1.0,6.0,87.0,350,3.0,2.0,0.0,0.0,1.0,3.0,1.0,4,1,0.0,0.0,0.0,0.0,1991.0,2.0,7,0,8.0,0.0,2.0,1.0
3813,7,25,1800,1,2,1,1.0,3.0,360.0,350,4.0,2.0,2.0,0.0,1.0,1.0,1.0,1,1,1.0,0.0,0.0,0.0,1985.0,0.0,7,0,0.0,2.0,2.0,15.0
3814,7,25,1800,1,2,1,1.0,3.0,360.0,350,4.0,2.0,2.0,0.0,1.0,1.0,1.0,1,1,1.0,0.0,0.0,0.0,1985.0,0.0,1,0,0.0,2.0,8.0,15.0
3815,7,25,1800,1,2,1,1.0,3.0,360.0,350,4.0,2.0,2.0,0.0,1.0,1.0,1.0,1,1,1.0,0.0,0.0,0.0,1965.0,0.0,7,0,0.0,2.0,2.0,15.0
3816,7,25,1800,1,2,1,1.0,3.0,360.0,350,4.0,2.0,2.0,0.0,1.0,1.0,1.0,1,1,1.0,0.0,0.0,0.0,1965.0,0.0,1,0,0.0,2.0,8.0,15.0
3817,9,21,745,2,1,1,8.0,1.0,360.0,350,3.0,2.0,2.0,0.0,0.0,1.0,1.0,1,1,1.0,0.0,0.0,0.0,1992.0,2.0,7,0,0.0,2.0,6.0,11.0
3818,9,21,745,2,1,1,8.0,1.0,360.0,350,3.0,2.0,2.0,0.0,0.0,1.0,1.0,1,1,1.0,0.0,0.0,0.0,1992.0,2.0,33,0,0.0,2.0,1.0,11.0
3819,9,21,745,2,1,1,8.0,1.0,360.0,350,3.0,2.0,2.0,0.0,0.0,1.0,1.0,1,1,1.0,0.0,0.0,0.0,1977.0,2.0,7,0,0.0,2.0,6.0,11.0
3820,9,21,745,2,1,1,8.0,1.0,360.0,350,3.0,2.0,2.0,0.0,0.0,1.0,1.0,1,1,1.0,0.0,0.0,0.0,1977.0,2.0,33,0,0.0,2.0,1.0,11.0
3821,1,30,430,3,1,1,8.0,6.0,207.0,350,2.0,3.0,4.0,0.0,1.0,1.0,1.0,1,1,4.0,0.0,0.0,0.0,1992.0,1.0,7,0,3.0,0.0,1.0,1.0
3822,2,4,745,1,1,1,1.0,5.0,204.0,350,3.0,2.0,2.0,0.0,1.0,1.0,1.0,1,4,1.0,0.0,0.0,0.0,1987.0,0.0,7,0,0.0,2.0,2.0,1.0
3823,2,4,745,1,1,1,1.0,5.0,204.0,350,3.0,2.0,2.0,0.0,1.0,1.0,1.0,1,4,1.0,0.0,0.0,0.0,1987.0,0.0,7,0,0.0,2.0,3.0,13.0
3824,2,4,745,1,1,1,1.0,5.0,204.0,350,3.0,2.0,2.0,0.0,1.0,1.0,1.0,1,4,1.0,0.0,0.0,0.0,1987.0,0.0,7,0,0.0,2.0,6.0,1.0
3825,2,4,745,1,1,1,1.0,5.0,204.0,350,3.0,2.0,2.0,0.0,1.0,1.0,1.0,1,1,1.0,0.0,0.0,0.0,1972.0,0.0,7,0,0.0,2.0,2.0,1.0
3826,2,4,745,1,1,1,1.0,5.0,204.0,350,3.0,2.0,2.0,0.0,1.0,1.0,1.0,1,1,1.0,0.0,0.0,0.0,1972.0,0.0,7,0,0.0,2.0,3.0,13.0
3827,2,4,745,1,1,1,1.0,5.0,204.0,350,3.0,2.0,2.0,0.0,1.0,1.0,1.0,1,1,1.0,0.0,0.0,0.0,1972.0,0.0,7,0,0.0,2.0,6.0,1.0
3828,2,4,745,1,1,1,1.0,5.0,204.0,350,3.0,2.0,2.0,0.0,1.0,1.0,1.0,1,1,1.0,0.0,0.0,0.0,1967.0,0.0,7,0,0.0,2.0,2.0,1.0
3829,2,4,745,1,1,1,1.0,5.0,204.0,350,3.0,2.0,2.0,0.0,1.0,1.0,1.0,1,1,1.0,0.0,0.0,0.0,1967.0,0.0,7,0,0.0,2.0,3.0,13.0
3830,2,4,745,1,1,1,1.0,5.0,204.0,350,3.0,2.0,2.0,0.0,1.0,1.0,1.0,1,1,1.0,0.0,0.0,0.0,1967.0,0.0,7,0,0.0,2.0,6.0,1.0
3831,4,22,2015,1,1,3,1.0,1.0,254.0,350,3.0,2.0,2.0,0.0,0.0,1.0,1.0,1,1,4.0,0.0,0.0,0.0,1995.0,0.0,7,0,0.0,2.0,3.0,1.0
3832,4,22,2015,1,1,3,1.0,1.0,254.0,350,3.0,2.0,2.0,0.0,0.0,1.0,1.0,1,1,4.0,0.0,0.0,0.0,1995.0,2.0,7,0,0.0,2.0,2.0,11.0
3833,4,22,2015,1,1,3,1.0,1.0,254.0,350,3.0,2.0,2.0,0.0,0.0,1.0,1.0,1,4,4.0,0.0,0.0,0.0,1955.0,0.0,7,0,0.0,2.0,3.0,1.0
3834,4,22,2015,1,1,3,1.0,1.0,254.0,350,3.0,2.0,2.0,0.0,0.0,1.0,1.0,1,4,4.0,0.0,0.0,0.0,1955.0,2.0,7,0,0.0,2.0,2.0,11.0
3835,5,5,945,1,1,1,1.0,2.0,207.0,350,2.0,0.0,2.0,0.0,0.0,1.0,0.0,1,1,4.0,0.0,0.0,0.0,1963.0,1.0,7,0,0.0,0.0,4.0,2.0
3836,5,5,945,1,1,1,1.0,2.0,207.0,350,2.0,0.0,2.0,0.0,0.0,1.0,0.0,1,1,4.0,0.0,0.0,0.0,1963.0,1.0,33,0,0.0,2.0,1.0,2.0
3837,5,5,945,1,1,1,1.0,2.0,207.0,350,2.0,0.0,2.0,0.0,0.0,1.0,0.0,1,1,4.0,0.0,0.0,0.0,1990.0,1.0,7,0,0.0,0.0,4.0,2.0
3838,5,5,945,1,1,1,1.0,2.0,207.0,350,2.0,0.0,2.0,0.0,0.0,1.0,0.0,1,1,4.0,0.0,0.0,0.0,1990.0,1.0,33,0,0.0,2.0,1.0,2.0
3839,5,20,1715,1,1,1,1.0,1.0,99.0,350,3.0,2.0,2.0,0.0,2.0,3.0,0.0,1,4,1.0,0.0,0.0,0.0,1981.0,1.0,7,0,0.0,2.0,3.0,0.0
3840,5,20,1715,1,1,1,1.0,1.0,99.0,350,3.0,2.0,2.0,0.0,2.0,3.0,0.0,1,4,1.0,0.0,0.0,0.0,1981.0,2.0,33,0,0.0,2.0,3.0,1.0
3841,5,20,1715,1,1,1,1.0,1.0,99.0,350,3.0,2.0,2.0,0.0,2.0,3.0,0.0,1,1,3.0,0.0,0.0,0.0,1972.0,1.0,7,0,0.0,2.0,3.0,0.0
3842,5,20,1715,1,1,1,1.0,1.0,99.0,350,3.0,2.0,2.0,0.0,2.0,3.0,0.0,1,1,3.0,0.0,0.0,0.0,1972.0,2.0,33,0,0.0,2.0,3.0,1.0
3843,2,14,545,5,1,6,8.0,6.0,167.0,350,3.0,2.0,2.0,0.0,1.0,3.0,2.0,1,1,4.0,0.0,0.0,0.0,1980.0,2.0,7,0,8.0,0.0,8.0,1.0
3844,3,2,130,3,1,1,2.0,7.0,114.0,350,3.0,2.0,1.0,0.0,2.0,1.0,2.0,1,1,9.0,0.0,0.0,0.0,1974.0,2.0,7,0,13.0,0.0,1.0,13.0
3845,7,16,2345,3,1,1,1.0,7.0,239.0,350,3.0,2.0,2.0,0.0,0.0,1.0,1.0,1,1,4.0,0.0,0.0,0.0,1991.0,1.0,33,0,0.0,0.0,4.0,1.0
3846,7,16,2345,3,1,1,1.0,7.0,239.0,350,3.0,2.0,2.0,0.0,0.0,1.0,1.0,4,1,0.0,0.0,0.0,0.0,1994.0,1.0,33,0,0.0,0.0,4.0,1.0
3847,2,17,2030,5,2,1,2.0,3.0,136.0,350,3.0,2.0,1.0,0.0,2.0,1.0,2.0,1,1,1.0,0.0,0.0,0.0,1962.0,1.0,33,0,0.0,2.0,1.0,1.0
3848,2,17,2030,5,2,1,2.0,3.0,136.0,350,3.0,2.0,1.0,0.0,2.0,1.0,2.0,1,1,1.0,0.0,0.0,0.0,1962.0,2.0,7,0,0.0,2.0,2.0,15.0
3849,2,17,2030,5,2,1,2.0,3.0,136.0,350,3.0,2.0,1.0,0.0,2.0,1.0,2.0,1,1,4.0,0.0,0.0,0.0,1995.0,1.0,33,0,0.0,2.0,1.0,1.0
3850,2,17,2030,5,2,1,2.0,3.0,136.0,350,3.0,2.0,1.0,0.0,2.0,1.0,2.0,1,1,4.0,0.0,0.0,0.0,1995.0,2.0,7,0,0.0,2.0,2.0,15.0
3851,3,12,2345,3,1,1,1.0,7.0,28.0,350,3.0,0.0,2.0,0.0,0.0,1.0,1.0,1,1,4.0,0.0,0.0,0.0,1974.0,0.0,7,0,2.0,0.0,2.0,1.0
3852,3,12,2345,3,1,1,1.0,7.0,28.0,350,3.0,0.0,2.0,0.0,0.0,1.0,1.0,4,4,0.0,0.0,0.0,0.0,1962.0,0.0,7,0,2.0,0.0,2.0,1.0
3853,3,19,1845,2,1,1,1.0,1.0,2.0,350,3.0,2.0,2.0,0.0,1.0,4.0,1.0,1,4,4.0,0.0,0.0,0.0,1977.0,1.0,7,0,0.0,2.0,3.0,1.0
3854,3,19,1845,2,1,1,1.0,1.0,2.0,350,3.0,2.0,2.0,0.0,1.0,4.0,1.0,1,4,4.0,0.0,0.0,0.0,1977.0,2.0,7,0,0.0,2.0,3.0,1.0
3855,3,19,1845,2,1,1,1.0,1.0,2.0,350,3.0,2.0,2.0,0.0,1.0,4.0,1.0,4,1,0.0,0.0,0.0,0.0,1974.0,1.0,7,0,0.0,2.0,3.0,1.0
3856,3,19,1845,2,1,1,1.0,1.0,2.0,350,3.0,2.0,2.0,0.0,1.0,4.0,1.0,4,1,0.0,0.0,0.0,0.0,1974.0,2.0,7,0,0.0,2.0,3.0,1.0
3857,3,19,1845,2,1,1,1.0,1.0,2.0,350,3.0,2.0,2.0,0.0,1.0,4.0,1.0,1,1,4.0,0.0,0.0,0.0,1991.0,1.0,7,0,0.0,2.0,3.0,1.0
3858,3,19,1845,2,1,1,1.0,1.0,2.0,350,3.0,2.0,2.0,0.0,1.0,4.0,1.0,1,1,4.0,0.0,0.0,0.0,1991.0,2.0,7,0,0.0,2.0,3.0,1.0
3859,4,2,230,3,1,3,1.0,6.0,108.0,350,3.0,2.0,2.0,0.0,1.0,1.0,1.0,1,1,4.0,0.0,0.0,0.0,1991.0,0.0,7,0,6.0,0.0,1.0,1.0
3860,5,20,830,1,2,1,1.0,6.0,136.0,350,4.0,2.0,1.0,0.0,1.0,1.0,0.0,1,1,1.0,0.0,0.0,0.0,1974.0,0.0,10,0,0.0,1.0,3.0,1.0
3861,5,20,830,1,2,1,1.0,6.0,136.0,350,4.0,2.0,1.0,0.0,1.0,1.0,0.0,3,1,3.0,1.0,3.0,1.0,1945.0,0.0,10,0,0.0,1.0,3.0,1.0
3862,6,8,345,3,1,1,1.0,6.0,41.0,350,3.0,2.0,2.0,0.0,1.0,1.0,1.0,1,1,1.0,0.0,0.0,0.0,1980.0,2.0,33,0,0.0,5.0,3.0,1.0
3863,8,19,1230,1,1,2,1.0,3.0,136.0,350,3.0,2.0,2.0,0.0,2.0,1.0,2.0,1,1,1.0,0.0,0.0,0.0,1971.0,1.0,7,0,0.0,2.0,3.0,1.0
3864,8,19,1230,1,1,2,1.0,3.0,136.0,350,3.0,2.0,2.0,0.0,2.0,1.0,2.0,1,1,1.0,0.0,0.0,0.0,1971.0,0.0,7,0,0.0,2.0,8.0,19.0
3865,8,19,1230,1,1,2,1.0,3.0,136.0,350,3.0,2.0,2.0,0.0,2.0,1.0,2.0,1,4,3.0,0.0,0.0,0.0,1933.0,1.0,7,0,0.0,2.0,3.0,1.0
3866,8,19,1230,1,1,2,1.0,3.0,136.0,350,3.0,2.0,2.0,0.0,2.0,1.0,2.0,1,4,3.0,0.0,0.0,0.0,1933.0,0.0,7,0,0.0,2.0,8.0,19.0
3867,9,2,515,3,1,1,1.0,6.0,333.0,350,3.0,2.0,2.0,0.0,2.0,2.0,1.0,1,4,1.0,0.0,0.0,0.0,1966.0,2.0,7,0,6.0,0.0,3.0,1.0
3868,10,12,1630,1,1,1,1.0,6.0,198.0,350,3.0,2.0,2.0,0.0,1.0,3.0,1.0,1,1,3.0,0.0,0.0,0.0,1981.0,1.0,7,0,13.0,0.0,3.0,1.0
3869,10,12,1630,1,1,1,1.0,6.0,198.0,350,3.0,2.0,2.0,0.0,1.0,3.0,1.0,4,4,3.0,0.0,0.0,0.0,1982.0,1.0,7,0,13.0,0.0,3.0,1.0
3870,10,12,1630,1,1,1,1.0,6.0,198.0,350,3.0,2.0,2.0,0.0,1.0,3.0,1.0,4,1,3.0,0.0,0.0,0.0,2015.0,1.0,7,0,13.0,0.0,3.0,1.0
3871,10,12,1630,1,1,1,1.0,6.0,198.0,350,3.0,2.0,2.0,0.0,1.0,3.0,1.0,4,4,3.0,0.0,0.0,0.0,2011.0,1.0,7,0,13.0,0.0,3.0,1.0
3872,11,10,915,1,1,1,1.0,6.0,41.0,350,3.0,2.0,2.0,0.0,1.0,1.0,2.0,1,4,4.0,0.0,0.0,0.0,1987.0,0.0,7,0,13.0,0.0,2.0,1.0
3873,11,10,915,1,1,1,1.0,6.0,41.0,350,3.0,2.0,2.0,0.0,1.0,1.0,2.0,4,4,4.0,0.0,0.0,0.0,2014.0,0.0,7,0,13.0,0.0,2.0,1.0
3874,7,2,830,1,2,1,1.0,7.0,181.0,220,3.0,2.0,2.0,0.0,2.0,2.0,1.0,1,1,4.0,0.0,0.0,0.0,1994.0,1.0,2,0,6.0,0.0,1.0,1.0
3875,2,1,815,1,2,1,1.0,1.0,93.0,220,4.0,2.0,2.0,0.0,1.0,1.0,1.0,1,1,1.0,0.0,0.0,0.0,1982.0,0.0,7,0,0.0,2.0,1.0,15.0
3876,2,1,815,1,2,1,1.0,1.0,93.0,220,4.0,2.0,2.0,0.0,1.0,1.0,1.0,1,1,1.0,0.0,0.0,0.0,1982.0,0.0,30,0,0.0,2.0,1.0,1.0
3877,2,1,815,1,2,1,1.0,1.0,93.0,220,4.0,2.0,2.0,0.0,1.0,1.0,1.0,1,1,1.0,0.0,0.0,0.0,1973.0,0.0,7,0,0.0,2.0,1.0,15.0
3878,2,1,815,1,2,1,1.0,1.0,93.0,220,4.0,2.0,2.0,0.0,1.0,1.0,1.0,1,1,1.0,0.0,0.0,0.0,1973.0,0.0,30,0,0.0,2.0,1.0,1.0
3879,3,5,1115,1,2,3,9.0,3.0,93.0,220,4.0,2.0,2.0,0.0,1.0,1.0,2.0,1,4,4.0,0.0,0.0,0.0,1976.0,0.0,7,0,0.0,2.0,3.0,15.0
3880,3,5,1115,1,2,3,9.0,3.0,93.0,220,4.0,2.0,2.0,0.0,1.0,1.0,2.0,1,4,4.0,0.0,0.0,0.0,1976.0,0.0,2,0,0.0,2.0,1.0,1.0
3881,3,5,1115,1,2,3,9.0,3.0,93.0,220,4.0,2.0,2.0,0.0,1.0,1.0,2.0,1,4,1.0,0.0,0.0,0.0,1998.0,0.0,7,0,0.0,2.0,3.0,15.0
3882,3,5,1115,1,2,3,9.0,3.0,93.0,220,4.0,2.0,2.0,0.0,1.0,1.0,2.0,1,4,1.0,0.0,0.0,0.0,1998.0,0.0,2,0,0.0,2.0,1.0,1.0
3883,4,21,815,3,1,3,1.0,7.0,2.0,220,3.0,2.0,2.0,0.0,2.0,2.0,1.0,1,1,4.0,0.0,0.0,0.0,1993.0,1.0,7,0,13.0,0.0,1.0,19.0
3884,5,12,1245,1,2,6,1.0,6.0,93.0,220,4.0,2.0,2.0,0.0,1.0,3.0,1.0,1,4,4.0,0.0,0.0,0.0,1960.0,0.0,7,0,0.0,1.0,7.0,0.0
3885,5,12,1245,1,2,6,1.0,6.0,93.0,220,4.0,2.0,2.0,0.0,1.0,3.0,1.0,3,4,4.0,4.0,3.0,1.0,1941.0,0.0,7,0,0.0,1.0,7.0,0.0
3886,6,9,2030,1,1,1,1.0,2.0,246.0,220,4.0,2.0,2.0,0.0,0.0,2.0,1.0,1,1,9.0,0.0,0.0,0.0,1983.0,0.0,10,0,0.0,2.0,1.0,1.0
3887,6,9,2030,1,1,1,1.0,2.0,246.0,220,4.0,2.0,2.0,0.0,0.0,2.0,1.0,1,1,9.0,0.0,0.0,0.0,1983.0,0.0,10,0,6.0,0.0,4.0,1.0
3888,6,9,2030,1,1,1,1.0,2.0,246.0,220,4.0,2.0,2.0,0.0,0.0,2.0,1.0,1,1,9.0,0.0,0.0,0.0,1966.0,0.0,10,0,0.0,2.0,1.0,1.0
3889,6,9,2030,1,1,1,1.0,2.0,246.0,220,4.0,2.0,2.0,0.0,0.0,2.0,1.0,1,1,9.0,0.0,0.0,0.0,1966.0,0.0,10,0,6.0,0.0,4.0,1.0
3890,6,18,1800,1,2,1,1.0,6.0,93.0,220,4.0,2.0,2.0,0.0,1.0,1.0,1.0,1,1,3.0,0.0,0.0,0.0,1938.0,0.0,7,0,0.0,1.0,3.0,1.0
3891,6,18,1800,1,2,1,1.0,6.0,93.0,220,4.0,2.0,2.0,0.0,1.0,1.0,1.0,3,1,3.0,2.0,3.0,1.0,1934.0,0.0,7,0,0.0,1.0,3.0,1.0
3892,6,17,1745,1,1,2,1.0,3.0,326.0,220,3.0,2.0,2.0,0.0,1.0,1.0,1.0,1,4,1.0,0.0,0.0,0.0,1983.0,1.0,7,0,0.0,2.0,3.0,1.0
3893,6,17,1745,1,1,2,1.0,3.0,326.0,220,3.0,2.0,2.0,0.0,1.0,1.0,1.0,1,4,1.0,0.0,0.0,0.0,1983.0,2.0,10,0,0.0,2.0,1.0,15.0
3894,6,17,1745,1,1,2,1.0,3.0,326.0,220,3.0,2.0,2.0,0.0,1.0,1.0,1.0,1,1,2.0,0.0,0.0,0.0,1960.0,1.0,7,0,0.0,2.0,3.0,1.0
3895,6,17,1745,1,1,2,1.0,3.0,326.0,220,3.0,2.0,2.0,0.0,1.0,1.0,1.0,1,1,2.0,0.0,0.0,0.0,1960.0,2.0,10,0,0.0,2.0,1.0,15.0
3896,7,14,2115,1,1,1,1.0,7.0,93.0,220,3.0,2.0,2.0,0.0,1.0,4.0,1.0,1,4,4.0,0.0,0.0,0.0,2000.0,2.0,30,0,0.0,0.0,0.0,0.0
3897,7,14,2115,1,1,1,1.0,7.0,93.0,220,3.0,2.0,2.0,0.0,1.0,4.0,1.0,1,4,4.0,0.0,0.0,0.0,2000.0,1.0,7,0,13.0,0.0,0.0,21.0
3898,7,14,2115,1,1,1,1.0,7.0,93.0,220,3.0,2.0,2.0,0.0,1.0,4.0,1.0,1,1,4.0,0.0,0.0,0.0,1978.0,2.0,30,0,0.0,0.0,0.0,0.0
3899,7,14,2115,1,1,1,1.0,7.0,93.0,220,3.0,2.0,2.0,0.0,1.0,4.0,1.0,1,1,4.0,0.0,0.0,0.0,1978.0,1.0,7,0,13.0,0.0,0.0,21.0
3900,7,14,2115,1,1,1,1.0,7.0,93.0,220,3.0,2.0,2.0,0.0,1.0,4.0,1.0,4,4,0.0,0.0,0.0,0.0,1982.0,2.0,30,0,0.0,0.0,0.0,0.0