,month,day,time,light,location,intersection,atmosphere,collision,municipality,department,road,traffic,nblanes,reslane,laneprofile,plan,surface,user,sex,route,pedlocation,pedaction,pedcondition,birth,dirtraffic,catvehicle,nboccupants,obstacle,movobstacle,impact,maneuver
3901,7,14,2115,1,1,1,1.0,7.0,93.0,220,3.0,2.0,2.0,0.0,1.0,4.0,1.0,4,4,0.0,0.0,0.0,0.0,1982.0,1.0,7,0,13.0,0.0,0.0,21.0
3902,7,14,2115,1,1,1,1.0,7.0,93.0,220,3.0,2.0,2.0,0.0,1.0,4.0,1.0,4,4,0.0,0.0,0.0,0.0,2006.0,2.0,30,0,0.0,0.0,0.0,0.0
3903,7,14,2115,1,1,1,1.0,7.0,93.0,220,3.0,2.0,2.0,0.0,1.0,4.0,1.0,4,4,0.0,0.0,0.0,0.0,2006.0,1.0,7,0,13.0,0.0,0.0,21.0
3904,7,14,2115,1,1,1,1.0,7.0,93.0,220,3.0,2.0,2.0,0.0,1.0,4.0,1.0,4,4,0.0,0.0,0.0,0.0,2002.0,2.0,30,0,0.0,0.0,0.0,0.0
3905,7,14,2115,1,1,1,1.0,7.0,93.0,220,3.0,2.0,2.0,0.0,1.0,4.0,1.0,4,4,0.0,0.0,0.0,0.0,2002.0,1.0,7,0,13.0,0.0,0.0,21.0
3906,7,14,2115,1,1,1,1.0,7.0,93.0,220,3.0,2.0,2.0,0.0,1.0,4.0,1.0,4,4,0.0,0.0,0.0,0.0,2008.0,2.0,30,0,0.0,0.0,0.0,0.0
3907,7,14,2115,1,1,1,1.0,7.0,93.0,220,3.0,2.0,2.0,0.0,1.0,4.0,1.0,4,4,0.0,0.0,0.0,0.0,2008.0,1.0,7,0,13.0,0.0,0.0,21.0
3908,7,31,730,1,1,2,1.0,7.0,93.0,220,3.0,2.0,2.0,0.0,1.0,1.0,1.0,1,1,4.0,0.0,0.0,0.0,1992.0,2.0,7,0,13.0,0.0,7.0,1.0
3909,7,31,730,1,1,2,1.0,7.0,93.0,220,3.0,2.0,2.0,0.0,1.0,1.0,1.0,4,4,0.0,0.0,0.0,0.0,1988.0,2.0,7,0,13.0,0.0,7.0,1.0
3910,7,31,730,1,1,2,1.0,7.0,93.0,220,3.0,2.0,2.0,0.0,1.0,1.0,1.0,4,4,0.0,0.0,0.0,0.0,1990.0,2.0,7,0,13.0,0.0,7.0,1.0
3911,7,31,730,1,1,2,1.0,7.0,93.0,220,3.0,2.0,2.0,0.0,1.0,1.0,1.0,4,1,0.0,0.0,0.0,0.0,1976.0,2.0,7,0,13.0,0.0,7.0,1.0
3912,7,31,730,1,1,2,1.0,7.0,93.0,220,3.0,2.0,2.0,0.0,1.0,1.0,1.0,4,1,0.0,0.0,0.0,0.0,1992.0,2.0,7,0,13.0,0.0,7.0,1.0
3913,8,10,1100,1,1,1,1.0,6.0,44.0,220,4.0,2.0,2.0,0.0,4.0,2.0,1.0,1,1,4.0,0.0,0.0,0.0,1949.0,0.0,1,0,2.0,0.0,1.0,1.0
3914,9,1,1200,1,1,1,1.0,3.0,93.0,220,3.0,2.0,2.0,0.0,2.0,0.0,1.0,1,1,2.0,0.0,0.0,0.0,1975.0,2.0,15,0,0.0,2.0,8.0,21.0
3915,9,1,1200,1,1,1,1.0,3.0,93.0,220,3.0,2.0,2.0,0.0,2.0,0.0,1.0,1,1,2.0,0.0,0.0,0.0,1975.0,1.0,7,0,0.0,2.0,3.0,13.0
3916,9,1,1200,1,1,1,1.0,3.0,93.0,220,3.0,2.0,2.0,0.0,2.0,0.0,1.0,1,1,2.0,0.0,0.0,0.0,1981.0,2.0,15,0,0.0,2.0,8.0,21.0
3917,9,1,1200,1,1,1,1.0,3.0,93.0,220,3.0,2.0,2.0,0.0,2.0,0.0,1.0,1,1,2.0,0.0,0.0,0.0,1981.0,1.0,7,0,0.0,2.0,3.0,13.0
3918,9,12,915,1,2,3,1.0,1.0,93.0,220,3.0,2.0,2.0,0.0,1.0,1.0,1.0,1,1,9.0,0.0,0.0,0.0,1962.0,1.0,7,0,0.0,2.0,7.0,15.0
3919,9,12,915,1,2,3,1.0,1.0,93.0,220,3.0,2.0,2.0,0.0,1.0,1.0,1.0,1,1,9.0,0.0,0.0,0.0,1962.0,2.0,7,0,0.0,2.0,1.0,1.0
3920,9,12,915,1,2,3,1.0,1.0,93.0,220,3.0,2.0,2.0,0.0,1.0,1.0,1.0,1,1,4.0,0.0,0.0,0.0,1977.0,1.0,7,0,0.0,2.0,7.0,15.0
3921,9,12,915,1,2,3,1.0,1.0,93.0,220,3.0,2.0,2.0,0.0,1.0,1.0,1.0,1,1,4.0,0.0,0.0,0.0,1977.0,2.0,7,0,0.0,2.0,1.0,1.0
3922,11,8,2030,3,1,1,3.0,5.0,93.0,220,3.0,2.0,2.0,0.0,1.0,1.0,2.0,1,1,1.0,0.0,0.0,0.0,1994.0,0.0,7,0,0.0,2.0,7.0,17.0
3923,11,8,2030,3,1,1,3.0,5.0,93.0,220,3.0,2.0,2.0,0.0,1.0,1.0,2.0,1,1,1.0,0.0,0.0,0.0,1994.0,0.0,15,0,0.0,2.0,8.0,21.0
3924,11,8,2030,3,1,1,3.0,5.0,93.0,220,3.0,2.0,2.0,0.0,1.0,1.0,2.0,1,1,1.0,0.0,0.0,0.0,1994.0,0.0,15,0,0.0,2.0,3.0,21.0
3925,11,8,2030,3,1,1,3.0,5.0,93.0,220,3.0,2.0,2.0,0.0,1.0,1.0,2.0,1,1,2.0,0.0,0.0,0.0,1972.0,0.0,7,0,0.0,2.0,7.0,17.0
3926,11,8,2030,3,1,1,3.0,5.0,93.0,220,3.0,2.0,2.0,0.0,1.0,1.0,2.0,1,1,2.0,0.0,0.0,0.0,1972.0,0.0,15,0,0.0,2.0,8.0,21.0
3927,11,8,2030,3,1,1,3.0,5.0,93.0,220,3.0,2.0,2.0,0.0,1.0,1.0,2.0,1,1,2.0,0.0,0.0,0.0,1972.0,0.0,15,0,0.0,2.0,3.0,21.0
3928,11,8,2030,3,1,1,3.0,5.0,93.0,220,3.0,2.0,2.0,0.0,1.0,1.0,2.0,1,1,2.0,0.0,0.0,0.0,1998.0,0.0,7,0,0.0,2.0,7.0,17.0
3929,11,8,2030,3,1,1,3.0,5.0,93.0,220,3.0,2.0,2.0,0.0,1.0,1.0,2.0,1,1,2.0,0.0,0.0,0.0,1998.0,0.0,15,0,0.0,2.0,8.0,21.0
3930,11,8,2030,3,1,1,3.0,5.0,93.0,220,3.0,2.0,2.0,0.0,1.0,1.0,2.0,1,1,2.0,0.0,0.0,0.0,1998.0,0.0,15,0,0.0,2.0,3.0,21.0
3931,1,9,615,3,1,1,2.0,6.0,314.0,220,3.0,2.0,2.0,0.0,0.0,1.0,2.0,1,1,4.0,0.0,0.0,0.0,1979.0,1.0,7,0,13.0,0.0,7.0,1.0
3932,1,9,615,3,1,1,2.0,6.0,314.0,220,3.0,2.0,2.0,0.0,0.0,1.0,2.0,4,1,0.0,0.0,0.0,0.0,1973.0,1.0,7,0,13.0,0.0,7.0,1.0
3933,4,14,1600,1,1,2,3.0,3.0,300.0,220,3.0,2.0,0.0,0.0,0.0,0.0,2.0,1,1,3.0,0.0,0.0,0.0,1931.0,2.0,7,0,0.0,2.0,8.0,19.0
3934,4,14,1600,1,1,2,3.0,3.0,300.0,220,3.0,2.0,0.0,0.0,0.0,0.0,2.0,1,1,3.0,0.0,0.0,0.0,1931.0,1.0,15,0,0.0,2.0,1.0,1.0
3935,4,14,1600,1,1,2,3.0,3.0,300.0,220,3.0,2.0,0.0,0.0,0.0,0.0,2.0,1,1,2.0,0.0,0.0,0.0,1969.0,2.0,7,0,0.0,2.0,8.0,19.0
3936,4,14,1600,1,1,2,3.0,3.0,300.0,220,3.0,2.0,0.0,0.0,0.0,0.0,2.0,1,1,2.0,0.0,0.0,0.0,1969.0,1.0,15,0,0.0,2.0,1.0,1.0
3937,4,19,1945,2,1,1,1.0,7.0,275.0,220,4.0,2.0,2.0,0.0,2.0,3.0,1.0,1,1,2.0,0.0,0.0,0.0,1963.0,0.0,14,0,0.0,0.0,8.0,1.0
3938,5,11,745,2,1,1,5.0,1.0,155.0,220,3.0,2.0,2.0,0.0,1.0,1.0,2.0,1,1,1.0,0.0,0.0,0.0,1985.0,1.0,7,0,0.0,2.0,3.0,1.0
3939,5,11,745,2,1,1,5.0,1.0,155.0,220,3.0,2.0,2.0,0.0,1.0,1.0,2.0,1,1,1.0,0.0,0.0,0.0,1985.0,2.0,14,0,0.0,2.0,3.0,1.0
3940,5,11,745,2,1,1,5.0,1.0,155.0,220,3.0,2.0,2.0,0.0,1.0,1.0,2.0,4,1,0.0,0.0,0.0,0.0,1976.0,1.0,7,0,0.0,2.0,3.0,1.0
3941,5,11,745,2,1,1,5.0,1.0,155.0,220,3.0,2.0,2.0,0.0,1.0,1.0,2.0,4,1,0.0,0.0,0.0,0.0,1976.0,2.0,14,0,0.0,2.0,3.0,1.0
3942,5,11,745,2,1,1,5.0,1.0,155.0,220,3.0,2.0,2.0,0.0,1.0,1.0,2.0,4,1,0.0,0.0,0.0,0.0,1973.0,1.0,7,0,0.0,2.0,3.0,1.0
3943,5,11,745,2,1,1,5.0,1.0,155.0,220,3.0,2.0,2.0,0.0,1.0,1.0,2.0,4,1,0.0,0.0,0.0,0.0,1973.0,2.0,14,0,0.0,2.0,3.0,1.0
3944,5,11,745,2,1,1,5.0,1.0,155.0,220,3.0,2.0,2.0,0.0,1.0,1.0,2.0,4,1,0.0,0.0,0.0,0.0,1969.0,1.0,7,0,0.0,2.0,3.0,1.0
3945,5,11,745,2,1,1,5.0,1.0,155.0,220,3.0,2.0,2.0,0.0,1.0,1.0,2.0,4,1,0.0,0.0,0.0,0.0,1969.0,2.0,14,0,0.0,2.0,3.0,1.0
3946,5,11,745,2,1,1,5.0,1.0,155.0,220,3.0,2.0,2.0,0.0,1.0,1.0,2.0,4,1,0.0,0.0,0.0,0.0,1975.0,1.0,7,0,0.0,2.0,3.0,1.0
3947,5,11,745,2,1,1,5.0,1.0,155.0,220,3.0,2.0,2.0,0.0,1.0,1.0,2.0,4,1,0.0,0.0,0.0,0.0,1975.0,2.0,14,0,0.0,2.0,3.0,1.0
3948,5,11,745,2,1,1,5.0,1.0,155.0,220,3.0,2.0,2.0,0.0,1.0,1.0,2.0,1,1,2.0,0.0,0.0,0.0,1971.0,1.0,7,0,0.0,2.0,3.0,1.0
3949,5,11,745,2,1,1,5.0,1.0,155.0,220,3.0,2.0,2.0,0.0,1.0,1.0,2.0,1,1,2.0,0.0,0.0,0.0,1971.0,2.0,14,0,0.0,2.0,3.0,1.0
3950,5,11,745,2,1,1,5.0,1.0,155.0,220,3.0,2.0,2.0,0.0,1.0,1.0,2.0,4,1,0.0,0.0,0.0,0.0,1977.0,1.0,7,0,0.0,2.0,3.0,1.0
3951,5,11,745,2,1,1,5.0,1.0,155.0,220,3.0,2.0,2.0,0.0,1.0,1.0,2.0,4,1,0.0,0.0,0.0,0.0,1977.0,2.0,14,0,0.0,2.0,3.0,1.0
3952,7,8,1515,1,2,1,1.0,6.0,136.0,220,4.0,2.0,2.0,0.0,1.0,1.0,1.0,1,4,2.0,0.0,0.0,0.0,1959.0,0.0,7,0,0.0,1.0,4.0,4.0
3953,7,8,1515,1,2,1,1.0,6.0,136.0,220,4.0,2.0,2.0,0.0,1.0,1.0,1.0,3,4,3.0,2.0,3.0,1.0,1929.0,0.0,7,0,0.0,1.0,4.0,4.0
3954,7,14,615,2,1,1,1.0,6.0,75.0,220,4.0,2.0,2.0,0.0,1.0,3.0,1.0,1,1,4.0,0.0,0.0,0.0,1995.0,0.0,7,0,6.0,0.0,1.0,1.0
3955,7,14,615,2,1,1,1.0,6.0,75.0,220,4.0,2.0,2.0,0.0,1.0,3.0,1.0,4,1,0.0,0.0,0.0,0.0,1999.0,0.0,7,0,6.0,0.0,1.0,1.0
3956,7,14,615,2,1,1,1.0,6.0,75.0,220,4.0,2.0,2.0,0.0,1.0,3.0,1.0,4,1,0.0,0.0,0.0,0.0,1999.0,0.0,7,0,6.0,0.0,1.0,1.0
3957,7,14,615,2,1,1,1.0,6.0,75.0,220,4.0,2.0,2.0,0.0,1.0,3.0,1.0,4,1,0.0,0.0,0.0,0.0,2000.0,0.0,7,0,6.0,0.0,1.0,1.0
3958,7,20,1830,1,1,3,1.0,3.0,136.0,220,3.0,2.0,2.0,0.0,2.0,1.0,1.0,1,1,1.0,0.0,0.0,0.0,1995.0,2.0,30,0,0.0,2.0,8.0,15.0
3959,7,20,1830,1,1,3,1.0,3.0,136.0,220,3.0,2.0,2.0,0.0,2.0,1.0,1.0,1,1,1.0,0.0,0.0,0.0,1995.0,2.0,10,0,0.0,2.0,1.0,17.0
3960,7,20,1830,1,1,3,1.0,3.0,136.0,220,3.0,2.0,2.0,0.0,2.0,1.0,1.0,1,4,2.0,0.0,0.0,0.0,1978.0,2.0,30,0,0.0,2.0,8.0,15.0
3961,7,20,1830,1,1,3,1.0,3.0,136.0,220,3.0,2.0,2.0,0.0,2.0,1.0,1.0,1,4,2.0,0.0,0.0,0.0,1978.0,2.0,10,0,0.0,2.0,1.0,17.0
3962,8,7,330,3,1,1,1.0,6.0,1.0,220,4.0,2.0,2.0,0.0,0.0,1.0,1.0,1,1,4.0,0.0,0.0,0.0,1974.0,0.0,7,0,2.0,0.0,8.0,14.0
3963,9,8,500,3,1,1,1.0,1.0,136.0,220,3.0,2.0,2.0,0.0,1.0,1.0,1.0,1,1,1.0,0.0,0.0,0.0,1979.0,1.0,7,0,0.0,2.0,5.0,13.0
3964,9,8,500,3,1,1,1.0,1.0,136.0,220,3.0,2.0,2.0,0.0,1.0,1.0,1.0,1,1,1.0,0.0,0.0,0.0,1979.0,2.0,7,0,0.0,2.0,2.0,1.0
3965,9,8,500,3,1,1,1.0,1.0,136.0,220,3.0,2.0,2.0,0.0,1.0,1.0,1.0,1,1,1.0,0.0,0.0,0.0,1979.0,1.0,7,0,0.0,2.0,5.0,13.0
3966,9,8,500,3,1,1,1.0,1.0,136.0,220,3.0,2.0,2.0,0.0,1.0,1.0,1.0,1,1,1.0,0.0,0.0,0.0,1979.0,2.0,7,0,0.0,2.0,2.0,1.0
3967,9,15,1230,1,2,1,1.0,6.0,136.0,220,4.0,2.0,2.0,0.0,1.0,1.0,1.0,1,1,3.0,0.0,0.0,0.0,1997.0,0.0,7,0,1.0,0.0,2.0,14.0
3968,9,15,1230,1,2,1,1.0,6.0,136.0,220,4.0,2.0,2.0,0.0,1.0,1.0,1.0,4,1,0.0,0.0,0.0,0.0,1996.0,0.0,7,0,1.0,0.0,2.0,14.0
3969,9,15,1230,1,2,1,1.0,6.0,136.0,220,4.0,2.0,2.0,0.0,1.0,1.0,1.0,4,1,0.0,0.0,0.0,0.0,1996.0,0.0,7,0,1.0,0.0,2.0,14.0
3970,10,28,745,5,2,1,5.0,1.0,136.0,220,4.0,2.0,2.0,0.0,1.0,1.0,1.0,1,1,1.0,0.0,0.0,0.0,1966.0,0.0,7,0,0.0,2.0,1.0,13.0
3971,10,28,745,5,2,1,5.0,1.0,136.0,220,4.0,2.0,2.0,0.0,1.0,1.0,1.0,1,1,1.0,0.0,0.0,0.0,1966.0,0.0,30,0,0.0,2.0,1.0,1.0
3972,10,28,745,5,2,1,5.0,1.0,136.0,220,4.0,2.0,2.0,0.0,1.0,1.0,1.0,4,1,0.0,0.0,0.0,0.0,1976.0,0.0,7,0,0.0,2.0,1.0,13.0
3973,10,28,745,5,2,1,5.0,1.0,136.0,220,4.0,2.0,2.0,0.0,1.0,1.0,1.0,4,1,0.0,0.0,0.0,0.0,1976.0,0.0,30,0,0.0,2.0,1.0,1.0
3974,10,28,745,5,2,1,5.0,1.0,136.0,220,4.0,2.0,2.0,0.0,1.0,1.0,1.0,1,1,1.0,0.0,0.0,0.0,1988.0,0.0,7,0,0.0,2.0,1.0,13.0
3975,10,28,745,5,2,1,5.0,1.0,136.0,220,4.0,2.0,2.0,0.0,1.0,1.0,1.0,1,1,1.0,0.0,0.0,0.0,1988.0,0.0,30,0,0.0,2.0,1.0,1.0
3976,11,21,1800,5,2,2,1.0,3.0,136.0,220,4.0,2.0,2.0,0.0,2.0,1.0,1.0,1,1,4.0,0.0,0.0,0.0,1999.0,0.0,30,0,0.0,2.0,1.0,1.0
3977,11,21,1800,5,2,2,1.0,3.0,136.0,220,4.0,2.0,2.0,0.0,2.0,1.0,1.0,1,1,4.0,0.0,0.0,0.0,1999.0,0.0,7,0,0.0,2.0,6.0,19.0
3978,11,21,1800,5,2,2,1.0,3.0,136.0,220,4.0,2.0,2.0,0.0,2.0,1.0,1.0,1,1,4.0,0.0,0.0,0.0,1932.0,0.0,30,0,0.0,2.0,1.0,1.0
3979,11,21,1800,5,2,2,1.0,3.0,136.0,220,4.0,2.0,2.0,0.0,2.0,1.0,1.0,1,1,4.0,0.0,0.0,0.0,1932.0,0.0,7,0,0.0,2.0,6.0,19.0
3980,4,3,300,3,1,1,1.0,6.0,86.0,220,3.0,2.0,2.0,0.0,0.0,3.0,1.0,1,4,4.0,0.0,0.0,0.0,1989.0,2.0,7,0,13.0,0.0,3.0,1.0
3981,4,30,1600,1,1,1,1.0,3.0,214.0,220,4.0,2.0,2.0,0.0,1.0,1.0,1.0,1,1,2.0,0.0,0.0,0.0,1962.0,2.0,14,0,0.0,2.0,7.0,13.0
3982,4,30,1600,1,1,1,1.0,3.0,214.0,220,4.0,2.0,2.0,0.0,1.0,1.0,1.0,1,1,2.0,0.0,0.0,0.0,1962.0,2.0,1,0,0.0,0.0,0.0,2.0
3983,4,30,1600,1,1,1,1.0,3.0,214.0,220,4.0,2.0,2.0,0.0,1.0,1.0,1.0,1,4,4.0,0.0,0.0,0.0,1945.0,2.0,14,0,0.0,2.0,7.0,13.0
3984,4,30,1600,1,1,1,1.0,3.0,214.0,220,4.0,2.0,2.0,0.0,1.0,1.0,1.0,1,4,4.0,0.0,0.0,0.0,1945.0,2.0,1,0,0.0,0.0,0.0,2.0
3985,8,4,1700,1,2,1,1.0,2.0,210.0,220,3.0,2.0,2.0,0.0,1.0,1.0,1.0,1,1,4.0,0.0,0.0,0.0,1961.0,2.0,7,0,0.0,2.0,1.0,2.0
3986,8,4,1700,1,2,1,1.0,2.0,210.0,220,3.0,2.0,2.0,0.0,1.0,1.0,1.0,1,1,4.0,0.0,0.0,0.0,1961.0,2.0,7,0,0.0,0.0,4.0,2.0
3987,8,4,1700,1,2,1,1.0,2.0,210.0,220,3.0,2.0,2.0,0.0,1.0,1.0,1.0,1,4,4.0,0.0,0.0,0.0,1946.0,2.0,7,0,0.0,2.0,1.0,2.0
3988,8,4,1700,1,2,1,1.0,2.0,210.0,220,3.0,2.0,2.0,0.0,1.0,1.0,1.0,1,4,4.0,0.0,0.0,0.0,1946.0,2.0,7,0,0.0,0.0,4.0,2.0
3989,9,11,1515,1,1,1,1.0,3.0,162.0,220,3.0,2.0,2.0,0.0,1.0,1.0,1.0,1,1,4.0,0.0,0.0,0.0,1978.0,2.0,7,0,0.0,2.0,6.0,13.0
3990,9,11,1515,1,1,1,1.0,3.0,162.0,220,3.0,2.0,2.0,0.0,1.0,1.0,1.0,1,1,4.0,0.0,0.0,0.0,1978.0,1.0,10,0,0.0,2.0,8.0,1.0
3991,9,11,1515,1,1,1,1.0,3.0,162.0,220,3.0,2.0,2.0,0.0,1.0,1.0,1.0,1,1,4.0,0.0,0.0,0.0,1949.0,2.0,7,0,0.0,2.0,6.0,13.0
3992,9,11,1515,1,1,1,1.0,3.0,162.0,220,3.0,2.0,2.0,0.0,1.0,1.0,1.0,1,1,4.0,0.0,0.0,0.0,1949.0,1.0,10,0,0.0,2.0,8.0,1.0
3993,9,11,1515,1,1,1,1.0,3.0,162.0,220,3.0,2.0,2.0,0.0,1.0,1.0,1.0,4,4,0.0,0.0,0.0,0.0,1952.0,2.0,7,0,0.0,2.0,6.0,13.0
3994,9,11,1515,1,1,1,1.0,3.0,162.0,220,3.0,2.0,2.0,0.0,1.0,1.0,1.0,4,4,0.0,0.0,0.0,0.0,1952.0,1.0,10,0,0.0,2.0,8.0,1.0
3995,9,12,1345,1,2,1,1.0,7.0,233.0,220,4.0,2.0,2.0,0.0,1.0,2.0,1.0,1,1,1.0,0.0,0.0,0.0,1969.0,0.0,7,0,13.0,0.0,1.0,1.0
3996,3,4,1430,1,2,1,3.0,2.0,54.0,220,3.0,2.0,2.0,0.0,1.0,1.0,2.0,1,1,1.0,0.0,0.0,0.0,1965.0,2.0,33,0,0.0,2.0,2.0,1.0
3997,3,4,1430,1,2,1,3.0,2.0,54.0,220,3.0,2.0,2.0,0.0,1.0,1.0,2.0,1,1,1.0,0.0,0.0,0.0,1965.0,2.0,7,0,0.0,0.0,6.0,20.0
3998,3,4,1430,1,2,1,3.0,2.0,54.0,220,3.0,2.0,2.0,0.0,1.0,1.0,2.0,1,4,4.0,0.0,0.0,0.0,1951.0,2.0,33,0,0.0,2.0,2.0,1.0
3999,3,4,1430,1,2,1,3.0,2.0,54.0,220,3.0,2.0,2.0,0.0,1.0,1.0,2.0,1,4,4.0,0.0,0.0,0.0,1951.0,2.0,7,0,0.0,0.0,6.0,20.0
4000,4,6,1800,1,1,2,2.0,3.0,54.0,220,3.0,2.0,2.0,0.0,2.0,2.0,1.0,1,1,2.0,0.0,0.0,0.0,1962.0,2.0,38,6,0.0,2.0,3.0,1.0
4001,4,6,1800,1,1,2,2.0,3.0,54.0,220,3.0,2.0,2.0,0.0,2.0,2.0,1.0,1,1,2.0,0.0,0.0,0.0,1962.0,1.0,7,0,0.0,2.0,8.0,9.0
4002,4,6,1800,1,1,2,2.0,3.0,54.0,220,3.0,2.0,2.0,0.0,2.0,2.0,1.0,4,1,0.0,0.0,0.0,0.0,1957.0,2.0,38,6,0.0,2.0,3.0,1.0
4003,4,6,1800,1,1,2,2.0,3.0,54.0,220,3.0,2.0,2.0,0.0,2.0,2.0,1.0,4,1,0.0,0.0,0.0,0.0,1957.0,1.0,7,0,0.0,2.0,8.0,9.0
4004,4,6,1800,1,1,2,2.0,3.0,54.0,220,3.0,2.0,2.0,0.0,2.0,2.0,1.0,4,1,0.0,0.0,0.0,0.0,1968.0,2.0,38,6,0.0,2.0,3.0,1.0
4005,4,6,1800,1,1,2,2.0,3.0,54.0,220,3.0,2.0,2.0,0.0,2.0,2.0,1.0,4,1,0.0,0.0,0.0,0.0,1968.0,1.0,7,0,0.0,2.0,8.0,9.0
4006,4,6,1800,1,1,2,2.0,3.0,54.0,220,3.0,2.0,2.0,0.0,2.0,2.0,1.0,4,4,0.0,0.0,0.0,0.0,1979.0,2.0,38,6,0.0,2.0,3.0,1.0
4007,4,6,1800,1,1,2,2.0,3.0,54.0,220,3.0,2.0,2.0,0.0,2.0,2.0,1.0,4,4,0.0,0.0,0.0,0.0,1979.0,1.0,7,0,0.0,2.0,8.0,9.0
4008,4,6,1800,1,1,2,2.0,3.0,54.0,220,3.0,2.0,2.0,0.0,2.0,2.0,1.0,4,1,0.0,0.0,0.0,0.0,1993.0,2.0,38,6,0.0,2.0,3.0,1.0
4009,4,6,1800,1,1,2,2.0,3.0,54.0,220,3.0,2.0,2.0,0.0,2.0,2.0,1.0,4,1,0.0,0.0,0.0,0.0,1993.0,1.0,7,0,0.0,2.0,8.0,9.0
4010,4,6,1800,1,1,2,2.0,3.0,54.0,220,3.0,2.0,2.0,0.0,2.0,2.0,1.0,4,4,0.0,0.0,0.0,0.0,1996.0,2.0,38,6,0.0,2.0,3.0,1.0
4011,4,6,1800,1,1,2,2.0,3.0,54.0,220,3.0,2.0,2.0,0.0,2.0,2.0,1.0,4,4,0.0,0.0,0.0,0.0,1996.0,1.0,7,0,0.0,2.0,8.0,9.0
4012,4,6,1800,1,1,2,2.0,3.0,54.0,220,3.0,2.0,2.0,0.0,2.0,2.0,1.0,4,1,0.0,0.0,0.0,0.0,1998.0,2.0,38,6,0.0,2.0,3.0,1.0
4013,4,6,1800,1,1,2,2.0,3.0,54.0,220,3.0,2.0,2.0,0.0,2.0,2.0,1.0,4,1,0.0,0.0,0.0,0.0,1998.0,1.0,7,0,0.0,2.0,8.0,9.0
4014,4,6,1800,1,1,2,2.0,3.0,54.0,220,3.0,2.0,2.0,0.0,2.0,2.0,1.0,1,1,3.0,0.0,0.0,0.0,1939.0,2.0,38,6,0.0,2.0,3.0,1.0
4015,4,6,1800,1,1,2,2.0,3.0,54.0,220,3.0,2.0,2.0,0.0,2.0,2.0,1.0,1,1,3.0,0.0,0.0,0.0,1939.0,1.0,7,0,0.0,2.0,8.0,9.0
4016,4,6,1800,1,1,2,2.0,3.0,54.0,220,3.0,2.0,2.0,0.0,2.0,2.0,1.0,4,4,0.0,0.0,0.0,0.0,2010.0,2.0,38,6,0.0,2.0,3.0,1.0
4017,4,6,1800,1,1,2,2.0,3.0,54.0,220,3.0,2.0,2.0,0.0,2.0,2.0,1.0,4,4,0.0,0.0,0.0,0.0,2010.0,1.0,7,0,0.0,2.0,8.0,9.0
4018,4,6,1800,1,1,2,2.0,3.0,54.0,220,3.0,2.0,2.0,0.0,2.0,2.0,1.0,4,4,0.0,0.0,0.0,0.0,2007.0,2.0,38,6,0.0,2.0,3.0,1.0
4019,4,6,1800,1,1,2,2.0,3.0,54.0,220,3.0,2.0,2.0,0.0,2.0,2.0,1.0,4,4,0.0,0.0,0.0,0.0,2007.0,1.0,7,0,0.0,2.0,8.0,9.0
4020,4,6,1800,1,1,2,2.0,3.0,54.0,220,3.0,2.0,2.0,0.0,2.0,2.0,1.0,4,4,0.0,0.0,0.0,0.0,1944.0,2.0,38,6,0.0,2.0,3.0,1.0
4021,4,6,1800,1,1,2,2.0,3.0,54.0,220,3.0,2.0,2.0,0.0,2.0,2.0,1.0,4,4,0.0,0.0,0.0,0.0,1944.0,1.0,7,0,0.0,2.0,8.0,9.0
4022,5,4,1215,1,2,1,1.0,6.0,186.0,220,3.0,2.0,2.0,0.0,2.0,3.0,1.0,1,1,4.0,0.0,0.0,0.0,2000.0,2.0,2,0,6.0,0.0,3.0,13.0
4023,5,4,1215,1,2,1,1.0,6.0,186.0,220,3.0,2.0,2.0,0.0,2.0,3.0,1.0,4,4,0.0,0.0,0.0,0.0,2000.0,2.0,2,0,6.0,0.0,3.0,13.0
4024,5,26,1530,1,1,1,1.0,1.0,154.0,220,4.0,2.0,2.0,0.0,0.0,4.0,2.0,1,1,4.0,0.0,0.0,0.0,1999.0,0.0,30,0,0.0,2.0,1.0,11.0
4025,5,26,1530,1,1,1,1.0,1.0,154.0,220,4.0,2.0,2.0,0.0,0.0,4.0,2.0,1,1,4.0,0.0,0.0,0.0,1999.0,0.0,7,0,0.0,2.0,3.0,1.0
4026,5,26,1530,1,1,1,1.0,1.0,154.0,220,4.0,2.0,2.0,0.0,0.0,4.0,2.0,1,1,4.0,0.0,0.0,0.0,1970.0,0.0,30,0,0.0,2.0,1.0,11.0
4027,5,26,1530,1,1,1,1.0,1.0,154.0,220,4.0,2.0,2.0,0.0,0.0,4.0,2.0,1,1,4.0,0.0,0.0,0.0,1970.0,0.0,7,0,0.0,2.0,3.0,1.0
4028,6,17,1615,1,2,4,1.0,3.0,273.0,220,3.0,2.0,2.0,0.0,1.0,2.0,1.0,1,1,0.0,0.0,0.0,0.0,2004.0,2.0,1,0,0.0,2.0,2.0,1.0
4029,6,17,1615,1,2,4,1.0,3.0,273.0,220,3.0,2.0,2.0,0.0,1.0,2.0,1.0,1,1,0.0,0.0,0.0,0.0,2004.0,0.0,7,0,0.0,2.0,1.0,19.0
4030,6,17,1615,1,2,4,1.0,3.0,273.0,220,3.0,2.0,2.0,0.0,1.0,2.0,1.0,1,4,4.0,0.0,0.0,0.0,1971.0,2.0,1,0,0.0,2.0,2.0,1.0