,month,day,time,light,location,intersection,atmosphere,collision,municipality,department,road,traffic,nblanes,reslane,laneprofile,plan,surface,user,sex,route,pedlocation,pedaction,pedcondition,birth,dirtraffic,catvehicle,nboccupants,obstacle,movobstacle,impact,maneuver
4031,6,17,1615,1,2,4,1.0,3.0,273.0,220,3.0,2.0,2.0,0.0,1.0,2.0,1.0,1,4,4.0,0.0,0.0,0.0,1971.0,0.0,7,0,0.0,2.0,1.0,19.0
4032,7,29,1645,1,2,3,1.0,3.0,54.0,220,3.0,2.0,2.0,0.0,1.0,2.0,1.0,1,4,1.0,0.0,0.0,0.0,1997.0,2.0,30,0,0.0,2.0,7.0,1.0
4033,7,29,1645,1,2,3,1.0,3.0,54.0,220,3.0,2.0,2.0,0.0,1.0,2.0,1.0,1,4,1.0,0.0,0.0,0.0,1997.0,0.0,7,0,0.0,2.0,2.0,15.0
4034,7,29,1645,1,2,3,1.0,3.0,54.0,220,3.0,2.0,2.0,0.0,1.0,2.0,1.0,1,4,4.0,0.0,0.0,0.0,1936.0,2.0,30,0,0.0,2.0,7.0,1.0
4035,7,29,1645,1,2,3,1.0,3.0,54.0,220,3.0,2.0,2.0,0.0,1.0,2.0,1.0,1,4,4.0,0.0,0.0,0.0,1936.0,0.0,7,0,0.0,2.0,2.0,15.0
4036,7,29,1645,1,2,3,1.0,3.0,54.0,220,3.0,2.0,2.0,0.0,1.0,2.0,1.0,4,1,0.0,0.0,0.0,0.0,1935.0,2.0,30,0,0.0,2.0,7.0,1.0
4037,7,29,1645,1,2,3,1.0,3.0,54.0,220,3.0,2.0,2.0,0.0,1.0,2.0,1.0,4,1,0.0,0.0,0.0,0.0,1935.0,0.0,7,0,0.0,2.0,2.0,15.0
4038,7,19,1415,1,1,1,1.0,3.0,81.0,220,4.0,2.0,2.0,0.0,1.0,1.0,1.0,1,1,2.0,0.0,0.0,0.0,1999.0,0.0,7,0,0.0,2.0,2.0,16.0
4039,7,19,1415,1,1,1,1.0,3.0,81.0,220,4.0,2.0,2.0,0.0,1.0,1.0,1.0,1,1,2.0,0.0,0.0,0.0,1999.0,0.0,7,0,0.0,2.0,3.0,1.0
4040,7,19,1415,1,1,1,1.0,3.0,81.0,220,4.0,2.0,2.0,0.0,1.0,1.0,1.0,1,1,4.0,0.0,0.0,0.0,1987.0,0.0,7,0,0.0,2.0,2.0,16.0
4041,7,19,1415,1,1,1,1.0,3.0,81.0,220,4.0,2.0,2.0,0.0,1.0,1.0,1.0,1,1,4.0,0.0,0.0,0.0,1987.0,0.0,7,0,0.0,2.0,3.0,1.0
4042,7,19,1415,1,1,1,1.0,3.0,81.0,220,4.0,2.0,2.0,0.0,1.0,1.0,1.0,4,4,0.0,0.0,0.0,0.0,1993.0,0.0,7,0,0.0,2.0,2.0,16.0
4043,7,19,1415,1,1,1,1.0,3.0,81.0,220,4.0,2.0,2.0,0.0,1.0,1.0,1.0,4,4,0.0,0.0,0.0,0.0,1993.0,0.0,7,0,0.0,2.0,3.0,1.0
4044,8,2,1030,1,2,2,8.0,3.0,81.0,220,4.0,2.0,2.0,0.0,1.0,3.0,1.0,1,1,4.0,0.0,0.0,0.0,1973.0,0.0,10,0,0.0,0.0,7.0,1.0
4045,8,2,1030,1,2,2,8.0,3.0,81.0,220,4.0,2.0,2.0,0.0,1.0,3.0,1.0,1,1,4.0,0.0,0.0,0.0,1973.0,0.0,1,0,0.0,2.0,1.0,1.0
4046,8,2,1030,1,2,2,8.0,3.0,81.0,220,4.0,2.0,2.0,0.0,1.0,3.0,1.0,1,1,4.0,0.0,0.0,0.0,2009.0,0.0,10,0,0.0,0.0,7.0,1.0
4047,8,2,1030,1,2,2,8.0,3.0,81.0,220,4.0,2.0,2.0,0.0,1.0,3.0,1.0,1,1,4.0,0.0,0.0,0.0,2009.0,0.0,1,0,0.0,2.0,1.0,1.0
4048,8,11,1200,1,1,3,1.0,3.0,186.0,220,3.0,2.0,2.0,0.0,1.0,1.0,1.0,1,1,4.0,0.0,0.0,0.0,1951.0,1.0,33,0,0.0,2.0,1.0,1.0
4049,8,11,1200,1,1,3,1.0,3.0,186.0,220,3.0,2.0,2.0,0.0,1.0,1.0,1.0,1,1,4.0,0.0,0.0,0.0,1951.0,2.0,14,0,0.0,2.0,7.0,15.0
4050,8,11,1200,1,1,3,1.0,3.0,186.0,220,3.0,2.0,2.0,0.0,1.0,1.0,1.0,1,1,2.0,0.0,0.0,0.0,1979.0,1.0,33,0,0.0,2.0,1.0,1.0
4051,8,11,1200,1,1,3,1.0,3.0,186.0,220,3.0,2.0,2.0,0.0,1.0,1.0,1.0,1,1,2.0,0.0,0.0,0.0,1979.0,2.0,14,0,0.0,2.0,7.0,15.0
4052,11,19,1800,3,1,1,3.0,6.0,389.0,220,4.0,2.0,2.0,0.0,2.0,1.0,2.0,1,1,4.0,0.0,0.0,0.0,1937.0,0.0,7,0,13.0,0.0,9.0,14.0
4053,11,19,1800,3,1,1,3.0,6.0,389.0,220,4.0,2.0,2.0,0.0,2.0,1.0,2.0,4,1,0.0,0.0,0.0,0.0,1935.0,0.0,7,0,13.0,0.0,9.0,14.0
4054,11,21,2215,5,2,1,6.0,6.0,389.0,220,4.0,2.0,2.0,0.0,2.0,1.0,2.0,1,1,4.0,0.0,0.0,0.0,1972.0,0.0,30,0,11.0,0.0,1.0,1.0
4055,12,9,1100,1,2,1,1.0,6.0,186.0,220,4.0,2.0,2.0,0.0,1.0,1.0,2.0,1,1,3.0,0.0,0.0,0.0,1957.0,2.0,7,0,0.0,1.0,1.0,1.0
4056,12,9,1100,1,2,1,1.0,6.0,186.0,220,4.0,2.0,2.0,0.0,1.0,1.0,2.0,3,1,4.0,2.0,3.0,1.0,1927.0,2.0,7,0,0.0,1.0,1.0,1.0
4057,12,13,1800,5,1,1,1.0,3.0,81.0,220,3.0,2.0,2.0,0.0,1.0,1.0,1.0,1,1,4.0,0.0,0.0,0.0,1994.0,2.0,33,0,0.0,2.0,7.0,17.0
4058,12,13,1800,5,1,1,1.0,3.0,81.0,220,3.0,2.0,2.0,0.0,1.0,1.0,1.0,1,1,4.0,0.0,0.0,0.0,1994.0,2.0,7,0,0.0,2.0,8.0,15.0
4059,12,13,1800,5,1,1,1.0,3.0,81.0,220,3.0,2.0,2.0,0.0,1.0,1.0,1.0,1,4,0.0,0.0,0.0,0.0,1993.0,2.0,33,0,0.0,2.0,7.0,17.0
4060,12,13,1800,5,1,1,1.0,3.0,81.0,220,3.0,2.0,2.0,0.0,1.0,1.0,1.0,1,4,0.0,0.0,0.0,0.0,1993.0,2.0,7,0,0.0,2.0,8.0,15.0
4061,1,21,800,3,1,1,1.0,5.0,277.0,220,3.0,2.0,2.0,0.0,2.0,1.0,1.0,1,1,1.0,0.0,0.0,0.0,1984.0,1.0,33,0,0.0,2.0,8.0,3.0
4062,1,21,800,3,1,1,1.0,5.0,277.0,220,3.0,2.0,2.0,0.0,2.0,1.0,1.0,1,1,1.0,0.0,0.0,0.0,1984.0,2.0,7,0,0.0,2.0,3.0,1.0
4063,1,21,800,3,1,1,1.0,5.0,277.0,220,3.0,2.0,2.0,0.0,2.0,1.0,1.0,1,1,1.0,0.0,0.0,0.0,1984.0,1.0,7,0,0.0,2.0,6.0,1.0
4064,1,21,800,3,1,1,1.0,5.0,277.0,220,3.0,2.0,2.0,0.0,2.0,1.0,1.0,1,4,1.0,0.0,0.0,0.0,1986.0,1.0,33,0,0.0,2.0,8.0,3.0
4065,1,21,800,3,1,1,1.0,5.0,277.0,220,3.0,2.0,2.0,0.0,2.0,1.0,1.0,1,4,1.0,0.0,0.0,0.0,1986.0,2.0,7,0,0.0,2.0,3.0,1.0
4066,1,21,800,3,1,1,1.0,5.0,277.0,220,3.0,2.0,2.0,0.0,2.0,1.0,1.0,1,4,1.0,0.0,0.0,0.0,1986.0,1.0,7,0,0.0,2.0,6.0,1.0
4067,1,21,800,3,1,1,1.0,5.0,277.0,220,3.0,2.0,2.0,0.0,2.0,1.0,1.0,4,1,0.0,0.0,0.0,0.0,2014.0,1.0,33,0,0.0,2.0,8.0,3.0
4068,1,21,800,3,1,1,1.0,5.0,277.0,220,3.0,2.0,2.0,0.0,2.0,1.0,1.0,4,1,0.0,0.0,0.0,0.0,2014.0,2.0,7,0,0.0,2.0,3.0,1.0
4069,1,21,800,3,1,1,1.0,5.0,277.0,220,3.0,2.0,2.0,0.0,2.0,1.0,1.0,4,1,0.0,0.0,0.0,0.0,2014.0,1.0,7,0,0.0,2.0,6.0,1.0
4070,1,21,800,3,1,1,1.0,5.0,277.0,220,3.0,2.0,2.0,0.0,2.0,1.0,1.0,1,1,1.0,0.0,0.0,0.0,1953.0,1.0,33,0,0.0,2.0,8.0,3.0
4071,1,21,800,3,1,1,1.0,5.0,277.0,220,3.0,2.0,2.0,0.0,2.0,1.0,1.0,1,1,1.0,0.0,0.0,0.0,1953.0,2.0,7,0,0.0,2.0,3.0,1.0
4072,1,21,800,3,1,1,1.0,5.0,277.0,220,3.0,2.0,2.0,0.0,2.0,1.0,1.0,1,1,1.0,0.0,0.0,0.0,1953.0,1.0,7,0,0.0,2.0,6.0,1.0
4073,2,18,1615,1,1,1,1.0,3.0,176.0,220,3.0,2.0,2.0,0.0,1.0,3.0,1.0,1,1,3.0,0.0,0.0,0.0,1971.0,1.0,7,0,0.0,2.0,5.0,1.0
4074,2,18,1615,1,1,1,1.0,3.0,176.0,220,3.0,2.0,2.0,0.0,1.0,3.0,1.0,1,1,3.0,0.0,0.0,0.0,1971.0,1.0,1,0,0.0,0.0,3.0,2.0
4075,2,18,1615,1,1,1,1.0,3.0,176.0,220,3.0,2.0,2.0,0.0,1.0,3.0,1.0,1,1,4.0,0.0,0.0,0.0,1947.0,1.0,7,0,0.0,2.0,5.0,1.0
4076,2,18,1615,1,1,1,1.0,3.0,176.0,220,3.0,2.0,2.0,0.0,1.0,3.0,1.0,1,1,4.0,0.0,0.0,0.0,1947.0,1.0,1,0,0.0,0.0,3.0,2.0
4077,3,6,845,1,1,1,9.0,5.0,176.0,220,3.0,2.0,2.0,0.0,2.0,2.0,7.0,1,4,0.0,0.0,0.0,0.0,1972.0,1.0,7,0,0.0,2.0,7.0,13.0
4078,3,6,845,1,1,1,9.0,5.0,176.0,220,3.0,2.0,2.0,0.0,2.0,2.0,7.0,1,4,0.0,0.0,0.0,0.0,1972.0,2.0,7,0,0.0,2.0,1.0,1.0
4079,3,6,845,1,1,1,9.0,5.0,176.0,220,3.0,2.0,2.0,0.0,2.0,2.0,7.0,1,4,0.0,0.0,0.0,0.0,1972.0,2.0,30,0,0.0,2.0,6.0,1.0
4080,3,6,845,1,1,1,9.0,5.0,176.0,220,3.0,2.0,2.0,0.0,2.0,2.0,7.0,1,4,4.0,0.0,0.0,0.0,1969.0,1.0,7,0,0.0,2.0,7.0,13.0
4081,3,6,845,1,1,1,9.0,5.0,176.0,220,3.0,2.0,2.0,0.0,2.0,2.0,7.0,1,4,4.0,0.0,0.0,0.0,1969.0,2.0,7,0,0.0,2.0,1.0,1.0
4082,3,6,845,1,1,1,9.0,5.0,176.0,220,3.0,2.0,2.0,0.0,2.0,2.0,7.0,1,4,4.0,0.0,0.0,0.0,1969.0,2.0,30,0,0.0,2.0,6.0,1.0
4083,3,6,845,1,1,1,9.0,5.0,176.0,220,3.0,2.0,2.0,0.0,2.0,2.0,7.0,4,4,0.0,0.0,0.0,0.0,1995.0,1.0,7,0,0.0,2.0,7.0,13.0
4084,3,6,845,1,1,1,9.0,5.0,176.0,220,3.0,2.0,2.0,0.0,2.0,2.0,7.0,4,4,0.0,0.0,0.0,0.0,1995.0,2.0,7,0,0.0,2.0,1.0,1.0
4085,3,6,845,1,1,1,9.0,5.0,176.0,220,3.0,2.0,2.0,0.0,2.0,2.0,7.0,4,4,0.0,0.0,0.0,0.0,1995.0,2.0,30,0,0.0,2.0,6.0,1.0
4086,3,6,845,1,1,1,9.0,5.0,176.0,220,3.0,2.0,2.0,0.0,2.0,2.0,7.0,1,1,4.0,0.0,0.0,0.0,1970.0,1.0,7,0,0.0,2.0,7.0,13.0
4087,3,6,845,1,1,1,9.0,5.0,176.0,220,3.0,2.0,2.0,0.0,2.0,2.0,7.0,1,1,4.0,0.0,0.0,0.0,1970.0,2.0,7,0,0.0,2.0,1.0,1.0
4088,3,6,845,1,1,1,9.0,5.0,176.0,220,3.0,2.0,2.0,0.0,2.0,2.0,7.0,1,1,4.0,0.0,0.0,0.0,1970.0,2.0,30,0,0.0,2.0,6.0,1.0
4089,3,12,1445,1,1,2,1.0,3.0,171.0,220,3.0,2.0,3.0,0.0,4.0,1.0,1.0,1,1,9.0,0.0,0.0,0.0,1973.0,1.0,21,0,0.0,2.0,5.0,16.0
4090,3,12,1445,1,1,2,1.0,3.0,171.0,220,3.0,2.0,3.0,0.0,4.0,1.0,1.0,1,1,9.0,0.0,0.0,0.0,1973.0,1.0,33,0,0.0,2.0,8.0,18.0
4091,3,12,1445,1,1,2,1.0,3.0,171.0,220,3.0,2.0,3.0,0.0,4.0,1.0,1.0,1,4,4.0,0.0,0.0,0.0,1976.0,1.0,21,0,0.0,2.0,5.0,16.0
4092,3,12,1445,1,1,2,1.0,3.0,171.0,220,3.0,2.0,3.0,0.0,4.0,1.0,1.0,1,4,4.0,0.0,0.0,0.0,1976.0,1.0,33,0,0.0,2.0,8.0,18.0
4093,5,4,1830,1,1,2,1.0,1.0,99.0,220,3.0,2.0,2.0,0.0,1.0,1.0,1.0,1,1,4.0,0.0,0.0,0.0,1939.0,2.0,7,0,0.0,2.0,3.0,15.0
4094,5,4,1830,1,1,2,1.0,1.0,99.0,220,3.0,2.0,2.0,0.0,1.0,1.0,1.0,1,1,4.0,0.0,0.0,0.0,1939.0,1.0,7,0,0.0,2.0,1.0,1.0
4095,5,4,1830,1,1,2,1.0,1.0,99.0,220,3.0,2.0,2.0,0.0,1.0,1.0,1.0,4,4,0.0,0.0,0.0,0.0,1942.0,2.0,7,0,0.0,2.0,3.0,15.0
4096,5,4,1830,1,1,2,1.0,1.0,99.0,220,3.0,2.0,2.0,0.0,1.0,1.0,1.0,4,4,0.0,0.0,0.0,0.0,1942.0,1.0,7,0,0.0,2.0,1.0,1.0
4097,5,4,1830,1,1,2,1.0,1.0,99.0,220,3.0,2.0,2.0,0.0,1.0,1.0,1.0,1,1,1.0,0.0,0.0,0.0,1952.0,2.0,7,0,0.0,2.0,3.0,15.0
4098,5,4,1830,1,1,2,1.0,1.0,99.0,220,3.0,2.0,2.0,0.0,1.0,1.0,1.0,1,1,1.0,0.0,0.0,0.0,1952.0,1.0,7,0,0.0,2.0,1.0,1.0
4099,6,19,1700,1,2,6,1.0,1.0,176.0,220,4.0,2.0,0.0,0.0,1.0,1.0,1.0,1,1,4.0,0.0,0.0,0.0,1994.0,0.0,7,0,0.0,2.0,2.0,2.0
4100,6,19,1700,1,2,6,1.0,1.0,176.0,220,4.0,2.0,0.0,0.0,1.0,1.0,1.0,1,1,4.0,0.0,0.0,0.0,1994.0,0.0,30,0,0.0,2.0,7.0,5.0
4101,6,19,1700,1,2,6,1.0,1.0,176.0,220,4.0,2.0,0.0,0.0,1.0,1.0,1.0,1,1,4.0,0.0,0.0,0.0,2001.0,0.0,7,0,0.0,2.0,2.0,2.0
4102,6,19,1700,1,2,6,1.0,1.0,176.0,220,4.0,2.0,0.0,0.0,1.0,1.0,1.0,1,1,4.0,0.0,0.0,0.0,2001.0,0.0,30,0,0.0,2.0,7.0,5.0
4103,7,4,45,3,1,1,1.0,7.0,277.0,220,4.0,2.0,2.0,0.0,0.0,2.0,0.0,1,1,4.0,0.0,0.0,0.0,1993.0,0.0,7,0,13.0,0.0,3.0,1.0
4104,7,8,1830,1,1,1,1.0,1.0,171.0,220,4.0,2.0,2.0,0.0,2.0,4.0,1.0,1,1,4.0,0.0,0.0,0.0,2000.0,0.0,30,0,0.0,2.0,1.0,1.0
4105,7,8,1830,1,1,1,1.0,1.0,171.0,220,4.0,2.0,2.0,0.0,2.0,4.0,1.0,1,1,4.0,0.0,0.0,0.0,2000.0,0.0,30,0,0.0,2.0,1.0,1.0
4106,7,8,1830,1,1,1,1.0,1.0,171.0,220,4.0,2.0,2.0,0.0,2.0,4.0,1.0,1,1,4.0,0.0,0.0,0.0,1997.0,0.0,30,0,0.0,2.0,1.0,1.0
4107,7,8,1830,1,1,1,1.0,1.0,171.0,220,4.0,2.0,2.0,0.0,2.0,4.0,1.0,1,1,4.0,0.0,0.0,0.0,1997.0,0.0,30,0,0.0,2.0,1.0,1.0
4108,9,23,1900,1,1,2,1.0,3.0,287.0,220,3.0,2.0,2.0,0.0,3.0,1.0,1.0,1,1,2.0,0.0,0.0,0.0,1966.0,1.0,7,0,0.0,2.0,1.0,1.0
4109,9,23,1900,1,1,2,1.0,3.0,287.0,220,3.0,2.0,2.0,0.0,3.0,1.0,1.0,1,1,2.0,0.0,0.0,0.0,1966.0,0.0,7,0,0.0,2.0,7.0,19.0
4110,9,23,1900,1,1,2,1.0,3.0,287.0,220,3.0,2.0,2.0,0.0,3.0,1.0,1.0,1,1,4.0,0.0,0.0,0.0,1935.0,1.0,7,0,0.0,2.0,1.0,1.0
4111,9,23,1900,1,1,2,1.0,3.0,287.0,220,3.0,2.0,2.0,0.0,3.0,1.0,1.0,1,1,4.0,0.0,0.0,0.0,1935.0,0.0,7,0,0.0,2.0,7.0,19.0
4112,9,23,1900,1,1,2,1.0,3.0,287.0,220,3.0,2.0,2.0,0.0,3.0,1.0,1.0,4,1,0.0,0.0,0.0,0.0,1943.0,1.0,7,0,0.0,2.0,1.0,1.0
4113,9,23,1900,1,1,2,1.0,3.0,287.0,220,3.0,2.0,2.0,0.0,3.0,1.0,1.0,4,1,0.0,0.0,0.0,0.0,1943.0,0.0,7,0,0.0,2.0,7.0,19.0
4114,10,14,2050,3,1,2,1.0,3.0,176.0,220,3.0,2.0,2.0,0.0,2.0,3.0,1.0,1,1,4.0,0.0,0.0,0.0,1998.0,1.0,2,0,,,,
4115,10,14,2050,3,1,2,1.0,3.0,176.0,220,3.0,2.0,2.0,0.0,2.0,3.0,1.0,1,1,4.0,0.0,0.0,0.0,1998.0,0.0,30,0,0.0,2.0,8.0,1.0
4116,11,16,2100,3,1,1,1.0,6.0,277.0,220,3.0,2.0,2.0,0.0,4.0,1.0,1.0,1,1,4.0,0.0,0.0,0.0,1972.0,0.0,10,0,0.0,1.0,2.0,1.0
4117,11,16,2100,3,1,1,1.0,6.0,277.0,220,3.0,2.0,2.0,0.0,4.0,1.0,1.0,3,1,9.0,1.0,4.0,1.0,1984.0,0.0,10,0,0.0,1.0,2.0,1.0
4118,11,17,1300,1,1,1,2.0,1.0,171.0,220,3.0,2.0,2.0,0.0,2.0,3.0,2.0,1,1,4.0,0.0,0.0,0.0,1993.0,1.0,7,0,0.0,2.0,1.0,13.0
4119,11,17,1300,1,1,1,2.0,1.0,171.0,220,3.0,2.0,2.0,0.0,2.0,3.0,2.0,1,1,4.0,0.0,0.0,0.0,1993.0,2.0,7,0,0.0,2.0,0.0,1.0
4120,11,17,1300,1,1,1,2.0,1.0,171.0,220,3.0,2.0,2.0,0.0,2.0,3.0,2.0,4,1,0.0,0.0,0.0,0.0,1996.0,1.0,7,0,0.0,2.0,1.0,13.0
4121,11,17,1300,1,1,1,2.0,1.0,171.0,220,3.0,2.0,2.0,0.0,2.0,3.0,2.0,4,1,0.0,0.0,0.0,0.0,1996.0,2.0,7,0,0.0,2.0,0.0,1.0
4122,11,17,1300,1,1,1,2.0,1.0,171.0,220,3.0,2.0,2.0,0.0,2.0,3.0,2.0,4,1,0.0,0.0,0.0,0.0,1998.0,1.0,7,0,0.0,2.0,1.0,13.0
4123,11,17,1300,1,1,1,2.0,1.0,171.0,220,3.0,2.0,2.0,0.0,2.0,3.0,2.0,4,1,0.0,0.0,0.0,0.0,1998.0,2.0,7,0,0.0,2.0,0.0,1.0
4124,11,17,1300,1,1,1,2.0,1.0,171.0,220,3.0,2.0,2.0,0.0,2.0,3.0,2.0,1,4,0.0,0.0,0.0,0.0,1960.0,1.0,7,0,0.0,2.0,1.0,13.0
4125,11,17,1300,1,1,1,2.0,1.0,171.0,220,3.0,2.0,2.0,0.0,2.0,3.0,2.0,1,4,0.0,0.0,0.0,0.0,1960.0,2.0,7,0,0.0,2.0,0.0,1.0
4126,1,7,1015,1,1,2,7.0,3.0,35.0,220,3.0,2.0,2.0,0.0,0.0,1.0,2.0,1,1,4.0,0.0,0.0,0.0,1928.0,2.0,1,0,0.0,2.0,8.0,19.0
4127,1,7,1015,1,1,2,7.0,3.0,35.0,220,3.0,2.0,2.0,0.0,0.0,1.0,2.0,1,1,4.0,0.0,0.0,0.0,1928.0,1.0,7,0,0.0,2.0,2.0,1.0
4128,1,7,1015,1,1,2,7.0,3.0,35.0,220,3.0,2.0,2.0,0.0,0.0,1.0,2.0,1,4,4.0,0.0,0.0,0.0,1933.0,2.0,1,0,0.0,2.0,8.0,19.0
4129,1,7,1015,1,1,2,7.0,3.0,35.0,220,3.0,2.0,2.0,0.0,0.0,1.0,2.0,1,4,4.0,0.0,0.0,0.0,1933.0,1.0,7,0,0.0,2.0,2.0,1.0
4130,1,10,1130,1,1,1,7.0,3.0,388.0,220,3.0,2.0,2.0,0.0,1.0,1.0,2.0,1,4,3.0,0.0,0.0,0.0,1959.0,2.0,7,0,0.0,2.0,2.0,15.0
4131,1,10,1130,1,1,1,7.0,3.0,388.0,220,3.0,2.0,2.0,0.0,1.0,1.0,2.0,1,4,3.0,0.0,0.0,0.0,1959.0,1.0,1,0,0.0,2.0,1.0,1.0
4132,1,10,1130,1,1,1,7.0,3.0,388.0,220,3.0,2.0,2.0,0.0,1.0,1.0,2.0,1,4,4.0,0.0,0.0,0.0,1999.0,2.0,7,0,0.0,2.0,2.0,15.0
4133,1,10,1130,1,1,1,7.0,3.0,388.0,220,3.0,2.0,2.0,0.0,1.0,1.0,2.0,1,4,4.0,0.0,0.0,0.0,1999.0,1.0,1,0,0.0,2.0,1.0,1.0
4134,2,3,1015,1,1,1,7.0,6.0,259.0,220,6.0,0.0,0.0,0.0,1.0,1.0,2.0,1,4,3.0,0.0,0.0,0.0,1965.0,0.0,7,0,0.0,1.0,1.0,1.0
4135,2,3,1015,1,1,1,7.0,6.0,259.0,220,6.0,0.0,0.0,0.0,1.0,1.0,2.0,3,1,3.0,2.0,3.0,1.0,1937.0,0.0,7,0,0.0,1.0,1.0,1.0
4136,2,17,1645,1,1,1,2.0,7.0,213.0,220,3.0,2.0,2.0,0.0,4.0,3.0,2.0,1,1,4.0,0.0,0.0,0.0,1993.0,2.0,30,0,5.0,0.0,1.0,1.0
4137,2,17,1645,1,1,1,2.0,7.0,213.0,220,3.0,2.0,2.0,0.0,4.0,3.0,2.0,4,1,0.0,0.0,0.0,0.0,1990.0,2.0,30,0,5.0,0.0,1.0,1.0
4138,4,13,1230,1,1,2,1.0,1.0,364.0,220,3.0,2.0,2.0,0.0,1.0,1.0,1.0,1,4,2.0,0.0,0.0,0.0,1949.0,2.0,7,0,0.0,2.0,1.0,1.0
4139,4,13,1230,1,1,2,1.0,1.0,364.0,220,3.0,2.0,2.0,0.0,1.0,1.0,1.0,1,4,2.0,0.0,0.0,0.0,1949.0,1.0,7,0,0.0,2.0,1.0,15.0
4140,4,13,1230,1,1,2,1.0,1.0,364.0,220,3.0,2.0,2.0,0.0,1.0,1.0,1.0,4,4,0.0,0.0,0.0,0.0,1949.0,2.0,7,0,0.0,2.0,1.0,1.0
4141,4,13,1230,1,1,2,1.0,1.0,364.0,220,3.0,2.0,2.0,0.0,1.0,1.0,1.0,4,4,0.0,0.0,0.0,0.0,1949.0,1.0,7,0,0.0,2.0,1.0,15.0
4142,4,13,1230,1,1,2,1.0,1.0,364.0,220,3.0,2.0,2.0,0.0,1.0,1.0,1.0,1,4,1.0,0.0,0.0,0.0,1965.0,2.0,7,0,0.0,2.0,1.0,1.0
4143,4,13,1230,1,1,2,1.0,1.0,364.0,220,3.0,2.0,2.0,0.0,1.0,1.0,1.0,1,4,1.0,0.0,0.0,0.0,1965.0,1.0,7,0,0.0,2.0,1.0,15.0
4144,5,18,1015,1,1,2,1.0,3.0,299.0,220,3.0,2.0,2.0,0.0,2.0,1.0,2.0,1,1,1.0,0.0,0.0,0.0,1970.0,1.0,10,0,0.0,2.0,1.0,1.0
4145,5,18,1015,1,1,2,1.0,3.0,299.0,220,3.0,2.0,2.0,0.0,2.0,1.0,2.0,1,1,1.0,0.0,0.0,0.0,1970.0,0.0,7,0,0.0,2.0,8.0,15.0
4146,5,18,1015,1,1,2,1.0,3.0,299.0,220,3.0,2.0,2.0,0.0,2.0,1.0,2.0,1,4,4.0,0.0,0.0,0.0,1953.0,1.0,10,0,0.0,2.0,1.0,1.0
4147,5,18,1015,1,1,2,1.0,3.0,299.0,220,3.0,2.0,2.0,0.0,2.0,1.0,2.0,1,4,4.0,0.0,0.0,0.0,1953.0,0.0,7,0,0.0,2.0,8.0,15.0
4148,5,18,1015,1,1,2,1.0,3.0,299.0,220,3.0,2.0,2.0,0.0,2.0,1.0,2.0,4,4,0.0,0.0,0.0,0.0,1951.0,1.0,10,0,0.0,2.0,1.0,1.0
4149,5,18,1015,1,1,2,1.0,3.0,299.0,220,3.0,2.0,2.0,0.0,2.0,1.0,2.0,4,4,0.0,0.0,0.0,0.0,1951.0,0.0,7,0,0.0,2.0,8.0,15.0
4150,5,18,1015,1,1,2,1.0,3.0,299.0,220,3.0,2.0,2.0,0.0,2.0,1.0,2.0,4,4,0.0,0.0,0.0,0.0,1931.0,1.0,10,0,0.0,2.0,1.0,1.0
4151,5,18,1015,1,1,2,1.0,3.0,299.0,220,3.0,2.0,2.0,0.0,2.0,1.0,2.0,4,4,0.0,0.0,0.0,0.0,1931.0,0.0,7,0,0.0,2.0,8.0,15.0
4152,6,4,2315,5,2,6,1.0,3.0,118.0,220,3.0,0.0,0.0,0.0,0.0,2.0,1.0,1,1,4.0,0.0,0.0,0.0,1999.0,1.0,2,0,0.0,2.0,1.0,9.0
4153,6,4,2315,5,2,6,1.0,3.0,118.0,220,3.0,0.0,0.0,0.0,0.0,2.0,1.0,1,1,4.0,0.0,0.0,0.0,1999.0,1.0,7,0,0.0,2.0,6.0,1.0
4154,6,4,2315,5,2,6,1.0,3.0,118.0,220,3.0,0.0,0.0,0.0,0.0,2.0,1.0,1,4,4.0,0.0,0.0,0.0,1990.0,1.0,2,0,0.0,2.0,1.0,9.0
4155,6,4,2315,5,2,6,1.0,3.0,118.0,220,3.0,0.0,0.0,0.0,0.0,2.0,1.0,1,4,4.0,0.0,0.0,0.0,1990.0,1.0,7,0,0.0,2.0,6.0,1.0
4156,6,7,1045,1,2,1,1.0,6.0,50.0,220,3.0,2.0,2.0,0.0,1.0,1.0,1.0,1,1,4.0,0.0,0.0,0.0,1953.0,1.0,7,0,0.0,1.0,2.0,1.0
4157,6,7,1045,1,2,1,1.0,6.0,50.0,220,3.0,2.0,2.0,0.0,1.0,1.0,1.0,3,4,0.0,2.0,3.0,1.0,1933.0,1.0,7,0,0.0,1.0,2.0,1.0
4158,8,3,1500,1,1,1,1.0,1.0,197.0,220,4.0,2.0,2.0,0.0,3.0,1.0,1.0,1,4,4.0,0.0,0.0,0.0,1981.0,0.0,7,0,0.0,2.0,1.0,13.0
4159,8,3,1500,1,1,1,1.0,1.0,197.0,220,4.0,2.0,2.0,0.0,3.0,1.0,1.0,1,4,4.0,0.0,0.0,0.0,1981.0,0.0,7,0,0.0,2.0,1.0,1.0
4160,8,3,1500,1,1,1,1.0,1.0,197.0,220,4.0,2.0,2.0,0.0,3.0,1.0,1.0,1,1,4.0,0.0,0.0,0.0,1971.0,0.0,7,0,0.0,2.0,1.0,13.0