,month,day,time,light,location,intersection,atmosphere,collision,municipality,department,road,traffic,nblanes,reslane,laneprofile,plan,surface,user,sex,route,pedlocation,pedaction,pedcondition,birth,dirtraffic,catvehicle,nboccupants,obstacle,movobstacle,impact,maneuver
4161,8,3,1500,1,1,1,1.0,1.0,197.0,220,4.0,2.0,2.0,0.0,3.0,1.0,1.0,1,1,4.0,0.0,0.0,0.0,1971.0,0.0,7,0,0.0,2.0,1.0,1.0
4162,8,24,1430,1,2,1,1.0,7.0,274.0,220,4.0,2.0,0.0,0.0,1.0,0.0,9.0,1,1,4.0,0.0,0.0,0.0,2000.0,0.0,30,0,0.0,0.0,1.0,1.0
4163,9,2,1730,1,2,3,1.0,3.0,50.0,220,4.0,2.0,2.0,0.0,0.0,1.0,1.0,1,1,4.0,0.0,0.0,0.0,2001.0,0.0,30,0,0.0,2.0,1.0,1.0
4164,9,2,1730,1,2,3,1.0,3.0,50.0,220,4.0,2.0,2.0,0.0,0.0,1.0,1.0,1,1,4.0,0.0,0.0,0.0,2001.0,0.0,7,0,0.0,2.0,3.0,15.0
4165,9,2,1730,1,2,3,1.0,3.0,50.0,220,4.0,2.0,2.0,0.0,0.0,1.0,1.0,1,4,4.0,0.0,0.0,0.0,1976.0,0.0,30,0,0.0,2.0,1.0,1.0
4166,9,2,1730,1,2,3,1.0,3.0,50.0,220,4.0,2.0,2.0,0.0,0.0,1.0,1.0,1,4,4.0,0.0,0.0,0.0,1976.0,0.0,7,0,0.0,2.0,3.0,15.0
4167,9,19,1715,1,2,1,1.0,6.0,259.0,220,3.0,2.0,2.0,0.0,1.0,1.0,1.0,1,1,4.0,0.0,0.0,0.0,1978.0,1.0,7,0,0.0,1.0,1.0,1.0
4168,9,19,1715,1,2,1,1.0,6.0,259.0,220,3.0,2.0,2.0,0.0,1.0,1.0,1.0,3,4,9.0,2.0,3.0,1.0,1943.0,1.0,7,0,0.0,1.0,1.0,1.0
4169,9,23,1930,3,1,1,1.0,2.0,118.0,220,3.0,2.0,2.0,0.0,4.0,1.0,1.0,1,1,2.0,0.0,0.0,0.0,1996.0,1.0,7,0,0.0,2.0,6.0,15.0
4170,9,23,1930,3,1,1,1.0,2.0,118.0,220,3.0,2.0,2.0,0.0,4.0,1.0,1.0,1,1,2.0,0.0,0.0,0.0,1996.0,1.0,31,0,0.0,2.0,1.0,2.0
4171,9,23,1930,3,1,1,1.0,2.0,118.0,220,3.0,2.0,2.0,0.0,4.0,1.0,1.0,1,1,0.0,0.0,0.0,0.0,1981.0,1.0,7,0,0.0,2.0,6.0,15.0
4172,9,23,1930,3,1,1,1.0,2.0,118.0,220,3.0,2.0,2.0,0.0,4.0,1.0,1.0,1,1,0.0,0.0,0.0,0.0,1981.0,1.0,31,0,0.0,2.0,1.0,2.0
4173,10,4,1230,1,1,1,7.0,1.0,213.0,220,3.0,2.0,2.0,0.0,0.0,2.0,1.0,1,4,4.0,0.0,0.0,0.0,1989.0,1.0,7,0,0.0,2.0,3.0,1.0
4174,10,4,1230,1,1,1,7.0,1.0,213.0,220,3.0,2.0,2.0,0.0,0.0,2.0,1.0,1,4,4.0,0.0,0.0,0.0,1989.0,2.0,7,0,0.0,2.0,3.0,1.0
4175,10,4,1230,1,1,1,7.0,1.0,213.0,220,3.0,2.0,2.0,0.0,0.0,2.0,1.0,4,4,0.0,0.0,0.0,0.0,1934.0,1.0,7,0,0.0,2.0,3.0,1.0
4176,10,4,1230,1,1,1,7.0,1.0,213.0,220,3.0,2.0,2.0,0.0,0.0,2.0,1.0,4,4,0.0,0.0,0.0,0.0,1934.0,2.0,7,0,0.0,2.0,3.0,1.0
4177,10,4,1230,1,1,1,7.0,1.0,213.0,220,3.0,2.0,2.0,0.0,0.0,2.0,1.0,4,4,0.0,0.0,0.0,0.0,1956.0,1.0,7,0,0.0,2.0,3.0,1.0
4178,10,4,1230,1,1,1,7.0,1.0,213.0,220,3.0,2.0,2.0,0.0,0.0,2.0,1.0,4,4,0.0,0.0,0.0,0.0,1956.0,2.0,7,0,0.0,2.0,3.0,1.0
4179,10,4,1230,1,1,1,7.0,1.0,213.0,220,3.0,2.0,2.0,0.0,0.0,2.0,1.0,1,4,1.0,0.0,0.0,0.0,1964.0,1.0,7,0,0.0,2.0,3.0,1.0
4180,10,4,1230,1,1,1,7.0,1.0,213.0,220,3.0,2.0,2.0,0.0,0.0,2.0,1.0,1,4,1.0,0.0,0.0,0.0,1964.0,2.0,7,0,0.0,2.0,3.0,1.0
4181,10,11,945,1,1,6,1.0,3.0,327.0,220,3.0,2.0,0.0,0.0,1.0,1.0,1.0,1,1,9.0,0.0,0.0,0.0,1986.0,2.0,31,0,0.0,2.0,1.0,19.0
4182,10,11,945,1,1,6,1.0,3.0,327.0,220,3.0,2.0,0.0,0.0,1.0,1.0,1.0,1,1,9.0,0.0,0.0,0.0,1986.0,2.0,7,0,0.0,2.0,3.0,16.0
4183,10,11,945,1,1,6,1.0,3.0,327.0,220,3.0,2.0,0.0,0.0,1.0,1.0,1.0,1,4,9.0,0.0,0.0,0.0,1963.0,2.0,31,0,0.0,2.0,1.0,19.0
4184,10,11,945,1,1,6,1.0,3.0,327.0,220,3.0,2.0,0.0,0.0,1.0,1.0,1.0,1,4,9.0,0.0,0.0,0.0,1963.0,2.0,7,0,0.0,2.0,3.0,16.0
4185,11,20,1100,1,1,1,8.0,6.0,308.0,220,3.0,2.0,2.0,0.0,1.0,3.0,2.0,1,1,4.0,0.0,0.0,0.0,1996.0,1.0,7,0,2.0,0.0,7.0,13.0
4186,11,20,1100,1,1,1,8.0,6.0,308.0,220,3.0,2.0,2.0,0.0,1.0,3.0,2.0,4,1,0.0,0.0,0.0,0.0,1997.0,1.0,7,0,2.0,0.0,7.0,13.0
4187,10,28,1830,1,2,1,1.0,1.0,50.0,220,3.0,2.0,2.0,0.0,2.0,2.0,1.0,1,1,4.0,0.0,0.0,0.0,1934.0,2.0,7,0,0.0,2.0,1.0,1.0
4188,10,28,1830,1,2,1,1.0,1.0,50.0,220,3.0,2.0,2.0,0.0,2.0,2.0,1.0,1,1,4.0,0.0,0.0,0.0,1934.0,1.0,32,0,0.0,2.0,1.0,5.0
4189,10,28,1830,1,2,1,1.0,1.0,50.0,220,3.0,2.0,2.0,0.0,2.0,2.0,1.0,1,1,4.0,0.0,0.0,0.0,1997.0,2.0,7,0,0.0,2.0,1.0,1.0
4190,10,28,1830,1,2,1,1.0,1.0,50.0,220,3.0,2.0,2.0,0.0,2.0,2.0,1.0,1,1,4.0,0.0,0.0,0.0,1997.0,1.0,32,0,0.0,2.0,1.0,5.0
4191,12,20,1445,1,1,2,8.0,3.0,299.0,220,3.0,2.0,2.0,0.0,1.0,1.0,2.0,1,4,4.0,0.0,0.0,0.0,1950.0,1.0,7,0,0.0,2.0,3.0,1.0
4192,12,20,1445,1,1,2,8.0,3.0,299.0,220,3.0,2.0,2.0,0.0,1.0,1.0,2.0,1,4,4.0,0.0,0.0,0.0,1950.0,1.0,7,0,0.0,2.0,2.0,19.0
4193,12,20,1445,1,1,2,8.0,3.0,299.0,220,3.0,2.0,2.0,0.0,1.0,1.0,2.0,1,4,4.0,0.0,0.0,0.0,1948.0,1.0,7,0,0.0,2.0,3.0,1.0
4194,12,20,1445,1,1,2,8.0,3.0,299.0,220,3.0,2.0,2.0,0.0,1.0,1.0,2.0,1,4,4.0,0.0,0.0,0.0,1948.0,1.0,7,0,0.0,2.0,2.0,19.0
4195,6,28,1545,1,2,1,1.0,6.0,179.0,220,3.0,2.0,2.0,0.0,4.0,1.0,0.0,1,1,4.0,0.0,0.0,0.0,1997.0,1.0,1,0,0.0,1.0,1.0,1.0
4196,6,28,1545,1,2,1,1.0,6.0,179.0,220,3.0,2.0,2.0,0.0,4.0,1.0,0.0,3,1,4.0,2.0,3.0,1.0,1923.0,1.0,1,0,0.0,1.0,1.0,1.0
4197,7,21,1745,1,2,1,1.0,3.0,282.0,220,3.0,2.0,2.0,0.0,1.0,3.0,1.0,1,1,4.0,0.0,0.0,0.0,1977.0,1.0,33,0,0.0,2.0,1.0,17.0
4198,7,21,1745,1,2,1,1.0,3.0,282.0,220,3.0,2.0,2.0,0.0,1.0,3.0,1.0,1,1,4.0,0.0,0.0,0.0,1977.0,1.0,7,0,0.0,2.0,7.0,19.0
4199,7,21,1745,1,2,1,1.0,3.0,282.0,220,3.0,2.0,2.0,0.0,1.0,3.0,1.0,1,4,0.0,0.0,0.0,0.0,1953.0,1.0,33,0,0.0,2.0,1.0,17.0
4200,7,21,1745,1,2,1,1.0,3.0,282.0,220,3.0,2.0,2.0,0.0,1.0,3.0,1.0,1,4,0.0,0.0,0.0,0.0,1953.0,1.0,7,0,0.0,2.0,7.0,19.0
4201,9,10,730,1,1,1,1.0,6.0,76.0,220,3.0,2.0,2.0,0.0,4.0,1.0,1.0,1,1,4.0,0.0,0.0,0.0,1994.0,2.0,7,0,6.0,0.0,3.0,13.0
4202,9,10,730,1,1,1,1.0,6.0,76.0,220,3.0,2.0,2.0,0.0,4.0,1.0,1.0,4,1,0.0,0.0,0.0,0.0,1989.0,2.0,7,0,6.0,0.0,3.0,13.0
4203,11,13,1645,1,1,2,1.0,3.0,179.0,220,3.0,2.0,2.0,0.0,0.0,1.0,1.0,1,1,4.0,0.0,0.0,0.0,1945.0,2.0,7,0,0.0,2.0,3.0,15.0
4204,11,13,1645,1,1,2,1.0,3.0,179.0,220,3.0,2.0,2.0,0.0,0.0,1.0,1.0,1,1,4.0,0.0,0.0,0.0,1945.0,1.0,2,0,0.0,2.0,8.0,1.0
4205,11,13,1645,1,1,2,1.0,3.0,179.0,220,3.0,2.0,2.0,0.0,0.0,1.0,1.0,1,1,4.0,0.0,0.0,0.0,1999.0,2.0,7,0,0.0,2.0,3.0,15.0
4206,11,13,1645,1,1,2,1.0,3.0,179.0,220,3.0,2.0,2.0,0.0,0.0,1.0,1.0,1,1,4.0,0.0,0.0,0.0,1999.0,1.0,2,0,0.0,2.0,8.0,1.0
4207,12,12,1845,5,2,3,2.0,3.0,179.0,220,3.0,2.0,2.0,0.0,1.0,1.0,2.0,1,1,4.0,0.0,0.0,0.0,1959.0,2.0,7,0,0.0,2.0,8.0,15.0
4208,12,12,1845,5,2,3,2.0,3.0,179.0,220,3.0,2.0,2.0,0.0,1.0,1.0,2.0,1,1,4.0,0.0,0.0,0.0,1959.0,1.0,2,0,0.0,2.0,8.0,1.0
4209,12,12,1845,5,2,3,2.0,3.0,179.0,220,3.0,2.0,2.0,0.0,1.0,1.0,2.0,1,1,4.0,0.0,0.0,0.0,2001.0,2.0,7,0,0.0,2.0,8.0,15.0
4210,12,12,1845,5,2,3,2.0,3.0,179.0,220,3.0,2.0,2.0,0.0,1.0,1.0,2.0,1,1,4.0,0.0,0.0,0.0,2001.0,1.0,2,0,0.0,2.0,8.0,1.0
4211,2,9,1700,1,2,1,3.0,6.0,70.0,220,4.0,2.0,2.0,0.0,1.0,1.0,2.0,1,1,0.0,0.0,0.0,0.0,1961.0,0.0,7,0,0.0,1.0,1.0,1.0
4212,2,9,1700,1,2,1,3.0,6.0,70.0,220,4.0,2.0,2.0,0.0,1.0,1.0,2.0,3,1,0.0,2.0,3.0,1.0,1951.0,0.0,7,0,0.0,1.0,1.0,1.0
4213,5,28,1700,1,1,3,1.0,1.0,223.0,220,4.0,2.0,2.0,0.0,1.0,1.0,1.0,1,1,4.0,0.0,0.0,0.0,2000.0,0.0,31,0,0.0,2.0,1.0,13.0
4214,5,28,1700,1,1,3,1.0,1.0,223.0,220,4.0,2.0,2.0,0.0,1.0,1.0,1.0,1,1,4.0,0.0,0.0,0.0,2000.0,0.0,7,0,0.0,2.0,1.0,1.0
4215,5,28,1700,1,1,3,1.0,1.0,223.0,220,4.0,2.0,2.0,0.0,1.0,1.0,1.0,1,4,4.0,0.0,0.0,0.0,1982.0,0.0,31,0,0.0,2.0,1.0,13.0
4216,5,28,1700,1,1,3,1.0,1.0,223.0,220,4.0,2.0,2.0,0.0,1.0,1.0,1.0,1,4,4.0,0.0,0.0,0.0,1982.0,0.0,7,0,0.0,2.0,1.0,1.0
4217,7,23,1030,1,2,2,1.0,3.0,70.0,220,3.0,2.0,2.0,0.0,0.0,1.0,1.0,1,1,0.0,0.0,0.0,0.0,1945.0,1.0,1,0,0.0,2.0,1.0,1.0
4218,7,23,1030,1,2,2,1.0,3.0,70.0,220,3.0,2.0,2.0,0.0,0.0,1.0,1.0,1,1,0.0,0.0,0.0,0.0,1945.0,0.0,7,0,0.0,2.0,5.0,19.0
4219,7,23,1030,1,2,2,1.0,3.0,70.0,220,3.0,2.0,2.0,0.0,0.0,1.0,1.0,1,1,4.0,0.0,0.0,0.0,1933.0,1.0,1,0,0.0,2.0,1.0,1.0
4220,7,23,1030,1,2,2,1.0,3.0,70.0,220,3.0,2.0,2.0,0.0,0.0,1.0,1.0,1,1,4.0,0.0,0.0,0.0,1933.0,0.0,7,0,0.0,2.0,5.0,19.0
4221,7,29,1745,1,1,1,1.0,6.0,304.0,220,3.0,0.0,2.0,0.0,1.0,2.0,1.0,1,1,4.0,0.0,0.0,0.0,1988.0,1.0,33,0,0.0,0.0,1.0,1.0
4222,8,20,2130,5,2,2,1.0,3.0,70.0,220,3.0,0.0,2.0,0.0,1.0,1.0,1.0,1,4,0.0,0.0,0.0,0.0,1992.0,2.0,30,0,0.0,2.0,1.0,1.0
4223,8,20,2130,5,2,2,1.0,3.0,70.0,220,3.0,0.0,2.0,0.0,1.0,1.0,1.0,1,4,0.0,0.0,0.0,0.0,1992.0,0.0,7,0,0.0,2.0,3.0,15.0
4224,8,20,2130,5,2,2,1.0,3.0,70.0,220,3.0,0.0,2.0,0.0,1.0,1.0,1.0,1,1,0.0,0.0,0.0,0.0,1969.0,2.0,30,0,0.0,2.0,1.0,1.0
4225,8,20,2130,5,2,2,1.0,3.0,70.0,220,3.0,0.0,2.0,0.0,1.0,1.0,1.0,1,1,0.0,0.0,0.0,0.0,1969.0,0.0,7,0,0.0,2.0,3.0,15.0
4226,11,28,1600,1,2,1,1.0,1.0,70.0,220,4.0,2.0,2.0,0.0,1.0,1.0,1.0,1,4,0.0,0.0,0.0,0.0,1972.0,0.0,7,0,0.0,2.0,3.0,1.0
4227,11,28,1600,1,2,1,1.0,1.0,70.0,220,4.0,2.0,2.0,0.0,1.0,1.0,1.0,1,4,0.0,0.0,0.0,0.0,1972.0,0.0,1,0,0.0,2.0,1.0,13.0
4228,11,28,1600,1,2,1,1.0,1.0,70.0,220,4.0,2.0,2.0,0.0,1.0,1.0,1.0,1,1,0.0,0.0,0.0,0.0,1980.0,0.0,7,0,0.0,2.0,3.0,1.0
4229,11,28,1600,1,2,1,1.0,1.0,70.0,220,4.0,2.0,2.0,0.0,1.0,1.0,1.0,1,1,0.0,0.0,0.0,0.0,1980.0,0.0,1,0,0.0,2.0,1.0,13.0
4230,6,25,1945,1,1,1,1.0,7.0,198.0,220,3.0,2.0,2.0,0.0,0.0,1.0,1.0,1,1,4.0,0.0,0.0,0.0,1993.0,1.0,7,0,13.0,0.0,3.0,1.0
4231,6,24,1645,1,1,2,1.0,3.0,198.0,220,3.0,2.0,2.0,0.0,1.0,1.0,1.0,1,1,4.0,0.0,0.0,0.0,1965.0,1.0,33,0,0.0,2.0,1.0,1.0
4232,6,24,1645,1,1,2,1.0,3.0,198.0,220,3.0,2.0,2.0,0.0,1.0,1.0,1.0,1,1,4.0,0.0,0.0,0.0,1965.0,1.0,7,0,0.0,2.0,2.0,1.0
4233,6,24,1645,1,1,2,1.0,3.0,198.0,220,3.0,2.0,2.0,0.0,1.0,1.0,1.0,1,4,4.0,0.0,0.0,0.0,1956.0,1.0,33,0,0.0,2.0,1.0,1.0
4234,6,24,1645,1,1,2,1.0,3.0,198.0,220,3.0,2.0,2.0,0.0,1.0,1.0,1.0,1,4,4.0,0.0,0.0,0.0,1956.0,1.0,7,0,0.0,2.0,2.0,1.0
4235,10,11,1545,1,2,1,7.0,6.0,168.0,220,3.0,2.0,2.0,0.0,1.0,1.0,1.0,1,1,4.0,0.0,0.0,0.0,1941.0,2.0,7,0,0.0,1.0,2.0,1.0
4236,10,11,1545,1,2,1,7.0,6.0,168.0,220,3.0,2.0,2.0,0.0,1.0,1.0,1.0,3,1,4.0,4.0,6.0,1.0,1959.0,2.0,7,0,0.0,1.0,2.0,1.0
4237,11,19,1815,3,1,4,6.0,3.0,90.0,220,3.0,2.0,2.0,0.0,2.0,1.0,2.0,1,1,4.0,0.0,0.0,0.0,1981.0,2.0,33,0,0.0,2.0,1.0,1.0
4238,11,19,1815,3,1,4,6.0,3.0,90.0,220,3.0,2.0,2.0,0.0,2.0,1.0,2.0,1,1,4.0,0.0,0.0,0.0,1981.0,1.0,7,0,0.0,2.0,3.0,15.0
4239,11,19,1815,3,1,4,6.0,3.0,90.0,220,3.0,2.0,2.0,0.0,2.0,1.0,2.0,1,1,4.0,0.0,0.0,0.0,1990.0,2.0,33,0,0.0,2.0,1.0,1.0
4240,11,19,1815,3,1,4,6.0,3.0,90.0,220,3.0,2.0,2.0,0.0,2.0,1.0,2.0,1,1,4.0,0.0,0.0,0.0,1990.0,1.0,7,0,0.0,2.0,3.0,15.0
4241,11,28,1745,5,2,1,1.0,6.0,168.0,220,3.0,2.0,2.0,0.0,0.0,1.0,1.0,1,4,3.0,0.0,0.0,0.0,1971.0,1.0,7,0,0.0,1.0,2.0,1.0
4242,11,28,1745,5,2,1,1.0,6.0,168.0,220,3.0,2.0,2.0,0.0,0.0,1.0,1.0,3,4,3.0,2.0,3.0,1.0,1931.0,1.0,7,0,0.0,1.0,2.0,1.0
4243,12,22,1000,1,1,1,7.0,2.0,134.0,220,3.0,2.0,2.0,0.0,1.0,1.0,2.0,1,4,4.0,0.0,0.0,0.0,1972.0,2.0,1,0,0.0,2.0,0.0,2.0
4244,12,22,1000,1,1,1,7.0,2.0,134.0,220,3.0,2.0,2.0,0.0,1.0,1.0,2.0,1,4,4.0,0.0,0.0,0.0,1972.0,2.0,7,0,0.0,2.0,7.0,2.0
4245,12,22,1000,1,1,1,7.0,2.0,134.0,220,3.0,2.0,2.0,0.0,1.0,1.0,2.0,1,4,3.0,0.0,0.0,0.0,1931.0,2.0,1,0,0.0,2.0,0.0,2.0
4246,12,22,1000,1,1,1,7.0,2.0,134.0,220,3.0,2.0,2.0,0.0,1.0,1.0,2.0,1,4,3.0,0.0,0.0,0.0,1931.0,2.0,7,0,0.0,2.0,7.0,2.0
4247,3,27,1830,1,2,2,2.0,3.0,225.0,290,3.0,2.0,2.0,0.0,1.0,1.0,2.0,1,4,4.0,0.0,0.0,0.0,1944.0,1.0,7,0,0.0,2.0,3.0,19.0
4248,3,27,1830,1,2,2,2.0,3.0,225.0,290,3.0,2.0,2.0,0.0,1.0,1.0,2.0,1,4,4.0,0.0,0.0,0.0,1944.0,2.0,30,0,0.0,2.0,1.0,1.0
4249,3,27,1830,1,2,2,2.0,3.0,225.0,290,3.0,2.0,2.0,0.0,1.0,1.0,2.0,1,1,4.0,0.0,0.0,0.0,2000.0,1.0,7,0,0.0,2.0,3.0,19.0
4250,3,27,1830,1,2,2,2.0,3.0,225.0,290,3.0,2.0,2.0,0.0,1.0,1.0,2.0,1,1,4.0,0.0,0.0,0.0,2000.0,2.0,30,0,0.0,2.0,1.0,1.0
4251,4,21,1445,1,2,9,1.0,1.0,3.0,290,3.0,2.0,0.0,0.0,1.0,2.0,1.0,1,4,3.0,0.0,0.0,0.0,1953.0,1.0,7,0,0.0,2.0,3.0,17.0
4252,4,21,1445,1,2,9,1.0,1.0,3.0,290,3.0,2.0,0.0,0.0,1.0,2.0,1.0,1,4,3.0,0.0,0.0,0.0,1953.0,2.0,1,0,0.0,2.0,1.0,1.0
4253,4,21,1445,1,2,9,1.0,1.0,3.0,290,3.0,2.0,0.0,0.0,1.0,2.0,1.0,1,4,4.0,0.0,0.0,0.0,1968.0,1.0,7,0,0.0,2.0,3.0,17.0
4254,4,21,1445,1,2,9,1.0,1.0,3.0,290,3.0,2.0,0.0,0.0,1.0,2.0,1.0,1,4,4.0,0.0,0.0,0.0,1968.0,2.0,1,0,0.0,2.0,1.0,1.0
4255,5,7,1100,1,1,1,1.0,3.0,65.0,290,3.0,2.0,2.0,0.0,0.0,1.0,1.0,1,4,4.0,0.0,0.0,0.0,1994.0,1.0,7,0,0.0,2.0,7.0,15.0
4256,5,7,1100,1,1,1,1.0,3.0,65.0,290,3.0,2.0,2.0,0.0,0.0,1.0,1.0,1,4,4.0,0.0,0.0,0.0,1994.0,2.0,33,0,0.0,2.0,1.0,1.0
4257,5,7,1100,1,1,1,1.0,3.0,65.0,290,3.0,2.0,2.0,0.0,0.0,1.0,1.0,1,4,4.0,0.0,0.0,0.0,1969.0,1.0,7,0,0.0,2.0,7.0,15.0
4258,5,7,1100,1,1,1,1.0,3.0,65.0,290,3.0,2.0,2.0,0.0,0.0,1.0,1.0,1,4,4.0,0.0,0.0,0.0,1969.0,2.0,33,0,0.0,2.0,1.0,1.0
4259,5,27,1745,1,2,1,1.0,6.0,168.0,290,3.0,2.0,2.0,0.0,1.0,1.0,1.0,1,4,4.0,0.0,0.0,0.0,1935.0,1.0,7,0,0.0,1.0,2.0,1.0
4260,5,27,1745,1,2,1,1.0,6.0,168.0,290,3.0,2.0,2.0,0.0,1.0,1.0,1.0,3,4,4.0,4.0,3.0,3.0,2007.0,1.0,7,0,0.0,1.0,2.0,1.0
4261,6,7,1815,1,1,1,1.0,3.0,216.0,290,3.0,2.0,2.0,0.0,1.0,1.0,1.0,1,1,9.0,0.0,0.0,0.0,1950.0,1.0,33,0,0.0,2.0,8.0,1.0
4262,6,7,1815,1,1,1,1.0,3.0,216.0,290,3.0,2.0,2.0,0.0,1.0,1.0,1.0,1,1,9.0,0.0,0.0,0.0,1950.0,2.0,7,0,0.0,2.0,2.0,19.0
4263,6,7,1815,1,1,1,1.0,3.0,216.0,290,3.0,2.0,2.0,0.0,1.0,1.0,1.0,1,1,9.0,0.0,0.0,0.0,1981.0,1.0,33,0,0.0,2.0,8.0,1.0
4264,6,7,1815,1,1,1,1.0,3.0,216.0,290,3.0,2.0,2.0,0.0,1.0,1.0,1.0,1,1,9.0,0.0,0.0,0.0,1981.0,2.0,7,0,0.0,2.0,2.0,19.0
4265,7,24,1345,1,1,1,8.0,3.0,173.0,290,3.0,2.0,0.0,0.0,0.0,3.0,1.0,1,1,1.0,0.0,0.0,0.0,1997.0,1.0,7,0,3.0,2.0,5.0,19.0
4266,7,24,1345,1,1,1,8.0,3.0,173.0,290,3.0,2.0,0.0,0.0,0.0,3.0,1.0,1,1,1.0,0.0,0.0,0.0,1997.0,2.0,7,0,0.0,2.0,1.0,1.0
4267,7,24,1345,1,1,1,8.0,3.0,173.0,290,3.0,2.0,0.0,0.0,0.0,3.0,1.0,1,4,0.0,0.0,0.0,0.0,1982.0,1.0,7,0,3.0,2.0,5.0,19.0
4268,7,24,1345,1,1,1,8.0,3.0,173.0,290,3.0,2.0,0.0,0.0,0.0,3.0,1.0,1,4,0.0,0.0,0.0,0.0,1982.0,2.0,7,0,0.0,2.0,1.0,1.0
4269,7,24,1345,1,1,1,8.0,3.0,173.0,290,3.0,2.0,0.0,0.0,0.0,3.0,1.0,4,1,0.0,0.0,0.0,0.0,1952.0,1.0,7,0,3.0,2.0,5.0,19.0
4270,7,24,1345,1,1,1,8.0,3.0,173.0,290,3.0,2.0,0.0,0.0,0.0,3.0,1.0,4,1,0.0,0.0,0.0,0.0,1952.0,2.0,7,0,0.0,2.0,1.0,1.0
4271,7,27,1815,1,1,1,8.0,1.0,173.0,290,3.0,2.0,2.0,0.0,0.0,1.0,1.0,1,1,4.0,0.0,0.0,0.0,1947.0,2.0,10,0,0.0,2.0,1.0,13.0
4272,7,27,1815,1,1,1,8.0,1.0,173.0,290,3.0,2.0,2.0,0.0,0.0,1.0,1.0,1,1,4.0,0.0,0.0,0.0,1947.0,1.0,7,0,0.0,2.0,1.0,1.0
4273,7,27,1815,1,1,1,8.0,1.0,173.0,290,3.0,2.0,2.0,0.0,0.0,1.0,1.0,4,4,0.0,0.0,0.0,0.0,1954.0,2.0,10,0,0.0,2.0,1.0,13.0
4274,7,27,1815,1,1,1,8.0,1.0,173.0,290,3.0,2.0,2.0,0.0,0.0,1.0,1.0,4,4,0.0,0.0,0.0,0.0,1954.0,1.0,7,0,0.0,2.0,1.0,1.0
4275,7,27,1815,1,1,1,8.0,1.0,173.0,290,3.0,2.0,2.0,0.0,0.0,1.0,1.0,4,1,0.0,0.0,0.0,0.0,2008.0,2.0,10,0,0.0,2.0,1.0,13.0
4276,7,27,1815,1,1,1,8.0,1.0,173.0,290,3.0,2.0,2.0,0.0,0.0,1.0,1.0,4,1,0.0,0.0,0.0,0.0,2008.0,1.0,7,0,0.0,2.0,1.0,1.0
4277,7,27,1815,1,1,1,8.0,1.0,173.0,290,3.0,2.0,2.0,0.0,0.0,1.0,1.0,1,4,4.0,0.0,0.0,0.0,1962.0,2.0,10,0,0.0,2.0,1.0,13.0
4278,7,27,1815,1,1,1,8.0,1.0,173.0,290,3.0,2.0,2.0,0.0,0.0,1.0,1.0,1,4,4.0,0.0,0.0,0.0,1962.0,1.0,7,0,0.0,2.0,1.0,1.0
4279,8,4,2030,1,2,1,7.0,3.0,197.0,290,3.0,2.0,1.0,0.0,0.0,1.0,1.0,1,1,0.0,0.0,0.0,0.0,1939.0,1.0,7,0,0.0,2.0,3.0,13.0
4280,8,4,2030,1,2,1,7.0,3.0,197.0,290,3.0,2.0,1.0,0.0,0.0,1.0,1.0,1,1,0.0,0.0,0.0,0.0,1939.0,1.0,31,0,0.0,2.0,1.0,17.0
4281,8,4,2030,1,2,1,7.0,3.0,197.0,290,3.0,2.0,1.0,0.0,0.0,1.0,1.0,1,1,4.0,0.0,0.0,0.0,2000.0,1.0,7,0,0.0,2.0,3.0,13.0
4282,8,4,2030,1,2,1,7.0,3.0,197.0,290,3.0,2.0,1.0,0.0,0.0,1.0,1.0,1,1,4.0,0.0,0.0,0.0,2000.0,1.0,31,0,0.0,2.0,1.0,17.0
4283,8,4,2030,1,2,1,7.0,3.0,197.0,290,3.0,2.0,1.0,0.0,0.0,1.0,1.0,4,1,0.0,0.0,0.0,0.0,2000.0,1.0,7,0,0.0,2.0,3.0,13.0
4284,8,4,2030,1,2,1,7.0,3.0,197.0,290,3.0,2.0,1.0,0.0,0.0,1.0,1.0,4,1,0.0,0.0,0.0,0.0,2000.0,1.0,31,0,0.0,2.0,1.0,17.0
4285,8,27,1815,1,1,1,1.0,2.0,197.0,290,3.0,2.0,2.0,0.0,0.0,3.0,1.0,1,1,4.0,0.0,0.0,0.0,1966.0,1.0,7,0,0.0,2.0,4.0,1.0
4286,8,27,1815,1,1,1,1.0,2.0,197.0,290,3.0,2.0,2.0,0.0,0.0,3.0,1.0,1,1,4.0,0.0,0.0,0.0,1966.0,1.0,33,0,0.0,2.0,1.0,1.0
4287,8,27,1815,1,1,1,1.0,2.0,197.0,290,3.0,2.0,2.0,0.0,0.0,3.0,1.0,1,1,4.0,0.0,0.0,0.0,1955.0,1.0,7,0,0.0,2.0,4.0,1.0
4288,8,27,1815,1,1,1,1.0,2.0,197.0,290,3.0,2.0,2.0,0.0,0.0,3.0,1.0,1,1,4.0,0.0,0.0,0.0,1955.0,1.0,33,0,0.0,2.0,1.0,1.0
4289,12,3,1415,1,2,1,1.0,1.0,197.0,290,3.0,2.0,2.0,0.0,1.0,1.0,1.0,1,4,4.0,0.0,0.0,0.0,1957.0,1.0,7,0,0.0,2.0,3.0,1.0