,month,day,time,light,location,intersection,atmosphere,collision,municipality,department,road,traffic,nblanes,reslane,laneprofile,plan,surface,user,sex,route,pedlocation,pedaction,pedcondition,birth,dirtraffic,catvehicle,nboccupants,obstacle,movobstacle,impact,maneuver
4290,12,3,1415,1,2,1,1.0,1.0,197.0,290,3.0,2.0,2.0,0.0,1.0,1.0,1.0,1,4,4.0,0.0,0.0,0.0,1957.0,2.0,7,0,0.0,2.0,1.0,15.0
4291,12,3,1415,1,2,1,1.0,1.0,197.0,290,3.0,2.0,2.0,0.0,1.0,1.0,1.0,1,4,4.0,0.0,0.0,0.0,1972.0,1.0,7,0,0.0,2.0,3.0,1.0
4292,12,3,1415,1,2,1,1.0,1.0,197.0,290,3.0,2.0,2.0,0.0,1.0,1.0,1.0,1,4,4.0,0.0,0.0,0.0,1972.0,2.0,7,0,0.0,2.0,1.0,15.0
4293,12,3,1415,1,2,1,1.0,1.0,197.0,290,3.0,2.0,2.0,0.0,1.0,1.0,1.0,4,4,0.0,0.0,0.0,0.0,2006.0,1.0,7,0,0.0,2.0,3.0,1.0
4294,12,3,1415,1,2,1,1.0,1.0,197.0,290,3.0,2.0,2.0,0.0,1.0,1.0,1.0,4,4,0.0,0.0,0.0,0.0,2006.0,2.0,7,0,0.0,2.0,1.0,15.0
4295,1,5,845,5,2,1,2.0,6.0,46.0,290,4.0,2.0,2.0,0.0,1.0,3.0,2.0,1,4,4.0,0.0,0.0,0.0,1966.0,0.0,7,0,0.0,1.0,2.0,1.0
4296,1,5,845,5,2,1,2.0,6.0,46.0,290,4.0,2.0,2.0,0.0,1.0,3.0,2.0,3,4,4.0,1.0,3.0,1.0,1935.0,0.0,7,0,0.0,1.0,2.0,1.0
4297,1,7,1230,1,2,1,2.0,1.0,46.0,290,4.0,0.0,2.0,0.0,2.0,3.0,2.0,1,4,1.0,0.0,0.0,0.0,1981.0,0.0,7,0,0.0,2.0,3.0,1.0
4298,1,7,1230,1,2,1,2.0,1.0,46.0,290,4.0,0.0,2.0,0.0,2.0,3.0,2.0,1,4,1.0,0.0,0.0,0.0,1981.0,0.0,1,0,0.0,2.0,1.0,5.0
4299,1,7,1230,1,2,1,2.0,1.0,46.0,290,4.0,0.0,2.0,0.0,2.0,3.0,2.0,1,1,4.0,0.0,0.0,0.0,1952.0,0.0,7,0,0.0,2.0,3.0,1.0
4300,1,7,1230,1,2,1,2.0,1.0,46.0,290,4.0,0.0,2.0,0.0,2.0,3.0,2.0,1,1,4.0,0.0,0.0,0.0,1952.0,0.0,1,0,0.0,2.0,1.0,5.0
4301,1,17,1900,3,1,1,2.0,1.0,226.0,290,3.0,2.0,2.0,0.0,1.0,1.0,2.0,1,1,4.0,0.0,0.0,0.0,1930.0,2.0,7,0,0.0,2.0,3.0,13.0
4302,1,17,1900,3,1,1,2.0,1.0,226.0,290,3.0,2.0,2.0,0.0,1.0,1.0,2.0,1,1,4.0,0.0,0.0,0.0,1930.0,1.0,3,0,0.0,2.0,1.0,1.0
4303,1,17,1900,3,1,1,2.0,1.0,226.0,290,3.0,2.0,2.0,0.0,1.0,1.0,2.0,1,4,4.0,0.0,0.0,0.0,1951.0,2.0,7,0,0.0,2.0,3.0,13.0
4304,1,17,1900,3,1,1,2.0,1.0,226.0,290,3.0,2.0,2.0,0.0,1.0,1.0,2.0,1,4,4.0,0.0,0.0,0.0,1951.0,1.0,3,0,0.0,2.0,1.0,1.0
4305,4,14,945,1,2,1,2.0,6.0,46.0,290,9.0,2.0,0.0,0.0,0.0,0.0,2.0,1,4,4.0,0.0,0.0,0.0,1953.0,0.0,7,0,0.0,1.0,2.0,15.0
4306,4,14,945,1,2,1,2.0,6.0,46.0,290,9.0,2.0,0.0,0.0,0.0,0.0,2.0,3,1,4.0,1.0,3.0,1.0,1947.0,0.0,7,0,0.0,1.0,2.0,15.0
4307,9,18,1715,1,1,1,1.0,1.0,169.0,290,3.0,2.0,0.0,0.0,1.0,1.0,1.0,1,1,1.0,0.0,0.0,0.0,1970.0,1.0,7,0,0.0,2.0,1.0,1.0
4308,9,18,1715,1,1,1,1.0,1.0,169.0,290,3.0,2.0,0.0,0.0,1.0,1.0,1.0,1,1,1.0,0.0,0.0,0.0,1970.0,2.0,7,0,0.0,2.0,1.0,1.0
4309,9,18,1715,1,1,1,1.0,1.0,169.0,290,3.0,2.0,0.0,0.0,1.0,1.0,1.0,1,1,1.0,0.0,0.0,0.0,1949.0,1.0,7,0,0.0,2.0,1.0,1.0
4310,9,18,1715,1,1,1,1.0,1.0,169.0,290,3.0,2.0,0.0,0.0,1.0,1.0,1.0,1,1,1.0,0.0,0.0,0.0,1949.0,2.0,7,0,0.0,2.0,1.0,1.0
4311,10,2,45,5,2,1,1.0,6.0,46.0,290,3.0,2.0,0.0,0.0,2.0,2.0,1.0,1,1,4.0,0.0,0.0,0.0,1996.0,2.0,30,0,1.0,0.0,1.0,1.0
4312,10,19,1615,1,1,1,1.0,7.0,46.0,290,4.0,2.0,0.0,0.0,2.0,1.0,1.0,1,1,4.0,0.0,0.0,0.0,1939.0,0.0,1,0,0.0,0.0,2.0,1.0
4313,11,3,1630,1,2,1,1.0,6.0,46.0,290,4.0,2.0,2.0,0.0,1.0,1.0,1.0,1,1,4.0,0.0,0.0,0.0,2002.0,0.0,30,0,0.0,1.0,1.0,1.0
4314,11,3,1630,1,2,1,1.0,6.0,46.0,290,4.0,2.0,2.0,0.0,1.0,1.0,1.0,3,4,4.0,2.0,3.0,1.0,1930.0,0.0,30,0,0.0,1.0,1.0,1.0
4315,11,16,245,5,2,2,2.0,3.0,46.0,290,4.0,2.0,2.0,0.0,1.0,1.0,2.0,1,1,2.0,0.0,0.0,0.0,1966.0,0.0,7,0,0.0,2.0,5.0,1.0
4316,11,16,245,5,2,2,2.0,3.0,46.0,290,4.0,2.0,2.0,0.0,1.0,1.0,2.0,1,1,2.0,0.0,0.0,0.0,1966.0,0.0,10,0,0.0,2.0,2.0,1.0
4317,11,16,245,5,2,2,2.0,3.0,46.0,290,4.0,2.0,2.0,0.0,1.0,1.0,2.0,4,1,0.0,0.0,0.0,0.0,1984.0,0.0,7,0,0.0,2.0,5.0,1.0
4318,11,16,245,5,2,2,2.0,3.0,46.0,290,4.0,2.0,2.0,0.0,1.0,1.0,2.0,4,1,0.0,0.0,0.0,0.0,1984.0,0.0,10,0,0.0,2.0,2.0,1.0
4319,11,16,245,5,2,2,2.0,3.0,46.0,290,4.0,2.0,2.0,0.0,1.0,1.0,2.0,1,1,2.0,0.0,0.0,0.0,1975.0,0.0,7,0,0.0,2.0,5.0,1.0
4320,11,16,245,5,2,2,2.0,3.0,46.0,290,4.0,2.0,2.0,0.0,1.0,1.0,2.0,1,1,2.0,0.0,0.0,0.0,1975.0,0.0,10,0,0.0,2.0,2.0,1.0
4321,12,5,1830,5,1,9,1.0,6.0,46.0,290,3.0,2.0,0.0,0.0,0.0,1.0,1.0,1,1,0.0,0.0,0.0,0.0,1940.0,2.0,7,0,0.0,1.0,2.0,1.0
4322,12,5,1830,5,1,9,1.0,6.0,46.0,290,3.0,2.0,0.0,0.0,0.0,1.0,1.0,3,4,4.0,1.0,3.0,1.0,1999.0,2.0,7,0,0.0,1.0,2.0,1.0
4323,12,21,1800,5,2,1,3.0,6.0,46.0,290,3.0,2.0,0.0,0.0,2.0,1.0,2.0,1,1,2.0,0.0,0.0,0.0,1959.0,2.0,10,0,0.0,1.0,1.0,2.0
4324,12,21,1800,5,2,1,3.0,6.0,46.0,290,3.0,2.0,0.0,0.0,2.0,1.0,2.0,3,4,3.0,2.0,3.0,1.0,1935.0,2.0,10,0,0.0,1.0,1.0,2.0
4325,1,14,2200,3,1,1,8.0,6.0,161.0,290,3.0,2.0,1.0,0.0,0.0,1.0,2.0,1,1,4.0,0.0,0.0,0.0,2000.0,2.0,30,0,0.0,0.0,1.0,1.0
4326,1,23,230,3,1,1,5.0,7.0,58.0,290,3.0,2.0,0.0,0.0,1.0,3.0,2.0,1,1,4.0,0.0,0.0,0.0,1994.0,1.0,7,0,3.0,0.0,1.0,1.0
4327,2,22,1930,3,1,1,2.0,1.0,57.0,290,3.0,2.0,2.0,0.0,2.0,1.0,2.0,1,1,2.0,0.0,0.0,0.0,1968.0,1.0,10,0,0.0,2.0,3.0,13.0
4328,2,22,1930,3,1,1,2.0,1.0,57.0,290,3.0,2.0,2.0,0.0,2.0,1.0,2.0,1,1,2.0,0.0,0.0,0.0,1968.0,2.0,7,0,0.0,2.0,2.0,1.0
4329,2,22,1930,3,1,1,2.0,1.0,57.0,290,3.0,2.0,2.0,0.0,2.0,1.0,2.0,1,4,4.0,0.0,0.0,0.0,1953.0,1.0,10,0,0.0,2.0,3.0,13.0
4330,2,22,1930,3,1,1,2.0,1.0,57.0,290,3.0,2.0,2.0,0.0,2.0,1.0,2.0,1,4,4.0,0.0,0.0,0.0,1953.0,2.0,7,0,0.0,2.0,2.0,1.0
4331,4,17,1900,1,1,6,1.0,7.0,247.0,290,3.0,0.0,0.0,0.0,1.0,3.0,1.0,1,1,4.0,0.0,0.0,0.0,1962.0,1.0,33,0,0.0,0.0,0.0,0.0
4332,5,11,1345,1,1,1,1.0,3.0,57.0,290,4.0,2.0,0.0,0.0,1.0,1.0,1.0,1,1,1.0,0.0,0.0,0.0,1966.0,0.0,30,0,0.0,2.0,3.0,16.0
4333,5,11,1345,1,1,1,1.0,3.0,57.0,290,4.0,2.0,0.0,0.0,1.0,1.0,1.0,1,1,1.0,0.0,0.0,0.0,1966.0,0.0,7,0,0.0,2.0,3.0,1.0
4334,5,11,1345,1,1,1,1.0,3.0,57.0,290,4.0,2.0,0.0,0.0,1.0,1.0,1.0,1,4,4.0,0.0,0.0,0.0,1977.0,0.0,30,0,0.0,2.0,3.0,16.0
4335,5,11,1345,1,1,1,1.0,3.0,57.0,290,4.0,2.0,0.0,0.0,1.0,1.0,1.0,1,4,4.0,0.0,0.0,0.0,1977.0,0.0,7,0,0.0,2.0,3.0,1.0
4336,7,7,1800,1,2,1,1.0,3.0,161.0,290,3.0,3.0,0.0,0.0,2.0,1.0,1.0,1,4,4.0,0.0,0.0,0.0,1995.0,1.0,7,0,0.0,2.0,8.0,19.0
4337,7,7,1800,1,2,1,1.0,3.0,161.0,290,3.0,3.0,0.0,0.0,2.0,1.0,1.0,1,4,4.0,0.0,0.0,0.0,1995.0,1.0,33,0,0.0,2.0,8.0,17.0
4338,7,7,1800,1,2,1,1.0,3.0,161.0,290,3.0,3.0,0.0,0.0,2.0,1.0,1.0,1,1,4.0,0.0,0.0,0.0,1987.0,1.0,7,0,0.0,2.0,8.0,19.0
4339,7,7,1800,1,2,1,1.0,3.0,161.0,290,3.0,3.0,0.0,0.0,2.0,1.0,1.0,1,1,4.0,0.0,0.0,0.0,1987.0,1.0,33,0,0.0,2.0,8.0,17.0
4340,8,5,930,1,1,1,1.0,6.0,32.0,290,3.0,2.0,2.0,0.0,2.0,3.0,1.0,1,4,4.0,0.0,0.0,0.0,1933.0,2.0,7,0,13.0,0.0,1.0,13.0
4341,9,19,1500,1,2,1,1.0,6.0,6.0,290,4.0,2.0,2.0,0.0,0.0,1.0,1.0,1,4,4.0,0.0,0.0,0.0,1937.0,0.0,7,0,0.0,1.0,1.0,1.0
4342,9,19,1500,1,2,1,1.0,6.0,6.0,290,4.0,2.0,2.0,0.0,0.0,1.0,1.0,3,1,4.0,2.0,3.0,4.0,1944.0,0.0,7,0,0.0,1.0,1.0,1.0
4343,11,15,1615,1,1,1,1.0,2.0,247.0,290,2.0,3.0,4.0,0.0,1.0,1.0,1.0,1,1,9.0,0.0,0.0,0.0,1960.0,1.0,7,0,0.0,2.0,1.0,1.0
4344,11,15,1615,1,1,1,1.0,2.0,247.0,290,2.0,3.0,4.0,0.0,1.0,1.0,1.0,1,1,9.0,0.0,0.0,0.0,1960.0,1.0,7,0,0.0,0.0,4.0,1.0
4345,11,15,1615,1,1,1,1.0,2.0,247.0,290,2.0,3.0,4.0,0.0,1.0,1.0,1.0,1,1,2.0,0.0,0.0,0.0,1962.0,1.0,7,0,0.0,2.0,1.0,1.0
4346,11,15,1615,1,1,1,1.0,2.0,247.0,290,2.0,3.0,4.0,0.0,1.0,1.0,1.0,1,1,2.0,0.0,0.0,0.0,1962.0,1.0,7,0,0.0,0.0,4.0,1.0
4347,11,21,1700,2,1,1,2.0,5.0,32.0,290,3.0,2.0,0.0,0.0,2.0,1.0,2.0,1,1,2.0,0.0,0.0,0.0,1976.0,1.0,7,0,0.0,0.0,6.0,13.0
4348,11,21,1700,2,1,1,2.0,5.0,32.0,290,3.0,2.0,0.0,0.0,2.0,1.0,2.0,1,1,2.0,0.0,0.0,0.0,1976.0,1.0,7,0,0.0,2.0,1.0,21.0
4349,11,21,1700,2,1,1,2.0,5.0,32.0,290,3.0,2.0,0.0,0.0,2.0,1.0,2.0,1,1,2.0,0.0,0.0,0.0,1976.0,1.0,7,0,0.0,2.0,1.0,1.0
4350,11,21,1700,2,1,1,2.0,5.0,32.0,290,3.0,2.0,0.0,0.0,2.0,1.0,2.0,1,1,2.0,0.0,0.0,0.0,1976.0,1.0,7,0,0.0,2.0,1.0,21.0
4351,11,21,1700,2,1,1,2.0,5.0,32.0,290,3.0,2.0,0.0,0.0,2.0,1.0,2.0,1,4,4.0,0.0,0.0,0.0,1950.0,1.0,7,0,0.0,0.0,6.0,13.0
4352,11,21,1700,2,1,1,2.0,5.0,32.0,290,3.0,2.0,0.0,0.0,2.0,1.0,2.0,1,4,4.0,0.0,0.0,0.0,1950.0,1.0,7,0,0.0,2.0,1.0,21.0
4353,11,21,1700,2,1,1,2.0,5.0,32.0,290,3.0,2.0,0.0,0.0,2.0,1.0,2.0,1,4,4.0,0.0,0.0,0.0,1950.0,1.0,7,0,0.0,2.0,1.0,1.0
4354,11,21,1700,2,1,1,2.0,5.0,32.0,290,3.0,2.0,0.0,0.0,2.0,1.0,2.0,1,4,4.0,0.0,0.0,0.0,1950.0,1.0,7,0,0.0,2.0,1.0,21.0
4355,11,21,1700,2,1,1,2.0,5.0,32.0,290,3.0,2.0,0.0,0.0,2.0,1.0,2.0,1,4,4.0,0.0,0.0,0.0,1978.0,1.0,7,0,0.0,0.0,6.0,13.0
4356,11,21,1700,2,1,1,2.0,5.0,32.0,290,3.0,2.0,0.0,0.0,2.0,1.0,2.0,1,4,4.0,0.0,0.0,0.0,1978.0,1.0,7,0,0.0,2.0,1.0,21.0
4357,11,21,1700,2,1,1,2.0,5.0,32.0,290,3.0,2.0,0.0,0.0,2.0,1.0,2.0,1,4,4.0,0.0,0.0,0.0,1978.0,1.0,7,0,0.0,2.0,1.0,1.0
4358,11,21,1700,2,1,1,2.0,5.0,32.0,290,3.0,2.0,0.0,0.0,2.0,1.0,2.0,1,4,4.0,0.0,0.0,0.0,1978.0,1.0,7,0,0.0,2.0,1.0,21.0
4359,11,21,1700,2,1,1,2.0,5.0,32.0,290,3.0,2.0,0.0,0.0,2.0,1.0,2.0,1,1,0.0,0.0,0.0,0.0,1956.0,1.0,7,0,0.0,0.0,6.0,13.0
4360,11,21,1700,2,1,1,2.0,5.0,32.0,290,3.0,2.0,0.0,0.0,2.0,1.0,2.0,1,1,0.0,0.0,0.0,0.0,1956.0,1.0,7,0,0.0,2.0,1.0,21.0
4361,11,21,1700,2,1,1,2.0,5.0,32.0,290,3.0,2.0,0.0,0.0,2.0,1.0,2.0,1,1,0.0,0.0,0.0,0.0,1956.0,1.0,7,0,0.0,2.0,1.0,1.0
4362,11,21,1700,2,1,1,2.0,5.0,32.0,290,3.0,2.0,0.0,0.0,2.0,1.0,2.0,1,1,0.0,0.0,0.0,0.0,1956.0,1.0,7,0,0.0,2.0,1.0,21.0
4363,11,23,1800,5,2,1,2.0,6.0,247.0,290,4.0,2.0,0.0,0.0,1.0,1.0,2.0,1,4,1.0,0.0,0.0,0.0,1959.0,2.0,7,0,0.0,1.0,2.0,1.0
4364,11,23,1800,5,2,1,2.0,6.0,247.0,290,4.0,2.0,0.0,0.0,1.0,1.0,2.0,3,1,1.0,2.0,2.0,1.0,1946.0,2.0,7,0,0.0,1.0,2.0,1.0
4365,11,25,800,2,1,2,1.0,3.0,161.0,290,3.0,2.0,3.0,3.0,2.0,1.0,1.0,1,1,4.0,0.0,0.0,0.0,2000.0,2.0,2,0,0.0,2.0,1.0,1.0
4366,11,25,800,2,1,2,1.0,3.0,161.0,290,3.0,2.0,3.0,3.0,2.0,1.0,1.0,1,1,4.0,0.0,0.0,0.0,2000.0,0.0,7,0,0.0,2.0,7.0,19.0
4367,11,25,800,2,1,2,1.0,3.0,161.0,290,3.0,2.0,3.0,3.0,2.0,1.0,1.0,1,1,1.0,0.0,0.0,0.0,1973.0,2.0,2,0,0.0,2.0,1.0,1.0
4368,11,25,800,2,1,2,1.0,3.0,161.0,290,3.0,2.0,3.0,3.0,2.0,1.0,1.0,1,1,1.0,0.0,0.0,0.0,1973.0,0.0,7,0,0.0,2.0,7.0,19.0
4369,12,2,600,3,1,1,1.0,1.0,57.0,290,3.0,2.0,2.0,0.0,2.0,3.0,7.0,1,1,1.0,0.0,0.0,0.0,1985.0,1.0,7,0,0.0,2.0,1.0,13.0
4370,12,2,600,3,1,1,1.0,1.0,57.0,290,3.0,2.0,2.0,0.0,2.0,3.0,7.0,1,1,1.0,0.0,0.0,0.0,1985.0,2.0,7,0,0.0,2.0,1.0,1.0
4371,12,2,600,3,1,1,1.0,1.0,57.0,290,3.0,2.0,2.0,0.0,2.0,3.0,7.0,1,4,1.0,0.0,0.0,0.0,1991.0,1.0,7,0,0.0,2.0,1.0,13.0
4372,12,2,600,3,1,1,1.0,1.0,57.0,290,3.0,2.0,2.0,0.0,2.0,3.0,7.0,1,4,1.0,0.0,0.0,0.0,1991.0,2.0,7,0,0.0,2.0,1.0,1.0
4373,12,20,2315,3,1,1,2.0,6.0,32.0,290,3.0,2.0,2.0,0.0,1.0,1.0,2.0,1,1,4.0,0.0,0.0,0.0,1991.0,2.0,7,0,2.0,0.0,2.0,14.0
4374,12,20,2315,3,1,1,2.0,6.0,32.0,290,3.0,2.0,2.0,0.0,1.0,1.0,2.0,4,4,0.0,0.0,0.0,0.0,1991.0,2.0,7,0,2.0,0.0,2.0,14.0
4375,1,12,1445,1,2,6,2.0,1.0,135.0,290,3.0,0.0,1.0,0.0,1.0,2.0,2.0,1,1,2.0,0.0,0.0,0.0,1969.0,2.0,7,0,0.0,0.0,0.0,1.0
4376,1,12,1445,1,2,6,2.0,1.0,135.0,290,3.0,0.0,1.0,0.0,1.0,2.0,2.0,1,1,2.0,0.0,0.0,0.0,1969.0,1.0,1,0,0.0,2.0,8.0,1.0
4377,1,12,1445,1,2,6,2.0,1.0,135.0,290,3.0,0.0,1.0,0.0,1.0,2.0,2.0,1,1,0.0,0.0,0.0,0.0,1974.0,2.0,7,0,0.0,0.0,0.0,1.0
4378,1,12,1445,1,2,6,2.0,1.0,135.0,290,3.0,0.0,1.0,0.0,1.0,2.0,2.0,1,1,0.0,0.0,0.0,0.0,1974.0,1.0,1,0,0.0,2.0,8.0,1.0
4379,3,16,215,3,1,1,1.0,7.0,174.0,290,3.0,2.0,2.0,0.0,1.0,3.0,1.0,1,1,4.0,0.0,0.0,0.0,1985.0,2.0,7,0,0.0,0.0,2.0,14.0
4380,4,11,1830,1,1,1,1.0,4.0,171.0,290,3.0,2.0,2.0,0.0,1.0,1.0,1.0,1,1,4.0,0.0,0.0,0.0,1988.0,2.0,7,0,0.0,2.0,1.0,1.0
4381,4,11,1830,1,1,1,1.0,4.0,171.0,290,3.0,2.0,2.0,0.0,1.0,1.0,1.0,1,1,4.0,0.0,0.0,0.0,1988.0,2.0,7,0,0.0,2.0,4.0,1.0
4382,4,11,1830,1,1,1,1.0,4.0,171.0,290,3.0,2.0,2.0,0.0,1.0,1.0,1.0,1,1,4.0,0.0,0.0,0.0,1988.0,2.0,7,0,0.0,0.0,4.0,15.0
4383,4,11,1830,1,1,1,1.0,4.0,171.0,290,3.0,2.0,2.0,0.0,1.0,1.0,1.0,1,1,4.0,0.0,0.0,0.0,1938.0,2.0,7,0,0.0,2.0,1.0,1.0
4384,4,11,1830,1,1,1,1.0,4.0,171.0,290,3.0,2.0,2.0,0.0,1.0,1.0,1.0,1,1,4.0,0.0,0.0,0.0,1938.0,2.0,7,0,0.0,2.0,4.0,1.0
4385,4,11,1830,1,1,1,1.0,4.0,171.0,290,3.0,2.0,2.0,0.0,1.0,1.0,1.0,1,1,4.0,0.0,0.0,0.0,1938.0,2.0,7,0,0.0,0.0,4.0,15.0
4386,4,11,1830,1,1,1,1.0,4.0,171.0,290,3.0,2.0,2.0,0.0,1.0,1.0,1.0,4,4,0.0,0.0,0.0,0.0,1944.0,2.0,7,0,0.0,2.0,1.0,1.0
4387,4,11,1830,1,1,1,1.0,4.0,171.0,290,3.0,2.0,2.0,0.0,1.0,1.0,1.0,4,4,0.0,0.0,0.0,0.0,1944.0,2.0,7,0,0.0,2.0,4.0,1.0
4388,4,11,1830,1,1,1,1.0,4.0,171.0,290,3.0,2.0,2.0,0.0,1.0,1.0,1.0,4,4,0.0,0.0,0.0,0.0,1944.0,2.0,7,0,0.0,0.0,4.0,15.0
4389,4,11,1830,1,1,1,1.0,4.0,171.0,290,3.0,2.0,2.0,0.0,1.0,1.0,1.0,1,1,1.0,0.0,0.0,0.0,1980.0,2.0,7,0,0.0,2.0,1.0,1.0
4390,4,11,1830,1,1,1,1.0,4.0,171.0,290,3.0,2.0,2.0,0.0,1.0,1.0,1.0,1,1,1.0,0.0,0.0,0.0,1980.0,2.0,7,0,0.0,2.0,4.0,1.0
4391,4,11,1830,1,1,1,1.0,4.0,171.0,290,3.0,2.0,2.0,0.0,1.0,1.0,1.0,1,1,1.0,0.0,0.0,0.0,1980.0,2.0,7,0,0.0,0.0,4.0,15.0
4392,7,15,1745,1,2,1,1.0,6.0,135.0,290,4.0,2.0,2.0,0.0,1.0,1.0,1.0,1,4,4.0,0.0,0.0,0.0,1989.0,0.0,7,0,0.0,1.0,4.0,4.0
4393,7,15,1745,1,2,1,1.0,6.0,135.0,290,4.0,2.0,2.0,0.0,1.0,1.0,1.0,3,4,4.0,1.0,3.0,1.0,1947.0,0.0,7,0,0.0,1.0,4.0,4.0
4394,7,26,1215,1,2,1,1.0,1.0,72.0,290,4.0,2.0,2.0,0.0,1.0,1.0,1.0,1,1,4.0,0.0,0.0,0.0,2001.0,2.0,2,0,0.0,2.0,1.0,13.0
4395,7,26,1215,1,2,1,1.0,1.0,72.0,290,4.0,2.0,2.0,0.0,1.0,1.0,1.0,1,1,4.0,0.0,0.0,0.0,2001.0,1.0,7,0,0.0,2.0,6.0,23.0
4396,7,26,1215,1,2,1,1.0,1.0,72.0,290,4.0,2.0,2.0,0.0,1.0,1.0,1.0,1,1,4.0,0.0,0.0,0.0,1980.0,2.0,2,0,0.0,2.0,1.0,13.0
4397,7,26,1215,1,2,1,1.0,1.0,72.0,290,4.0,2.0,2.0,0.0,1.0,1.0,1.0,1,1,4.0,0.0,0.0,0.0,1980.0,1.0,7,0,0.0,2.0,6.0,23.0
4398,7,31,745,1,1,6,9.0,6.0,37.0,290,3.0,0.0,1.0,0.0,0.0,0.0,1.0,1,1,4.0,0.0,0.0,0.0,1996.0,2.0,10,0,0.0,9.0,3.0,0.0
4399,7,31,745,1,1,6,9.0,6.0,37.0,290,3.0,0.0,1.0,0.0,0.0,0.0,1.0,4,1,0.0,0.0,0.0,0.0,1996.0,2.0,10,0,0.0,9.0,3.0,0.0
4400,8,8,1900,1,2,1,1.0,7.0,220.0,290,4.0,2.0,2.0,0.0,1.0,1.0,1.0,1,1,4.0,0.0,0.0,0.0,2000.0,0.0,2,0,0.0,0.0,1.0,1.0
4401,8,27,630,2,2,1,1.0,6.0,252.0,290,3.0,2.0,0.0,2.0,1.0,1.0,1.0,1,1,4.0,0.0,0.0,0.0,1995.0,1.0,30,0,11.0,0.0,1.0,1.0
4402,10,16,2115,3,1,1,1.0,6.0,37.0,290,3.0,2.0,0.0,0.0,0.0,1.0,1.0,1,1,1.0,0.0,0.0,0.0,1997.0,2.0,7,0,0.0,1.0,2.0,1.0
4403,10,16,2115,3,1,1,1.0,6.0,37.0,290,3.0,2.0,0.0,0.0,0.0,1.0,1.0,3,1,9.0,1.0,1.0,1.0,1971.0,2.0,7,0,0.0,1.0,2.0,1.0
4404,12,3,815,2,1,1,9.0,7.0,284.0,290,3.0,2.0,0.0,0.0,1.0,1.0,7.0,1,4,4.0,0.0,0.0,0.0,1935.0,1.0,7,0,13.0,0.0,2.0,1.0
4405,12,16,1715,1,2,1,1.0,3.0,220.0,290,4.0,2.0,0.0,0.0,1.0,1.0,1.0,1,4,4.0,0.0,0.0,0.0,1995.0,0.0,7,0,0.0,2.0,3.0,1.0
4406,12,16,1715,1,2,1,1.0,3.0,220.0,290,4.0,2.0,0.0,0.0,1.0,1.0,1.0,1,4,4.0,0.0,0.0,0.0,1995.0,0.0,7,0,0.0,2.0,3.0,13.0
4407,12,16,1715,1,2,1,1.0,3.0,220.0,290,4.0,2.0,0.0,0.0,1.0,1.0,1.0,1,4,4.0,0.0,0.0,0.0,1930.0,0.0,7,0,0.0,2.0,3.0,1.0
4408,12,16,1715,1,2,1,1.0,3.0,220.0,290,4.0,2.0,0.0,0.0,1.0,1.0,1.0,1,4,4.0,0.0,0.0,0.0,1930.0,0.0,7,0,0.0,2.0,3.0,13.0
4409,1,22,830,2,2,1,3.0,6.0,75.0,290,4.0,2.0,2.0,0.0,1.0,1.0,2.0,1,1,1.0,0.0,0.0,0.0,1987.0,1.0,7,0,0.0,1.0,2.0,1.0
4410,1,22,830,2,2,1,3.0,6.0,75.0,290,4.0,2.0,2.0,0.0,1.0,1.0,2.0,3,1,4.0,4.0,3.0,1.0,1997.0,1.0,7,0,0.0,1.0,2.0,1.0
4411,5,7,1600,1,1,1,1.0,3.0,268.0,290,4.0,2.0,2.0,0.0,3.0,1.0,1.0,1,1,1.0,0.0,0.0,0.0,1983.0,0.0,21,0,0.0,2.0,7.0,15.0
4412,5,7,1600,1,1,1,1.0,3.0,268.0,290,4.0,2.0,2.0,0.0,3.0,1.0,1.0,1,1,1.0,0.0,0.0,0.0,1983.0,0.0,7,0,0.0,2.0,1.0,1.0
4413,5,7,1600,1,1,1,1.0,3.0,268.0,290,4.0,2.0,2.0,0.0,3.0,1.0,1.0,1,1,2.0,0.0,0.0,0.0,1997.0,0.0,21,0,0.0,2.0,7.0,15.0
4414,5,7,1600,1,1,1,1.0,3.0,268.0,290,4.0,2.0,2.0,0.0,3.0,1.0,1.0,1,1,2.0,0.0,0.0,0.0,1997.0,0.0,7,0,0.0,2.0,1.0,1.0
4415,7,13,1030,1,1,1,1.0,1.0,75.0,290,3.0,2.0,2.0,0.0,1.0,1.0,1.0,1,1,4.0,0.0,0.0,0.0,1948.0,1.0,7,0,0.0,2.0,1.0,1.0
4416,7,13,1030,1,1,1,1.0,1.0,75.0,290,3.0,2.0,2.0,0.0,1.0,1.0,1.0,1,1,4.0,0.0,0.0,0.0,1948.0,2.0,7,0,0.0,2.0,1.0,1.0
4417,7,13,1030,1,1,1,1.0,1.0,75.0,290,3.0,2.0,2.0,0.0,1.0,1.0,1.0,1,1,4.0,0.0,0.0,0.0,1956.0,1.0,7,0,0.0,2.0,1.0,1.0
4418,7,13,1030,1,1,1,1.0,1.0,75.0,290,3.0,2.0,2.0,0.0,1.0,1.0,1.0,1,1,4.0,0.0,0.0,0.0,1956.0,2.0,7,0,0.0,2.0,1.0,1.0
4419,9,28,1145,1,2,6,1.0,2.0,75.0,290,4.0,2.0,0.0,0.0,1.0,1.0,1.0,1,1,4.0,0.0,0.0,0.0,1954.0,0.0,7,0,0.0,2.0,1.0,2.0