,month,day,time,light,location,intersection,atmosphere,collision,municipality,department,road,traffic,nblanes,reslane,laneprofile,plan,surface,user,sex,route,pedlocation,pedaction,pedcondition,birth,dirtraffic,catvehicle,nboccupants,obstacle,movobstacle,impact,maneuver
4420,9,28,1145,1,2,6,1.0,2.0,75.0,290,4.0,2.0,0.0,0.0,1.0,1.0,1.0,1,1,4.0,0.0,0.0,0.0,1954.0,0.0,1,0,0.0,0.0,4.0,2.0
4421,9,28,1145,1,2,6,1.0,2.0,75.0,290,4.0,2.0,0.0,0.0,1.0,1.0,1.0,1,1,4.0,0.0,0.0,0.0,1954.0,0.0,7,0,0.0,2.0,1.0,2.0
4422,9,28,1145,1,2,6,1.0,2.0,75.0,290,4.0,2.0,0.0,0.0,1.0,1.0,1.0,1,1,4.0,0.0,0.0,0.0,1954.0,0.0,1,0,0.0,0.0,4.0,2.0
4423,10,11,730,2,2,1,1.0,3.0,75.0,290,4.0,2.0,2.0,0.0,2.0,1.0,0.0,1,1,1.0,0.0,0.0,0.0,1973.0,1.0,31,0,0.0,2.0,2.0,17.0
4424,10,11,730,2,2,1,1.0,3.0,75.0,290,4.0,2.0,2.0,0.0,2.0,1.0,0.0,1,1,1.0,0.0,0.0,0.0,1973.0,1.0,10,0,0.0,2.0,6.0,15.0
4425,10,11,730,2,2,1,1.0,3.0,75.0,290,4.0,2.0,2.0,0.0,2.0,1.0,0.0,1,1,2.0,0.0,0.0,0.0,1974.0,1.0,31,0,0.0,2.0,2.0,17.0
4426,10,11,730,2,2,1,1.0,3.0,75.0,290,4.0,2.0,2.0,0.0,2.0,1.0,0.0,1,1,2.0,0.0,0.0,0.0,1974.0,1.0,10,0,0.0,2.0,6.0,15.0
4427,10,26,1730,1,2,2,1.0,3.0,235.0,290,4.0,,,,,,,1,4,0.0,0.0,0.0,0.0,1995.0,0.0,7,0,0.0,2.0,3.0,15.0
4428,10,26,1730,1,2,2,1.0,3.0,235.0,290,4.0,,,,,,,1,4,0.0,0.0,0.0,0.0,1995.0,0.0,10,0,0.0,2.0,1.0,1.0
4429,10,26,1730,1,2,2,1.0,3.0,235.0,290,4.0,,,,,,,1,1,2.0,0.0,0.0,0.0,1990.0,0.0,7,0,0.0,2.0,3.0,15.0
4430,10,26,1730,1,2,2,1.0,3.0,235.0,290,4.0,,,,,,,1,1,2.0,0.0,0.0,0.0,1990.0,0.0,10,0,0.0,2.0,1.0,1.0
4431,10,31,1915,5,2,1,1.0,6.0,235.0,290,9.0,2.0,0.0,0.0,1.0,1.0,1.0,1,4,4.0,0.0,0.0,0.0,1946.0,0.0,7,0,0.0,1.0,2.0,1.0
4432,10,31,1915,5,2,1,1.0,6.0,235.0,290,9.0,2.0,0.0,0.0,1.0,1.0,1.0,3,4,4.0,2.0,3.0,4.0,1983.0,0.0,7,0,0.0,1.0,2.0,1.0
4433,10,31,1915,5,2,1,1.0,6.0,235.0,290,9.0,2.0,0.0,0.0,1.0,1.0,1.0,3,4,4.0,2.0,3.0,4.0,2013.0,0.0,7,0,0.0,1.0,2.0,1.0
4434,1,24,1215,1,1,1,1.0,1.0,128.0,290,3.0,2.0,2.0,0.0,1.0,1.0,2.0,1,1,4.0,0.0,0.0,0.0,1993.0,2.0,7,0,0.0,2.0,1.0,13.0
4435,1,24,1215,1,1,1,1.0,1.0,128.0,290,3.0,2.0,2.0,0.0,1.0,1.0,2.0,1,1,4.0,0.0,0.0,0.0,1993.0,1.0,7,0,0.0,2.0,1.0,1.0
4436,1,24,1215,1,1,1,1.0,1.0,128.0,290,3.0,2.0,2.0,0.0,1.0,1.0,2.0,4,4,0.0,0.0,0.0,0.0,1997.0,2.0,7,0,0.0,2.0,1.0,13.0
4437,1,24,1215,1,1,1,1.0,1.0,128.0,290,3.0,2.0,2.0,0.0,1.0,1.0,2.0,4,4,0.0,0.0,0.0,0.0,1997.0,1.0,7,0,0.0,2.0,1.0,1.0
4438,1,24,1215,1,1,1,1.0,1.0,128.0,290,3.0,2.0,2.0,0.0,1.0,1.0,2.0,1,1,4.0,0.0,0.0,0.0,1943.0,2.0,7,0,0.0,2.0,1.0,13.0
4439,1,24,1215,1,1,1,1.0,1.0,128.0,290,3.0,2.0,2.0,0.0,1.0,1.0,2.0,1,1,4.0,0.0,0.0,0.0,1943.0,1.0,7,0,0.0,2.0,1.0,1.0
4440,1,24,1215,1,1,1,1.0,1.0,128.0,290,3.0,2.0,2.0,0.0,1.0,1.0,2.0,4,4,0.0,0.0,0.0,0.0,1943.0,2.0,7,0,0.0,2.0,1.0,13.0
4441,1,24,1215,1,1,1,1.0,1.0,128.0,290,3.0,2.0,2.0,0.0,1.0,1.0,2.0,4,4,0.0,0.0,0.0,0.0,1943.0,1.0,7,0,0.0,2.0,1.0,1.0
4442,3,19,1445,1,1,2,1.0,3.0,237.0,290,3.0,2.0,2.0,0.0,1.0,1.0,1.0,1,4,1.0,0.0,0.0,0.0,1973.0,2.0,7,0,0.0,2.0,1.0,1.0
4443,3,19,1445,1,1,2,1.0,3.0,237.0,290,3.0,2.0,2.0,0.0,1.0,1.0,1.0,1,4,1.0,0.0,0.0,0.0,1973.0,0.0,7,0,0.0,2.0,7.0,19.0
4444,3,19,1445,1,1,2,1.0,3.0,237.0,290,3.0,2.0,2.0,0.0,1.0,1.0,1.0,1,4,4.0,0.0,0.0,0.0,1971.0,2.0,7,0,0.0,2.0,1.0,1.0
4445,3,19,1445,1,1,2,1.0,3.0,237.0,290,3.0,2.0,2.0,0.0,1.0,1.0,1.0,1,4,4.0,0.0,0.0,0.0,1971.0,0.0,7,0,0.0,2.0,7.0,19.0
4446,9,29,1115,1,1,1,2.0,3.0,237.0,290,3.0,2.0,2.0,0.0,1.0,1.0,2.0,1,4,3.0,0.0,0.0,0.0,1987.0,2.0,7,0,0.0,2.0,2.0,1.0
4447,9,29,1115,1,1,1,2.0,3.0,237.0,290,3.0,2.0,2.0,0.0,1.0,1.0,2.0,1,4,3.0,0.0,0.0,0.0,1987.0,1.0,7,0,0.0,2.0,7.0,13.0
4448,9,29,1115,1,1,1,2.0,3.0,237.0,290,3.0,2.0,2.0,0.0,1.0,1.0,2.0,4,4,0.0,0.0,0.0,0.0,1961.0,2.0,7,0,0.0,2.0,2.0,1.0
4449,9,29,1115,1,1,1,2.0,3.0,237.0,290,3.0,2.0,2.0,0.0,1.0,1.0,2.0,4,4,0.0,0.0,0.0,0.0,1961.0,1.0,7,0,0.0,2.0,7.0,13.0
4450,9,29,1115,1,1,1,2.0,3.0,237.0,290,3.0,2.0,2.0,0.0,1.0,1.0,2.0,1,4,1.0,0.0,0.0,0.0,1993.0,2.0,7,0,0.0,2.0,2.0,1.0
4451,9,29,1115,1,1,1,2.0,3.0,237.0,290,3.0,2.0,2.0,0.0,1.0,1.0,2.0,1,4,1.0,0.0,0.0,0.0,1993.0,1.0,7,0,0.0,2.0,7.0,13.0
4452,10,12,1915,2,1,1,1.0,1.0,181.0,290,4.0,0.0,0.0,0.0,1.0,1.0,1.0,1,4,9.0,0.0,0.0,0.0,1957.0,2.0,7,0,0.0,2.0,1.0,1.0
4453,10,12,1915,2,1,1,1.0,1.0,181.0,290,4.0,0.0,0.0,0.0,1.0,1.0,1.0,1,4,9.0,0.0,0.0,0.0,1957.0,1.0,7,0,0.0,2.0,3.0,1.0
4454,10,12,1915,2,1,1,1.0,1.0,181.0,290,4.0,0.0,0.0,0.0,1.0,1.0,1.0,1,1,1.0,0.0,0.0,0.0,1970.0,2.0,7,0,0.0,2.0,1.0,1.0
4455,10,12,1915,2,1,1,1.0,1.0,181.0,290,4.0,0.0,0.0,0.0,1.0,1.0,1.0,1,1,1.0,0.0,0.0,0.0,1970.0,1.0,7,0,0.0,2.0,3.0,1.0
4456,1,15,845,1,2,1,1.0,1.0,91.0,290,3.0,2.0,0.0,0.0,1.0,2.0,1.0,1,1,4.0,0.0,0.0,0.0,1951.0,2.0,7,0,0.0,9.0,1.0,15.0
4457,1,15,845,1,2,1,1.0,1.0,91.0,290,3.0,2.0,0.0,0.0,1.0,2.0,1.0,1,1,4.0,0.0,0.0,0.0,1951.0,2.0,1,0,0.0,2.0,7.0,1.0
4458,1,15,845,1,2,1,1.0,1.0,91.0,290,3.0,2.0,0.0,0.0,1.0,2.0,1.0,1,4,4.0,0.0,0.0,0.0,1973.0,2.0,7,0,0.0,9.0,1.0,15.0
4459,1,15,845,1,2,1,1.0,1.0,91.0,290,3.0,2.0,0.0,0.0,1.0,2.0,1.0,1,4,4.0,0.0,0.0,0.0,1973.0,2.0,1,0,0.0,2.0,7.0,1.0
4460,12,8,900,1,1,2,1.0,3.0,124.0,290,3.0,2.0,0.0,0.0,0.0,1.0,2.0,1,4,1.0,0.0,0.0,0.0,1968.0,2.0,10,0,0.0,2.0,1.0,1.0
4461,12,8,900,1,1,2,1.0,3.0,124.0,290,3.0,2.0,0.0,0.0,0.0,1.0,2.0,1,4,1.0,0.0,0.0,0.0,1968.0,0.0,7,0,0.0,2.0,8.0,19.0
4462,12,8,900,1,1,2,1.0,3.0,124.0,290,3.0,2.0,0.0,0.0,0.0,1.0,2.0,1,1,4.0,0.0,0.0,0.0,1938.0,2.0,10,0,0.0,2.0,1.0,1.0
4463,12,8,900,1,1,2,1.0,3.0,124.0,290,3.0,2.0,0.0,0.0,0.0,1.0,2.0,1,1,4.0,0.0,0.0,0.0,1938.0,0.0,7,0,0.0,2.0,8.0,19.0
4464,4,24,1445,1,2,6,1.0,1.0,209.0,290,3.0,2.0,0.0,0.0,1.0,1.0,1.0,1,1,9.0,0.0,0.0,0.0,1995.0,1.0,7,0,0.0,2.0,3.0,13.0
4465,4,24,1445,1,2,6,1.0,1.0,209.0,290,3.0,2.0,0.0,0.0,1.0,1.0,1.0,1,1,9.0,0.0,0.0,0.0,1995.0,2.0,7,0,0.0,2.0,3.0,1.0
4466,4,24,1445,1,2,6,1.0,1.0,209.0,290,3.0,2.0,0.0,0.0,1.0,1.0,1.0,1,1,3.0,0.0,0.0,0.0,1974.0,1.0,7,0,0.0,2.0,3.0,13.0
4467,4,24,1445,1,2,6,1.0,1.0,209.0,290,3.0,2.0,0.0,0.0,1.0,1.0,1.0,1,1,3.0,0.0,0.0,0.0,1974.0,2.0,7,0,0.0,2.0,3.0,1.0
4468,5,21,1900,1,1,1,1.0,6.0,95.0,290,3.0,2.0,2.0,0.0,0.0,2.0,1.0,1,4,3.0,0.0,0.0,0.0,1975.0,1.0,7,0,2.0,0.0,1.0,1.0
4469,6,2,1630,1,2,2,1.0,4.0,195.0,290,5.0,0.0,0.0,0.0,0.0,0.0,1.0,1,4,4.0,0.0,0.0,0.0,1948.0,0.0,14,0,1.0,0.0,4.0,4.0
4470,6,2,1630,1,2,2,1.0,4.0,195.0,290,5.0,0.0,0.0,0.0,0.0,0.0,1.0,1,4,4.0,0.0,0.0,0.0,1948.0,0.0,7,0,1.0,2.0,3.0,24.0
4471,6,2,1630,1,2,2,1.0,4.0,195.0,290,5.0,0.0,0.0,0.0,0.0,0.0,1.0,1,4,4.0,0.0,0.0,0.0,1948.0,0.0,7,0,1.0,2.0,3.0,24.0
4472,6,2,1630,1,2,2,1.0,4.0,195.0,290,5.0,0.0,0.0,0.0,0.0,0.0,1.0,1,4,4.0,0.0,0.0,0.0,1969.0,0.0,14,0,1.0,0.0,4.0,4.0
4473,6,2,1630,1,2,2,1.0,4.0,195.0,290,5.0,0.0,0.0,0.0,0.0,0.0,1.0,1,4,4.0,0.0,0.0,0.0,1969.0,0.0,7,0,1.0,2.0,3.0,24.0
4474,6,2,1630,1,2,2,1.0,4.0,195.0,290,5.0,0.0,0.0,0.0,0.0,0.0,1.0,1,4,4.0,0.0,0.0,0.0,1969.0,0.0,7,0,1.0,2.0,3.0,24.0
4475,6,2,1630,1,2,2,1.0,4.0,195.0,290,5.0,0.0,0.0,0.0,0.0,0.0,1.0,1,4,3.0,0.0,0.0,0.0,1959.0,0.0,14,0,1.0,0.0,4.0,4.0
4476,6,2,1630,1,2,2,1.0,4.0,195.0,290,5.0,0.0,0.0,0.0,0.0,0.0,1.0,1,4,3.0,0.0,0.0,0.0,1959.0,0.0,7,0,1.0,2.0,3.0,24.0
4477,6,2,1630,1,2,2,1.0,4.0,195.0,290,5.0,0.0,0.0,0.0,0.0,0.0,1.0,1,4,3.0,0.0,0.0,0.0,1959.0,0.0,7,0,1.0,2.0,3.0,24.0
4478,6,12,1030,1,1,1,8.0,1.0,209.0,290,4.0,0.0,0.0,0.0,0.0,0.0,0.0,1,4,0.0,0.0,0.0,0.0,1962.0,0.0,10,0,0.0,2.0,7.0,1.0
4479,6,12,1030,1,1,1,8.0,1.0,209.0,290,4.0,0.0,0.0,0.0,0.0,0.0,0.0,1,4,0.0,0.0,0.0,0.0,1962.0,0.0,1,0,0.0,2.0,0.0,16.0
4480,6,12,1030,1,1,1,8.0,1.0,209.0,290,4.0,0.0,0.0,0.0,0.0,0.0,0.0,1,1,0.0,0.0,0.0,0.0,1933.0,0.0,10,0,0.0,2.0,7.0,1.0
4481,6,12,1030,1,1,1,8.0,1.0,209.0,290,4.0,0.0,0.0,0.0,0.0,0.0,0.0,1,1,0.0,0.0,0.0,0.0,1933.0,0.0,1,0,0.0,2.0,0.0,16.0
4482,7,2,430,3,1,6,1.0,3.0,15.0,290,3.0,2.0,2.0,0.0,0.0,0.0,1.0,1,1,4.0,0.0,0.0,0.0,1989.0,1.0,7,0,0.0,2.0,2.0,19.0
4483,7,2,430,3,1,6,1.0,3.0,15.0,290,3.0,2.0,2.0,0.0,0.0,0.0,1.0,1,1,4.0,0.0,0.0,0.0,1989.0,2.0,7,0,0.0,2.0,3.0,1.0
4484,7,2,430,3,1,6,1.0,3.0,15.0,290,3.0,2.0,2.0,0.0,0.0,0.0,1.0,1,1,0.0,0.0,0.0,0.0,1979.0,1.0,7,0,0.0,2.0,2.0,19.0
4485,7,2,430,3,1,6,1.0,3.0,15.0,290,3.0,2.0,2.0,0.0,0.0,0.0,1.0,1,1,0.0,0.0,0.0,0.0,1979.0,2.0,7,0,0.0,2.0,3.0,1.0
4486,7,13,1330,1,1,1,1.0,1.0,77.0,290,4.0,2.0,2.0,0.0,1.0,1.0,1.0,1,1,4.0,0.0,0.0,0.0,1939.0,0.0,7,0,0.0,2.0,1.0,1.0
4487,7,13,1330,1,1,1,1.0,1.0,77.0,290,4.0,2.0,2.0,0.0,1.0,1.0,1.0,1,1,4.0,0.0,0.0,0.0,1939.0,0.0,30,0,0.0,2.0,1.0,0.0
4488,7,13,1330,1,1,1,1.0,1.0,77.0,290,4.0,2.0,2.0,0.0,1.0,1.0,1.0,1,1,4.0,0.0,0.0,0.0,2000.0,0.0,7,0,0.0,2.0,1.0,1.0
4489,7,13,1330,1,1,1,1.0,1.0,77.0,290,4.0,2.0,2.0,0.0,1.0,1.0,1.0,1,1,4.0,0.0,0.0,0.0,2000.0,0.0,30,0,0.0,2.0,1.0,0.0
4490,8,13,615,5,2,1,1.0,3.0,160.0,290,3.0,2.0,2.0,0.0,0.0,3.0,1.0,1,1,4.0,0.0,0.0,0.0,1976.0,1.0,7,0,0.0,2.0,3.0,13.0
4491,8,13,615,5,2,1,1.0,3.0,160.0,290,3.0,2.0,2.0,0.0,0.0,3.0,1.0,1,1,4.0,0.0,0.0,0.0,1976.0,2.0,7,0,0.0,2.0,3.0,1.0
4492,8,13,615,5,2,1,1.0,3.0,160.0,290,3.0,2.0,2.0,0.0,0.0,3.0,1.0,1,1,9.0,0.0,0.0,0.0,1961.0,1.0,7,0,0.0,2.0,3.0,13.0
4493,8,13,615,5,2,1,1.0,3.0,160.0,290,3.0,2.0,2.0,0.0,0.0,3.0,1.0,1,1,9.0,0.0,0.0,0.0,1961.0,2.0,7,0,0.0,2.0,3.0,1.0
4494,12,27,1845,5,2,1,1.0,1.0,117.0,290,9.0,2.0,2.0,0.0,1.0,2.0,1.0,1,1,0.0,0.0,0.0,0.0,1963.0,0.0,7,0,0.0,2.0,1.0,15.0
4495,12,27,1845,5,2,1,1.0,1.0,117.0,290,9.0,2.0,2.0,0.0,1.0,2.0,1.0,1,1,0.0,0.0,0.0,0.0,1963.0,0.0,2,0,0.0,2.0,1.0,1.0
4496,12,27,1845,5,2,1,1.0,1.0,117.0,290,9.0,2.0,2.0,0.0,1.0,2.0,1.0,1,1,9.0,0.0,0.0,0.0,1999.0,0.0,7,0,0.0,2.0,1.0,15.0
4497,12,27,1845,5,2,1,1.0,1.0,117.0,290,9.0,2.0,2.0,0.0,1.0,2.0,1.0,1,1,9.0,0.0,0.0,0.0,1999.0,0.0,2,0,0.0,2.0,1.0,1.0
4498,1,4,1715,1,1,1,2.0,6.0,178.0,290,4.0,0.0,2.0,0.0,1.0,1.0,2.0,1,1,4.0,0.0,0.0,0.0,1954.0,0.0,10,0,0.0,1.0,2.0,1.0
4499,1,4,1715,1,1,1,2.0,6.0,178.0,290,4.0,0.0,2.0,0.0,1.0,1.0,2.0,3,4,4.0,1.0,6.0,1.0,1996.0,0.0,10,0,0.0,1.0,2.0,1.0
4500,4,19,800,1,1,3,7.0,3.0,257.0,290,4.0,2.0,2.0,0.0,1.0,1.0,1.0,1,1,4.0,0.0,0.0,0.0,1976.0,0.0,7,0,0.0,2.0,2.0,1.0
4501,4,19,800,1,1,3,7.0,3.0,257.0,290,4.0,2.0,2.0,0.0,1.0,1.0,1.0,1,1,4.0,0.0,0.0,0.0,1976.0,0.0,30,0,0.0,2.0,1.0,15.0
4502,4,19,800,1,1,3,7.0,3.0,257.0,290,4.0,2.0,2.0,0.0,1.0,1.0,1.0,1,1,1.0,0.0,0.0,0.0,2000.0,0.0,7,0,0.0,2.0,2.0,1.0
4503,4,19,800,1,1,3,7.0,3.0,257.0,290,4.0,2.0,2.0,0.0,1.0,1.0,1.0,1,1,1.0,0.0,0.0,0.0,2000.0,0.0,30,0,0.0,2.0,1.0,15.0
4504,4,26,130,3,2,1,1.0,7.0,109.0,290,3.0,2.0,2.0,0.0,1.0,1.0,1.0,1,1,4.0,0.0,0.0,0.0,1991.0,1.0,7,0,6.0,0.0,1.0,1.0
4505,5,2,2115,2,1,1,1.0,7.0,149.0,290,3.0,2.0,0.0,0.0,1.0,0.0,1.0,1,4,4.0,0.0,0.0,0.0,1970.0,1.0,10,0,13.0,0.0,1.0,13.0
4506,6,14,2245,3,1,1,1.0,6.0,177.0,290,4.0,2.0,0.0,0.0,0.0,2.0,1.0,1,4,0.0,0.0,0.0,0.0,1954.0,0.0,7,0,13.0,0.0,1.0,1.0
4507,7,10,230,3,1,1,2.0,7.0,109.0,290,3.0,2.0,0.0,0.0,1.0,1.0,2.0,1,4,4.0,0.0,0.0,0.0,1995.0,1.0,7,0,13.0,0.0,2.0,14.0
4508,7,22,1630,1,1,1,1.0,1.0,69.0,290,3.0,2.0,2.0,0.0,0.0,1.0,1.0,1,4,4.0,0.0,0.0,0.0,1974.0,1.0,7,0,0.0,2.0,3.0,1.0
4509,7,22,1630,1,1,1,1.0,1.0,69.0,290,3.0,2.0,2.0,0.0,0.0,1.0,1.0,1,4,4.0,0.0,0.0,0.0,1974.0,2.0,7,0,0.0,2.0,3.0,6.0
4510,7,22,1630,1,1,1,1.0,1.0,69.0,290,3.0,2.0,2.0,0.0,0.0,1.0,1.0,4,1,0.0,0.0,0.0,0.0,2003.0,1.0,7,0,0.0,2.0,3.0,1.0
4511,7,22,1630,1,1,1,1.0,1.0,69.0,290,3.0,2.0,2.0,0.0,0.0,1.0,1.0,4,1,0.0,0.0,0.0,0.0,2003.0,2.0,7,0,0.0,2.0,3.0,6.0
4512,7,22,1630,1,1,1,1.0,1.0,69.0,290,3.0,2.0,2.0,0.0,0.0,1.0,1.0,4,4,0.0,0.0,0.0,0.0,2006.0,1.0,7,0,0.0,2.0,3.0,1.0
4513,7,22,1630,1,1,1,1.0,1.0,69.0,290,3.0,2.0,2.0,0.0,0.0,1.0,1.0,4,4,0.0,0.0,0.0,0.0,2006.0,2.0,7,0,0.0,2.0,3.0,6.0
4514,7,22,1630,1,1,1,1.0,1.0,69.0,290,3.0,2.0,2.0,0.0,0.0,1.0,1.0,4,4,0.0,0.0,0.0,0.0,2006.0,1.0,7,0,0.0,2.0,3.0,1.0
4515,7,22,1630,1,1,1,1.0,1.0,69.0,290,3.0,2.0,2.0,0.0,0.0,1.0,1.0,4,4,0.0,0.0,0.0,0.0,2006.0,2.0,7,0,0.0,2.0,3.0,6.0
4516,7,22,1630,1,1,1,1.0,1.0,69.0,290,3.0,2.0,2.0,0.0,0.0,1.0,1.0,1,1,1.0,0.0,0.0,0.0,1986.0,1.0,7,0,0.0,2.0,3.0,1.0
4517,7,22,1630,1,1,1,1.0,1.0,69.0,290,3.0,2.0,2.0,0.0,0.0,1.0,1.0,1,1,1.0,0.0,0.0,0.0,1986.0,2.0,7,0,0.0,2.0,3.0,6.0
4518,7,28,1030,1,1,1,1.0,3.0,196.0,290,3.0,2.0,2.0,0.0,1.0,3.0,1.0,1,1,4.0,0.0,0.0,0.0,1957.0,1.0,7,0,0.0,2.0,1.0,1.0
4519,7,28,1030,1,1,1,1.0,3.0,196.0,290,3.0,2.0,2.0,0.0,1.0,3.0,1.0,1,1,4.0,0.0,0.0,0.0,1957.0,1.0,7,0,0.0,2.0,6.0,4.0
4520,7,28,1030,1,1,1,1.0,3.0,196.0,290,3.0,2.0,2.0,0.0,1.0,3.0,1.0,1,4,1.0,0.0,0.0,0.0,1960.0,1.0,7,0,0.0,2.0,1.0,1.0
4521,7,28,1030,1,1,1,1.0,3.0,196.0,290,3.0,2.0,2.0,0.0,1.0,3.0,1.0,1,4,1.0,0.0,0.0,0.0,1960.0,1.0,7,0,0.0,2.0,6.0,4.0
4522,8,31,115,4,1,1,1.0,6.0,257.0,290,3.0,2.0,2.0,0.0,1.0,1.0,1.0,1,4,4.0,0.0,0.0,0.0,1967.0,1.0,7,0,14.0,0.0,1.0,1.0
4523,9,5,830,1,1,1,1.0,3.0,196.0,290,3.0,2.0,2.0,0.0,1.0,4.0,1.0,1,1,1.0,0.0,0.0,0.0,1967.0,1.0,10,0,0.0,2.0,1.0,1.0
4524,9,5,830,1,1,1,1.0,3.0,196.0,290,3.0,2.0,2.0,0.0,1.0,4.0,1.0,1,1,1.0,0.0,0.0,0.0,1967.0,2.0,10,0,13.0,0.0,7.0,23.0
4525,9,5,830,1,1,1,1.0,3.0,196.0,290,3.0,2.0,2.0,0.0,1.0,4.0,1.0,1,1,1.0,0.0,0.0,0.0,1994.0,1.0,10,0,0.0,2.0,1.0,1.0
4526,9,5,830,1,1,1,1.0,3.0,196.0,290,3.0,2.0,2.0,0.0,1.0,4.0,1.0,1,1,1.0,0.0,0.0,0.0,1994.0,2.0,10,0,13.0,0.0,7.0,23.0
4527,9,11,100,3,2,1,1.0,6.0,149.0,290,3.0,2.0,0.0,0.0,0.0,0.0,0.0,1,1,4.0,0.0,0.0,0.0,1947.0,2.0,7,0,0.0,1.0,5.0,1.0
4528,9,11,100,3,2,1,1.0,6.0,149.0,290,3.0,2.0,0.0,0.0,0.0,0.0,0.0,3,4,4.0,1.0,1.0,3.0,1995.0,2.0,7,0,0.0,1.0,5.0,1.0
4529,9,18,830,1,1,1,7.0,5.0,177.0,290,3.0,2.0,0.0,0.0,1.0,1.0,1.0,1,4,1.0,0.0,0.0,0.0,1992.0,1.0,7,0,0.0,0.0,2.0,2.0
4530,9,18,830,1,1,1,7.0,5.0,177.0,290,3.0,2.0,0.0,0.0,1.0,1.0,1.0,1,4,1.0,0.0,0.0,0.0,1992.0,1.0,1,0,0.0,0.0,4.0,0.0
4531,9,18,830,1,1,1,7.0,5.0,177.0,290,3.0,2.0,0.0,0.0,1.0,1.0,1.0,1,4,1.0,0.0,0.0,0.0,1992.0,1.0,1,0,0.0,0.0,4.0,0.0
4532,9,18,830,1,1,1,7.0,5.0,177.0,290,3.0,2.0,0.0,0.0,1.0,1.0,1.0,1,1,4.0,0.0,0.0,0.0,1965.0,1.0,7,0,0.0,0.0,2.0,2.0
4533,9,18,830,1,1,1,7.0,5.0,177.0,290,3.0,2.0,0.0,0.0,1.0,1.0,1.0,1,1,4.0,0.0,0.0,0.0,1965.0,1.0,1,0,0.0,0.0,4.0,0.0
4534,9,18,830,1,1,1,7.0,5.0,177.0,290,3.0,2.0,0.0,0.0,1.0,1.0,1.0,1,1,4.0,0.0,0.0,0.0,1965.0,1.0,1,0,0.0,0.0,4.0,0.0
4535,9,18,830,1,1,1,7.0,5.0,177.0,290,3.0,2.0,0.0,0.0,1.0,1.0,1.0,1,1,4.0,0.0,0.0,0.0,1965.0,1.0,7,0,0.0,0.0,2.0,2.0
4536,9,18,830,1,1,1,7.0,5.0,177.0,290,3.0,2.0,0.0,0.0,1.0,1.0,1.0,1,1,4.0,0.0,0.0,0.0,1965.0,1.0,1,0,0.0,0.0,4.0,0.0
4537,9,18,830,1,1,1,7.0,5.0,177.0,290,3.0,2.0,0.0,0.0,1.0,1.0,1.0,1,1,4.0,0.0,0.0,0.0,1965.0,1.0,1,0,0.0,0.0,4.0,0.0
4538,9,19,830,1,1,1,1.0,2.0,149.0,290,3.0,2.0,0.0,0.0,1.0,0.0,2.0,1,4,4.0,0.0,0.0,0.0,1942.0,1.0,7,0,0.0,2.0,1.0,1.0
4539,9,19,830,1,1,1,1.0,2.0,149.0,290,3.0,2.0,0.0,0.0,1.0,0.0,2.0,1,4,4.0,0.0,0.0,0.0,1942.0,1.0,7,0,0.0,2.0,4.0,15.0
4540,9,19,830,1,1,1,1.0,2.0,149.0,290,3.0,2.0,0.0,0.0,1.0,0.0,2.0,1,1,4.0,0.0,0.0,0.0,1989.0,1.0,7,0,0.0,2.0,1.0,1.0
4541,9,19,830,1,1,1,1.0,2.0,149.0,290,3.0,2.0,0.0,0.0,1.0,0.0,2.0,1,1,4.0,0.0,0.0,0.0,1989.0,1.0,7,0,0.0,2.0,4.0,15.0
4542,10,25,1130,1,1,3,1.0,3.0,99.0,290,4.0,0.0,0.0,0.0,0.0,1.0,2.0,1,1,1.0,0.0,0.0,0.0,2000.0,0.0,2,0,0.0,2.0,1.0,15.0
4543,10,25,1130,1,1,3,1.0,3.0,99.0,290,4.0,0.0,0.0,0.0,0.0,1.0,2.0,1,1,1.0,0.0,0.0,0.0,2000.0,0.0,7,0,0.0,2.0,2.0,1.0
4544,10,25,1130,1,1,3,1.0,3.0,99.0,290,4.0,0.0,0.0,0.0,0.0,1.0,2.0,1,4,4.0,0.0,0.0,0.0,1977.0,0.0,2,0,0.0,2.0,1.0,15.0
4545,10,25,1130,1,1,3,1.0,3.0,99.0,290,4.0,0.0,0.0,0.0,0.0,1.0,2.0,1,4,4.0,0.0,0.0,0.0,1977.0,0.0,7,0,0.0,2.0,2.0,1.0
4546,10,25,2145,3,1,1,5.0,6.0,177.0,290,4.0,0.0,0.0,0.0,1.0,2.0,2.0,1,4,4.0,0.0,0.0,0.0,1998.0,0.0,7,0,13.0,0.0,1.0,1.0
4547,10,25,2145,3,1,1,5.0,6.0,177.0,290,4.0,0.0,0.0,0.0,1.0,2.0,2.0,4,4,0.0,0.0,0.0,0.0,1999.0,0.0,7,0,13.0,0.0,1.0,1.0
4548,10,25,2145,3,1,1,5.0,6.0,177.0,290,4.0,0.0,0.0,0.0,1.0,2.0,2.0,4,4,0.0,0.0,0.0,0.0,1999.0,0.0,7,0,13.0,0.0,1.0,1.0
4549,10,25,2145,3,1,1,5.0,6.0,177.0,290,4.0,0.0,0.0,0.0,1.0,2.0,2.0,4,4,0.0,0.0,0.0,0.0,2000.0,0.0,7,0,13.0,0.0,1.0,1.0