,month,day,time,light,location,intersection,atmosphere,collision,municipality,department,road,traffic,nblanes,reslane,laneprofile,plan,surface,user,sex,route,pedlocation,pedaction,pedcondition,birth,dirtraffic,catvehicle,nboccupants,obstacle,movobstacle,impact,maneuver
4680,4,5,1030,1,1,1,1.0,5.0,42.0,290,3.0,2.0,2.0,0.0,0.0,1.0,1.0,4,1,0.0,0.0,0.0,0.0,1994.0,2.0,7,0,0.0,2.0,3.0,14.0
4681,4,5,1030,1,1,1,1.0,5.0,42.0,290,3.0,2.0,2.0,0.0,0.0,1.0,1.0,4,1,0.0,0.0,0.0,0.0,1994.0,2.0,7,0,0.0,2.0,2.0,2.0
4682,4,5,1030,1,1,1,1.0,5.0,42.0,290,3.0,2.0,2.0,0.0,0.0,1.0,1.0,1,1,0.0,0.0,0.0,0.0,1997.0,1.0,7,0,0.0,2.0,3.0,13.0
4683,4,5,1030,1,1,1,1.0,5.0,42.0,290,3.0,2.0,2.0,0.0,0.0,1.0,1.0,1,1,0.0,0.0,0.0,0.0,1997.0,2.0,7,0,0.0,2.0,3.0,14.0
4684,4,5,1030,1,1,1,1.0,5.0,42.0,290,3.0,2.0,2.0,0.0,0.0,1.0,1.0,1,1,0.0,0.0,0.0,0.0,1997.0,2.0,7,0,0.0,2.0,2.0,2.0
4685,8,9,1830,1,1,1,1.0,3.0,42.0,290,3.0,2.0,0.0,0.0,0.0,1.0,1.0,1,1,4.0,0.0,0.0,0.0,1965.0,1.0,33,0,0.0,2.0,1.0,1.0
4686,8,9,1830,1,1,1,1.0,3.0,42.0,290,3.0,2.0,0.0,0.0,0.0,1.0,1.0,1,1,4.0,0.0,0.0,0.0,1965.0,1.0,7,0,0.0,0.0,6.0,0.0
4687,8,9,1830,1,1,1,1.0,3.0,42.0,290,3.0,2.0,0.0,0.0,0.0,1.0,1.0,4,4,0.0,0.0,0.0,0.0,1966.0,1.0,33,0,0.0,2.0,1.0,1.0
4688,8,9,1830,1,1,1,1.0,3.0,42.0,290,3.0,2.0,0.0,0.0,0.0,1.0,1.0,4,4,0.0,0.0,0.0,0.0,1966.0,1.0,7,0,0.0,0.0,6.0,0.0
4689,8,9,1830,1,1,1,1.0,3.0,42.0,290,3.0,2.0,0.0,0.0,0.0,1.0,1.0,1,1,4.0,0.0,0.0,0.0,1962.0,1.0,33,0,0.0,2.0,1.0,1.0
4690,8,9,1830,1,1,1,1.0,3.0,42.0,290,3.0,2.0,0.0,0.0,0.0,1.0,1.0,1,1,4.0,0.0,0.0,0.0,1962.0,1.0,7,0,0.0,0.0,6.0,0.0
4691,8,15,1845,1,1,1,1.0,1.0,42.0,290,4.0,2.0,2.0,0.0,2.0,1.0,1.0,1,1,4.0,0.0,0.0,0.0,1968.0,0.0,7,0,0.0,2.0,3.0,1.0
4692,8,15,1845,1,1,1,1.0,1.0,42.0,290,4.0,2.0,2.0,0.0,2.0,1.0,1.0,1,1,4.0,0.0,0.0,0.0,1968.0,0.0,7,0,0.0,2.0,3.0,0.0
4693,8,15,1845,1,1,1,1.0,1.0,42.0,290,4.0,2.0,2.0,0.0,2.0,1.0,1.0,4,4,0.0,0.0,0.0,0.0,1975.0,0.0,7,0,0.0,2.0,3.0,1.0
4694,8,15,1845,1,1,1,1.0,1.0,42.0,290,4.0,2.0,2.0,0.0,2.0,1.0,1.0,4,4,0.0,0.0,0.0,0.0,1975.0,0.0,7,0,0.0,2.0,3.0,0.0
4695,8,15,1845,1,1,1,1.0,1.0,42.0,290,4.0,2.0,2.0,0.0,2.0,1.0,1.0,4,1,0.0,0.0,0.0,0.0,2010.0,0.0,7,0,0.0,2.0,3.0,1.0
4696,8,15,1845,1,1,1,1.0,1.0,42.0,290,4.0,2.0,2.0,0.0,2.0,1.0,1.0,4,1,0.0,0.0,0.0,0.0,2010.0,0.0,7,0,0.0,2.0,3.0,0.0
4697,8,15,1845,1,1,1,1.0,1.0,42.0,290,4.0,2.0,2.0,0.0,2.0,1.0,1.0,4,1,0.0,0.0,0.0,0.0,2000.0,0.0,7,0,0.0,2.0,3.0,1.0
4698,8,15,1845,1,1,1,1.0,1.0,42.0,290,4.0,2.0,2.0,0.0,2.0,1.0,1.0,4,1,0.0,0.0,0.0,0.0,2000.0,0.0,7,0,0.0,2.0,3.0,0.0
4699,8,15,1845,1,1,1,1.0,1.0,42.0,290,4.0,2.0,2.0,0.0,2.0,1.0,1.0,4,4,0.0,0.0,0.0,0.0,2005.0,0.0,7,0,0.0,2.0,3.0,1.0
4700,8,15,1845,1,1,1,1.0,1.0,42.0,290,4.0,2.0,2.0,0.0,2.0,1.0,1.0,4,4,0.0,0.0,0.0,0.0,2005.0,0.0,7,0,0.0,2.0,3.0,0.0
4701,8,15,1845,1,1,1,1.0,1.0,42.0,290,4.0,2.0,2.0,0.0,2.0,1.0,1.0,1,1,4.0,0.0,0.0,0.0,1968.0,0.0,7,0,0.0,2.0,3.0,1.0
4702,8,15,1845,1,1,1,1.0,1.0,42.0,290,4.0,2.0,2.0,0.0,2.0,1.0,1.0,1,1,4.0,0.0,0.0,0.0,1968.0,0.0,7,0,0.0,2.0,3.0,0.0
4703,8,15,1845,1,1,1,1.0,1.0,42.0,290,4.0,2.0,2.0,0.0,2.0,1.0,1.0,4,4,0.0,0.0,0.0,0.0,1933.0,0.0,7,0,0.0,2.0,3.0,1.0
4704,8,15,1845,1,1,1,1.0,1.0,42.0,290,4.0,2.0,2.0,0.0,2.0,1.0,1.0,4,4,0.0,0.0,0.0,0.0,1933.0,0.0,7,0,0.0,2.0,3.0,0.0
4705,9,14,1145,1,1,1,1.0,6.0,120.0,290,3.0,2.0,0.0,0.0,1.0,1.0,1.0,1,4,4.0,0.0,0.0,0.0,1935.0,1.0,7,0,0.0,1.0,2.0,1.0
4706,9,14,1145,1,1,1,1.0,6.0,120.0,290,3.0,2.0,0.0,0.0,1.0,1.0,1.0,3,1,1.0,0.0,1.0,1.0,1963.0,1.0,7,0,0.0,1.0,2.0,1.0
4707,10,27,1245,1,1,1,5.0,6.0,256.0,290,3.0,2.0,2.0,0.0,1.0,2.0,1.0,1,1,2.0,0.0,0.0,0.0,1987.0,2.0,7,0,2.0,9.0,3.0,1.0
4708,12,7,530,5,2,6,8.0,6.0,22.0,290,3.0,2.0,2.0,0.0,2.0,2.0,2.0,1,4,4.0,0.0,0.0,0.0,2001.0,1.0,30,0,6.0,0.0,1.0,16.0
4709,12,7,530,5,2,6,8.0,6.0,22.0,290,3.0,2.0,2.0,0.0,2.0,2.0,2.0,4,4,0.0,0.0,0.0,0.0,2001.0,1.0,30,0,6.0,0.0,1.0,16.0
4710,12,23,800,1,1,1,1.0,1.0,280.0,290,3.0,2.0,2.0,0.0,1.0,1.0,1.0,1,1,1.0,0.0,0.0,0.0,1990.0,2.0,7,0,0.0,2.0,1.0,1.0
4711,12,23,800,1,1,1,1.0,1.0,280.0,290,3.0,2.0,2.0,0.0,1.0,1.0,1.0,1,1,1.0,0.0,0.0,0.0,1990.0,1.0,7,0,0.0,2.0,1.0,1.0
4712,12,23,800,1,1,1,1.0,1.0,280.0,290,3.0,2.0,2.0,0.0,1.0,1.0,1.0,1,1,1.0,0.0,0.0,0.0,1982.0,2.0,7,0,0.0,2.0,1.0,1.0
4713,12,23,800,1,1,1,1.0,1.0,280.0,290,3.0,2.0,2.0,0.0,1.0,1.0,1.0,1,1,1.0,0.0,0.0,0.0,1982.0,1.0,7,0,0.0,2.0,1.0,1.0
4714,2,5,1730,1,1,1,1.0,6.0,191.0,290,3.0,2.0,2.0,0.0,1.0,2.0,1.0,1,1,4.0,0.0,0.0,0.0,1976.0,2.0,7,0,8.0,0.0,2.0,1.0
4715,6,18,1830,1,1,1,1.0,1.0,199.0,290,3.0,2.0,0.0,0.0,1.0,1.0,1.0,1,1,4.0,0.0,0.0,0.0,1949.0,1.0,7,0,0.0,2.0,1.0,6.0
4716,6,18,1830,1,1,1,1.0,1.0,199.0,290,3.0,2.0,0.0,0.0,1.0,1.0,1.0,1,1,4.0,0.0,0.0,0.0,1949.0,2.0,33,0,0.0,2.0,2.0,1.0
4717,6,18,1830,1,1,1,1.0,1.0,199.0,290,3.0,2.0,0.0,0.0,1.0,1.0,1.0,4,1,0.0,0.0,0.0,0.0,1942.0,1.0,7,0,0.0,2.0,1.0,6.0
4718,6,18,1830,1,1,1,1.0,1.0,199.0,290,3.0,2.0,0.0,0.0,1.0,1.0,1.0,4,1,0.0,0.0,0.0,0.0,1942.0,2.0,33,0,0.0,2.0,2.0,1.0
4719,6,18,1830,1,1,1,1.0,1.0,199.0,290,3.0,2.0,0.0,0.0,1.0,1.0,1.0,1,1,4.0,0.0,0.0,0.0,1993.0,1.0,7,0,0.0,2.0,1.0,6.0
4720,6,18,1830,1,1,1,1.0,1.0,199.0,290,3.0,2.0,0.0,0.0,1.0,1.0,1.0,1,1,4.0,0.0,0.0,0.0,1993.0,2.0,33,0,0.0,2.0,2.0,1.0
4721,7,1,500,3,1,1,1.0,7.0,182.0,290,3.0,0.0,0.0,0.0,0.0,1.0,1.0,1,1,4.0,0.0,0.0,0.0,1971.0,1.0,7,0,13.0,0.0,1.0,1.0
4722,7,15,1900,1,1,1,1.0,3.0,182.0,290,3.0,2.0,0.0,0.0,1.0,4.0,1.0,1,4,4.0,0.0,0.0,0.0,1955.0,2.0,10,0,0.0,2.0,6.0,15.0
4723,7,15,1900,1,1,1,1.0,3.0,182.0,290,3.0,2.0,0.0,0.0,1.0,4.0,1.0,1,4,4.0,0.0,0.0,0.0,1955.0,2.0,33,0,0.0,2.0,1.0,17.0
4724,7,15,1900,1,1,1,1.0,3.0,182.0,290,3.0,2.0,0.0,0.0,1.0,4.0,1.0,1,1,4.0,0.0,0.0,0.0,1974.0,2.0,10,0,0.0,2.0,6.0,15.0
4725,7,15,1900,1,1,1,1.0,3.0,182.0,290,3.0,2.0,0.0,0.0,1.0,4.0,1.0,1,1,4.0,0.0,0.0,0.0,1974.0,2.0,33,0,0.0,2.0,1.0,17.0
4726,2,11,815,1,1,1,4.0,3.0,204.0,290,3.0,2.0,0.0,0.0,3.0,1.0,5.0,1,4,1.0,0.0,0.0,0.0,1991.0,2.0,7,0,0.0,2.0,5.0,1.0
4727,2,11,815,1,1,1,4.0,3.0,204.0,290,3.0,2.0,0.0,0.0,3.0,1.0,5.0,1,4,1.0,0.0,0.0,0.0,1991.0,1.0,10,0,0.0,2.0,1.0,1.0
4728,2,11,815,1,1,1,4.0,3.0,204.0,290,3.0,2.0,0.0,0.0,3.0,1.0,5.0,1,1,2.0,0.0,0.0,0.0,1991.0,2.0,7,0,0.0,2.0,5.0,1.0
4729,2,11,815,1,1,1,4.0,3.0,204.0,290,3.0,2.0,0.0,0.0,3.0,1.0,5.0,1,1,2.0,0.0,0.0,0.0,1991.0,1.0,10,0,0.0,2.0,1.0,1.0
4730,2,11,815,1,1,1,4.0,3.0,204.0,290,3.0,2.0,0.0,0.0,3.0,1.0,5.0,4,1,0.0,0.0,0.0,0.0,1972.0,2.0,7,0,0.0,2.0,5.0,1.0
4731,2,11,815,1,1,1,4.0,3.0,204.0,290,3.0,2.0,0.0,0.0,3.0,1.0,5.0,4,1,0.0,0.0,0.0,0.0,1972.0,1.0,10,0,0.0,2.0,1.0,1.0
4732,3,2,730,2,1,1,2.0,6.0,97.0,290,3.0,2.0,2.0,0.0,2.0,1.0,2.0,1,1,1.0,0.0,0.0,0.0,1984.0,1.0,7,0,0.0,1.0,1.0,1.0
4733,3,2,730,2,1,1,2.0,6.0,97.0,290,3.0,2.0,2.0,0.0,2.0,1.0,2.0,3,4,1.0,1.0,3.0,1.0,2001.0,1.0,7,0,0.0,1.0,1.0,1.0
4734,4,8,1030,1,1,1,1.0,3.0,127.0,290,3.0,2.0,0.0,0.0,1.0,2.0,2.0,1,1,1.0,0.0,0.0,0.0,1983.0,1.0,7,0,0.0,2.0,7.0,1.0
4735,4,8,1030,1,1,1,1.0,3.0,127.0,290,3.0,2.0,0.0,0.0,1.0,2.0,2.0,1,1,1.0,0.0,0.0,0.0,1983.0,2.0,15,0,0.0,2.0,1.0,1.0
4736,4,8,1030,1,1,1,1.0,3.0,127.0,290,3.0,2.0,0.0,0.0,1.0,2.0,2.0,1,4,2.0,0.0,0.0,0.0,1985.0,1.0,7,0,0.0,2.0,7.0,1.0
4737,4,8,1030,1,1,1,1.0,3.0,127.0,290,3.0,2.0,0.0,0.0,1.0,2.0,2.0,1,4,2.0,0.0,0.0,0.0,1985.0,2.0,15,0,0.0,2.0,1.0,1.0
4738,6,6,1915,1,1,1,1.0,3.0,262.0,290,3.0,2.0,0.0,0.0,2.0,1.0,1.0,1,1,4.0,0.0,0.0,0.0,1953.0,1.0,7,0,0.0,2.0,8.0,1.0
4739,6,6,1915,1,1,1,1.0,3.0,262.0,290,3.0,2.0,0.0,0.0,2.0,1.0,1.0,1,1,4.0,0.0,0.0,0.0,1953.0,2.0,2,0,0.0,2.0,1.0,19.0
4740,6,6,1915,1,1,1,1.0,3.0,262.0,290,3.0,2.0,0.0,0.0,2.0,1.0,1.0,4,4,0.0,0.0,0.0,0.0,1997.0,1.0,7,0,0.0,2.0,8.0,1.0
4741,6,6,1915,1,1,1,1.0,3.0,262.0,290,3.0,2.0,0.0,0.0,2.0,1.0,1.0,4,4,0.0,0.0,0.0,0.0,1997.0,2.0,2,0,0.0,2.0,1.0,19.0
4742,6,6,1915,1,1,1,1.0,3.0,262.0,290,3.0,2.0,0.0,0.0,2.0,1.0,1.0,1,1,4.0,0.0,0.0,0.0,2000.0,1.0,7,0,0.0,2.0,8.0,1.0
4743,6,6,1915,1,1,1,1.0,3.0,262.0,290,3.0,2.0,0.0,0.0,2.0,1.0,1.0,1,1,4.0,0.0,0.0,0.0,2000.0,2.0,2,0,0.0,2.0,1.0,19.0
4744,7,8,645,2,1,1,1.0,7.0,265.0,290,4.0,2.0,2.0,0.0,2.0,2.0,1.0,1,1,4.0,0.0,0.0,0.0,1984.0,1.0,7,0,13.0,0.0,3.0,0.0
4745,7,8,645,2,1,1,1.0,7.0,265.0,290,4.0,2.0,2.0,0.0,2.0,2.0,1.0,4,1,0.0,0.0,0.0,0.0,1981.0,1.0,7,0,13.0,0.0,3.0,0.0
4746,7,8,645,2,1,1,1.0,7.0,265.0,290,4.0,2.0,2.0,0.0,2.0,2.0,1.0,4,1,0.0,0.0,0.0,0.0,1979.0,1.0,7,0,13.0,0.0,3.0,0.0
4747,8,6,1930,1,1,1,1.0,2.0,38.0,290,3.0,2.0,2.0,0.0,1.0,2.0,1.0,1,1,0.0,0.0,0.0,0.0,1989.0,2.0,33,0,0.0,2.0,1.0,1.0
4748,8,6,1930,1,1,1,1.0,2.0,38.0,290,3.0,2.0,2.0,0.0,1.0,2.0,1.0,1,1,0.0,0.0,0.0,0.0,1989.0,1.0,7,0,0.0,2.0,5.0,15.0
4749,8,6,1930,1,1,1,1.0,2.0,38.0,290,3.0,2.0,2.0,0.0,1.0,2.0,1.0,1,1,0.0,0.0,0.0,0.0,1970.0,2.0,33,0,0.0,2.0,1.0,1.0
4750,8,6,1930,1,1,1,1.0,2.0,38.0,290,3.0,2.0,2.0,0.0,1.0,2.0,1.0,1,1,0.0,0.0,0.0,0.0,1970.0,1.0,7,0,0.0,2.0,5.0,15.0
4751,8,25,715,2,1,1,5.0,3.0,204.0,290,3.0,2.0,2.0,0.0,0.0,2.0,1.0,1,1,1.0,0.0,0.0,0.0,1994.0,1.0,7,0,0.0,2.0,3.0,6.0
4752,8,25,715,2,1,1,5.0,3.0,204.0,290,3.0,2.0,2.0,0.0,0.0,2.0,1.0,1,1,1.0,0.0,0.0,0.0,1994.0,2.0,31,0,0.0,2.0,6.0,1.0
4753,8,25,715,2,1,1,5.0,3.0,204.0,290,3.0,2.0,2.0,0.0,0.0,2.0,1.0,1,1,1.0,0.0,0.0,0.0,1974.0,1.0,7,0,0.0,2.0,3.0,6.0
4754,8,25,715,2,1,1,5.0,3.0,204.0,290,3.0,2.0,2.0,0.0,0.0,2.0,1.0,1,1,1.0,0.0,0.0,0.0,1974.0,2.0,31,0,0.0,2.0,6.0,1.0
4755,12,6,1800,3,1,1,1.0,1.0,202.0,290,3.0,2.0,0.0,0.0,1.0,1.0,1.0,1,4,4.0,0.0,0.0,0.0,1940.0,2.0,7,0,0.0,2.0,3.0,5.0
4756,12,6,1800,3,1,1,1.0,1.0,202.0,290,3.0,2.0,0.0,0.0,1.0,1.0,1.0,1,4,4.0,0.0,0.0,0.0,1940.0,1.0,7,0,0.0,0.0,3.0,1.0
4757,12,6,1800,3,1,1,1.0,1.0,202.0,290,3.0,2.0,0.0,0.0,1.0,1.0,1.0,1,1,4.0,0.0,0.0,0.0,1988.0,2.0,7,0,0.0,2.0,3.0,5.0
4758,12,6,1800,3,1,1,1.0,1.0,202.0,290,3.0,2.0,0.0,0.0,1.0,1.0,1.0,1,1,4.0,0.0,0.0,0.0,1988.0,1.0,7,0,0.0,0.0,3.0,1.0
4759,2,27,1630,1,1,1,1.0,5.0,285.0,290,3.0,2.0,2.0,0.0,4.0,1.0,1.0,1,1,4.0,0.0,0.0,0.0,1993.0,1.0,10,0,0.0,2.0,3.0,11.0
4760,2,27,1630,1,1,1,1.0,5.0,285.0,290,3.0,2.0,2.0,0.0,4.0,1.0,1.0,1,1,4.0,0.0,0.0,0.0,1993.0,2.0,10,0,0.0,2.0,3.0,1.0
4761,2,27,1630,1,1,1,1.0,5.0,285.0,290,3.0,2.0,2.0,0.0,4.0,1.0,1.0,1,1,4.0,0.0,0.0,0.0,1993.0,2.0,10,0,0.0,2.0,1.0,1.0
4762,2,27,1630,1,1,1,1.0,5.0,285.0,290,3.0,2.0,2.0,0.0,4.0,1.0,1.0,4,1,0.0,0.0,0.0,0.0,1988.0,1.0,10,0,0.0,2.0,3.0,11.0
4763,2,27,1630,1,1,1,1.0,5.0,285.0,290,3.0,2.0,2.0,0.0,4.0,1.0,1.0,4,1,0.0,0.0,0.0,0.0,1988.0,2.0,10,0,0.0,2.0,3.0,1.0
4764,2,27,1630,1,1,1,1.0,5.0,285.0,290,3.0,2.0,2.0,0.0,4.0,1.0,1.0,4,1,0.0,0.0,0.0,0.0,1988.0,2.0,10,0,0.0,2.0,1.0,1.0
4765,2,27,1630,1,1,1,1.0,5.0,285.0,290,3.0,2.0,2.0,0.0,4.0,1.0,1.0,4,4,0.0,0.0,0.0,0.0,1992.0,1.0,10,0,0.0,2.0,3.0,11.0
4766,2,27,1630,1,1,1,1.0,5.0,285.0,290,3.0,2.0,2.0,0.0,4.0,1.0,1.0,4,4,0.0,0.0,0.0,0.0,1992.0,2.0,10,0,0.0,2.0,3.0,1.0
4767,2,27,1630,1,1,1,1.0,5.0,285.0,290,3.0,2.0,2.0,0.0,4.0,1.0,1.0,4,4,0.0,0.0,0.0,0.0,1992.0,2.0,10,0,0.0,2.0,1.0,1.0
4768,2,27,1630,1,1,1,1.0,5.0,285.0,290,3.0,2.0,2.0,0.0,4.0,1.0,1.0,4,1,0.0,0.0,0.0,0.0,1989.0,1.0,10,0,0.0,2.0,3.0,11.0
4769,2,27,1630,1,1,1,1.0,5.0,285.0,290,3.0,2.0,2.0,0.0,4.0,1.0,1.0,4,1,0.0,0.0,0.0,0.0,1989.0,2.0,10,0,0.0,2.0,3.0,1.0
4770,2,27,1630,1,1,1,1.0,5.0,285.0,290,3.0,2.0,2.0,0.0,4.0,1.0,1.0,4,1,0.0,0.0,0.0,0.0,1989.0,2.0,10,0,0.0,2.0,1.0,1.0
4771,2,27,1630,1,1,1,1.0,5.0,285.0,290,3.0,2.0,2.0,0.0,4.0,1.0,1.0,1,4,4.0,0.0,0.0,0.0,1977.0,1.0,10,0,0.0,2.0,3.0,11.0
4772,2,27,1630,1,1,1,1.0,5.0,285.0,290,3.0,2.0,2.0,0.0,4.0,1.0,1.0,1,4,4.0,0.0,0.0,0.0,1977.0,2.0,10,0,0.0,2.0,3.0,1.0
4773,2,27,1630,1,1,1,1.0,5.0,285.0,290,3.0,2.0,2.0,0.0,4.0,1.0,1.0,1,4,4.0,0.0,0.0,0.0,1977.0,2.0,10,0,0.0,2.0,1.0,1.0
4774,2,27,1630,1,1,1,1.0,5.0,285.0,290,3.0,2.0,2.0,0.0,4.0,1.0,1.0,4,1,0.0,0.0,0.0,0.0,2005.0,1.0,10,0,0.0,2.0,3.0,11.0
4775,2,27,1630,1,1,1,1.0,5.0,285.0,290,3.0,2.0,2.0,0.0,4.0,1.0,1.0,4,1,0.0,0.0,0.0,0.0,2005.0,2.0,10,0,0.0,2.0,3.0,1.0
4776,2,27,1630,1,1,1,1.0,5.0,285.0,290,3.0,2.0,2.0,0.0,4.0,1.0,1.0,4,1,0.0,0.0,0.0,0.0,2005.0,2.0,10,0,0.0,2.0,1.0,1.0
4777,2,27,1630,1,1,1,1.0,5.0,285.0,290,3.0,2.0,2.0,0.0,4.0,1.0,1.0,1,1,4.0,0.0,0.0,0.0,1978.0,1.0,10,0,0.0,2.0,3.0,11.0
4778,2,27,1630,1,1,1,1.0,5.0,285.0,290,3.0,2.0,2.0,0.0,4.0,1.0,1.0,1,1,4.0,0.0,0.0,0.0,1978.0,2.0,10,0,0.0,2.0,3.0,1.0
4779,2,27,1630,1,1,1,1.0,5.0,285.0,290,3.0,2.0,2.0,0.0,4.0,1.0,1.0,1,1,4.0,0.0,0.0,0.0,1978.0,2.0,10,0,0.0,2.0,1.0,1.0
4780,2,27,1630,1,1,1,1.0,5.0,285.0,290,3.0,2.0,2.0,0.0,4.0,1.0,1.0,4,4,0.0,0.0,0.0,0.0,2005.0,1.0,10,0,0.0,2.0,3.0,11.0
4781,2,27,1630,1,1,1,1.0,5.0,285.0,290,3.0,2.0,2.0,0.0,4.0,1.0,1.0,4,4,0.0,0.0,0.0,0.0,2005.0,2.0,10,0,0.0,2.0,3.0,1.0
4782,2,27,1630,1,1,1,1.0,5.0,285.0,290,3.0,2.0,2.0,0.0,4.0,1.0,1.0,4,4,0.0,0.0,0.0,0.0,2005.0,2.0,10,0,0.0,2.0,1.0,1.0
4783,2,27,1630,1,1,1,1.0,5.0,285.0,290,3.0,2.0,2.0,0.0,4.0,1.0,1.0,4,1,0.0,0.0,0.0,0.0,2005.0,1.0,10,0,0.0,2.0,3.0,11.0
4784,2,27,1630,1,1,1,1.0,5.0,285.0,290,3.0,2.0,2.0,0.0,4.0,1.0,1.0,4,1,0.0,0.0,0.0,0.0,2005.0,2.0,10,0,0.0,2.0,3.0,1.0
4785,2,27,1630,1,1,1,1.0,5.0,285.0,290,3.0,2.0,2.0,0.0,4.0,1.0,1.0,4,1,0.0,0.0,0.0,0.0,2005.0,2.0,10,0,0.0,2.0,1.0,1.0
4786,2,27,1630,1,1,1,1.0,5.0,285.0,290,3.0,2.0,2.0,0.0,4.0,1.0,1.0,4,1,0.0,0.0,0.0,0.0,2005.0,1.0,10,0,0.0,2.0,3.0,11.0
4787,2,27,1630,1,1,1,1.0,5.0,285.0,290,3.0,2.0,2.0,0.0,4.0,1.0,1.0,4,1,0.0,0.0,0.0,0.0,2005.0,2.0,10,0,0.0,2.0,3.0,1.0
4788,2,27,1630,1,1,1,1.0,5.0,285.0,290,3.0,2.0,2.0,0.0,4.0,1.0,1.0,4,1,0.0,0.0,0.0,0.0,2005.0,2.0,10,0,0.0,2.0,1.0,1.0
4789,2,27,1630,1,1,1,1.0,5.0,285.0,290,3.0,2.0,2.0,0.0,4.0,1.0,1.0,4,1,0.0,0.0,0.0,0.0,2004.0,1.0,10,0,0.0,2.0,3.0,11.0
4790,2,27,1630,1,1,1,1.0,5.0,285.0,290,3.0,2.0,2.0,0.0,4.0,1.0,1.0,4,1,0.0,0.0,0.0,0.0,2004.0,2.0,10,0,0.0,2.0,3.0,1.0
4791,2,27,1630,1,1,1,1.0,5.0,285.0,290,3.0,2.0,2.0,0.0,4.0,1.0,1.0,4,1,0.0,0.0,0.0,0.0,2004.0,2.0,10,0,0.0,2.0,1.0,1.0
4792,2,27,1630,1,1,1,1.0,5.0,285.0,290,3.0,2.0,2.0,0.0,4.0,1.0,1.0,4,1,0.0,0.0,0.0,0.0,2005.0,1.0,10,0,0.0,2.0,3.0,11.0
4793,2,27,1630,1,1,1,1.0,5.0,285.0,290,3.0,2.0,2.0,0.0,4.0,1.0,1.0,4,1,0.0,0.0,0.0,0.0,2005.0,2.0,10,0,0.0,2.0,3.0,1.0
4794,2,27,1630,1,1,1,1.0,5.0,285.0,290,3.0,2.0,2.0,0.0,4.0,1.0,1.0,4,1,0.0,0.0,0.0,0.0,2005.0,2.0,10,0,0.0,2.0,1.0,1.0
4795,2,27,1630,1,1,1,1.0,5.0,285.0,290,3.0,2.0,2.0,0.0,4.0,1.0,1.0,4,1,0.0,0.0,0.0,0.0,2012.0,1.0,10,0,0.0,2.0,3.0,11.0
4796,2,27,1630,1,1,1,1.0,5.0,285.0,290,3.0,2.0,2.0,0.0,4.0,1.0,1.0,4,1,0.0,0.0,0.0,0.0,2012.0,2.0,10,0,0.0,2.0,3.0,1.0
4797,2,27,1630,1,1,1,1.0,5.0,285.0,290,3.0,2.0,2.0,0.0,4.0,1.0,1.0,4,1,0.0,0.0,0.0,0.0,2012.0,2.0,10,0,0.0,2.0,1.0,1.0
4798,4,18,745,1,1,2,1.0,3.0,271.0,290,3.0,2.0,2.0,0.0,1.0,1.0,1.0,1,1,1.0,0.0,0.0,0.0,1958.0,2.0,10,0,0.0,2.0,1.0,1.0
4799,4,18,745,1,1,2,1.0,3.0,271.0,290,3.0,2.0,2.0,0.0,1.0,1.0,1.0,1,1,1.0,0.0,0.0,0.0,1958.0,2.0,10,0,0.0,2.0,3.0,19.0
4800,4,18,745,1,1,2,1.0,3.0,271.0,290,3.0,2.0,2.0,0.0,1.0,1.0,1.0,1,1,1.0,0.0,0.0,0.0,1982.0,2.0,10,0,0.0,2.0,1.0,1.0
4801,4,18,745,1,1,2,1.0,3.0,271.0,290,3.0,2.0,2.0,0.0,1.0,1.0,1.0,1,1,1.0,0.0,0.0,0.0,1982.0,2.0,10,0,0.0,2.0,3.0,19.0
4802,5,2,1700,1,1,1,1.0,6.0,271.0,290,3.0,2.0,2.0,0.0,0.0,2.0,1.0,1,4,1.0,0.0,0.0,0.0,1965.0,1.0,7,0,8.0,0.0,1.0,0.0
4803,5,23,1930,1,1,1,1.0,1.0,276.0,290,4.0,2.0,2.0,0.0,1.0,1.0,1.0,1,4,4.0,0.0,0.0,0.0,1940.0,0.0,10,0,0.0,2.0,5.0,15.0
4804,5,23,1930,1,1,1,1.0,1.0,276.0,290,4.0,2.0,2.0,0.0,1.0,1.0,1.0,1,4,4.0,0.0,0.0,0.0,1940.0,0.0,33,0,0.0,2.0,9.0,1.0
4805,5,23,1930,1,1,1,1.0,1.0,276.0,290,4.0,2.0,2.0,0.0,1.0,1.0,1.0,1,4,4.0,0.0,0.0,0.0,1969.0,0.0,10,0,0.0,2.0,5.0,15.0
4806,5,23,1930,1,1,1,1.0,1.0,276.0,290,4.0,2.0,2.0,0.0,1.0,1.0,1.0,1,4,4.0,0.0,0.0,0.0,1969.0,0.0,33,0,0.0,2.0,9.0,1.0
4807,6,1,1500,1,1,1,1.0,6.0,276.0,290,3.0,2.0,2.0,0.0,2.0,1.0,0.0,1,4,4.0,0.0,0.0,0.0,1948.0,2.0,1,0,0.0,0.0,0.0,1.0
4808,6,8,815,1,1,1,1.0,3.0,259.0,290,3.0,2.0,0.0,0.0,0.0,1.0,1.0,1,1,2.0,0.0,0.0,0.0,1957.0,1.0,21,0,0.0,0.0,6.0,15.0
4809,6,8,815,1,1,1,1.0,3.0,259.0,290,3.0,2.0,0.0,0.0,0.0,1.0,1.0,1,1,2.0,0.0,0.0,0.0,1957.0,1.0,33,0,0.0,2.0,1.0,17.0