,month,day,time,light,location,intersection,atmosphere,collision,municipality,department,road,traffic,nblanes,reslane,laneprofile,plan,surface,user,sex,route,pedlocation,pedaction,pedcondition,birth,dirtraffic,catvehicle,nboccupants,obstacle,movobstacle,impact,maneuver
4810,6,8,815,1,1,1,1.0,3.0,259.0,290,3.0,2.0,0.0,0.0,0.0,1.0,1.0,1,1,4.0,0.0,0.0,0.0,1951.0,1.0,21,0,0.0,0.0,6.0,15.0
4811,6,8,815,1,1,1,1.0,3.0,259.0,290,3.0,2.0,0.0,0.0,0.0,1.0,1.0,1,1,4.0,0.0,0.0,0.0,1951.0,1.0,33,0,0.0,2.0,1.0,17.0
4812,6,8,815,1,1,1,1.0,3.0,259.0,290,3.0,2.0,0.0,0.0,0.0,1.0,1.0,4,4,0.0,0.0,0.0,0.0,1949.0,1.0,21,0,0.0,0.0,6.0,15.0
4813,6,8,815,1,1,1,1.0,3.0,259.0,290,3.0,2.0,0.0,0.0,0.0,1.0,1.0,4,4,0.0,0.0,0.0,0.0,1949.0,1.0,33,0,0.0,2.0,1.0,17.0
4814,6,20,1500,1,1,1,2.0,1.0,30.0,290,3.0,2.0,0.0,0.0,0.0,2.0,2.0,1,1,2.0,0.0,0.0,0.0,1981.0,1.0,10,0,0.0,2.0,1.0,13.0
4815,6,20,1500,1,1,1,2.0,1.0,30.0,290,3.0,2.0,0.0,0.0,0.0,2.0,2.0,1,1,2.0,0.0,0.0,0.0,1981.0,2.0,10,0,0.0,2.0,1.0,1.0
4816,6,20,1500,1,1,1,2.0,1.0,30.0,290,3.0,2.0,0.0,0.0,0.0,2.0,2.0,1,1,2.0,0.0,0.0,0.0,1984.0,1.0,10,0,0.0,2.0,1.0,13.0
4817,6,20,1500,1,1,1,2.0,1.0,30.0,290,3.0,2.0,0.0,0.0,0.0,2.0,2.0,1,1,2.0,0.0,0.0,0.0,1984.0,2.0,10,0,0.0,2.0,1.0,1.0
4818,8,13,1615,1,1,1,1.0,4.0,23.0,290,3.0,2.0,2.0,0.0,1.0,1.0,1.0,1,1,4.0,0.0,0.0,0.0,1990.0,1.0,33,0,0.0,2.0,2.0,2.0
4819,8,13,1615,1,1,1,1.0,4.0,23.0,290,3.0,2.0,2.0,0.0,1.0,1.0,1.0,1,1,4.0,0.0,0.0,0.0,1990.0,1.0,10,0,0.0,0.0,4.0,0.0
4820,8,13,1615,1,1,1,1.0,4.0,23.0,290,3.0,2.0,2.0,0.0,1.0,1.0,1.0,1,1,4.0,0.0,0.0,0.0,1990.0,1.0,33,0,0.0,2.0,1.0,1.0
4821,8,13,1615,1,1,1,1.0,4.0,23.0,290,3.0,2.0,2.0,0.0,1.0,1.0,1.0,1,1,4.0,0.0,0.0,0.0,1990.0,1.0,33,0,0.0,2.0,1.0,0.0
4822,8,13,1615,1,1,1,1.0,4.0,23.0,290,3.0,2.0,2.0,0.0,1.0,1.0,1.0,1,4,4.0,0.0,0.0,0.0,1966.0,1.0,33,0,0.0,2.0,2.0,2.0
4823,8,13,1615,1,1,1,1.0,4.0,23.0,290,3.0,2.0,2.0,0.0,1.0,1.0,1.0,1,4,4.0,0.0,0.0,0.0,1966.0,1.0,10,0,0.0,0.0,4.0,0.0
4824,8,13,1615,1,1,1,1.0,4.0,23.0,290,3.0,2.0,2.0,0.0,1.0,1.0,1.0,1,4,4.0,0.0,0.0,0.0,1966.0,1.0,33,0,0.0,2.0,1.0,1.0
4825,8,13,1615,1,1,1,1.0,4.0,23.0,290,3.0,2.0,2.0,0.0,1.0,1.0,1.0,1,4,4.0,0.0,0.0,0.0,1966.0,1.0,33,0,0.0,2.0,1.0,0.0
4826,8,13,1615,1,1,1,1.0,4.0,23.0,290,3.0,2.0,2.0,0.0,1.0,1.0,1.0,4,4,0.0,0.0,0.0,0.0,1941.0,1.0,33,0,0.0,2.0,2.0,2.0
4827,8,13,1615,1,1,1,1.0,4.0,23.0,290,3.0,2.0,2.0,0.0,1.0,1.0,1.0,4,4,0.0,0.0,0.0,0.0,1941.0,1.0,10,0,0.0,0.0,4.0,0.0
4828,8,13,1615,1,1,1,1.0,4.0,23.0,290,3.0,2.0,2.0,0.0,1.0,1.0,1.0,4,4,0.0,0.0,0.0,0.0,1941.0,1.0,33,0,0.0,2.0,1.0,1.0
4829,8,13,1615,1,1,1,1.0,4.0,23.0,290,3.0,2.0,2.0,0.0,1.0,1.0,1.0,4,4,0.0,0.0,0.0,0.0,1941.0,1.0,33,0,0.0,2.0,1.0,0.0
4830,8,13,1615,1,1,1,1.0,4.0,23.0,290,3.0,2.0,2.0,0.0,1.0,1.0,1.0,1,1,4.0,0.0,0.0,0.0,1990.0,1.0,33,0,0.0,2.0,2.0,2.0
4831,8,13,1615,1,1,1,1.0,4.0,23.0,290,3.0,2.0,2.0,0.0,1.0,1.0,1.0,1,1,4.0,0.0,0.0,0.0,1990.0,1.0,10,0,0.0,0.0,4.0,0.0
4832,8,13,1615,1,1,1,1.0,4.0,23.0,290,3.0,2.0,2.0,0.0,1.0,1.0,1.0,1,1,4.0,0.0,0.0,0.0,1990.0,1.0,33,0,0.0,2.0,1.0,1.0
4833,8,13,1615,1,1,1,1.0,4.0,23.0,290,3.0,2.0,2.0,0.0,1.0,1.0,1.0,1,1,4.0,0.0,0.0,0.0,1990.0,1.0,33,0,0.0,2.0,1.0,0.0
4834,8,13,1615,1,1,1,1.0,4.0,23.0,290,3.0,2.0,2.0,0.0,1.0,1.0,1.0,1,1,4.0,0.0,0.0,0.0,1990.0,1.0,33,0,0.0,2.0,2.0,2.0
4835,8,13,1615,1,1,1,1.0,4.0,23.0,290,3.0,2.0,2.0,0.0,1.0,1.0,1.0,1,1,4.0,0.0,0.0,0.0,1990.0,1.0,10,0,0.0,0.0,4.0,0.0
4836,8,13,1615,1,1,1,1.0,4.0,23.0,290,3.0,2.0,2.0,0.0,1.0,1.0,1.0,1,1,4.0,0.0,0.0,0.0,1990.0,1.0,33,0,0.0,2.0,1.0,1.0
4837,8,13,1615,1,1,1,1.0,4.0,23.0,290,3.0,2.0,2.0,0.0,1.0,1.0,1.0,1,1,4.0,0.0,0.0,0.0,1990.0,1.0,33,0,0.0,2.0,1.0,0.0
4838,9,15,745,2,1,1,3.0,1.0,271.0,290,3.0,2.0,2.0,0.0,0.0,2.0,2.0,1,4,1.0,0.0,0.0,0.0,1991.0,1.0,7,0,0.0,2.0,3.0,13.0
4839,9,15,745,2,1,1,3.0,1.0,271.0,290,3.0,2.0,2.0,0.0,0.0,2.0,2.0,1,4,1.0,0.0,0.0,0.0,1991.0,2.0,7,0,0.0,2.0,1.0,1.0
4840,9,15,745,2,1,1,3.0,1.0,271.0,290,3.0,2.0,2.0,0.0,0.0,2.0,2.0,1,1,1.0,0.0,0.0,0.0,1978.0,1.0,7,0,0.0,2.0,3.0,13.0
4841,9,15,745,2,1,1,3.0,1.0,271.0,290,3.0,2.0,2.0,0.0,0.0,2.0,2.0,1,1,1.0,0.0,0.0,0.0,1978.0,2.0,7,0,0.0,2.0,1.0,1.0
4842,10,22,545,5,2,1,1.0,6.0,213.0,290,3.0,2.0,0.0,0.0,2.0,1.0,1.0,1,1,4.0,0.0,0.0,0.0,1997.0,2.0,7,0,6.0,0.0,1.0,1.0
4843,10,22,545,5,2,1,1.0,6.0,213.0,290,3.0,2.0,0.0,0.0,2.0,1.0,1.0,4,1,0.0,0.0,0.0,0.0,1996.0,2.0,7,0,6.0,0.0,1.0,1.0
4844,11,23,1815,3,1,1,3.0,6.0,259.0,290,3.0,2.0,2.0,0.0,1.0,1.0,2.0,1,4,4.0,0.0,0.0,0.0,1960.0,1.0,7,0,0.0,1.0,2.0,1.0
4845,11,23,1815,3,1,1,3.0,6.0,259.0,290,3.0,2.0,2.0,0.0,1.0,1.0,2.0,3,1,9.0,1.0,1.0,1.0,1995.0,1.0,7,0,0.0,1.0,2.0,1.0
4846,9,25,545,4,1,1,1.0,6.0,248.0,560,3.0,2.0,0.0,0.0,1.0,1.0,1.0,1,1,2.0,0.0,0.0,0.0,1956.0,1.0,38,1,0.0,1.0,1.0,0.0
4847,9,25,545,4,1,1,1.0,6.0,248.0,560,3.0,2.0,0.0,0.0,1.0,1.0,1.0,3,1,4.0,1.0,9.0,1.0,1996.0,1.0,38,1,0.0,1.0,1.0,0.0
4848,1,7,845,1,1,1,1.0,6.0,42.0,560,3.0,2.0,0.0,0.0,2.0,1.0,1.0,1,1,0.0,0.0,0.0,0.0,1979.0,1.0,7,0,0.0,1.0,0.0,0.0
4849,1,7,845,1,1,1,1.0,6.0,42.0,560,3.0,2.0,0.0,0.0,2.0,1.0,1.0,3,1,4.0,6.0,1.0,1.0,1948.0,1.0,7,0,0.0,1.0,0.0,0.0
4850,1,14,1915,1,1,1,1.0,1.0,158.0,560,3.0,2.0,2.0,0.0,1.0,1.0,0.0,1,1,4.0,0.0,0.0,0.0,1994.0,2.0,7,0,0.0,2.0,1.0,1.0
4851,1,14,1915,1,1,1,1.0,1.0,158.0,560,3.0,2.0,2.0,0.0,1.0,1.0,0.0,1,1,4.0,0.0,0.0,0.0,1994.0,1.0,7,0,0.0,2.0,1.0,21.0
4852,1,14,1915,1,1,1,1.0,1.0,158.0,560,3.0,2.0,2.0,0.0,1.0,1.0,0.0,1,1,4.0,0.0,0.0,0.0,1971.0,2.0,7,0,0.0,2.0,1.0,1.0
4853,1,14,1915,1,1,1,1.0,1.0,158.0,560,3.0,2.0,2.0,0.0,1.0,1.0,0.0,1,1,4.0,0.0,0.0,0.0,1971.0,1.0,7,0,0.0,2.0,1.0,21.0
4854,1,15,1530,1,1,1,8.0,2.0,67.0,560,3.0,2.0,0.0,0.0,4.0,3.0,7.0,1,1,4.0,0.0,0.0,0.0,1945.0,1.0,7,0,6.0,0.0,1.0,1.0
4855,1,15,1530,1,1,1,8.0,2.0,67.0,560,3.0,2.0,0.0,0.0,4.0,3.0,7.0,1,1,4.0,0.0,0.0,0.0,1945.0,1.0,7,0,14.0,0.0,1.0,1.0
4856,1,15,1530,1,1,1,8.0,2.0,67.0,560,3.0,2.0,0.0,0.0,4.0,3.0,7.0,1,1,2.0,0.0,0.0,0.0,1968.0,1.0,7,0,6.0,0.0,1.0,1.0
4857,1,15,1530,1,1,1,8.0,2.0,67.0,560,3.0,2.0,0.0,0.0,4.0,3.0,7.0,1,1,2.0,0.0,0.0,0.0,1968.0,1.0,7,0,14.0,0.0,1.0,1.0
4858,1,28,715,4,2,1,1.0,6.0,206.0,560,4.0,2.0,2.0,0.0,1.0,1.0,1.0,3,1,4.0,2.0,3.0,1.0,1997.0,0.0,7,0,0.0,1.0,6.0,1.0
4859,3,29,845,1,1,1,1.0,1.0,120.0,560,3.0,2.0,0.0,0.0,1.0,1.0,2.0,1,4,1.0,0.0,0.0,0.0,1974.0,2.0,7,0,0.0,2.0,1.0,1.0
4860,3,29,845,1,1,1,1.0,1.0,120.0,560,3.0,2.0,0.0,0.0,1.0,1.0,2.0,1,4,1.0,0.0,0.0,0.0,1974.0,1.0,7,0,0.0,2.0,1.0,5.0
4861,3,29,845,1,1,1,1.0,1.0,120.0,560,3.0,2.0,0.0,0.0,1.0,1.0,2.0,1,1,1.0,0.0,0.0,0.0,1957.0,2.0,7,0,0.0,2.0,1.0,1.0
4862,3,29,845,1,1,1,1.0,1.0,120.0,560,3.0,2.0,0.0,0.0,1.0,1.0,2.0,1,1,1.0,0.0,0.0,0.0,1957.0,1.0,7,0,0.0,2.0,1.0,5.0
4863,5,10,1745,1,2,1,1.0,6.0,67.0,560,3.0,2.0,0.0,0.0,1.0,1.0,1.0,1,4,3.0,0.0,0.0,0.0,1960.0,2.0,7,0,0.0,1.0,3.0,1.0
4864,5,10,1745,1,2,1,1.0,6.0,67.0,560,3.0,2.0,0.0,0.0,1.0,1.0,1.0,3,4,4.0,2.0,3.0,1.0,2008.0,2.0,7,0,0.0,1.0,3.0,1.0
4865,6,3,1845,1,1,1,1.0,1.0,157.0,560,3.0,2.0,0.0,0.0,1.0,1.0,1.0,1,1,4.0,0.0,0.0,0.0,1993.0,2.0,33,0,0.0,0.0,1.0,1.0
4866,6,3,1845,1,1,1,1.0,1.0,157.0,560,3.0,2.0,0.0,0.0,1.0,1.0,1.0,1,1,4.0,0.0,0.0,0.0,1993.0,1.0,7,0,0.0,0.0,2.0,15.0
4867,6,3,1845,1,1,1,1.0,1.0,157.0,560,3.0,2.0,0.0,0.0,1.0,1.0,1.0,1,1,1.0,0.0,0.0,0.0,1974.0,2.0,33,0,0.0,0.0,1.0,1.0
4868,6,3,1845,1,1,1,1.0,1.0,157.0,560,3.0,2.0,0.0,0.0,1.0,1.0,1.0,1,1,1.0,0.0,0.0,0.0,1974.0,1.0,7,0,0.0,0.0,2.0,15.0
4869,6,5,715,1,2,1,1.0,6.0,164.0,560,9.0,2.0,2.0,0.0,1.0,2.0,1.0,1,1,4.0,0.0,0.0,0.0,1989.0,1.0,32,0,15.0,0.0,1.0,14.0
4870,6,25,2100,2,1,2,1.0,1.0,158.0,560,3.0,2.0,0.0,0.0,0.0,1.0,0.0,1,1,0.0,0.0,0.0,0.0,1997.0,1.0,10,0,0.0,2.0,3.0,15.0
4871,6,25,2100,2,1,2,1.0,1.0,158.0,560,3.0,2.0,0.0,0.0,0.0,1.0,0.0,1,1,0.0,0.0,0.0,0.0,1997.0,2.0,10,0,0.0,2.0,1.0,1.0
4872,6,25,2100,2,1,2,1.0,1.0,158.0,560,3.0,2.0,0.0,0.0,0.0,1.0,0.0,1,1,4.0,0.0,0.0,0.0,1992.0,1.0,10,0,0.0,2.0,3.0,15.0
4873,6,25,2100,2,1,2,1.0,1.0,158.0,560,3.0,2.0,0.0,0.0,0.0,1.0,0.0,1,1,4.0,0.0,0.0,0.0,1992.0,2.0,10,0,0.0,2.0,1.0,1.0
4874,6,25,2100,2,1,2,1.0,1.0,158.0,560,3.0,2.0,0.0,0.0,0.0,1.0,0.0,4,1,0.0,0.0,0.0,0.0,1998.0,1.0,10,0,0.0,2.0,3.0,15.0
4875,6,25,2100,2,1,2,1.0,1.0,158.0,560,3.0,2.0,0.0,0.0,0.0,1.0,0.0,4,1,0.0,0.0,0.0,0.0,1998.0,2.0,10,0,0.0,2.0,1.0,1.0
4876,6,25,2100,2,1,2,1.0,1.0,158.0,560,3.0,2.0,0.0,0.0,0.0,1.0,0.0,4,4,0.0,0.0,0.0,0.0,2001.0,1.0,10,0,0.0,2.0,3.0,15.0
4877,6,25,2100,2,1,2,1.0,1.0,158.0,560,3.0,2.0,0.0,0.0,0.0,1.0,0.0,4,4,0.0,0.0,0.0,0.0,2001.0,2.0,10,0,0.0,2.0,1.0,1.0
4878,6,25,2100,2,1,2,1.0,1.0,158.0,560,3.0,2.0,0.0,0.0,0.0,1.0,0.0,4,4,0.0,0.0,0.0,0.0,1999.0,1.0,10,0,0.0,2.0,3.0,15.0
4879,6,25,2100,2,1,2,1.0,1.0,158.0,560,3.0,2.0,0.0,0.0,0.0,1.0,0.0,4,4,0.0,0.0,0.0,0.0,1999.0,2.0,10,0,0.0,2.0,1.0,1.0
4880,7,8,45,3,1,1,1.0,6.0,120.0,560,3.0,2.0,2.0,0.0,0.0,2.0,1.0,1,1,9.0,0.0,0.0,0.0,1982.0,2.0,7,0,2.0,0.0,1.0,1.0
4881,7,31,700,1,1,1,1.0,6.0,157.0,560,3.0,2.0,2.0,0.0,1.0,2.0,1.0,1,1,4.0,0.0,0.0,0.0,1987.0,1.0,7,0,2.0,0.0,2.0,1.0
4882,7,31,700,1,1,1,1.0,6.0,157.0,560,3.0,2.0,2.0,0.0,1.0,2.0,1.0,4,4,0.0,0.0,0.0,0.0,1999.0,1.0,7,0,2.0,0.0,2.0,1.0
4883,7,31,700,1,1,1,1.0,6.0,157.0,560,3.0,2.0,2.0,0.0,1.0,2.0,1.0,4,1,0.0,0.0,0.0,0.0,1987.0,1.0,7,0,2.0,0.0,2.0,1.0
4884,7,31,700,1,1,1,1.0,6.0,157.0,560,3.0,2.0,2.0,0.0,1.0,2.0,1.0,4,4,0.0,0.0,0.0,0.0,1997.0,1.0,7,0,2.0,0.0,2.0,1.0
4885,7,31,700,1,1,1,1.0,6.0,157.0,560,3.0,2.0,2.0,0.0,1.0,2.0,1.0,4,1,0.0,0.0,0.0,0.0,1993.0,1.0,7,0,2.0,0.0,2.0,1.0
4886,8,15,1700,1,1,1,1.0,4.0,67.0,560,3.0,2.0,2.0,0.0,0.0,3.0,1.0,1,4,4.0,0.0,0.0,0.0,1962.0,1.0,7,0,0.0,2.0,6.0,13.0
4887,8,15,1700,1,1,1,1.0,4.0,67.0,560,3.0,2.0,2.0,0.0,0.0,3.0,1.0,1,4,4.0,0.0,0.0,0.0,1962.0,2.0,7,0,0.0,2.0,1.0,1.0
4888,8,15,1700,1,1,1,1.0,4.0,67.0,560,3.0,2.0,2.0,0.0,0.0,3.0,1.0,1,4,4.0,0.0,0.0,0.0,1962.0,2.0,7,0,0.0,2.0,6.0,1.0
4889,8,15,1700,1,1,1,1.0,4.0,67.0,560,3.0,2.0,2.0,0.0,0.0,3.0,1.0,1,4,4.0,0.0,0.0,0.0,1962.0,2.0,7,0,0.0,2.0,1.0,1.0
4890,8,15,1700,1,1,1,1.0,4.0,67.0,560,3.0,2.0,2.0,0.0,0.0,3.0,1.0,4,1,0.0,0.0,0.0,0.0,1958.0,1.0,7,0,0.0,2.0,6.0,13.0
4891,8,15,1700,1,1,1,1.0,4.0,67.0,560,3.0,2.0,2.0,0.0,0.0,3.0,1.0,4,1,0.0,0.0,0.0,0.0,1958.0,2.0,7,0,0.0,2.0,1.0,1.0
4892,8,15,1700,1,1,1,1.0,4.0,67.0,560,3.0,2.0,2.0,0.0,0.0,3.0,1.0,4,1,0.0,0.0,0.0,0.0,1958.0,2.0,7,0,0.0,2.0,6.0,1.0
4893,8,15,1700,1,1,1,1.0,4.0,67.0,560,3.0,2.0,2.0,0.0,0.0,3.0,1.0,4,1,0.0,0.0,0.0,0.0,1958.0,2.0,7,0,0.0,2.0,1.0,1.0
4894,8,15,1700,1,1,1,1.0,4.0,67.0,560,3.0,2.0,2.0,0.0,0.0,3.0,1.0,1,4,1.0,0.0,0.0,0.0,1982.0,1.0,7,0,0.0,2.0,6.0,13.0
4895,8,15,1700,1,1,1,1.0,4.0,67.0,560,3.0,2.0,2.0,0.0,0.0,3.0,1.0,1,4,1.0,0.0,0.0,0.0,1982.0,2.0,7,0,0.0,2.0,1.0,1.0
4896,8,15,1700,1,1,1,1.0,4.0,67.0,560,3.0,2.0,2.0,0.0,0.0,3.0,1.0,1,4,1.0,0.0,0.0,0.0,1982.0,2.0,7,0,0.0,2.0,6.0,1.0
4897,8,15,1700,1,1,1,1.0,4.0,67.0,560,3.0,2.0,2.0,0.0,0.0,3.0,1.0,1,4,1.0,0.0,0.0,0.0,1982.0,2.0,7,0,0.0,2.0,1.0,1.0
4898,8,15,1700,1,1,1,1.0,4.0,67.0,560,3.0,2.0,2.0,0.0,0.0,3.0,1.0,1,1,4.0,0.0,0.0,0.0,1961.0,1.0,7,0,0.0,2.0,6.0,13.0
4899,8,15,1700,1,1,1,1.0,4.0,67.0,560,3.0,2.0,2.0,0.0,0.0,3.0,1.0,1,1,4.0,0.0,0.0,0.0,1961.0,2.0,7,0,0.0,2.0,1.0,1.0
4900,8,15,1700,1,1,1,1.0,4.0,67.0,560,3.0,2.0,2.0,0.0,0.0,3.0,1.0,1,1,4.0,0.0,0.0,0.0,1961.0,2.0,7,0,0.0,2.0,6.0,1.0
4901,8,15,1700,1,1,1,1.0,4.0,67.0,560,3.0,2.0,2.0,0.0,0.0,3.0,1.0,1,1,4.0,0.0,0.0,0.0,1961.0,2.0,7,0,0.0,2.0,1.0,1.0
4902,8,15,1700,1,1,1,1.0,4.0,67.0,560,3.0,2.0,2.0,0.0,0.0,3.0,1.0,4,4,0.0,0.0,0.0,0.0,1959.0,1.0,7,0,0.0,2.0,6.0,13.0
4903,8,15,1700,1,1,1,1.0,4.0,67.0,560,3.0,2.0,2.0,0.0,0.0,3.0,1.0,4,4,0.0,0.0,0.0,0.0,1959.0,2.0,7,0,0.0,2.0,1.0,1.0
4904,8,15,1700,1,1,1,1.0,4.0,67.0,560,3.0,2.0,2.0,0.0,0.0,3.0,1.0,4,4,0.0,0.0,0.0,0.0,1959.0,2.0,7,0,0.0,2.0,6.0,1.0
4905,8,15,1700,1,1,1,1.0,4.0,67.0,560,3.0,2.0,2.0,0.0,0.0,3.0,1.0,4,4,0.0,0.0,0.0,0.0,1959.0,2.0,7,0,0.0,2.0,1.0,1.0
4906,8,15,1700,1,1,1,1.0,4.0,67.0,560,3.0,2.0,2.0,0.0,0.0,3.0,1.0,1,4,4.0,0.0,0.0,0.0,1966.0,1.0,7,0,0.0,2.0,6.0,13.0
4907,8,15,1700,1,1,1,1.0,4.0,67.0,560,3.0,2.0,2.0,0.0,0.0,3.0,1.0,1,4,4.0,0.0,0.0,0.0,1966.0,2.0,7,0,0.0,2.0,1.0,1.0
4908,8,15,1700,1,1,1,1.0,4.0,67.0,560,3.0,2.0,2.0,0.0,0.0,3.0,1.0,1,4,4.0,0.0,0.0,0.0,1966.0,2.0,7,0,0.0,2.0,6.0,1.0
4909,8,15,1700,1,1,1,1.0,4.0,67.0,560,3.0,2.0,2.0,0.0,0.0,3.0,1.0,1,4,4.0,0.0,0.0,0.0,1966.0,2.0,7,0,0.0,2.0,1.0,1.0
4910,8,15,1700,1,1,1,1.0,4.0,67.0,560,3.0,2.0,2.0,0.0,0.0,3.0,1.0,4,4,0.0,0.0,0.0,0.0,1962.0,1.0,7,0,0.0,2.0,6.0,13.0
4911,8,15,1700,1,1,1,1.0,4.0,67.0,560,3.0,2.0,2.0,0.0,0.0,3.0,1.0,4,4,0.0,0.0,0.0,0.0,1962.0,2.0,7,0,0.0,2.0,1.0,1.0
4912,8,15,1700,1,1,1,1.0,4.0,67.0,560,3.0,2.0,2.0,0.0,0.0,3.0,1.0,4,4,0.0,0.0,0.0,0.0,1962.0,2.0,7,0,0.0,2.0,6.0,1.0
4913,8,15,1700,1,1,1,1.0,4.0,67.0,560,3.0,2.0,2.0,0.0,0.0,3.0,1.0,4,4,0.0,0.0,0.0,0.0,1962.0,2.0,7,0,0.0,2.0,1.0,1.0
4914,8,15,1700,1,1,1,1.0,4.0,67.0,560,3.0,2.0,2.0,0.0,0.0,3.0,1.0,4,1,0.0,0.0,0.0,0.0,1998.0,1.0,7,0,0.0,2.0,6.0,13.0
4915,8,15,1700,1,1,1,1.0,4.0,67.0,560,3.0,2.0,2.0,0.0,0.0,3.0,1.0,4,1,0.0,0.0,0.0,0.0,1998.0,2.0,7,0,0.0,2.0,1.0,1.0
4916,8,15,1700,1,1,1,1.0,4.0,67.0,560,3.0,2.0,2.0,0.0,0.0,3.0,1.0,4,1,0.0,0.0,0.0,0.0,1998.0,2.0,7,0,0.0,2.0,6.0,1.0
4917,8,15,1700,1,1,1,1.0,4.0,67.0,560,3.0,2.0,2.0,0.0,0.0,3.0,1.0,4,1,0.0,0.0,0.0,0.0,1998.0,2.0,7,0,0.0,2.0,1.0,1.0
4918,8,15,1700,1,1,1,1.0,4.0,67.0,560,3.0,2.0,2.0,0.0,0.0,3.0,1.0,4,4,0.0,0.0,0.0,0.0,2000.0,1.0,7,0,0.0,2.0,6.0,13.0
4919,8,15,1700,1,1,1,1.0,4.0,67.0,560,3.0,2.0,2.0,0.0,0.0,3.0,1.0,4,4,0.0,0.0,0.0,0.0,2000.0,2.0,7,0,0.0,2.0,1.0,1.0
4920,8,15,1700,1,1,1,1.0,4.0,67.0,560,3.0,2.0,2.0,0.0,0.0,3.0,1.0,4,4,0.0,0.0,0.0,0.0,2000.0,2.0,7,0,0.0,2.0,6.0,1.0
4921,8,15,1700,1,1,1,1.0,4.0,67.0,560,3.0,2.0,2.0,0.0,0.0,3.0,1.0,4,4,0.0,0.0,0.0,0.0,2000.0,2.0,7,0,0.0,2.0,1.0,1.0
4922,8,15,1700,1,1,1,1.0,4.0,67.0,560,3.0,2.0,2.0,0.0,0.0,3.0,1.0,4,4,0.0,0.0,0.0,0.0,1959.0,1.0,7,0,0.0,2.0,6.0,13.0
4923,8,15,1700,1,1,1,1.0,4.0,67.0,560,3.0,2.0,2.0,0.0,0.0,3.0,1.0,4,4,0.0,0.0,0.0,0.0,1959.0,2.0,7,0,0.0,2.0,1.0,1.0
4924,8,15,1700,1,1,1,1.0,4.0,67.0,560,3.0,2.0,2.0,0.0,0.0,3.0,1.0,4,4,0.0,0.0,0.0,0.0,1959.0,2.0,7,0,0.0,2.0,6.0,1.0
4925,8,15,1700,1,1,1,1.0,4.0,67.0,560,3.0,2.0,2.0,0.0,0.0,3.0,1.0,4,4,0.0,0.0,0.0,0.0,1959.0,2.0,7,0,0.0,2.0,1.0,1.0
4926,8,23,1500,1,1,1,1.0,3.0,8.0,560,3.0,2.0,2.0,0.0,1.0,1.0,1.0,1,1,4.0,0.0,0.0,0.0,1968.0,2.0,33,0,0.0,2.0,1.0,1.0
4927,8,23,1500,1,1,1,1.0,3.0,8.0,560,3.0,2.0,2.0,0.0,1.0,1.0,1.0,1,1,4.0,0.0,0.0,0.0,1968.0,1.0,7,0,0.0,2.0,8.0,15.0
4928,8,23,1500,1,1,1,1.0,3.0,8.0,560,3.0,2.0,2.0,0.0,1.0,1.0,1.0,4,4,0.0,0.0,0.0,0.0,1970.0,2.0,33,0,0.0,2.0,1.0,1.0
4929,8,23,1500,1,1,1,1.0,3.0,8.0,560,3.0,2.0,2.0,0.0,1.0,1.0,1.0,4,4,0.0,0.0,0.0,0.0,1970.0,1.0,7,0,0.0,2.0,8.0,15.0
4930,8,23,1500,1,1,1,1.0,3.0,8.0,560,3.0,2.0,2.0,0.0,1.0,1.0,1.0,1,1,4.0,0.0,0.0,0.0,1946.0,2.0,33,0,0.0,2.0,1.0,1.0
4931,8,23,1500,1,1,1,1.0,3.0,8.0,560,3.0,2.0,2.0,0.0,1.0,1.0,1.0,1,1,4.0,0.0,0.0,0.0,1946.0,1.0,7,0,0.0,2.0,8.0,15.0
4932,8,23,1500,1,1,1,1.0,3.0,8.0,560,3.0,2.0,2.0,0.0,1.0,1.0,1.0,4,4,0.0,0.0,0.0,0.0,1945.0,2.0,33,0,0.0,2.0,1.0,1.0
4933,8,23,1500,1,1,1,1.0,3.0,8.0,560,3.0,2.0,2.0,0.0,1.0,1.0,1.0,4,4,0.0,0.0,0.0,0.0,1945.0,1.0,7,0,0.0,2.0,8.0,15.0
4934,9,15,1330,1,2,7,1.0,1.0,206.0,560,4.0,2.0,0.0,0.0,1.0,1.0,1.0,1,4,2.0,0.0,0.0,0.0,1957.0,0.0,10,0,0.0,2.0,5.0,15.0
4935,9,15,1330,1,2,7,1.0,1.0,206.0,560,4.0,2.0,0.0,0.0,1.0,1.0,1.0,1,4,2.0,0.0,0.0,0.0,1957.0,0.0,33,0,0.0,2.0,1.0,1.0
4936,9,15,1330,1,2,7,1.0,1.0,206.0,560,4.0,2.0,0.0,0.0,1.0,1.0,1.0,1,1,1.0,0.0,0.0,0.0,1964.0,0.0,10,0,0.0,2.0,5.0,15.0
4937,9,15,1330,1,2,7,1.0,1.0,206.0,560,4.0,2.0,0.0,0.0,1.0,1.0,1.0,1,1,1.0,0.0,0.0,0.0,1964.0,0.0,33,0,0.0,2.0,1.0,1.0
4938,10,7,1545,1,1,1,1.0,3.0,8.0,560,3.0,2.0,0.0,0.0,1.0,1.0,1.0,1,1,4.0,0.0,0.0,0.0,1955.0,1.0,7,0,0.0,2.0,7.0,15.0