,month,day,time,light,location,intersection,atmosphere,collision,municipality,department,road,traffic,nblanes,reslane,laneprofile,plan,surface,user,sex,route,pedlocation,pedaction,pedcondition,birth,dirtraffic,catvehicle,nboccupants,obstacle,movobstacle,impact,maneuver
4939,10,7,1545,1,1,1,1.0,3.0,8.0,560,3.0,2.0,0.0,0.0,1.0,1.0,1.0,1,1,4.0,0.0,0.0,0.0,1955.0,2.0,33,0,0.0,2.0,1.0,1.0
4940,10,7,1545,1,1,1,1.0,3.0,8.0,560,3.0,2.0,0.0,0.0,1.0,1.0,1.0,4,4,0.0,0.0,0.0,0.0,1954.0,1.0,7,0,0.0,2.0,7.0,15.0
4941,10,7,1545,1,1,1,1.0,3.0,8.0,560,3.0,2.0,0.0,0.0,1.0,1.0,1.0,4,4,0.0,0.0,0.0,0.0,1954.0,2.0,33,0,0.0,2.0,1.0,1.0
4942,10,7,1545,1,1,1,1.0,3.0,8.0,560,3.0,2.0,0.0,0.0,1.0,1.0,1.0,1,1,4.0,0.0,0.0,0.0,1992.0,1.0,7,0,0.0,2.0,7.0,15.0
4943,10,7,1545,1,1,1,1.0,3.0,8.0,560,3.0,2.0,0.0,0.0,1.0,1.0,1.0,1,1,4.0,0.0,0.0,0.0,1992.0,2.0,33,0,0.0,2.0,1.0,1.0
4944,10,15,1130,1,2,6,1.0,6.0,158.0,560,3.0,2.0,0.0,0.0,0.0,1.0,2.0,1,1,4.0,0.0,0.0,0.0,1993.0,1.0,1,0,0.0,2.0,0.0,2.0
4945,10,27,915,1,1,1,1.0,1.0,164.0,560,3.0,2.0,2.0,0.0,1.0,1.0,2.0,1,1,1.0,0.0,0.0,0.0,1985.0,1.0,7,0,0.0,2.0,3.0,13.0
4946,10,27,915,1,1,1,1.0,1.0,164.0,560,3.0,2.0,2.0,0.0,1.0,1.0,2.0,1,1,1.0,0.0,0.0,0.0,1985.0,2.0,7,0,0.0,2.0,3.0,1.0
4947,10,27,915,1,1,1,1.0,1.0,164.0,560,3.0,2.0,2.0,0.0,1.0,1.0,2.0,1,4,1.0,0.0,0.0,0.0,1965.0,1.0,7,0,0.0,2.0,3.0,13.0
4948,10,27,915,1,1,1,1.0,1.0,164.0,560,3.0,2.0,2.0,0.0,1.0,1.0,2.0,1,4,1.0,0.0,0.0,0.0,1965.0,2.0,7,0,0.0,2.0,3.0,1.0
4949,12,18,1115,1,2,6,1.0,1.0,206.0,560,3.0,1.0,0.0,0.0,1.0,0.0,1.0,1,1,4.0,0.0,0.0,0.0,1991.0,0.0,7,0,0.0,9.0,3.0,1.0
4950,12,18,1115,1,2,6,1.0,1.0,206.0,560,3.0,1.0,0.0,0.0,1.0,0.0,1.0,1,1,4.0,0.0,0.0,0.0,1991.0,0.0,1,0,0.0,2.0,0.0,1.0
4951,12,18,1115,1,2,6,1.0,1.0,206.0,560,3.0,1.0,0.0,0.0,1.0,0.0,1.0,1,1,4.0,0.0,0.0,0.0,1947.0,0.0,7,0,0.0,9.0,3.0,1.0
4952,12,18,1115,1,2,6,1.0,1.0,206.0,560,3.0,1.0,0.0,0.0,1.0,0.0,1.0,1,1,4.0,0.0,0.0,0.0,1947.0,0.0,1,0,0.0,2.0,0.0,1.0
4953,1,27,1730,1,1,1,3.0,3.0,64.0,560,3.0,2.0,2.0,0.0,1.0,1.0,2.0,1,4,4.0,0.0,0.0,0.0,1980.0,2.0,7,0,0.0,2.0,6.0,11.0
4954,1,27,1730,1,1,1,3.0,3.0,64.0,560,3.0,2.0,2.0,0.0,1.0,1.0,2.0,1,4,4.0,0.0,0.0,0.0,1980.0,2.0,14,0,0.0,2.0,2.0,17.0
4955,1,27,1730,1,1,1,3.0,3.0,64.0,560,3.0,2.0,2.0,0.0,1.0,1.0,2.0,1,1,2.0,0.0,0.0,0.0,1987.0,2.0,7,0,0.0,2.0,6.0,11.0
4956,1,27,1730,1,1,1,3.0,3.0,64.0,560,3.0,2.0,2.0,0.0,1.0,1.0,2.0,1,1,2.0,0.0,0.0,0.0,1987.0,2.0,14,0,0.0,2.0,2.0,17.0
4957,2,20,2045,3,1,1,2.0,6.0,229.0,560,3.0,2.0,2.0,0.0,2.0,1.0,2.0,1,1,4.0,0.0,0.0,0.0,1981.0,1.0,7,0,13.0,0.0,1.0,13.0
4958,4,25,2215,3,1,1,1.0,6.0,61.0,560,3.0,2.0,2.0,0.0,1.0,1.0,1.0,3,1,4.0,1.0,1.0,1.0,1959.0,2.0,7,0,0.0,1.0,1.0,1.0
4959,5,1,230,3,2,1,1.0,6.0,194.0,560,4.0,2.0,0.0,0.0,1.0,1.0,1.0,1,1,4.0,0.0,0.0,0.0,1986.0,0.0,7,0,6.0,2.0,1.0,1.0
4960,5,7,2245,3,1,1,2.0,6.0,221.0,560,3.0,2.0,2.0,0.0,1.0,2.0,1.0,1,1,4.0,0.0,0.0,0.0,1967.0,1.0,34,0,15.0,2.0,2.0,1.0
4961,7,25,115,3,2,1,1.0,6.0,194.0,560,3.0,2.0,0.0,0.0,0.0,2.0,1.0,1,1,4.0,0.0,0.0,0.0,1996.0,1.0,7,0,6.0,0.0,1.0,1.0
4962,7,25,115,3,2,1,1.0,6.0,194.0,560,3.0,2.0,0.0,0.0,0.0,2.0,1.0,4,4,4.0,0.0,0.0,0.0,1997.0,1.0,7,0,6.0,0.0,1.0,1.0
4963,7,25,115,3,2,1,1.0,6.0,194.0,560,3.0,2.0,0.0,0.0,0.0,2.0,1.0,4,1,4.0,0.0,0.0,0.0,1996.0,1.0,7,0,6.0,0.0,1.0,1.0
4964,8,4,930,1,1,1,7.0,1.0,61.0,560,3.0,2.0,2.0,0.0,1.0,1.0,1.0,1,1,9.0,0.0,0.0,0.0,1973.0,2.0,7,0,0.0,2.0,1.0,15.0
4965,8,4,930,1,1,1,7.0,1.0,61.0,560,3.0,2.0,2.0,0.0,1.0,1.0,1.0,1,1,9.0,0.0,0.0,0.0,1973.0,1.0,7,0,0.0,2.0,1.0,1.0
4966,8,4,930,1,1,1,7.0,1.0,61.0,560,3.0,2.0,2.0,0.0,1.0,1.0,1.0,1,4,4.0,0.0,0.0,0.0,1943.0,2.0,7,0,0.0,2.0,1.0,15.0
4967,8,4,930,1,1,1,7.0,1.0,61.0,560,3.0,2.0,2.0,0.0,1.0,1.0,1.0,1,4,4.0,0.0,0.0,0.0,1943.0,1.0,7,0,0.0,2.0,1.0,1.0
4968,8,14,1400,1,1,1,1.0,6.0,1.0,560,4.0,2.0,2.0,0.0,1.0,1.0,1.0,1,1,4.0,0.0,0.0,0.0,1997.0,0.0,7,0,13.0,0.0,1.0,1.0
4969,8,14,1400,1,1,1,1.0,6.0,1.0,560,4.0,2.0,2.0,0.0,1.0,1.0,1.0,4,1,0.0,0.0,0.0,0.0,1998.0,0.0,7,0,13.0,0.0,1.0,1.0
4970,8,18,1045,1,1,1,1.0,3.0,232.0,560,3.0,2.0,2.0,0.0,1.0,1.0,1.0,1,1,4.0,0.0,0.0,0.0,1997.0,1.0,7,0,0.0,2.0,1.0,1.0
4971,8,18,1045,1,1,1,1.0,3.0,232.0,560,3.0,2.0,2.0,0.0,1.0,1.0,1.0,1,1,4.0,0.0,0.0,0.0,1997.0,2.0,7,0,0.0,2.0,7.0,15.0
4972,8,18,1045,1,1,1,1.0,3.0,232.0,560,3.0,2.0,2.0,0.0,1.0,1.0,1.0,4,1,4.0,0.0,0.0,0.0,1996.0,1.0,7,0,0.0,2.0,1.0,1.0
4973,8,18,1045,1,1,1,1.0,3.0,232.0,560,3.0,2.0,2.0,0.0,1.0,1.0,1.0,4,1,4.0,0.0,0.0,0.0,1996.0,2.0,7,0,0.0,2.0,7.0,15.0
4974,8,18,1045,1,1,1,1.0,3.0,232.0,560,3.0,2.0,2.0,0.0,1.0,1.0,1.0,1,1,4.0,0.0,0.0,0.0,1953.0,1.0,7,0,0.0,2.0,1.0,1.0
4975,8,18,1045,1,1,1,1.0,3.0,232.0,560,3.0,2.0,2.0,0.0,1.0,1.0,1.0,1,1,4.0,0.0,0.0,0.0,1953.0,2.0,7,0,0.0,2.0,7.0,15.0
4976,8,18,1600,1,1,1,1.0,3.0,216.0,560,3.0,2.0,2.0,0.0,1.0,2.0,1.0,1,4,4.0,0.0,0.0,0.0,1999.0,2.0,2,0,0.0,2.0,1.0,1.0
4977,8,18,1600,1,1,1,1.0,3.0,216.0,560,3.0,2.0,2.0,0.0,1.0,2.0,1.0,1,4,4.0,0.0,0.0,0.0,1999.0,1.0,7,0,0.0,2.0,7.0,15.0
4978,8,18,1600,1,1,1,1.0,3.0,216.0,560,3.0,2.0,2.0,0.0,1.0,2.0,1.0,1,1,4.0,0.0,0.0,0.0,1947.0,2.0,2,0,0.0,2.0,1.0,1.0
4979,8,18,1600,1,1,1,1.0,3.0,216.0,560,3.0,2.0,2.0,0.0,1.0,2.0,1.0,1,1,4.0,0.0,0.0,0.0,1947.0,1.0,7,0,0.0,2.0,7.0,15.0
4980,8,29,700,2,1,1,1.0,6.0,1.0,560,3.0,2.0,2.0,0.0,1.0,1.0,1.0,1,1,4.0,0.0,0.0,0.0,1994.0,1.0,7,0,13.0,0.0,3.0,1.0
4981,11,22,1700,1,1,1,7.0,1.0,171.0,560,3.0,2.0,2.0,0.0,1.0,1.0,1.0,1,1,2.0,0.0,0.0,0.0,1990.0,2.0,10,0,0.0,2.0,1.0,1.0
4982,11,22,1700,1,1,1,7.0,1.0,171.0,560,3.0,2.0,2.0,0.0,1.0,1.0,1.0,1,1,2.0,0.0,0.0,0.0,1990.0,1.0,7,0,0.0,2.0,1.0,13.0
4983,11,22,1700,1,1,1,7.0,1.0,171.0,560,3.0,2.0,2.0,0.0,1.0,1.0,1.0,1,1,4.0,0.0,0.0,0.0,1936.0,2.0,10,0,0.0,2.0,1.0,1.0
4984,11,22,1700,1,1,1,7.0,1.0,171.0,560,3.0,2.0,2.0,0.0,1.0,1.0,1.0,1,1,4.0,0.0,0.0,0.0,1936.0,1.0,7,0,0.0,2.0,1.0,13.0
4985,11,22,1700,1,1,1,7.0,1.0,171.0,560,3.0,2.0,2.0,0.0,1.0,1.0,1.0,4,4,4.0,0.0,0.0,0.0,1933.0,2.0,10,0,0.0,2.0,1.0,1.0
4986,11,22,1700,1,1,1,7.0,1.0,171.0,560,3.0,2.0,2.0,0.0,1.0,1.0,1.0,4,4,4.0,0.0,0.0,0.0,1933.0,1.0,7,0,0.0,2.0,1.0,13.0
4987,12,19,1330,1,1,9,1.0,6.0,239.0,560,3.0,2.0,2.0,0.0,1.0,1.0,1.0,1,1,4.0,0.0,0.0,0.0,1969.0,1.0,7,0,13.0,2.0,2.0,14.0
4988,6,8,1915,1,1,1,1.0,1.0,149.0,560,4.0,2.0,2.0,0.0,2.0,1.0,1.0,1,1,1.0,0.0,0.0,0.0,1996.0,2.0,7,0,0.0,2.0,3.0,1.0
4989,6,8,1915,1,1,1,1.0,1.0,149.0,560,4.0,2.0,2.0,0.0,2.0,1.0,1.0,1,1,1.0,0.0,0.0,0.0,1996.0,1.0,10,0,0.0,2.0,3.0,1.0
4990,6,8,1915,1,1,1,1.0,1.0,149.0,560,4.0,2.0,2.0,0.0,2.0,1.0,1.0,1,1,1.0,0.0,0.0,0.0,1991.0,2.0,7,0,0.0,2.0,3.0,1.0
4991,6,8,1915,1,1,1,1.0,1.0,149.0,560,4.0,2.0,2.0,0.0,2.0,1.0,1.0,1,1,1.0,0.0,0.0,0.0,1991.0,1.0,10,0,0.0,2.0,3.0,1.0
4992,7,22,1945,2,1,1,9.0,3.0,52.0,560,3.0,2.0,0.0,1.0,1.0,0.0,1.0,1,1,9.0,0.0,0.0,0.0,1971.0,2.0,7,0,0.0,2.0,2.0,1.0
4993,7,22,1945,2,1,1,9.0,3.0,52.0,560,3.0,2.0,0.0,1.0,1.0,0.0,1.0,1,1,9.0,0.0,0.0,0.0,1971.0,2.0,1,0,0.0,2.0,4.0,19.0
4994,7,22,1945,2,1,1,9.0,3.0,52.0,560,3.0,2.0,0.0,1.0,1.0,0.0,1.0,1,1,4.0,0.0,0.0,0.0,2005.0,2.0,7,0,0.0,2.0,2.0,1.0
4995,7,22,1945,2,1,1,9.0,3.0,52.0,560,3.0,2.0,0.0,1.0,1.0,0.0,1.0,1,1,4.0,0.0,0.0,0.0,2005.0,2.0,1,0,0.0,2.0,4.0,19.0
4996,8,1,1745,1,1,2,1.0,5.0,126.0,560,3.0,2.0,2.0,0.0,1.0,1.0,1.0,1,4,4.0,0.0,0.0,0.0,1984.0,1.0,7,0,0.0,2.0,1.0,19.0
4997,8,1,1745,1,1,2,1.0,5.0,126.0,560,3.0,2.0,2.0,0.0,1.0,1.0,1.0,1,4,4.0,0.0,0.0,0.0,1984.0,2.0,7,0,0.0,2.0,1.0,0.0
4998,8,1,1745,1,1,2,1.0,5.0,126.0,560,3.0,2.0,2.0,0.0,1.0,1.0,1.0,1,4,4.0,0.0,0.0,0.0,1984.0,2.0,10,0,0.0,2.0,1.0,0.0
4999,8,1,1745,1,1,2,1.0,5.0,126.0,560,3.0,2.0,2.0,0.0,1.0,1.0,1.0,1,4,4.0,0.0,0.0,0.0,1984.0,1.0,10,0,7.0,2.0,1.0,1.0
5000,8,1,1745,1,1,2,1.0,5.0,126.0,560,3.0,2.0,2.0,0.0,1.0,1.0,1.0,1,4,4.0,0.0,0.0,0.0,1963.0,1.0,7,0,0.0,2.0,1.0,19.0
5001,8,1,1745,1,1,2,1.0,5.0,126.0,560,3.0,2.0,2.0,0.0,1.0,1.0,1.0,1,4,4.0,0.0,0.0,0.0,1963.0,2.0,7,0,0.0,2.0,1.0,0.0
5002,8,1,1745,1,1,2,1.0,5.0,126.0,560,3.0,2.0,2.0,0.0,1.0,1.0,1.0,1,4,4.0,0.0,0.0,0.0,1963.0,2.0,10,0,0.0,2.0,1.0,0.0
5003,8,1,1745,1,1,2,1.0,5.0,126.0,560,3.0,2.0,2.0,0.0,1.0,1.0,1.0,1,4,4.0,0.0,0.0,0.0,1963.0,1.0,10,0,7.0,2.0,1.0,1.0
5004,8,1,1745,1,1,2,1.0,5.0,126.0,560,3.0,2.0,2.0,0.0,1.0,1.0,1.0,1,1,9.0,0.0,0.0,0.0,1958.0,1.0,7,0,0.0,2.0,1.0,19.0
5005,8,1,1745,1,1,2,1.0,5.0,126.0,560,3.0,2.0,2.0,0.0,1.0,1.0,1.0,1,1,9.0,0.0,0.0,0.0,1958.0,2.0,7,0,0.0,2.0,1.0,0.0
5006,8,1,1745,1,1,2,1.0,5.0,126.0,560,3.0,2.0,2.0,0.0,1.0,1.0,1.0,1,1,9.0,0.0,0.0,0.0,1958.0,2.0,10,0,0.0,2.0,1.0,0.0
5007,8,1,1745,1,1,2,1.0,5.0,126.0,560,3.0,2.0,2.0,0.0,1.0,1.0,1.0,1,1,9.0,0.0,0.0,0.0,1958.0,1.0,10,0,7.0,2.0,1.0,1.0
5008,8,1,1745,1,1,2,1.0,5.0,126.0,560,3.0,2.0,2.0,0.0,1.0,1.0,1.0,1,1,4.0,0.0,0.0,0.0,1965.0,1.0,7,0,0.0,2.0,1.0,19.0
5009,8,1,1745,1,1,2,1.0,5.0,126.0,560,3.0,2.0,2.0,0.0,1.0,1.0,1.0,1,1,4.0,0.0,0.0,0.0,1965.0,2.0,7,0,0.0,2.0,1.0,0.0
5010,8,1,1745,1,1,2,1.0,5.0,126.0,560,3.0,2.0,2.0,0.0,1.0,1.0,1.0,1,1,4.0,0.0,0.0,0.0,1965.0,2.0,10,0,0.0,2.0,1.0,0.0
5011,8,1,1745,1,1,2,1.0,5.0,126.0,560,3.0,2.0,2.0,0.0,1.0,1.0,1.0,1,1,4.0,0.0,0.0,0.0,1965.0,1.0,10,0,7.0,2.0,1.0,1.0
5012,9,7,1115,1,1,1,7.0,3.0,4.0,560,3.0,0.0,0.0,0.0,0.0,0.0,1.0,1,1,4.0,0.0,0.0,0.0,1946.0,1.0,1,0,0.0,2.0,7.0,1.0
5013,9,7,1115,1,1,1,7.0,3.0,4.0,560,3.0,0.0,0.0,0.0,0.0,0.0,1.0,1,1,4.0,0.0,0.0,0.0,1946.0,1.0,7,0,0.0,9.0,8.0,9.0
5014,9,7,1115,1,1,1,7.0,3.0,4.0,560,3.0,0.0,0.0,0.0,0.0,0.0,1.0,1,1,2.0,0.0,0.0,0.0,1959.0,1.0,1,0,0.0,2.0,7.0,1.0
5015,9,7,1115,1,1,1,7.0,3.0,4.0,560,3.0,0.0,0.0,0.0,0.0,0.0,1.0,1,1,2.0,0.0,0.0,0.0,1959.0,1.0,7,0,0.0,9.0,8.0,9.0
5016,9,12,2315,3,1,1,1.0,6.0,2.0,560,3.0,2.0,2.0,0.0,1.0,1.0,1.0,1,1,4.0,0.0,0.0,0.0,1954.0,0.0,7,0,13.0,0.0,1.0,1.0
5017,9,27,730,2,1,1,2.0,6.0,2.0,560,2.0,3.0,0.0,0.0,1.0,1.0,2.0,1,4,0.0,0.0,0.0,0.0,1991.0,1.0,7,0,13.0,0.0,9.0,17.0
5018,9,27,730,2,1,1,2.0,6.0,2.0,560,2.0,3.0,0.0,0.0,1.0,1.0,2.0,1,4,0.0,0.0,0.0,0.0,1991.0,2.0,7,0,13.0,0.0,9.0,1.0
5019,9,27,730,2,1,1,2.0,6.0,2.0,560,2.0,3.0,0.0,0.0,1.0,1.0,2.0,1,1,1.0,0.0,0.0,0.0,1960.0,1.0,7,0,13.0,0.0,9.0,17.0
5020,9,27,730,2,1,1,2.0,6.0,2.0,560,2.0,3.0,0.0,0.0,1.0,1.0,2.0,1,1,1.0,0.0,0.0,0.0,1960.0,2.0,7,0,13.0,0.0,9.0,1.0
5021,11,8,2015,3,1,2,2.0,3.0,30.0,560,3.0,2.0,2.0,0.0,0.0,1.0,2.0,1,4,4.0,0.0,0.0,0.0,1946.0,0.0,7,0,0.0,2.0,1.0,1.0
5022,11,8,2015,3,1,2,2.0,3.0,30.0,560,3.0,2.0,2.0,0.0,0.0,1.0,2.0,1,4,4.0,0.0,0.0,0.0,1946.0,0.0,7,0,0.0,2.0,8.0,1.0
5023,11,8,2015,3,1,2,2.0,3.0,30.0,560,3.0,2.0,2.0,0.0,0.0,1.0,2.0,4,4,0.0,0.0,0.0,0.0,1945.0,0.0,7,0,0.0,2.0,1.0,1.0
5024,11,8,2015,3,1,2,2.0,3.0,30.0,560,3.0,2.0,2.0,0.0,0.0,1.0,2.0,4,4,0.0,0.0,0.0,0.0,1945.0,0.0,7,0,0.0,2.0,8.0,1.0
5025,11,8,2015,3,1,2,2.0,3.0,30.0,560,3.0,2.0,2.0,0.0,0.0,1.0,2.0,1,1,4.0,0.0,0.0,0.0,1993.0,0.0,7,0,0.0,2.0,1.0,1.0
5026,11,8,2015,3,1,2,2.0,3.0,30.0,560,3.0,2.0,2.0,0.0,0.0,1.0,2.0,1,1,4.0,0.0,0.0,0.0,1993.0,0.0,7,0,0.0,2.0,8.0,1.0
5027,1,11,845,3,2,1,3.0,6.0,53.0,560,3.0,2.0,0.0,0.0,1.0,0.0,2.0,1,4,4.0,0.0,0.0,0.0,1943.0,2.0,7,0,0.0,1.0,1.0,1.0
5028,1,11,845,3,2,1,3.0,6.0,53.0,560,3.0,2.0,0.0,0.0,1.0,0.0,2.0,3,4,4.0,2.0,3.0,1.0,1951.0,2.0,7,0,0.0,1.0,1.0,1.0
5029,5,8,1,3,1,1,2.0,1.0,53.0,560,3.0,2.0,0.0,0.0,2.0,2.0,2.0,1,4,4.0,0.0,0.0,0.0,1980.0,2.0,7,0,0.0,2.0,1.0,1.0
5030,5,8,1,3,1,1,2.0,1.0,53.0,560,3.0,2.0,0.0,0.0,2.0,2.0,2.0,1,4,4.0,0.0,0.0,0.0,1980.0,1.0,7,0,0.0,2.0,1.0,13.0
5031,5,8,1,3,1,1,2.0,1.0,53.0,560,3.0,2.0,0.0,0.0,2.0,2.0,2.0,1,1,4.0,0.0,0.0,0.0,1995.0,2.0,7,0,0.0,2.0,1.0,1.0
5032,5,8,1,3,1,1,2.0,1.0,53.0,560,3.0,2.0,0.0,0.0,2.0,2.0,2.0,1,1,4.0,0.0,0.0,0.0,1995.0,1.0,7,0,0.0,2.0,1.0,13.0
5033,5,8,115,3,1,1,1.0,7.0,261.0,560,3.0,2.0,0.0,0.0,0.0,1.0,1.0,1,1,4.0,0.0,0.0,0.0,1960.0,2.0,7,0,13.0,0.0,1.0,1.0
5034,6,9,1100,1,1,3,1.0,3.0,137.0,560,3.0,2.0,0.0,0.0,0.0,1.0,1.0,1,1,1.0,0.0,0.0,0.0,1973.0,1.0,33,0,0.0,0.0,1.0,1.0
5035,6,9,1100,1,1,3,1.0,3.0,137.0,560,3.0,2.0,0.0,0.0,0.0,1.0,1.0,1,1,1.0,0.0,0.0,0.0,1973.0,0.0,7,0,0.0,0.0,3.0,15.0
5036,6,9,1100,1,1,3,1.0,3.0,137.0,560,3.0,2.0,0.0,0.0,0.0,1.0,1.0,1,1,4.0,0.0,0.0,0.0,1974.0,1.0,33,0,0.0,0.0,1.0,1.0
5037,6,9,1100,1,1,3,1.0,3.0,137.0,560,3.0,2.0,0.0,0.0,0.0,1.0,1.0,1,1,4.0,0.0,0.0,0.0,1974.0,0.0,7,0,0.0,0.0,3.0,15.0
5038,7,31,1730,1,1,1,1.0,3.0,261.0,560,3.0,2.0,2.0,0.0,0.0,0.0,0.0,1,1,0.0,0.0,0.0,0.0,1991.0,1.0,33,0,0.0,2.0,0.0,0.0
5039,7,31,1730,1,1,1,1.0,3.0,261.0,560,3.0,2.0,2.0,0.0,0.0,0.0,0.0,1,1,0.0,0.0,0.0,0.0,1991.0,1.0,7,0,0.0,2.0,0.0,0.0
5040,7,31,1730,1,1,1,1.0,3.0,261.0,560,3.0,2.0,2.0,0.0,0.0,0.0,0.0,4,4,0.0,0.0,0.0,0.0,1990.0,1.0,33,0,0.0,2.0,0.0,0.0
5041,7,31,1730,1,1,1,1.0,3.0,261.0,560,3.0,2.0,2.0,0.0,0.0,0.0,0.0,4,4,0.0,0.0,0.0,0.0,1990.0,1.0,7,0,0.0,2.0,0.0,0.0
5042,7,31,1730,1,1,1,1.0,3.0,261.0,560,3.0,2.0,2.0,0.0,0.0,0.0,0.0,1,4,0.0,0.0,0.0,0.0,1992.0,1.0,33,0,0.0,2.0,0.0,0.0
5043,7,31,1730,1,1,1,1.0,3.0,261.0,560,3.0,2.0,2.0,0.0,0.0,0.0,0.0,1,4,0.0,0.0,0.0,0.0,1992.0,1.0,7,0,0.0,2.0,0.0,0.0
5044,8,12,130,3,1,1,1.0,7.0,184.0,560,3.0,2.0,2.0,0.0,1.0,3.0,0.0,1,1,9.0,0.0,0.0,0.0,1969.0,1.0,7,0,2.0,0.0,2.0,1.0
5045,8,27,1745,1,1,1,1.0,3.0,28.0,560,4.0,2.0,1.0,0.0,1.0,3.0,1.0,1,1,4.0,0.0,0.0,0.0,1979.0,0.0,7,0,0.0,2.0,3.0,0.0
5046,8,27,1745,1,1,1,1.0,3.0,28.0,560,4.0,2.0,1.0,0.0,1.0,3.0,1.0,1,1,4.0,0.0,0.0,0.0,1979.0,0.0,2,0,0.0,2.0,3.0,0.0
5047,8,27,1745,1,1,1,1.0,3.0,28.0,560,4.0,2.0,1.0,0.0,1.0,3.0,1.0,4,1,0.0,0.0,0.0,0.0,2010.0,0.0,7,0,0.0,2.0,3.0,0.0
5048,8,27,1745,1,1,1,1.0,3.0,28.0,560,4.0,2.0,1.0,0.0,1.0,3.0,1.0,4,1,0.0,0.0,0.0,0.0,2010.0,0.0,2,0,0.0,2.0,3.0,0.0
5049,8,27,1745,1,1,1,1.0,3.0,28.0,560,4.0,2.0,1.0,0.0,1.0,3.0,1.0,1,1,4.0,0.0,0.0,0.0,1965.0,0.0,7,0,0.0,2.0,3.0,0.0
5050,8,27,1745,1,1,1,1.0,3.0,28.0,560,4.0,2.0,1.0,0.0,1.0,3.0,1.0,1,1,4.0,0.0,0.0,0.0,1965.0,0.0,2,0,0.0,2.0,3.0,0.0
5051,8,27,1745,1,1,1,1.0,3.0,28.0,560,4.0,2.0,1.0,0.0,1.0,3.0,1.0,4,4,0.0,0.0,0.0,0.0,1999.0,0.0,7,0,0.0,2.0,3.0,0.0
5052,8,27,1745,1,1,1,1.0,3.0,28.0,560,4.0,2.0,1.0,0.0,1.0,3.0,1.0,4,4,0.0,0.0,0.0,0.0,1999.0,0.0,2,0,0.0,2.0,3.0,0.0
5053,8,31,1815,1,2,1,1.0,1.0,218.0,560,4.0,2.0,2.0,0.0,1.0,4.0,1.0,1,1,2.0,0.0,0.0,0.0,1984.0,2.0,14,0,0.0,2.0,3.0,1.0
5054,8,31,1815,1,2,1,1.0,1.0,218.0,560,4.0,2.0,2.0,0.0,1.0,4.0,1.0,1,1,2.0,0.0,0.0,0.0,1984.0,1.0,30,0,0.0,2.0,1.0,1.0
5055,8,31,1815,1,2,1,1.0,1.0,218.0,560,4.0,2.0,2.0,0.0,1.0,4.0,1.0,1,1,4.0,0.0,0.0,0.0,2000.0,2.0,14,0,0.0,2.0,3.0,1.0
5056,8,31,1815,1,2,1,1.0,1.0,218.0,560,4.0,2.0,2.0,0.0,1.0,4.0,1.0,1,1,4.0,0.0,0.0,0.0,2000.0,1.0,30,0,0.0,2.0,1.0,1.0
5057,9,22,1500,1,1,1,1.0,7.0,231.0,560,2.0,3.0,2.0,0.0,2.0,2.0,1.0,1,4,1.0,0.0,0.0,0.0,1973.0,1.0,7,0,13.0,0.0,9.0,1.0
5058,9,22,1500,1,1,1,1.0,7.0,231.0,560,2.0,3.0,2.0,0.0,2.0,2.0,1.0,4,4,0.0,0.0,0.0,0.0,1978.0,1.0,7,0,13.0,0.0,9.0,1.0
5059,11,30,830,2,1,6,1.0,4.0,261.0,560,3.0,2.0,2.0,0.0,0.0,1.0,1.0,1,4,1.0,0.0,0.0,0.0,1982.0,1.0,7,0,0.0,2.0,1.0,2.0
5060,11,30,830,2,1,6,1.0,4.0,261.0,560,3.0,2.0,2.0,0.0,0.0,1.0,1.0,1,4,1.0,0.0,0.0,0.0,1982.0,1.0,33,0,0.0,2.0,1.0,2.0
5061,11,30,830,2,1,6,1.0,4.0,261.0,560,3.0,2.0,2.0,0.0,0.0,1.0,1.0,1,4,1.0,0.0,0.0,0.0,1982.0,1.0,7,0,0.0,2.0,6.0,2.0
5062,11,30,830,2,1,6,1.0,4.0,261.0,560,3.0,2.0,2.0,0.0,0.0,1.0,1.0,1,4,1.0,0.0,0.0,0.0,1982.0,1.0,7,0,0.0,2.0,4.0,1.0
5063,11,30,830,2,1,6,1.0,4.0,261.0,560,3.0,2.0,2.0,0.0,0.0,1.0,1.0,1,4,1.0,0.0,0.0,0.0,1997.0,1.0,7,0,0.0,2.0,1.0,2.0
5064,11,30,830,2,1,6,1.0,4.0,261.0,560,3.0,2.0,2.0,0.0,0.0,1.0,1.0,1,4,1.0,0.0,0.0,0.0,1997.0,1.0,33,0,0.0,2.0,1.0,2.0
5065,11,30,830,2,1,6,1.0,4.0,261.0,560,3.0,2.0,2.0,0.0,0.0,1.0,1.0,1,4,1.0,0.0,0.0,0.0,1997.0,1.0,7,0,0.0,2.0,6.0,2.0
5066,11,30,830,2,1,6,1.0,4.0,261.0,560,3.0,2.0,2.0,0.0,0.0,1.0,1.0,1,4,1.0,0.0,0.0,0.0,1997.0,1.0,7,0,0.0,2.0,4.0,1.0
5067,11,30,830,2,1,6,1.0,4.0,261.0,560,3.0,2.0,2.0,0.0,0.0,1.0,1.0,1,1,1.0,0.0,0.0,0.0,1988.0,1.0,7,0,0.0,2.0,1.0,2.0
5068,11,30,830,2,1,6,1.0,4.0,261.0,560,3.0,2.0,2.0,0.0,0.0,1.0,1.0,1,1,1.0,0.0,0.0,0.0,1988.0,1.0,33,0,0.0,2.0,1.0,2.0
5069,11,30,830,2,1,6,1.0,4.0,261.0,560,3.0,2.0,2.0,0.0,0.0,1.0,1.0,1,1,1.0,0.0,0.0,0.0,1988.0,1.0,7,0,0.0,2.0,6.0,2.0