,month,day,time,light,location,intersection,atmosphere,collision,municipality,department,road,traffic,nblanes,reslane,laneprofile,plan,surface,user,sex,route,pedlocation,pedaction,pedcondition,birth,dirtraffic,catvehicle,nboccupants,obstacle,movobstacle,impact,maneuver
5070,11,30,830,2,1,6,1.0,4.0,261.0,560,3.0,2.0,2.0,0.0,0.0,1.0,1.0,1,1,1.0,0.0,0.0,0.0,1988.0,1.0,7,0,0.0,2.0,4.0,1.0
5071,11,30,830,2,1,6,1.0,4.0,261.0,560,3.0,2.0,2.0,0.0,0.0,1.0,1.0,1,4,1.0,0.0,0.0,0.0,1991.0,1.0,7,0,0.0,2.0,1.0,2.0
5072,11,30,830,2,1,6,1.0,4.0,261.0,560,3.0,2.0,2.0,0.0,0.0,1.0,1.0,1,4,1.0,0.0,0.0,0.0,1991.0,1.0,33,0,0.0,2.0,1.0,2.0
5073,11,30,830,2,1,6,1.0,4.0,261.0,560,3.0,2.0,2.0,0.0,0.0,1.0,1.0,1,4,1.0,0.0,0.0,0.0,1991.0,1.0,7,0,0.0,2.0,6.0,2.0
5074,11,30,830,2,1,6,1.0,4.0,261.0,560,3.0,2.0,2.0,0.0,0.0,1.0,1.0,1,4,1.0,0.0,0.0,0.0,1991.0,1.0,7,0,0.0,2.0,4.0,1.0
5075,1,10,400,3,1,9,2.0,6.0,176.0,560,2.0,3.0,4.0,3.0,1.0,1.0,2.0,1,1,4.0,0.0,0.0,0.0,1979.0,1.0,7,0,0.0,1.0,2.0,1.0
5076,1,10,400,3,1,9,2.0,6.0,176.0,560,2.0,3.0,4.0,3.0,1.0,1.0,2.0,3,1,4.0,1.0,4.0,1.0,1996.0,1.0,7,0,0.0,1.0,2.0,1.0
5077,1,12,1830,1,2,1,8.0,6.0,7.0,560,3.0,2.0,2.0,0.0,1.0,1.0,1.0,1,4,1.0,0.0,0.0,0.0,1982.0,0.0,7,0,0.0,1.0,2.0,1.0
5078,1,12,1830,1,2,1,8.0,6.0,7.0,560,3.0,2.0,2.0,0.0,1.0,1.0,1.0,3,4,3.0,2.0,3.0,1.0,1959.0,0.0,7,0,0.0,1.0,2.0,1.0
5079,2,3,1715,1,2,1,1.0,6.0,7.0,560,9.0,2.0,1.0,0.0,0.0,1.0,1.0,1,4,1.0,0.0,0.0,0.0,1976.0,0.0,7,0,0.0,1.0,1.0,1.0
5080,2,3,1715,1,2,1,1.0,6.0,7.0,560,9.0,2.0,1.0,0.0,0.0,1.0,1.0,3,1,1.0,1.0,3.0,1.0,1982.0,0.0,7,0,0.0,1.0,1.0,1.0
5081,2,29,1615,1,2,1,1.0,2.0,46.0,560,3.0,2.0,2.0,0.0,1.0,1.0,1.0,1,1,4.0,0.0,0.0,0.0,1994.0,1.0,33,0,0.0,0.0,1.0,1.0
5082,2,29,1615,1,2,1,1.0,2.0,46.0,560,3.0,2.0,2.0,0.0,1.0,1.0,1.0,1,1,4.0,0.0,0.0,0.0,1994.0,1.0,7,0,0.0,2.0,4.0,15.0
5083,2,29,1615,1,2,1,1.0,2.0,46.0,560,3.0,2.0,2.0,0.0,1.0,1.0,1.0,1,1,4.0,0.0,0.0,0.0,1944.0,1.0,33,0,0.0,0.0,1.0,1.0
5084,2,29,1615,1,2,1,1.0,2.0,46.0,560,3.0,2.0,2.0,0.0,1.0,1.0,1.0,1,1,4.0,0.0,0.0,0.0,1944.0,1.0,7,0,0.0,2.0,4.0,15.0
5085,3,22,2045,3,2,1,1.0,7.0,7.0,560,3.0,2.0,0.0,0.0,1.0,1.0,1.0,1,1,1.0,0.0,0.0,0.0,1987.0,2.0,33,0,0.0,0.0,0.0,17.0
5086,3,18,1745,1,2,1,1.0,6.0,262.0,560,9.0,2.0,0.0,0.0,4.0,1.0,1.0,1,1,4.0,0.0,0.0,0.0,1962.0,0.0,7,0,0.0,1.0,4.0,4.0
5087,3,18,1745,1,2,1,1.0,6.0,262.0,560,9.0,2.0,0.0,0.0,4.0,1.0,1.0,4,4,0.0,0.0,0.0,0.0,1963.0,0.0,7,0,0.0,1.0,4.0,4.0
5088,3,18,1745,1,2,1,1.0,6.0,262.0,560,9.0,2.0,0.0,0.0,4.0,1.0,1.0,3,4,3.0,4.0,3.0,1.0,1930.0,0.0,7,0,0.0,1.0,4.0,4.0
5089,5,15,1930,1,1,1,1.0,3.0,167.0,560,4.0,2.0,0.0,0.0,4.0,4.0,1.0,1,1,4.0,0.0,0.0,0.0,1991.0,0.0,33,0,0.0,0.0,3.0,13.0
5090,5,15,1930,1,1,1,1.0,3.0,167.0,560,4.0,2.0,0.0,0.0,4.0,4.0,1.0,1,1,4.0,0.0,0.0,0.0,1991.0,0.0,7,0,0.0,0.0,3.0,13.0
5091,5,15,1930,1,1,1,1.0,3.0,167.0,560,4.0,2.0,0.0,0.0,4.0,4.0,1.0,1,1,4.0,0.0,0.0,0.0,1985.0,0.0,33,0,0.0,0.0,3.0,13.0
5092,5,15,1930,1,1,1,1.0,3.0,167.0,560,4.0,2.0,0.0,0.0,4.0,4.0,1.0,1,1,4.0,0.0,0.0,0.0,1985.0,0.0,7,0,0.0,0.0,3.0,13.0
5093,5,28,1930,1,1,1,1.0,1.0,23.0,560,4.0,0.0,0.0,0.0,0.0,3.0,1.0,1,1,9.0,0.0,0.0,0.0,1957.0,0.0,30,0,0.0,0.0,0.0,14.0
5094,5,28,1930,1,1,1,1.0,1.0,23.0,560,4.0,0.0,0.0,0.0,0.0,3.0,1.0,1,1,9.0,0.0,0.0,0.0,1957.0,0.0,7,0,0.0,0.0,0.0,1.0
5095,5,28,1930,1,1,1,1.0,1.0,23.0,560,4.0,0.0,0.0,0.0,0.0,3.0,1.0,1,4,1.0,0.0,0.0,0.0,1975.0,0.0,30,0,0.0,0.0,0.0,14.0
5096,5,28,1930,1,1,1,1.0,1.0,23.0,560,4.0,0.0,0.0,0.0,0.0,3.0,1.0,1,4,1.0,0.0,0.0,0.0,1975.0,0.0,7,0,0.0,0.0,0.0,1.0
5097,5,26,1745,1,1,1,1.0,2.0,23.0,560,3.0,2.0,2.0,0.0,1.0,1.0,1.0,1,1,4.0,0.0,0.0,0.0,1995.0,1.0,7,0,0.0,0.0,4.0,15.0
5098,5,26,1745,1,1,1,1.0,2.0,23.0,560,3.0,2.0,2.0,0.0,1.0,1.0,1.0,1,1,4.0,0.0,0.0,0.0,1995.0,1.0,31,0,0.0,2.0,1.0,17.0
5099,5,26,1745,1,1,1,1.0,2.0,23.0,560,3.0,2.0,2.0,0.0,1.0,1.0,1.0,4,1,0.0,0.0,0.0,0.0,1990.0,1.0,7,0,0.0,0.0,4.0,15.0
5100,5,26,1745,1,1,1,1.0,2.0,23.0,560,3.0,2.0,2.0,0.0,1.0,1.0,1.0,4,1,0.0,0.0,0.0,0.0,1990.0,1.0,31,0,0.0,2.0,1.0,17.0
5101,5,26,1745,1,1,1,1.0,2.0,23.0,560,3.0,2.0,2.0,0.0,1.0,1.0,1.0,1,1,4.0,0.0,0.0,0.0,1999.0,1.0,7,0,0.0,0.0,4.0,15.0
5102,5,26,1745,1,1,1,1.0,2.0,23.0,560,3.0,2.0,2.0,0.0,1.0,1.0,1.0,1,1,4.0,0.0,0.0,0.0,1999.0,1.0,31,0,0.0,2.0,1.0,17.0
5103,6,7,2000,1,1,6,1.0,7.0,23.0,560,3.0,2.0,2.0,0.0,1.0,2.0,9.0,1,1,4.0,0.0,0.0,0.0,1989.0,1.0,2,0,0.0,0.0,1.0,5.0
5104,8,21,1600,1,2,1,1.0,5.0,7.0,560,4.0,2.0,1.0,0.0,2.0,1.0,1.0,1,4,0.0,0.0,0.0,0.0,1960.0,0.0,7,0,1.0,0.0,0.0,0.0
5105,8,21,1600,1,2,1,1.0,5.0,7.0,560,4.0,2.0,1.0,0.0,2.0,1.0,1.0,1,4,0.0,0.0,0.0,0.0,1960.0,0.0,7,0,1.0,0.0,0.0,0.0
5106,8,21,1600,1,2,1,1.0,5.0,7.0,560,4.0,2.0,1.0,0.0,2.0,1.0,1.0,1,4,0.0,0.0,0.0,0.0,1960.0,0.0,7,0,1.0,1.0,1.0,0.0
5107,8,21,1600,1,2,1,1.0,5.0,7.0,560,4.0,2.0,1.0,0.0,2.0,1.0,1.0,1,4,0.0,0.0,0.0,0.0,1960.0,0.0,7,0,1.0,0.0,0.0,0.0
5108,8,21,1600,1,2,1,1.0,5.0,7.0,560,4.0,2.0,1.0,0.0,2.0,1.0,1.0,1,4,0.0,0.0,0.0,0.0,1946.0,0.0,7,0,1.0,0.0,0.0,0.0
5109,8,21,1600,1,2,1,1.0,5.0,7.0,560,4.0,2.0,1.0,0.0,2.0,1.0,1.0,1,4,0.0,0.0,0.0,0.0,1946.0,0.0,7,0,1.0,0.0,0.0,0.0
5110,8,21,1600,1,2,1,1.0,5.0,7.0,560,4.0,2.0,1.0,0.0,2.0,1.0,1.0,1,4,0.0,0.0,0.0,0.0,1946.0,0.0,7,0,1.0,1.0,1.0,0.0
5111,8,21,1600,1,2,1,1.0,5.0,7.0,560,4.0,2.0,1.0,0.0,2.0,1.0,1.0,1,4,0.0,0.0,0.0,0.0,1946.0,0.0,7,0,1.0,0.0,0.0,0.0
5112,8,21,1600,1,2,1,1.0,5.0,7.0,560,4.0,2.0,1.0,0.0,2.0,1.0,1.0,1,1,1.0,0.0,0.0,0.0,1972.0,0.0,7,0,1.0,0.0,0.0,0.0
5113,8,21,1600,1,2,1,1.0,5.0,7.0,560,4.0,2.0,1.0,0.0,2.0,1.0,1.0,1,1,1.0,0.0,0.0,0.0,1972.0,0.0,7,0,1.0,0.0,0.0,0.0
5114,8,21,1600,1,2,1,1.0,5.0,7.0,560,4.0,2.0,1.0,0.0,2.0,1.0,1.0,1,1,1.0,0.0,0.0,0.0,1972.0,0.0,7,0,1.0,1.0,1.0,0.0
5115,8,21,1600,1,2,1,1.0,5.0,7.0,560,4.0,2.0,1.0,0.0,2.0,1.0,1.0,1,1,1.0,0.0,0.0,0.0,1972.0,0.0,7,0,1.0,0.0,0.0,0.0
5116,8,21,1600,1,2,1,1.0,5.0,7.0,560,4.0,2.0,1.0,0.0,2.0,1.0,1.0,3,1,0.0,1.0,1.0,4.0,1950.0,0.0,7,0,1.0,0.0,0.0,0.0
5117,8,21,1600,1,2,1,1.0,5.0,7.0,560,4.0,2.0,1.0,0.0,2.0,1.0,1.0,3,1,0.0,1.0,1.0,4.0,1950.0,0.0,7,0,1.0,0.0,0.0,0.0
5118,8,21,1600,1,2,1,1.0,5.0,7.0,560,4.0,2.0,1.0,0.0,2.0,1.0,1.0,3,1,0.0,1.0,1.0,4.0,1950.0,0.0,7,0,1.0,1.0,1.0,0.0
5119,8,21,1600,1,2,1,1.0,5.0,7.0,560,4.0,2.0,1.0,0.0,2.0,1.0,1.0,3,1,0.0,1.0,1.0,4.0,1950.0,0.0,7,0,1.0,0.0,0.0,0.0
5120,8,21,1600,1,2,1,1.0,5.0,7.0,560,4.0,2.0,1.0,0.0,2.0,1.0,1.0,3,4,0.0,1.0,1.0,4.0,1950.0,0.0,7,0,1.0,0.0,0.0,0.0
5121,8,21,1600,1,2,1,1.0,5.0,7.0,560,4.0,2.0,1.0,0.0,2.0,1.0,1.0,3,4,0.0,1.0,1.0,4.0,1950.0,0.0,7,0,1.0,0.0,0.0,0.0
5122,8,21,1600,1,2,1,1.0,5.0,7.0,560,4.0,2.0,1.0,0.0,2.0,1.0,1.0,3,4,0.0,1.0,1.0,4.0,1950.0,0.0,7,0,1.0,1.0,1.0,0.0
5123,8,21,1600,1,2,1,1.0,5.0,7.0,560,4.0,2.0,1.0,0.0,2.0,1.0,1.0,3,4,0.0,1.0,1.0,4.0,1950.0,0.0,7,0,1.0,0.0,0.0,0.0
5124,8,21,1600,1,2,1,1.0,5.0,7.0,560,4.0,2.0,1.0,0.0,2.0,1.0,1.0,1,4,0.0,0.0,0.0,0.0,1956.0,0.0,7,0,1.0,0.0,0.0,0.0
5125,8,21,1600,1,2,1,1.0,5.0,7.0,560,4.0,2.0,1.0,0.0,2.0,1.0,1.0,1,4,0.0,0.0,0.0,0.0,1956.0,0.0,7,0,1.0,0.0,0.0,0.0
5126,8,21,1600,1,2,1,1.0,5.0,7.0,560,4.0,2.0,1.0,0.0,2.0,1.0,1.0,1,4,0.0,0.0,0.0,0.0,1956.0,0.0,7,0,1.0,1.0,1.0,0.0
5127,8,21,1600,1,2,1,1.0,5.0,7.0,560,4.0,2.0,1.0,0.0,2.0,1.0,1.0,1,4,0.0,0.0,0.0,0.0,1956.0,0.0,7,0,1.0,0.0,0.0,0.0
5128,10,4,1700,1,2,1,1.0,1.0,176.0,560,4.0,2.0,2.0,0.0,1.0,1.0,1.0,1,1,4.0,0.0,0.0,0.0,1950.0,0.0,7,0,0.0,2.0,3.0,23.0
5129,10,4,1700,1,2,1,1.0,1.0,176.0,560,4.0,2.0,2.0,0.0,1.0,1.0,1.0,1,1,4.0,0.0,0.0,0.0,1950.0,0.0,30,0,0.0,2.0,1.0,2.0
5130,10,4,1700,1,2,1,1.0,1.0,176.0,560,4.0,2.0,2.0,0.0,1.0,1.0,1.0,1,1,4.0,0.0,0.0,0.0,2000.0,0.0,7,0,0.0,2.0,3.0,23.0
5131,10,4,1700,1,2,1,1.0,1.0,176.0,560,4.0,2.0,2.0,0.0,1.0,1.0,1.0,1,1,4.0,0.0,0.0,0.0,2000.0,0.0,30,0,0.0,2.0,1.0,2.0
5132,10,14,745,2,2,6,1.0,2.0,7.0,560,3.0,4.0,1.0,0.0,1.0,0.0,1.0,1,1,1.0,0.0,0.0,0.0,1961.0,1.0,7,0,0.0,2.0,1.0,9.0
5133,10,14,745,2,2,6,1.0,2.0,7.0,560,3.0,4.0,1.0,0.0,1.0,0.0,1.0,1,1,1.0,0.0,0.0,0.0,1961.0,1.0,30,0,0.0,2.0,4.0,1.0
5134,10,14,745,2,2,6,1.0,2.0,7.0,560,3.0,4.0,1.0,0.0,1.0,0.0,1.0,1,1,4.0,0.0,0.0,0.0,2000.0,1.0,7,0,0.0,2.0,1.0,9.0
5135,10,14,745,2,2,6,1.0,2.0,7.0,560,3.0,4.0,1.0,0.0,1.0,0.0,1.0,1,1,4.0,0.0,0.0,0.0,2000.0,1.0,30,0,0.0,2.0,4.0,1.0
5136,10,14,745,2,2,6,1.0,2.0,7.0,560,3.0,4.0,1.0,0.0,1.0,0.0,1.0,4,4,0.0,0.0,0.0,0.0,2000.0,1.0,7,0,0.0,2.0,1.0,9.0
5137,10,14,745,2,2,6,1.0,2.0,7.0,560,3.0,4.0,1.0,0.0,1.0,0.0,1.0,4,4,0.0,0.0,0.0,0.0,2000.0,1.0,30,0,0.0,2.0,4.0,1.0
5138,12,2,800,2,1,1,9.0,7.0,263.0,560,3.0,2.0,0.0,0.0,0.0,2.0,7.0,1,1,4.0,0.0,0.0,0.0,1996.0,2.0,30,0,0.0,0.0,0.0,1.0
5139,12,10,1430,1,1,1,8.0,1.0,176.0,560,4.0,0.0,0.0,0.0,1.0,3.0,2.0,1,1,4.0,0.0,0.0,0.0,1922.0,0.0,7,0,0.0,2.0,1.0,1.0
5140,12,10,1430,1,1,1,8.0,1.0,176.0,560,4.0,0.0,0.0,0.0,1.0,3.0,2.0,1,1,4.0,0.0,0.0,0.0,1922.0,0.0,2,0,0.0,2.0,1.0,1.0
5141,12,10,1430,1,1,1,8.0,1.0,176.0,560,4.0,0.0,0.0,0.0,1.0,3.0,2.0,1,1,4.0,0.0,0.0,0.0,1998.0,0.0,7,0,0.0,2.0,1.0,1.0
5142,12,10,1430,1,1,1,8.0,1.0,176.0,560,4.0,0.0,0.0,0.0,1.0,3.0,2.0,1,1,4.0,0.0,0.0,0.0,1998.0,0.0,2,0,0.0,2.0,1.0,1.0
5143,1,23,915,1,1,1,8.0,1.0,241.0,560,3.0,2.0,0.0,0.0,1.0,1.0,2.0,1,1,1.0,0.0,0.0,0.0,1987.0,1.0,7,0,0.0,2.0,1.0,1.0
5144,1,23,915,1,1,1,8.0,1.0,241.0,560,3.0,2.0,0.0,0.0,1.0,1.0,2.0,1,1,1.0,0.0,0.0,0.0,1987.0,2.0,7,0,0.0,2.0,2.0,15.0
5145,1,23,915,1,1,1,8.0,1.0,241.0,560,3.0,2.0,0.0,0.0,1.0,1.0,2.0,1,4,3.0,0.0,0.0,0.0,1961.0,1.0,7,0,0.0,2.0,1.0,1.0
5146,1,23,915,1,1,1,8.0,1.0,241.0,560,3.0,2.0,0.0,0.0,1.0,1.0,2.0,1,4,3.0,0.0,0.0,0.0,1961.0,2.0,7,0,0.0,2.0,2.0,15.0
5147,5,29,730,2,1,1,1.0,6.0,241.0,560,3.0,2.0,0.0,0.0,0.0,1.0,1.0,1,1,4.0,0.0,0.0,0.0,1996.0,0.0,7,0,13.0,0.0,1.0,1.0
5148,5,29,730,2,1,1,1.0,6.0,241.0,560,3.0,2.0,0.0,0.0,0.0,1.0,1.0,4,1,0.0,0.0,0.0,0.0,1997.0,0.0,7,0,13.0,0.0,1.0,1.0
5149,5,29,730,2,1,1,1.0,6.0,241.0,560,3.0,2.0,0.0,0.0,0.0,1.0,1.0,4,1,0.0,0.0,0.0,0.0,1993.0,0.0,7,0,13.0,0.0,1.0,1.0
5150,5,29,730,2,1,1,1.0,6.0,241.0,560,3.0,2.0,0.0,0.0,0.0,1.0,1.0,4,1,0.0,0.0,0.0,0.0,1995.0,0.0,7,0,13.0,0.0,1.0,1.0
5151,7,5,1830,1,2,1,1.0,6.0,152.0,560,9.0,1.0,1.0,0.0,1.0,1.0,1.0,1,1,4.0,0.0,0.0,0.0,1966.0,2.0,7,0,0.0,1.0,0.0,1.0
5152,7,5,1830,1,2,1,1.0,6.0,152.0,560,9.0,1.0,1.0,0.0,1.0,1.0,1.0,3,4,4.0,2.0,3.0,1.0,1941.0,2.0,7,0,0.0,1.0,0.0,1.0
5153,7,29,1815,1,2,1,1.0,3.0,152.0,560,4.0,2.0,2.0,0.0,2.0,1.0,1.0,1,1,4.0,0.0,0.0,0.0,1987.0,2.0,1,0,0.0,2.0,1.0,1.0
5154,7,29,1815,1,2,1,1.0,3.0,152.0,560,4.0,2.0,2.0,0.0,2.0,1.0,1.0,1,1,4.0,0.0,0.0,0.0,1987.0,1.0,7,0,0.0,9.0,5.0,15.0
5155,7,29,1815,1,2,1,1.0,3.0,152.0,560,4.0,2.0,2.0,0.0,2.0,1.0,1.0,1,4,4.0,0.0,0.0,0.0,1992.0,2.0,1,0,0.0,2.0,1.0,1.0
5156,7,29,1815,1,2,1,1.0,3.0,152.0,560,4.0,2.0,2.0,0.0,2.0,1.0,1.0,1,4,4.0,0.0,0.0,0.0,1992.0,1.0,7,0,0.0,9.0,5.0,15.0
5157,7,29,1815,1,2,1,1.0,3.0,152.0,560,4.0,2.0,2.0,0.0,2.0,1.0,1.0,4,1,0.0,0.0,0.0,0.0,1991.0,2.0,1,0,0.0,2.0,1.0,1.0
5158,7,29,1815,1,2,1,1.0,3.0,152.0,560,4.0,2.0,2.0,0.0,2.0,1.0,1.0,4,1,0.0,0.0,0.0,0.0,1991.0,1.0,7,0,0.0,9.0,5.0,15.0
5159,9,6,2045,2,1,1,1.0,6.0,152.0,560,4.0,2.0,0.0,0.0,1.0,1.0,1.0,1,1,4.0,0.0,0.0,0.0,1946.0,0.0,10,0,6.0,0.0,2.0,14.0
5160,4,1,1600,1,1,2,1.0,2.0,69.0,560,4.0,2.0,2.0,0.0,0.0,1.0,1.0,1,4,4.0,0.0,0.0,0.0,1991.0,0.0,7,0,0.0,2.0,4.0,1.0
5161,4,1,1600,1,1,2,1.0,2.0,69.0,560,4.0,2.0,2.0,0.0,0.0,1.0,1.0,1,4,4.0,0.0,0.0,0.0,1991.0,0.0,7,0,0.0,2.0,1.0,1.0
5162,4,1,1600,1,1,2,1.0,2.0,69.0,560,4.0,2.0,2.0,0.0,0.0,1.0,1.0,1,1,3.0,0.0,0.0,0.0,1948.0,0.0,7,0,0.0,2.0,4.0,1.0
5163,4,1,1600,1,1,2,1.0,2.0,69.0,560,4.0,2.0,2.0,0.0,0.0,1.0,1.0,1,1,3.0,0.0,0.0,0.0,1948.0,0.0,7,0,0.0,2.0,1.0,1.0
5164,10,17,1615,1,1,1,8.0,7.0,69.0,560,4.0,2.0,0.0,0.0,1.0,1.0,2.0,1,4,4.0,0.0,0.0,0.0,1992.0,0.0,30,0,0.0,0.0,0.0,1.0
5165,10,17,1615,1,1,1,8.0,7.0,69.0,560,4.0,2.0,0.0,0.0,1.0,1.0,2.0,4,4,0.0,0.0,0.0,0.0,1994.0,0.0,30,0,0.0,0.0,0.0,1.0
5166,3,20,1830,1,1,1,1.0,1.0,67.0,560,3.0,2.0,0.0,0.0,2.0,1.0,1.0,1,4,4.0,0.0,0.0,0.0,1995.0,0.0,33,0,0.0,2.0,1.0,13.0
5167,3,20,1830,1,1,1,1.0,1.0,67.0,560,3.0,2.0,0.0,0.0,2.0,1.0,1.0,1,4,4.0,0.0,0.0,0.0,1995.0,0.0,7,0,0.0,2.0,1.0,1.0
5168,3,20,1830,1,1,1,1.0,1.0,67.0,560,3.0,2.0,0.0,0.0,2.0,1.0,1.0,1,1,4.0,0.0,0.0,0.0,1934.0,0.0,33,0,0.0,2.0,1.0,13.0
5169,3,20,1830,1,1,1,1.0,1.0,67.0,560,3.0,2.0,0.0,0.0,2.0,1.0,1.0,1,1,4.0,0.0,0.0,0.0,1934.0,0.0,7,0,0.0,2.0,1.0,1.0
5170,9,24,715,5,1,1,1.0,6.0,36.0,560,2.0,1.0,2.0,0.0,1.0,1.0,1.0,1,1,9.0,0.0,0.0,0.0,1932.0,2.0,7,0,0.0,1.0,2.0,1.0
5171,9,24,715,5,1,1,1.0,6.0,36.0,560,2.0,1.0,2.0,0.0,1.0,1.0,1.0,3,1,4.0,0.0,3.0,4.0,1988.0,2.0,7,0,0.0,1.0,2.0,1.0
5172,3,23,1730,1,2,6,7.0,3.0,118.0,560,3.0,0.0,2.0,0.0,1.0,2.0,1.0,1,1,4.0,0.0,0.0,0.0,1937.0,2.0,1,0,0.0,0.0,5.0,1.0
5173,3,23,1730,1,2,6,7.0,3.0,118.0,560,3.0,0.0,2.0,0.0,1.0,2.0,1.0,1,1,4.0,0.0,0.0,0.0,1937.0,0.0,7,0,0.0,9.0,1.0,1.0
5174,3,23,1730,1,2,6,7.0,3.0,118.0,560,3.0,0.0,2.0,0.0,1.0,2.0,1.0,1,4,2.0,0.0,0.0,0.0,1968.0,2.0,1,0,0.0,0.0,5.0,1.0
5175,3,23,1730,1,2,6,7.0,3.0,118.0,560,3.0,0.0,2.0,0.0,1.0,2.0,1.0,1,4,2.0,0.0,0.0,0.0,1968.0,0.0,7,0,0.0,9.0,1.0,1.0
5176,6,17,1930,1,2,1,1.0,3.0,13.0,560,3.0,2.0,0.0,0.0,0.0,0.0,0.0,1,1,4.0,0.0,0.0,0.0,1998.0,2.0,33,0,0.0,2.0,3.0,17.0
5177,6,17,1930,1,2,1,1.0,3.0,13.0,560,3.0,2.0,0.0,0.0,0.0,0.0,0.0,1,1,4.0,0.0,0.0,0.0,1998.0,2.0,7,0,0.0,2.0,6.0,15.0
5178,6,17,1930,1,2,1,1.0,3.0,13.0,560,3.0,2.0,0.0,0.0,0.0,0.0,0.0,1,1,1.0,0.0,0.0,0.0,1997.0,2.0,33,0,0.0,2.0,3.0,17.0
5179,6,17,1930,1,2,1,1.0,3.0,13.0,560,3.0,2.0,0.0,0.0,0.0,0.0,0.0,1,1,1.0,0.0,0.0,0.0,1997.0,2.0,7,0,0.0,2.0,6.0,15.0
5180,6,26,215,3,1,1,1.0,7.0,13.0,560,3.0,2.0,2.0,0.0,1.0,1.0,1.0,1,1,4.0,0.0,0.0,0.0,1983.0,0.0,10,0,13.0,0.0,7.0,1.0
5181,6,26,215,3,1,1,1.0,7.0,13.0,560,3.0,2.0,2.0,0.0,1.0,1.0,1.0,4,4,0.0,0.0,0.0,0.0,1988.0,0.0,10,0,13.0,0.0,7.0,1.0
5182,6,26,215,3,1,1,1.0,7.0,13.0,560,3.0,2.0,2.0,0.0,1.0,1.0,1.0,4,1,0.0,0.0,0.0,0.0,1993.0,0.0,10,0,13.0,0.0,7.0,1.0
5183,6,26,215,3,1,1,1.0,7.0,13.0,560,3.0,2.0,2.0,0.0,1.0,1.0,1.0,4,1,0.0,0.0,0.0,0.0,1978.0,0.0,10,0,13.0,0.0,7.0,1.0
5184,6,26,215,3,1,1,1.0,7.0,13.0,560,3.0,2.0,2.0,0.0,1.0,1.0,1.0,4,4,0.0,0.0,0.0,0.0,1981.0,0.0,10,0,13.0,0.0,7.0,1.0
5185,6,26,215,3,1,1,1.0,7.0,13.0,560,3.0,2.0,2.0,0.0,1.0,1.0,1.0,4,1,0.0,0.0,0.0,0.0,1989.0,0.0,10,0,13.0,0.0,7.0,1.0
5186,6,26,215,3,1,1,1.0,7.0,13.0,560,3.0,2.0,2.0,0.0,1.0,1.0,1.0,4,1,0.0,0.0,0.0,0.0,1976.0,0.0,10,0,13.0,0.0,7.0,1.0
5187,6,26,215,3,1,1,1.0,7.0,13.0,560,3.0,2.0,2.0,0.0,1.0,1.0,1.0,4,4,0.0,0.0,0.0,0.0,1977.0,0.0,10,0,13.0,0.0,7.0,1.0
5188,8,15,1100,1,1,1,7.0,6.0,54.0,560,4.0,2.0,0.0,0.0,1.0,2.0,1.0,1,1,4.0,0.0,0.0,0.0,1997.0,2.0,7,0,2.0,0.0,9.0,1.0
5189,8,15,1100,1,1,1,7.0,6.0,54.0,560,4.0,2.0,0.0,0.0,1.0,2.0,1.0,4,1,0.0,0.0,0.0,0.0,1999.0,2.0,7,0,2.0,0.0,9.0,1.0
5190,8,15,1100,1,1,1,7.0,6.0,54.0,560,4.0,2.0,0.0,0.0,1.0,2.0,1.0,4,1,0.0,0.0,0.0,0.0,1999.0,2.0,7,0,2.0,0.0,9.0,1.0
5191,8,15,1100,1,1,1,7.0,6.0,54.0,560,4.0,2.0,0.0,0.0,1.0,2.0,1.0,4,1,0.0,0.0,0.0,0.0,1999.0,2.0,7,0,2.0,0.0,9.0,1.0
5192,8,15,1100,1,1,1,7.0,6.0,54.0,560,4.0,2.0,0.0,0.0,1.0,2.0,1.0,4,4,0.0,0.0,0.0,0.0,2000.0,2.0,7,0,2.0,0.0,9.0,1.0
5193,11,26,1815,5,1,1,1.0,3.0,193.0,560,3.0,2.0,0.0,0.0,1.0,1.0,1.0,1,1,1.0,0.0,0.0,0.0,1959.0,2.0,7,0,0.0,2.0,7.0,15.0
5194,11,26,1815,5,1,1,1.0,3.0,193.0,560,3.0,2.0,0.0,0.0,1.0,1.0,1.0,1,1,1.0,0.0,0.0,0.0,1959.0,2.0,2,0,0.0,2.0,1.0,1.0
5195,11,26,1815,5,1,1,1.0,3.0,193.0,560,3.0,2.0,0.0,0.0,1.0,1.0,1.0,1,1,4.0,0.0,0.0,0.0,2000.0,2.0,7,0,0.0,2.0,7.0,15.0
5196,11,26,1815,5,1,1,1.0,3.0,193.0,560,3.0,2.0,0.0,0.0,1.0,1.0,1.0,1,1,4.0,0.0,0.0,0.0,2000.0,2.0,2,0,0.0,2.0,1.0,1.0
5197,1,9,1300,1,1,1,3.0,7.0,122.0,560,3.0,2.0,2.0,0.0,1.0,2.0,2.0,1,4,4.0,0.0,0.0,0.0,1997.0,2.0,7,0,2.0,0.0,1.0,1.0
5198,1,22,1615,1,2,1,1.0,6.0,165.0,560,4.0,2.0,2.0,0.0,1.0,1.0,2.0,1,4,1.0,0.0,0.0,0.0,1975.0,0.0,7,0,0.0,1.0,2.0,1.0
5199,1,22,1615,1,2,1,1.0,6.0,165.0,560,4.0,2.0,2.0,0.0,1.0,1.0,2.0,3,4,4.0,2.0,3.0,3.0,2005.0,0.0,7,0,0.0,1.0,2.0,1.0