,month,day,time,light,location,intersection,atmosphere,collision,municipality,department,road,traffic,nblanes,reslane,laneprofile,plan,surface,user,sex,route,pedlocation,pedaction,pedcondition,birth,dirtraffic,catvehicle,nboccupants,obstacle,movobstacle,impact,maneuver
5200,2,8,1745,1,2,1,8.0,7.0,165.0,560,6.0,0.0,0.0,0.0,0.0,1.0,2.0,1,1,4.0,0.0,0.0,0.0,2000.0,0.0,3,0,0.0,0.0,7.0,15.0
5201,2,8,1745,1,2,1,8.0,7.0,165.0,560,6.0,0.0,0.0,0.0,0.0,1.0,2.0,4,1,0.0,0.0,0.0,0.0,2000.0,0.0,3,0,0.0,0.0,7.0,15.0
5202,2,19,1945,3,1,1,1.0,1.0,127.0,560,3.0,2.0,2.0,0.0,1.0,1.0,2.0,1,1,4.0,0.0,0.0,0.0,1985.0,1.0,7,0,0.0,2.0,1.0,19.0
5203,2,19,1945,3,1,1,1.0,1.0,127.0,560,3.0,2.0,2.0,0.0,1.0,1.0,2.0,1,1,4.0,0.0,0.0,0.0,1985.0,1.0,7,0,0.0,2.0,7.0,1.0
5204,2,19,1945,3,1,1,1.0,1.0,127.0,560,3.0,2.0,2.0,0.0,1.0,1.0,2.0,1,1,4.0,0.0,0.0,0.0,1948.0,1.0,7,0,0.0,2.0,1.0,19.0
5205,2,19,1945,3,1,1,1.0,1.0,127.0,560,3.0,2.0,2.0,0.0,1.0,1.0,2.0,1,1,4.0,0.0,0.0,0.0,1948.0,1.0,7,0,0.0,2.0,7.0,1.0
5206,2,19,1945,3,1,1,1.0,1.0,127.0,560,3.0,2.0,2.0,0.0,1.0,1.0,2.0,4,4,0.0,0.0,0.0,0.0,1949.0,1.0,7,0,0.0,2.0,1.0,19.0
5207,2,19,1945,3,1,1,1.0,1.0,127.0,560,3.0,2.0,2.0,0.0,1.0,1.0,2.0,4,4,0.0,0.0,0.0,0.0,1949.0,1.0,7,0,0.0,2.0,7.0,1.0
5208,4,20,1515,1,1,1,1.0,1.0,139.0,560,3.0,2.0,2.0,0.0,0.0,2.0,1.0,1,1,4.0,0.0,0.0,0.0,1951.0,1.0,7,0,0.0,2.0,1.0,15.0
5209,4,20,1515,1,1,1,1.0,1.0,139.0,560,3.0,2.0,2.0,0.0,0.0,2.0,1.0,1,1,4.0,0.0,0.0,0.0,1951.0,2.0,33,0,0.0,2.0,1.0,1.0
5210,4,20,1515,1,1,1,1.0,1.0,139.0,560,3.0,2.0,2.0,0.0,0.0,2.0,1.0,1,1,4.0,0.0,0.0,0.0,1993.0,1.0,7,0,0.0,2.0,1.0,15.0
5211,4,20,1515,1,1,1,1.0,1.0,139.0,560,3.0,2.0,2.0,0.0,0.0,2.0,1.0,1,1,4.0,0.0,0.0,0.0,1993.0,2.0,33,0,0.0,2.0,1.0,1.0
5212,5,28,1515,1,1,1,1.0,7.0,129.0,560,3.0,2.0,0.0,0.0,1.0,1.0,1.0,1,4,4.0,0.0,0.0,0.0,1992.0,2.0,7,0,0.0,0.0,9.0,1.0
5213,6,30,930,1,1,9,1.0,6.0,165.0,560,2.0,0.0,0.0,0.0,0.0,3.0,1.0,1,4,4.0,0.0,0.0,0.0,1982.0,1.0,7,0,3.0,0.0,1.0,1.0
5214,6,30,930,1,1,9,1.0,6.0,165.0,560,2.0,0.0,0.0,0.0,0.0,3.0,1.0,4,1,0.0,0.0,0.0,0.0,2009.0,1.0,7,0,3.0,0.0,1.0,1.0
5215,7,13,1930,1,1,1,1.0,6.0,249.0,560,3.0,2.0,2.0,0.0,1.0,2.0,1.0,1,1,3.0,0.0,0.0,0.0,1998.0,1.0,7,0,13.0,0.0,2.0,1.0
5216,7,13,1930,1,1,1,1.0,6.0,249.0,560,3.0,2.0,2.0,0.0,1.0,2.0,1.0,4,1,0.0,0.0,0.0,0.0,1996.0,1.0,7,0,13.0,0.0,2.0,1.0
5217,7,29,1100,1,2,9,1.0,6.0,165.0,560,4.0,0.0,1.0,0.0,0.0,0.0,1.0,1,4,2.0,0.0,0.0,0.0,1961.0,0.0,7,0,0.0,1.0,1.0,15.0
5218,7,29,1100,1,2,9,1.0,6.0,165.0,560,4.0,0.0,1.0,0.0,0.0,0.0,1.0,3,4,4.0,2.0,3.0,1.0,1942.0,0.0,7,0,0.0,1.0,1.0,15.0
5219,8,19,2200,3,1,1,1.0,6.0,257.0,560,3.0,2.0,0.0,0.0,1.0,1.0,1.0,1,1,4.0,0.0,0.0,0.0,1995.0,1.0,7,0,2.0,0.0,3.0,1.0
5220,9,20,1530,1,1,1,1.0,1.0,80.0,560,3.0,2.0,1.0,0.0,1.0,1.0,1.0,1,4,9.0,0.0,0.0,0.0,1997.0,1.0,7,0,0.0,0.0,0.0,1.0
5221,9,20,1530,1,1,1,1.0,1.0,80.0,560,3.0,2.0,1.0,0.0,1.0,1.0,1.0,1,4,9.0,0.0,0.0,0.0,1997.0,2.0,33,0,13.0,2.0,0.0,21.0
5222,9,20,1530,1,1,1,1.0,1.0,80.0,560,3.0,2.0,1.0,0.0,1.0,1.0,1.0,1,1,4.0,0.0,0.0,0.0,1956.0,1.0,7,0,0.0,0.0,0.0,1.0
5223,9,20,1530,1,1,1,1.0,1.0,80.0,560,3.0,2.0,1.0,0.0,1.0,1.0,1.0,1,1,4.0,0.0,0.0,0.0,1956.0,2.0,33,0,13.0,2.0,0.0,21.0
5224,9,20,1530,1,1,1,1.0,1.0,80.0,560,3.0,2.0,1.0,0.0,1.0,1.0,1.0,4,4,0.0,0.0,0.0,0.0,1960.0,1.0,7,0,0.0,0.0,0.0,1.0
5225,9,20,1530,1,1,1,1.0,1.0,80.0,560,3.0,2.0,1.0,0.0,1.0,1.0,1.0,4,4,0.0,0.0,0.0,0.0,1960.0,2.0,33,0,13.0,2.0,0.0,21.0
5226,10,4,1300,1,1,1,1.0,7.0,165.0,560,3.0,2.0,2.0,0.0,1.0,4.0,1.0,1,4,1.0,0.0,0.0,0.0,1982.0,0.0,30,0,13.0,0.0,2.0,1.0
5227,10,22,1130,1,1,1,1.0,6.0,249.0,560,2.0,0.0,4.0,0.0,1.0,1.0,1.0,1,4,4.0,0.0,0.0,0.0,1938.0,1.0,14,0,13.0,0.0,1.0,1.0
5228,11,26,130,3,1,1,1.0,6.0,249.0,560,4.0,2.0,2.0,0.0,1.0,2.0,1.0,1,4,4.0,0.0,0.0,0.0,1992.0,0.0,7,0,14.0,0.0,1.0,1.0
5229,11,26,130,3,1,1,1.0,6.0,249.0,560,4.0,2.0,2.0,0.0,1.0,2.0,1.0,4,1,0.0,0.0,0.0,0.0,1997.0,0.0,7,0,14.0,0.0,1.0,1.0
5230,11,26,130,3,1,1,1.0,6.0,249.0,560,4.0,2.0,2.0,0.0,1.0,2.0,1.0,4,1,0.0,0.0,0.0,0.0,1991.0,0.0,7,0,14.0,0.0,1.0,1.0
5231,11,26,130,3,1,1,1.0,6.0,249.0,560,4.0,2.0,2.0,0.0,1.0,2.0,1.0,4,4,0.0,0.0,0.0,0.0,1993.0,0.0,7,0,14.0,0.0,1.0,1.0
5232,11,26,130,3,1,1,1.0,6.0,249.0,560,4.0,2.0,2.0,0.0,1.0,2.0,1.0,4,1,0.0,0.0,0.0,0.0,1993.0,0.0,7,0,14.0,0.0,1.0,1.0
5233,11,26,130,3,1,1,1.0,6.0,249.0,560,4.0,2.0,2.0,0.0,1.0,2.0,1.0,4,4,0.0,0.0,0.0,0.0,1994.0,0.0,7,0,14.0,0.0,1.0,1.0
5234,1,1,1845,3,1,1,2.0,7.0,75.0,560,2.0,3.0,2.0,3.0,1.0,1.0,2.0,1,1,4.0,0.0,0.0,0.0,1942.0,2.0,10,0,13.0,0.0,0.0,1.0
5235,1,1,1845,3,1,1,2.0,7.0,75.0,560,2.0,3.0,2.0,3.0,1.0,1.0,2.0,4,4,0.0,0.0,0.0,0.0,1944.0,2.0,10,0,13.0,0.0,0.0,1.0
5236,1,16,1100,1,1,1,1.0,7.0,6.0,560,3.0,2.0,0.0,0.0,1.0,1.0,2.0,1,4,9.0,0.0,0.0,0.0,1956.0,1.0,7,0,13.0,0.0,2.0,1.0
5237,1,26,615,3,1,1,2.0,6.0,136.0,560,4.0,2.0,0.0,0.0,1.0,0.0,2.0,1,1,9.0,0.0,0.0,0.0,1960.0,0.0,7,0,13.0,0.0,3.0,16.0
5238,2,16,1330,1,1,1,1.0,7.0,136.0,560,3.0,2.0,2.0,0.0,0.0,2.0,1.0,1,4,4.0,0.0,0.0,0.0,1975.0,1.0,7,0,13.0,0.0,2.0,1.0
5239,2,16,1330,1,1,1,1.0,7.0,136.0,560,3.0,2.0,2.0,0.0,0.0,2.0,1.0,4,4,0.0,0.0,0.0,0.0,1963.0,1.0,7,0,13.0,0.0,2.0,1.0
5240,2,16,1330,1,1,1,1.0,7.0,136.0,560,3.0,2.0,2.0,0.0,0.0,2.0,1.0,4,1,0.0,0.0,0.0,0.0,2007.0,1.0,7,0,13.0,0.0,2.0,1.0
5241,2,16,1330,1,1,1,1.0,7.0,136.0,560,3.0,2.0,2.0,0.0,0.0,2.0,1.0,4,1,0.0,0.0,0.0,0.0,2010.0,1.0,7,0,13.0,0.0,2.0,1.0
5242,6,2,1645,1,1,1,1.0,3.0,20.0,560,3.0,2.0,2.0,0.0,0.0,1.0,1.0,1,1,4.0,0.0,0.0,0.0,1958.0,1.0,34,0,0.0,2.0,8.0,0.0
5243,6,2,1645,1,1,1,1.0,3.0,20.0,560,3.0,2.0,2.0,0.0,0.0,1.0,1.0,1,1,4.0,0.0,0.0,0.0,1958.0,2.0,7,0,0.0,2.0,1.0,15.0
5244,6,2,1645,1,1,1,1.0,3.0,20.0,560,3.0,2.0,2.0,0.0,0.0,1.0,1.0,1,1,4.0,0.0,0.0,0.0,1960.0,1.0,34,0,0.0,2.0,8.0,0.0
5245,6,2,1645,1,1,1,1.0,3.0,20.0,560,3.0,2.0,2.0,0.0,0.0,1.0,1.0,1,1,4.0,0.0,0.0,0.0,1960.0,2.0,7,0,0.0,2.0,1.0,15.0
5246,7,28,1000,1,1,1,1.0,6.0,226.0,560,3.0,2.0,2.0,0.0,2.0,2.0,1.0,1,1,4.0,0.0,0.0,0.0,1999.0,2.0,30,0,13.0,0.0,7.0,1.0
5247,8,26,1615,1,1,1,1.0,1.0,180.0,560,3.0,2.0,2.0,0.0,0.0,1.0,1.0,1,4,4.0,0.0,0.0,0.0,1989.0,1.0,7,0,0.0,2.0,3.0,0.0
5248,8,26,1615,1,1,1,1.0,1.0,180.0,560,3.0,2.0,2.0,0.0,0.0,1.0,1.0,1,4,4.0,0.0,0.0,0.0,1989.0,2.0,33,0,0.0,2.0,1.0,17.0
5249,8,26,1615,1,1,1,1.0,1.0,180.0,560,3.0,2.0,2.0,0.0,0.0,1.0,1.0,1,1,4.0,0.0,0.0,0.0,1969.0,1.0,7,0,0.0,2.0,3.0,0.0
5250,8,26,1615,1,1,1,1.0,1.0,180.0,560,3.0,2.0,2.0,0.0,0.0,1.0,1.0,1,1,4.0,0.0,0.0,0.0,1969.0,2.0,33,0,0.0,2.0,1.0,17.0
5251,9,18,1045,1,1,1,1.0,6.0,191.0,560,3.0,2.0,2.0,0.0,1.0,3.0,1.0,1,4,4.0,0.0,0.0,0.0,1983.0,1.0,7,0,13.0,0.0,2.0,1.0
5252,10,13,1330,1,2,3,1.0,3.0,75.0,560,9.0,2.0,2.0,0.0,1.0,1.0,1.0,1,1,1.0,0.0,0.0,0.0,1960.0,0.0,7,0,0.0,9.0,2.0,1.0
5253,10,13,1330,1,2,3,1.0,3.0,75.0,560,9.0,2.0,2.0,0.0,1.0,1.0,1.0,1,1,1.0,0.0,0.0,0.0,1960.0,0.0,1,0,0.0,2.0,1.0,1.0
5254,10,13,1330,1,2,3,1.0,3.0,75.0,560,9.0,2.0,2.0,0.0,1.0,1.0,1.0,1,1,4.0,0.0,0.0,0.0,2007.0,0.0,7,0,0.0,9.0,2.0,1.0
5255,10,13,1330,1,2,3,1.0,3.0,75.0,560,9.0,2.0,2.0,0.0,1.0,1.0,1.0,1,1,4.0,0.0,0.0,0.0,2007.0,0.0,1,0,0.0,2.0,1.0,1.0
5256,11,17,830,3,1,2,1.0,3.0,12.0,560,3.0,2.0,0.0,0.0,0.0,1.0,1.0,1,4,1.0,0.0,0.0,0.0,1966.0,1.0,7,0,0.0,2.0,8.0,1.0
5257,11,17,830,3,1,2,1.0,3.0,12.0,560,3.0,2.0,0.0,0.0,0.0,1.0,1.0,1,4,1.0,0.0,0.0,0.0,1966.0,0.0,14,0,0.0,2.0,1.0,19.0
5258,11,17,830,3,1,2,1.0,3.0,12.0,560,3.0,2.0,0.0,0.0,0.0,1.0,1.0,1,1,2.0,0.0,0.0,0.0,1982.0,1.0,7,0,0.0,2.0,8.0,1.0
5259,11,17,830,3,1,2,1.0,3.0,12.0,560,3.0,2.0,0.0,0.0,0.0,1.0,1.0,1,1,2.0,0.0,0.0,0.0,1982.0,0.0,14,0,0.0,2.0,1.0,19.0
5260,11,19,1415,1,1,1,1.0,6.0,20.0,560,2.0,3.0,2.0,0.0,0.0,1.0,1.0,1,1,4.0,0.0,0.0,0.0,1960.0,1.0,7,0,7.0,0.0,1.0,0.0
5261,11,19,1415,1,1,1,1.0,6.0,20.0,560,2.0,3.0,2.0,0.0,0.0,1.0,1.0,4,4,0.0,0.0,0.0,0.0,1963.0,1.0,7,0,7.0,0.0,1.0,0.0
5262,12,16,1100,1,1,3,7.0,3.0,44.0,560,3.0,2.0,0.0,0.0,0.0,1.0,1.0,1,1,4.0,0.0,0.0,0.0,1965.0,2.0,7,0,0.0,2.0,3.0,19.0
5263,12,16,1100,1,1,3,7.0,3.0,44.0,560,3.0,2.0,0.0,0.0,0.0,1.0,1.0,1,1,4.0,0.0,0.0,0.0,1965.0,1.0,7,0,0.0,2.0,2.0,1.0
5264,12,16,1100,1,1,3,7.0,3.0,44.0,560,3.0,2.0,0.0,0.0,0.0,1.0,1.0,4,4,0.0,0.0,0.0,0.0,1956.0,2.0,7,0,0.0,2.0,3.0,19.0
5265,12,16,1100,1,1,3,7.0,3.0,44.0,560,3.0,2.0,0.0,0.0,0.0,1.0,1.0,4,4,0.0,0.0,0.0,0.0,1956.0,1.0,7,0,0.0,2.0,2.0,1.0
5266,12,16,1100,1,1,3,7.0,3.0,44.0,560,3.0,2.0,0.0,0.0,0.0,1.0,1.0,1,4,4.0,0.0,0.0,0.0,1941.0,2.0,7,0,0.0,2.0,3.0,19.0
5267,12,16,1100,1,1,3,7.0,3.0,44.0,560,3.0,2.0,0.0,0.0,0.0,1.0,1.0,1,4,4.0,0.0,0.0,0.0,1941.0,1.0,7,0,0.0,2.0,2.0,1.0
5268,5,4,1700,1,1,6,1.0,1.0,222.0,560,4.0,2.0,2.0,0.0,1.0,1.0,1.0,1,4,4.0,0.0,0.0,0.0,2001.0,0.0,30,0,0.0,2.0,8.0,6.0
5269,5,4,1700,1,1,6,1.0,1.0,222.0,560,4.0,2.0,2.0,0.0,1.0,1.0,1.0,1,4,4.0,0.0,0.0,0.0,2001.0,0.0,7,0,0.0,2.0,1.0,1.0
5270,5,4,1700,1,1,6,1.0,1.0,222.0,560,4.0,2.0,2.0,0.0,1.0,1.0,1.0,4,4,0.0,0.0,0.0,0.0,2002.0,0.0,30,0,0.0,2.0,8.0,6.0
5271,5,4,1700,1,1,6,1.0,1.0,222.0,560,4.0,2.0,2.0,0.0,1.0,1.0,1.0,4,4,0.0,0.0,0.0,0.0,2002.0,0.0,7,0,0.0,2.0,1.0,1.0
5272,5,4,1700,1,1,6,1.0,1.0,222.0,560,4.0,2.0,2.0,0.0,1.0,1.0,1.0,1,4,4.0,0.0,0.0,0.0,1985.0,0.0,30,0,0.0,2.0,8.0,6.0
5273,5,4,1700,1,1,6,1.0,1.0,222.0,560,4.0,2.0,2.0,0.0,1.0,1.0,1.0,1,4,4.0,0.0,0.0,0.0,1985.0,0.0,7,0,0.0,2.0,1.0,1.0
5274,5,15,1100,1,2,1,1.0,6.0,222.0,560,4.0,2.0,2.0,0.0,2.0,1.0,1.0,1,1,4.0,0.0,0.0,0.0,1988.0,0.0,7,0,0.0,1.0,2.0,21.0
5275,5,15,1100,1,2,1,1.0,6.0,222.0,560,4.0,2.0,2.0,0.0,2.0,1.0,1.0,3,4,4.0,1.0,3.0,3.0,2005.0,0.0,7,0,0.0,1.0,2.0,21.0
5276,6,6,1700,1,1,2,3.0,3.0,172.0,560,3.0,2.0,2.0,0.0,1.0,1.0,2.0,1,4,4.0,0.0,0.0,0.0,1965.0,1.0,7,0,0.0,2.0,1.0,1.0
5277,6,6,1700,1,1,2,3.0,3.0,172.0,560,3.0,2.0,2.0,0.0,1.0,1.0,2.0,1,4,4.0,0.0,0.0,0.0,1965.0,0.0,21,0,0.0,0.0,3.0,19.0
5278,6,6,1700,1,1,2,3.0,3.0,172.0,560,3.0,2.0,2.0,0.0,1.0,1.0,2.0,1,1,2.0,0.0,0.0,0.0,1987.0,1.0,7,0,0.0,2.0,1.0,1.0
5279,6,6,1700,1,1,2,3.0,3.0,172.0,560,3.0,2.0,2.0,0.0,1.0,1.0,2.0,1,1,2.0,0.0,0.0,0.0,1987.0,0.0,21,0,0.0,0.0,3.0,19.0
5280,6,25,1115,1,1,1,1.0,1.0,236.0,560,4.0,0.0,0.0,0.0,3.0,1.0,1.0,1,1,4.0,0.0,0.0,0.0,1973.0,0.0,7,0,0.0,2.0,3.0,1.0
5281,6,25,1115,1,1,1,1.0,1.0,236.0,560,4.0,0.0,0.0,0.0,3.0,1.0,1.0,1,1,4.0,0.0,0.0,0.0,1973.0,0.0,7,0,0.0,2.0,3.0,1.0
5282,6,25,1115,1,1,1,1.0,1.0,236.0,560,4.0,0.0,0.0,0.0,3.0,1.0,1.0,1,1,4.0,0.0,0.0,0.0,1997.0,0.0,7,0,0.0,2.0,3.0,1.0
5283,6,25,1115,1,1,1,1.0,1.0,236.0,560,4.0,0.0,0.0,0.0,3.0,1.0,1.0,1,1,4.0,0.0,0.0,0.0,1997.0,0.0,7,0,0.0,2.0,3.0,1.0
5284,6,25,1115,1,1,1,1.0,1.0,236.0,560,4.0,0.0,0.0,0.0,3.0,1.0,1.0,4,4,0.0,0.0,0.0,0.0,1994.0,0.0,7,0,0.0,2.0,3.0,1.0
5285,6,25,1115,1,1,1,1.0,1.0,236.0,560,4.0,0.0,0.0,0.0,3.0,1.0,1.0,4,4,0.0,0.0,0.0,0.0,1994.0,0.0,7,0,0.0,2.0,3.0,1.0
5286,6,28,1445,1,1,1,1.0,6.0,47.0,560,3.0,2.0,2.0,0.0,0.0,1.0,1.0,1,4,0.0,0.0,0.0,0.0,1972.0,1.0,7,0,2.0,0.0,1.0,1.0
5287,7,12,1845,1,2,1,1.0,3.0,91.0,560,3.0,2.0,2.0,0.0,2.0,3.0,1.0,1,1,4.0,0.0,0.0,0.0,1999.0,2.0,30,0,0.0,2.0,8.0,16.0
5288,7,12,1845,1,2,1,1.0,3.0,91.0,560,3.0,2.0,2.0,0.0,2.0,3.0,1.0,1,1,4.0,0.0,0.0,0.0,1999.0,1.0,7,0,0.0,2.0,3.0,1.0
5289,7,12,1845,1,2,1,1.0,3.0,91.0,560,3.0,2.0,2.0,0.0,2.0,3.0,1.0,1,4,1.0,0.0,0.0,0.0,1969.0,2.0,30,0,0.0,2.0,8.0,16.0
5290,7,12,1845,1,2,1,1.0,3.0,91.0,560,3.0,2.0,2.0,0.0,2.0,3.0,1.0,1,4,1.0,0.0,0.0,0.0,1969.0,1.0,7,0,0.0,2.0,3.0,1.0
5291,7,24,1,3,1,1,1.0,2.0,102.0,560,4.0,2.0,2.0,0.0,2.0,1.0,1.0,1,4,4.0,0.0,0.0,0.0,1990.0,0.0,3,0,0.0,2.0,9.0,1.0
5292,7,24,1,3,1,1,1.0,2.0,102.0,560,4.0,2.0,2.0,0.0,2.0,1.0,1.0,1,4,4.0,0.0,0.0,0.0,1990.0,0.0,7,0,0.0,2.0,1.0,2.0
5293,7,24,1,3,1,1,1.0,2.0,102.0,560,4.0,2.0,2.0,0.0,2.0,1.0,1.0,4,4,0.0,0.0,0.0,0.0,2010.0,0.0,3,0,0.0,2.0,9.0,1.0
5294,7,24,1,3,1,1,1.0,2.0,102.0,560,4.0,2.0,2.0,0.0,2.0,1.0,1.0,4,4,0.0,0.0,0.0,0.0,2010.0,0.0,7,0,0.0,2.0,1.0,2.0
5295,7,24,1,3,1,1,1.0,2.0,102.0,560,4.0,2.0,2.0,0.0,2.0,1.0,1.0,1,1,4.0,0.0,0.0,0.0,1993.0,0.0,3,0,0.0,2.0,9.0,1.0
5296,7,24,1,3,1,1,1.0,2.0,102.0,560,4.0,2.0,2.0,0.0,2.0,1.0,1.0,1,1,4.0,0.0,0.0,0.0,1993.0,0.0,7,0,0.0,2.0,1.0,2.0
5297,8,7,1630,1,2,1,1.0,6.0,91.0,560,4.0,2.0,2.0,0.0,1.0,1.0,1.0,1,1,4.0,0.0,0.0,0.0,1961.0,0.0,16,0,1.0,0.0,1.0,0.0
5298,9,4,1445,2,1,1,1.0,6.0,172.0,560,3.0,2.0,2.0,0.0,0.0,2.0,1.0,1,1,4.0,0.0,0.0,0.0,1983.0,1.0,33,0,6.0,0.0,1.0,0.0
5299,11,6,1530,1,1,1,3.0,7.0,59.0,560,3.0,2.0,0.0,0.0,1.0,2.0,2.0,1,1,4.0,0.0,0.0,0.0,1978.0,2.0,7,0,13.0,0.0,2.0,1.0
5300,11,4,1945,3,1,1,2.0,7.0,82.0,560,3.0,2.0,2.0,0.0,1.0,1.0,2.0,1,1,4.0,0.0,0.0,0.0,1958.0,1.0,7,0,13.0,0.0,2.0,1.0
5301,4,2,930,1,1,1,1.0,3.0,113.0,560,3.0,2.0,1.0,0.0,3.0,1.0,1.0,1,4,4.0,0.0,0.0,0.0,1980.0,0.0,7,0,0.0,2.0,1.0,1.0
5302,4,2,930,1,1,1,1.0,3.0,113.0,560,3.0,2.0,1.0,0.0,3.0,1.0,1.0,1,4,4.0,0.0,0.0,0.0,1980.0,0.0,7,0,0.0,2.0,3.0,1.0
5303,4,2,930,1,1,1,1.0,3.0,113.0,560,3.0,2.0,1.0,0.0,3.0,1.0,1.0,4,1,0.0,0.0,0.0,0.0,2004.0,0.0,7,0,0.0,2.0,1.0,1.0
5304,4,2,930,1,1,1,1.0,3.0,113.0,560,3.0,2.0,1.0,0.0,3.0,1.0,1.0,4,1,0.0,0.0,0.0,0.0,2004.0,0.0,7,0,0.0,2.0,3.0,1.0
5305,4,2,930,1,1,1,1.0,3.0,113.0,560,3.0,2.0,1.0,0.0,3.0,1.0,1.0,4,4,0.0,0.0,0.0,0.0,2003.0,0.0,7,0,0.0,2.0,1.0,1.0
5306,4,2,930,1,1,1,1.0,3.0,113.0,560,3.0,2.0,1.0,0.0,3.0,1.0,1.0,4,4,0.0,0.0,0.0,0.0,2003.0,0.0,7,0,0.0,2.0,3.0,1.0
5307,4,2,930,1,1,1,1.0,3.0,113.0,560,3.0,2.0,1.0,0.0,3.0,1.0,1.0,1,1,3.0,0.0,0.0,0.0,1957.0,0.0,7,0,0.0,2.0,1.0,1.0
5308,4,2,930,1,1,1,1.0,3.0,113.0,560,3.0,2.0,1.0,0.0,3.0,1.0,1.0,1,1,3.0,0.0,0.0,0.0,1957.0,0.0,7,0,0.0,2.0,3.0,1.0
5309,4,9,1030,1,1,2,1.0,3.0,237.0,560,3.0,2.0,2.0,0.0,1.0,1.0,1.0,1,4,3.0,0.0,0.0,0.0,1952.0,2.0,7,0,0.0,2.0,5.0,19.0
5310,4,9,1030,1,1,2,1.0,3.0,237.0,560,3.0,2.0,2.0,0.0,1.0,1.0,1.0,1,4,3.0,0.0,0.0,0.0,1952.0,0.0,7,0,0.0,2.0,2.0,1.0
5311,4,9,1030,1,1,2,1.0,3.0,237.0,560,3.0,2.0,2.0,0.0,1.0,1.0,1.0,1,4,4.0,0.0,0.0,0.0,1965.0,2.0,7,0,0.0,2.0,5.0,19.0
5312,4,9,1030,1,1,2,1.0,3.0,237.0,560,3.0,2.0,2.0,0.0,1.0,1.0,1.0,1,4,4.0,0.0,0.0,0.0,1965.0,0.0,7,0,0.0,2.0,2.0,1.0
5313,4,9,1030,1,1,2,1.0,3.0,237.0,560,3.0,2.0,2.0,0.0,1.0,1.0,1.0,4,1,0.0,0.0,0.0,0.0,1950.0,2.0,7,0,0.0,2.0,5.0,19.0
5314,4,9,1030,1,1,2,1.0,3.0,237.0,560,3.0,2.0,2.0,0.0,1.0,1.0,1.0,4,1,0.0,0.0,0.0,0.0,1950.0,0.0,7,0,0.0,2.0,2.0,1.0
5315,4,9,1030,1,1,2,1.0,3.0,237.0,560,3.0,2.0,2.0,0.0,1.0,1.0,1.0,4,4,0.0,0.0,0.0,0.0,2009.0,2.0,7,0,0.0,2.0,5.0,19.0
5316,4,9,1030,1,1,2,1.0,3.0,237.0,560,3.0,2.0,2.0,0.0,1.0,1.0,1.0,4,4,0.0,0.0,0.0,0.0,2009.0,0.0,7,0,0.0,2.0,2.0,1.0
5317,6,19,1545,1,1,1,1.0,6.0,163.0,560,3.0,2.0,2.0,0.0,0.0,1.0,1.0,1,1,4.0,0.0,0.0,0.0,1983.0,1.0,7,0,2.0,0.0,1.0,1.0
5318,6,19,1545,1,1,1,1.0,6.0,163.0,560,3.0,2.0,2.0,0.0,0.0,1.0,1.0,4,4,0.0,0.0,0.0,0.0,2007.0,1.0,7,0,2.0,0.0,1.0,1.0
5319,6,19,1545,1,1,1,1.0,6.0,163.0,560,3.0,2.0,2.0,0.0,0.0,1.0,1.0,4,1,0.0,0.0,0.0,0.0,2010.0,1.0,7,0,2.0,0.0,1.0,1.0
5320,6,29,15,4,1,1,1.0,6.0,237.0,560,4.0,2.0,1.0,0.0,1.0,4.0,1.0,1,1,9.0,0.0,0.0,0.0,1991.0,0.0,7,0,13.0,0.0,1.0,19.0
5321,6,29,15,4,1,1,1.0,6.0,237.0,560,4.0,2.0,1.0,0.0,1.0,4.0,1.0,4,1,0.0,0.0,0.0,0.0,1991.0,0.0,7,0,13.0,0.0,1.0,19.0
5322,8,25,1600,1,1,1,1.0,2.0,151.0,560,3.0,0.0,2.0,0.0,0.0,1.0,1.0,1,1,1.0,0.0,0.0,0.0,1960.0,0.0,7,0,0.0,2.0,1.0,2.0
5323,8,25,1600,1,1,1,1.0,2.0,151.0,560,3.0,0.0,2.0,0.0,0.0,1.0,1.0,1,1,1.0,0.0,0.0,0.0,1960.0,1.0,7,0,1.0,2.0,4.0,2.0
5324,8,25,1600,1,1,1,1.0,2.0,151.0,560,3.0,0.0,2.0,0.0,0.0,1.0,1.0,1,4,1.0,0.0,0.0,0.0,1977.0,0.0,7,0,0.0,2.0,1.0,2.0
5325,8,25,1600,1,1,1,1.0,2.0,151.0,560,3.0,0.0,2.0,0.0,0.0,1.0,1.0,1,4,1.0,0.0,0.0,0.0,1977.0,1.0,7,0,1.0,2.0,4.0,2.0
5326,8,26,1845,1,1,1,1.0,5.0,110.0,560,3.0,2.0,2.0,0.0,3.0,1.0,1.0,1,1,3.0,0.0,0.0,0.0,1956.0,0.0,7,0,0.0,9.0,7.0,2.0
5327,8,26,1845,1,1,1,1.0,5.0,110.0,560,3.0,2.0,2.0,0.0,3.0,1.0,1.0,1,1,3.0,0.0,0.0,0.0,1956.0,0.0,1,0,0.0,2.0,4.0,0.0
5328,8,26,1845,1,1,1,1.0,5.0,110.0,560,3.0,2.0,2.0,0.0,3.0,1.0,1.0,1,1,3.0,0.0,0.0,0.0,1956.0,0.0,1,0,0.0,2.0,4.0,2.0