,month,day,time,light,location,intersection,atmosphere,collision,municipality,department,road,traffic,nblanes,reslane,laneprofile,plan,surface,user,sex,route,pedlocation,pedaction,pedcondition,birth,dirtraffic,catvehicle,nboccupants,obstacle,movobstacle,impact,maneuver
5329,8,26,1845,1,1,1,1.0,5.0,110.0,560,3.0,2.0,2.0,0.0,3.0,1.0,1.0,1,1,4.0,0.0,0.0,0.0,2003.0,0.0,7,0,0.0,9.0,7.0,2.0
5330,8,26,1845,1,1,1,1.0,5.0,110.0,560,3.0,2.0,2.0,0.0,3.0,1.0,1.0,1,1,4.0,0.0,0.0,0.0,2003.0,0.0,1,0,0.0,2.0,4.0,0.0
5331,8,26,1845,1,1,1,1.0,5.0,110.0,560,3.0,2.0,2.0,0.0,3.0,1.0,1.0,1,1,4.0,0.0,0.0,0.0,2003.0,0.0,1,0,0.0,2.0,4.0,2.0
5332,8,26,1845,1,1,1,1.0,5.0,110.0,560,3.0,2.0,2.0,0.0,3.0,1.0,1.0,1,1,4.0,0.0,0.0,0.0,1954.0,0.0,7,0,0.0,9.0,7.0,2.0
5333,8,26,1845,1,1,1,1.0,5.0,110.0,560,3.0,2.0,2.0,0.0,3.0,1.0,1.0,1,1,4.0,0.0,0.0,0.0,1954.0,0.0,1,0,0.0,2.0,4.0,0.0
5334,8,26,1845,1,1,1,1.0,5.0,110.0,560,3.0,2.0,2.0,0.0,3.0,1.0,1.0,1,1,4.0,0.0,0.0,0.0,1954.0,0.0,1,0,0.0,2.0,4.0,2.0
5335,9,3,1630,1,1,1,1.0,2.0,237.0,560,3.0,2.0,2.0,0.0,1.0,1.0,1.0,1,4,4.0,0.0,0.0,0.0,1936.0,1.0,7,0,0.0,2.0,5.0,4.0
5336,9,3,1630,1,1,1,1.0,2.0,237.0,560,3.0,2.0,2.0,0.0,1.0,1.0,1.0,1,4,4.0,0.0,0.0,0.0,1936.0,1.0,7,0,0.0,2.0,1.0,1.0
5337,9,3,1630,1,1,1,1.0,2.0,237.0,560,3.0,2.0,2.0,0.0,1.0,1.0,1.0,1,1,1.0,0.0,0.0,0.0,1964.0,1.0,7,0,0.0,2.0,5.0,4.0
5338,9,3,1630,1,1,1,1.0,2.0,237.0,560,3.0,2.0,2.0,0.0,1.0,1.0,1.0,1,1,1.0,0.0,0.0,0.0,1964.0,1.0,7,0,0.0,2.0,1.0,1.0
5339,11,5,1745,1,2,1,1.0,3.0,41.0,560,3.0,2.0,0.0,0.0,0.0,1.0,1.0,1,1,4.0,0.0,0.0,0.0,1995.0,2.0,33,0,0.0,2.0,1.0,1.0
5340,11,5,1745,1,2,1,1.0,3.0,41.0,560,3.0,2.0,0.0,0.0,0.0,1.0,1.0,1,1,4.0,0.0,0.0,0.0,1995.0,1.0,3,0,0.0,0.0,5.0,15.0
5341,11,5,1745,1,2,1,1.0,3.0,41.0,560,3.0,2.0,0.0,0.0,0.0,1.0,1.0,1,1,4.0,0.0,0.0,0.0,1957.0,2.0,33,0,0.0,2.0,1.0,1.0
5342,11,5,1745,1,2,1,1.0,3.0,41.0,560,3.0,2.0,0.0,0.0,0.0,1.0,1.0,1,1,4.0,0.0,0.0,0.0,1957.0,1.0,3,0,0.0,0.0,5.0,15.0
5343,11,22,1815,3,1,1,1.0,6.0,125.0,560,4.0,2.0,0.0,0.0,1.0,1.0,1.0,1,4,3.0,0.0,0.0,0.0,1982.0,0.0,7,0,0.0,1.0,2.0,1.0
5344,11,22,1815,3,1,1,1.0,6.0,125.0,560,4.0,2.0,0.0,0.0,1.0,1.0,1.0,3,1,4.0,1.0,1.0,4.0,1945.0,0.0,7,0,0.0,1.0,2.0,1.0
5345,11,24,2200,3,1,1,2.0,6.0,264.0,560,3.0,2.0,0.0,0.0,1.0,1.0,2.0,1,1,4.0,0.0,0.0,0.0,1994.0,1.0,7,0,13.0,0.0,5.0,13.0
5346,1,16,1000,1,1,1,1.0,1.0,141.0,560,3.0,2.0,0.0,0.0,1.0,1.0,2.0,1,1,4.0,0.0,0.0,0.0,1984.0,1.0,7,0,0.0,2.0,1.0,13.0
5347,1,16,1000,1,1,1,1.0,1.0,141.0,560,3.0,2.0,0.0,0.0,1.0,1.0,2.0,1,1,4.0,0.0,0.0,0.0,1984.0,2.0,15,0,0.0,2.0,1.0,1.0
5348,1,16,1000,1,1,1,1.0,1.0,141.0,560,3.0,2.0,0.0,0.0,1.0,1.0,2.0,4,4,0.0,0.0,0.0,0.0,1982.0,1.0,7,0,0.0,2.0,1.0,13.0
5349,1,16,1000,1,1,1,1.0,1.0,141.0,560,3.0,2.0,0.0,0.0,1.0,1.0,2.0,4,4,0.0,0.0,0.0,0.0,1982.0,2.0,15,0,0.0,2.0,1.0,1.0
5350,1,16,1000,1,1,1,1.0,1.0,141.0,560,3.0,2.0,0.0,0.0,1.0,1.0,2.0,4,1,0.0,0.0,0.0,0.0,2011.0,1.0,7,0,0.0,2.0,1.0,13.0
5351,1,16,1000,1,1,1,1.0,1.0,141.0,560,3.0,2.0,0.0,0.0,1.0,1.0,2.0,4,1,0.0,0.0,0.0,0.0,2011.0,2.0,15,0,0.0,2.0,1.0,1.0
5352,1,16,1000,1,1,1,1.0,1.0,141.0,560,3.0,2.0,0.0,0.0,1.0,1.0,2.0,1,1,2.0,0.0,0.0,0.0,1962.0,1.0,7,0,0.0,2.0,1.0,13.0
5353,1,16,1000,1,1,1,1.0,1.0,141.0,560,3.0,2.0,0.0,0.0,1.0,1.0,2.0,1,1,2.0,0.0,0.0,0.0,1962.0,2.0,15,0,0.0,2.0,1.0,1.0
5354,3,19,1700,1,1,1,1.0,6.0,144.0,560,3.0,2.0,2.0,0.0,2.0,3.0,1.0,1,1,4.0,0.0,0.0,0.0,1958.0,2.0,33,0,13.0,0.0,1.0,1.0
5355,5,4,1315,1,1,1,1.0,7.0,74.0,560,2.0,3.0,0.0,0.0,0.0,1.0,1.0,1,4,0.0,0.0,0.0,0.0,1945.0,1.0,7,0,13.0,0.0,2.0,1.0
5356,6,25,1530,1,1,1,1.0,6.0,140.0,560,3.0,2.0,2.0,0.0,1.0,1.0,1.0,1,1,4.0,0.0,0.0,0.0,1998.0,2.0,31,0,14.0,0.0,1.0,1.0
5357,6,25,1530,1,1,1,1.0,6.0,140.0,560,3.0,2.0,2.0,0.0,1.0,1.0,1.0,4,1,0.0,0.0,0.0,0.0,2001.0,2.0,31,0,14.0,0.0,1.0,1.0
5358,7,16,1000,1,1,1,1.0,3.0,174.0,560,3.0,2.0,2.0,0.0,1.0,1.0,1.0,1,1,4.0,0.0,0.0,0.0,1976.0,1.0,33,0,0.0,2.0,1.0,13.0
5359,7,16,1000,1,1,1,1.0,3.0,174.0,560,3.0,2.0,2.0,0.0,1.0,1.0,1.0,1,1,4.0,0.0,0.0,0.0,1976.0,2.0,10,0,0.0,2.0,3.0,19.0
5360,7,16,1000,1,1,1,1.0,3.0,174.0,560,3.0,2.0,2.0,0.0,1.0,1.0,1.0,1,4,2.0,0.0,0.0,0.0,1972.0,1.0,33,0,0.0,2.0,1.0,13.0
5361,7,16,1000,1,1,1,1.0,3.0,174.0,560,3.0,2.0,2.0,0.0,1.0,1.0,1.0,1,4,2.0,0.0,0.0,0.0,1972.0,2.0,10,0,0.0,2.0,3.0,19.0
5362,8,21,45,3,1,1,1.0,6.0,192.0,560,4.0,2.0,2.0,0.0,1.0,1.0,1.0,1,1,0.0,0.0,0.0,0.0,1973.0,0.0,33,0,13.0,0.0,2.0,14.0
5363,10,4,1045,1,1,1,1.0,1.0,10.0,560,3.0,2.0,1.0,0.0,2.0,1.0,1.0,1,1,2.0,0.0,0.0,0.0,1965.0,2.0,10,0,0.0,2.0,5.0,4.0
5364,10,4,1045,1,1,1,1.0,1.0,10.0,560,3.0,2.0,1.0,0.0,2.0,1.0,1.0,1,1,2.0,0.0,0.0,0.0,1965.0,2.0,30,0,0.0,2.0,3.0,1.0
5365,10,4,1045,1,1,1,1.0,1.0,10.0,560,3.0,2.0,1.0,0.0,2.0,1.0,1.0,1,1,0.0,0.0,0.0,0.0,1993.0,2.0,10,0,0.0,2.0,5.0,4.0
5366,10,4,1045,1,1,1,1.0,1.0,10.0,560,3.0,2.0,1.0,0.0,2.0,1.0,1.0,1,1,0.0,0.0,0.0,0.0,1993.0,2.0,30,0,0.0,2.0,3.0,1.0
5367,10,20,2145,3,1,1,1.0,6.0,10.0,560,3.0,2.0,2.0,0.0,1.0,1.0,1.0,1,4,4.0,0.0,0.0,0.0,1991.0,1.0,7,0,2.0,0.0,3.0,1.0
5368,10,20,2145,3,1,1,1.0,6.0,10.0,560,3.0,2.0,2.0,0.0,1.0,1.0,1.0,4,4,0.0,0.0,0.0,0.0,1970.0,1.0,7,0,2.0,0.0,3.0,1.0
5369,11,8,1015,1,1,1,1.0,3.0,142.0,560,3.0,2.0,2.0,0.0,1.0,1.0,0.0,1,1,2.0,0.0,0.0,0.0,1972.0,2.0,7,0,0.0,2.0,2.0,1.0
5370,11,8,1015,1,1,1,1.0,3.0,142.0,560,3.0,2.0,2.0,0.0,1.0,1.0,0.0,1,1,2.0,0.0,0.0,0.0,1972.0,2.0,7,0,0.0,2.0,1.0,1.0
5371,11,8,1015,1,1,1,1.0,3.0,142.0,560,3.0,2.0,2.0,0.0,1.0,1.0,0.0,1,1,1.0,0.0,0.0,0.0,1966.0,2.0,7,0,0.0,2.0,2.0,1.0
5372,11,8,1015,1,1,1,1.0,3.0,142.0,560,3.0,2.0,2.0,0.0,1.0,1.0,0.0,1,1,1.0,0.0,0.0,0.0,1966.0,2.0,7,0,0.0,2.0,1.0,1.0
5373,11,8,1015,1,1,1,1.0,3.0,142.0,560,3.0,2.0,2.0,0.0,1.0,1.0,0.0,4,4,0.0,0.0,0.0,0.0,1967.0,2.0,7,0,0.0,2.0,2.0,1.0
5374,11,8,1015,1,1,1,1.0,3.0,142.0,560,3.0,2.0,2.0,0.0,1.0,1.0,0.0,4,4,0.0,0.0,0.0,0.0,1967.0,2.0,7,0,0.0,2.0,1.0,1.0
5375,12,5,815,2,1,1,1.0,3.0,141.0,560,3.0,2.0,2.0,0.0,0.0,1.0,1.0,1,1,2.0,0.0,0.0,0.0,1964.0,1.0,17,0,0.0,2.0,8.0,4.0
5376,12,5,815,2,1,1,1.0,3.0,141.0,560,3.0,2.0,2.0,0.0,0.0,1.0,1.0,1,1,2.0,0.0,0.0,0.0,1964.0,2.0,7,0,0.0,2.0,1.0,1.0
5377,12,5,815,2,1,1,1.0,3.0,141.0,560,3.0,2.0,2.0,0.0,0.0,1.0,1.0,1,1,4.0,0.0,0.0,0.0,1978.0,1.0,17,0,0.0,2.0,8.0,4.0
5378,12,5,815,2,1,1,1.0,3.0,141.0,560,3.0,2.0,2.0,0.0,0.0,1.0,1.0,1,1,4.0,0.0,0.0,0.0,1978.0,2.0,7,0,0.0,2.0,1.0,1.0
5379,12,5,815,2,1,1,1.0,3.0,141.0,560,3.0,2.0,2.0,0.0,0.0,1.0,1.0,4,1,0.0,0.0,0.0,0.0,2003.0,1.0,17,0,0.0,2.0,8.0,4.0
5380,12,5,815,2,1,1,1.0,3.0,141.0,560,3.0,2.0,2.0,0.0,0.0,1.0,1.0,4,1,0.0,0.0,0.0,0.0,2003.0,2.0,7,0,0.0,2.0,1.0,1.0
5381,12,9,1900,3,1,1,5.0,7.0,140.0,560,4.0,2.0,2.0,0.0,4.0,2.0,2.0,1,1,4.0,0.0,0.0,0.0,1966.0,0.0,7,0,0.0,0.0,9.0,1.0
5382,1,16,2250,3,1,1,1.0,1.0,201.0,560,3.0,2.0,2.0,0.0,2.0,1.0,2.0,1,1,4.0,0.0,0.0,0.0,1955.0,2.0,7,0,0.0,2.0,1.0,1.0
5383,1,16,2250,3,1,1,1.0,1.0,201.0,560,3.0,2.0,2.0,0.0,2.0,1.0,2.0,1,1,4.0,0.0,0.0,0.0,1955.0,1.0,7,0,0.0,2.0,1.0,5.0
5384,1,16,2250,3,1,1,1.0,1.0,201.0,560,3.0,2.0,2.0,0.0,2.0,1.0,2.0,4,4,0.0,0.0,0.0,0.0,1957.0,2.0,7,0,0.0,2.0,1.0,1.0
5385,1,16,2250,3,1,1,1.0,1.0,201.0,560,3.0,2.0,2.0,0.0,2.0,1.0,2.0,4,4,0.0,0.0,0.0,0.0,1957.0,1.0,7,0,0.0,2.0,1.0,5.0
5386,1,16,2250,3,1,1,1.0,1.0,201.0,560,3.0,2.0,2.0,0.0,2.0,1.0,2.0,1,4,4.0,0.0,0.0,0.0,1969.0,2.0,7,0,0.0,2.0,1.0,1.0
5387,1,16,2250,3,1,1,1.0,1.0,201.0,560,3.0,2.0,2.0,0.0,2.0,1.0,2.0,1,4,4.0,0.0,0.0,0.0,1969.0,1.0,7,0,0.0,2.0,1.0,5.0
5388,5,14,2015,1,2,1,1.0,5.0,201.0,560,4.0,2.0,2.0,0.0,2.0,0.0,1.0,1,4,4.0,0.0,0.0,0.0,1991.0,0.0,7,0,1.0,0.0,0.0,0.0
5389,5,14,2015,1,2,1,1.0,5.0,201.0,560,4.0,2.0,2.0,0.0,2.0,0.0,1.0,1,4,4.0,0.0,0.0,0.0,1991.0,0.0,21,0,0.0,0.0,0.0,5.0
5390,5,14,2015,1,2,1,1.0,5.0,201.0,560,4.0,2.0,2.0,0.0,2.0,0.0,1.0,1,4,4.0,0.0,0.0,0.0,1991.0,0.0,2,0,12.0,0.0,1.0,1.0
5391,5,14,2015,1,2,1,1.0,5.0,201.0,560,4.0,2.0,2.0,0.0,2.0,0.0,1.0,1,1,2.0,0.0,0.0,0.0,1957.0,0.0,7,0,1.0,0.0,0.0,0.0
5392,5,14,2015,1,2,1,1.0,5.0,201.0,560,4.0,2.0,2.0,0.0,2.0,0.0,1.0,1,1,2.0,0.0,0.0,0.0,1957.0,0.0,21,0,0.0,0.0,0.0,5.0
5393,5,14,2015,1,2,1,1.0,5.0,201.0,560,4.0,2.0,2.0,0.0,2.0,0.0,1.0,1,1,2.0,0.0,0.0,0.0,1957.0,0.0,2,0,12.0,0.0,1.0,1.0
5394,5,14,2015,1,2,1,1.0,5.0,201.0,560,4.0,2.0,2.0,0.0,2.0,0.0,1.0,1,1,4.0,0.0,0.0,0.0,1999.0,0.0,7,0,1.0,0.0,0.0,0.0
5395,5,14,2015,1,2,1,1.0,5.0,201.0,560,4.0,2.0,2.0,0.0,2.0,0.0,1.0,1,1,4.0,0.0,0.0,0.0,1999.0,0.0,21,0,0.0,0.0,0.0,5.0
5396,5,14,2015,1,2,1,1.0,5.0,201.0,560,4.0,2.0,2.0,0.0,2.0,0.0,1.0,1,1,4.0,0.0,0.0,0.0,1999.0,0.0,2,0,12.0,0.0,1.0,1.0
5397,5,14,2015,1,2,1,1.0,5.0,201.0,560,4.0,2.0,2.0,0.0,2.0,0.0,1.0,4,1,0.0,0.0,0.0,0.0,2000.0,0.0,7,0,1.0,0.0,0.0,0.0
5398,5,14,2015,1,2,1,1.0,5.0,201.0,560,4.0,2.0,2.0,0.0,2.0,0.0,1.0,4,1,0.0,0.0,0.0,0.0,2000.0,0.0,21,0,0.0,0.0,0.0,5.0
5399,5,14,2015,1,2,1,1.0,5.0,201.0,560,4.0,2.0,2.0,0.0,2.0,0.0,1.0,4,1,0.0,0.0,0.0,0.0,2000.0,0.0,2,0,12.0,0.0,1.0,1.0
5400,9,26,1530,1,2,1,1.0,1.0,66.0,560,4.0,2.0,2.0,0.0,0.0,0.0,1.0,1,1,0.0,0.0,0.0,0.0,1950.0,0.0,7,0,0.0,2.0,1.0,1.0
5401,9,26,1530,1,2,1,1.0,1.0,66.0,560,4.0,2.0,2.0,0.0,0.0,0.0,1.0,1,1,0.0,0.0,0.0,0.0,1950.0,0.0,20,0,0.0,2.0,7.0,1.0
5402,9,26,1530,1,2,1,1.0,1.0,66.0,560,4.0,2.0,2.0,0.0,0.0,0.0,1.0,1,1,2.0,0.0,0.0,0.0,1978.0,0.0,7,0,0.0,2.0,1.0,1.0
5403,9,26,1530,1,2,1,1.0,1.0,66.0,560,4.0,2.0,2.0,0.0,0.0,0.0,1.0,1,1,2.0,0.0,0.0,0.0,1978.0,0.0,20,0,0.0,2.0,7.0,1.0
5404,1,5,800,3,1,1,1.0,2.0,76.0,140,3.0,3.0,4.0,0.0,1.0,1.0,1.0,1,1,1.0,0.0,0.0,0.0,1994.0,1.0,10,0,0.0,2.0,2.0,21.0
5405,1,5,800,3,1,1,1.0,2.0,76.0,140,3.0,3.0,4.0,0.0,1.0,1.0,1.0,1,1,1.0,0.0,0.0,0.0,1994.0,1.0,3,0,3.0,2.0,6.0,2.0
5406,1,5,800,3,1,1,1.0,2.0,76.0,140,3.0,3.0,4.0,0.0,1.0,1.0,1.0,1,4,3.0,0.0,0.0,0.0,1958.0,1.0,10,0,0.0,2.0,2.0,21.0
5407,1,5,800,3,1,1,1.0,2.0,76.0,140,3.0,3.0,4.0,0.0,1.0,1.0,1.0,1,4,3.0,0.0,0.0,0.0,1958.0,1.0,3,0,3.0,2.0,6.0,2.0
5408,10,19,2000,3,1,1,1.0,5.0,310.0,140,2.0,3.0,4.0,0.0,0.0,2.0,1.0,1,1,4.0,0.0,0.0,0.0,1995.0,1.0,7,0,0.0,5.0,1.0,1.0
5409,10,19,2000,3,1,1,1.0,5.0,310.0,140,2.0,3.0,4.0,0.0,0.0,2.0,1.0,1,1,4.0,0.0,0.0,0.0,1995.0,1.0,10,0,0.0,5.0,3.0,1.0
5410,10,19,2000,3,1,1,1.0,5.0,310.0,140,2.0,3.0,4.0,0.0,0.0,2.0,1.0,1,1,4.0,0.0,0.0,0.0,1995.0,1.0,7,0,0.0,5.0,1.0,1.0
5411,10,19,2000,3,1,1,1.0,5.0,310.0,140,2.0,3.0,4.0,0.0,0.0,2.0,1.0,1,1,4.0,0.0,0.0,0.0,1995.0,1.0,7,0,0.0,5.0,1.0,1.0
5412,10,19,2000,3,1,1,1.0,5.0,310.0,140,2.0,3.0,4.0,0.0,0.0,2.0,1.0,1,1,4.0,0.0,0.0,0.0,1995.0,1.0,17,0,0.0,5.0,2.0,1.0
5413,10,19,2000,3,1,1,1.0,5.0,310.0,140,2.0,3.0,4.0,0.0,0.0,2.0,1.0,1,1,4.0,0.0,0.0,0.0,1952.0,1.0,7,0,0.0,5.0,1.0,1.0
5414,10,19,2000,3,1,1,1.0,5.0,310.0,140,2.0,3.0,4.0,0.0,0.0,2.0,1.0,1,1,4.0,0.0,0.0,0.0,1952.0,1.0,10,0,0.0,5.0,3.0,1.0
5415,10,19,2000,3,1,1,1.0,5.0,310.0,140,2.0,3.0,4.0,0.0,0.0,2.0,1.0,1,1,4.0,0.0,0.0,0.0,1952.0,1.0,7,0,0.0,5.0,1.0,1.0
5416,10,19,2000,3,1,1,1.0,5.0,310.0,140,2.0,3.0,4.0,0.0,0.0,2.0,1.0,1,1,4.0,0.0,0.0,0.0,1952.0,1.0,7,0,0.0,5.0,1.0,1.0
5417,10,19,2000,3,1,1,1.0,5.0,310.0,140,2.0,3.0,4.0,0.0,0.0,2.0,1.0,1,1,4.0,0.0,0.0,0.0,1952.0,1.0,17,0,0.0,5.0,2.0,1.0
5418,10,19,2000,3,1,1,1.0,5.0,310.0,140,2.0,3.0,4.0,0.0,0.0,2.0,1.0,4,1,0.0,0.0,0.0,0.0,1960.0,1.0,7,0,0.0,5.0,1.0,1.0
5419,10,19,2000,3,1,1,1.0,5.0,310.0,140,2.0,3.0,4.0,0.0,0.0,2.0,1.0,4,1,0.0,0.0,0.0,0.0,1960.0,1.0,10,0,0.0,5.0,3.0,1.0
5420,10,19,2000,3,1,1,1.0,5.0,310.0,140,2.0,3.0,4.0,0.0,0.0,2.0,1.0,4,1,0.0,0.0,0.0,0.0,1960.0,1.0,7,0,0.0,5.0,1.0,1.0
5421,10,19,2000,3,1,1,1.0,5.0,310.0,140,2.0,3.0,4.0,0.0,0.0,2.0,1.0,4,1,0.0,0.0,0.0,0.0,1960.0,1.0,7,0,0.0,5.0,1.0,1.0
5422,10,19,2000,3,1,1,1.0,5.0,310.0,140,2.0,3.0,4.0,0.0,0.0,2.0,1.0,4,1,0.0,0.0,0.0,0.0,1960.0,1.0,17,0,0.0,5.0,2.0,1.0
5423,10,19,2000,3,1,1,1.0,5.0,310.0,140,2.0,3.0,4.0,0.0,0.0,2.0,1.0,1,4,4.0,0.0,0.0,0.0,1959.0,1.0,7,0,0.0,5.0,1.0,1.0
5424,10,19,2000,3,1,1,1.0,5.0,310.0,140,2.0,3.0,4.0,0.0,0.0,2.0,1.0,1,4,4.0,0.0,0.0,0.0,1959.0,1.0,10,0,0.0,5.0,3.0,1.0
5425,10,19,2000,3,1,1,1.0,5.0,310.0,140,2.0,3.0,4.0,0.0,0.0,2.0,1.0,1,4,4.0,0.0,0.0,0.0,1959.0,1.0,7,0,0.0,5.0,1.0,1.0
5426,10,19,2000,3,1,1,1.0,5.0,310.0,140,2.0,3.0,4.0,0.0,0.0,2.0,1.0,1,4,4.0,0.0,0.0,0.0,1959.0,1.0,7,0,0.0,5.0,1.0,1.0
5427,10,19,2000,3,1,1,1.0,5.0,310.0,140,2.0,3.0,4.0,0.0,0.0,2.0,1.0,1,4,4.0,0.0,0.0,0.0,1959.0,1.0,17,0,0.0,5.0,2.0,1.0
5428,10,19,2000,3,1,1,1.0,5.0,310.0,140,2.0,3.0,4.0,0.0,0.0,2.0,1.0,1,1,4.0,0.0,0.0,0.0,1980.0,1.0,7,0,0.0,5.0,1.0,1.0
5429,10,19,2000,3,1,1,1.0,5.0,310.0,140,2.0,3.0,4.0,0.0,0.0,2.0,1.0,1,1,4.0,0.0,0.0,0.0,1980.0,1.0,10,0,0.0,5.0,3.0,1.0
5430,10,19,2000,3,1,1,1.0,5.0,310.0,140,2.0,3.0,4.0,0.0,0.0,2.0,1.0,1,1,4.0,0.0,0.0,0.0,1980.0,1.0,7,0,0.0,5.0,1.0,1.0
5431,10,19,2000,3,1,1,1.0,5.0,310.0,140,2.0,3.0,4.0,0.0,0.0,2.0,1.0,1,1,4.0,0.0,0.0,0.0,1980.0,1.0,7,0,0.0,5.0,1.0,1.0
5432,10,19,2000,3,1,1,1.0,5.0,310.0,140,2.0,3.0,4.0,0.0,0.0,2.0,1.0,1,1,4.0,0.0,0.0,0.0,1980.0,1.0,17,0,0.0,5.0,2.0,1.0
5433,10,19,2000,3,1,1,1.0,5.0,310.0,140,2.0,3.0,4.0,0.0,0.0,2.0,1.0,4,4,0.0,0.0,0.0,0.0,1967.0,1.0,7,0,0.0,5.0,1.0,1.0
5434,10,19,2000,3,1,1,1.0,5.0,310.0,140,2.0,3.0,4.0,0.0,0.0,2.0,1.0,4,4,0.0,0.0,0.0,0.0,1967.0,1.0,10,0,0.0,5.0,3.0,1.0
5435,10,19,2000,3,1,1,1.0,5.0,310.0,140,2.0,3.0,4.0,0.0,0.0,2.0,1.0,4,4,0.0,0.0,0.0,0.0,1967.0,1.0,7,0,0.0,5.0,1.0,1.0
5436,10,19,2000,3,1,1,1.0,5.0,310.0,140,2.0,3.0,4.0,0.0,0.0,2.0,1.0,4,4,0.0,0.0,0.0,0.0,1967.0,1.0,7,0,0.0,5.0,1.0,1.0
5437,10,19,2000,3,1,1,1.0,5.0,310.0,140,2.0,3.0,4.0,0.0,0.0,2.0,1.0,4,4,0.0,0.0,0.0,0.0,1967.0,1.0,17,0,0.0,5.0,2.0,1.0
5438,10,19,2000,3,1,1,1.0,5.0,310.0,140,2.0,3.0,4.0,0.0,0.0,2.0,1.0,1,1,2.0,0.0,0.0,0.0,1958.0,1.0,7,0,0.0,5.0,1.0,1.0
5439,10,19,2000,3,1,1,1.0,5.0,310.0,140,2.0,3.0,4.0,0.0,0.0,2.0,1.0,1,1,2.0,0.0,0.0,0.0,1958.0,1.0,10,0,0.0,5.0,3.0,1.0
5440,10,19,2000,3,1,1,1.0,5.0,310.0,140,2.0,3.0,4.0,0.0,0.0,2.0,1.0,1,1,2.0,0.0,0.0,0.0,1958.0,1.0,7,0,0.0,5.0,1.0,1.0
5441,10,19,2000,3,1,1,1.0,5.0,310.0,140,2.0,3.0,4.0,0.0,0.0,2.0,1.0,1,1,2.0,0.0,0.0,0.0,1958.0,1.0,7,0,0.0,5.0,1.0,1.0
5442,10,19,2000,3,1,1,1.0,5.0,310.0,140,2.0,3.0,4.0,0.0,0.0,2.0,1.0,1,1,2.0,0.0,0.0,0.0,1958.0,1.0,17,0,0.0,5.0,2.0,1.0
5443,11,17,2215,3,1,1,1.0,5.0,160.0,140,2.0,1.0,2.0,0.0,1.0,1.0,2.0,1,1,9.0,0.0,0.0,0.0,1985.0,1.0,7,0,0.0,2.0,2.0,5.0
5444,11,17,2215,3,1,1,1.0,5.0,160.0,140,2.0,1.0,2.0,0.0,1.0,1.0,2.0,1,1,9.0,0.0,0.0,0.0,1985.0,2.0,7,0,0.0,2.0,2.0,1.0
5445,11,17,2215,3,1,1,1.0,5.0,160.0,140,2.0,1.0,2.0,0.0,1.0,1.0,2.0,1,1,9.0,0.0,0.0,0.0,1985.0,2.0,17,0,0.0,2.0,8.0,1.0
5446,11,17,2215,3,1,1,1.0,5.0,160.0,140,2.0,1.0,2.0,0.0,1.0,1.0,2.0,1,1,1.0,0.0,0.0,0.0,1963.0,1.0,7,0,0.0,2.0,2.0,5.0
5447,11,17,2215,3,1,1,1.0,5.0,160.0,140,2.0,1.0,2.0,0.0,1.0,1.0,2.0,1,1,1.0,0.0,0.0,0.0,1963.0,2.0,7,0,0.0,2.0,2.0,1.0
5448,11,17,2215,3,1,1,1.0,5.0,160.0,140,2.0,1.0,2.0,0.0,1.0,1.0,2.0,1,1,1.0,0.0,0.0,0.0,1963.0,2.0,17,0,0.0,2.0,8.0,1.0
5449,11,17,2215,3,1,1,1.0,5.0,160.0,140,2.0,1.0,2.0,0.0,1.0,1.0,2.0,1,1,2.0,0.0,0.0,0.0,1967.0,1.0,7,0,0.0,2.0,2.0,5.0
5450,11,17,2215,3,1,1,1.0,5.0,160.0,140,2.0,1.0,2.0,0.0,1.0,1.0,2.0,1,1,2.0,0.0,0.0,0.0,1967.0,2.0,7,0,0.0,2.0,2.0,1.0
5451,11,17,2215,3,1,1,1.0,5.0,160.0,140,2.0,1.0,2.0,0.0,1.0,1.0,2.0,1,1,2.0,0.0,0.0,0.0,1967.0,2.0,17,0,0.0,2.0,8.0,1.0
5452,11,18,1400,1,1,1,4.0,5.0,145.0,140,2.0,3.0,4.0,0.0,1.0,1.0,2.0,1,4,1.0,0.0,0.0,0.0,1981.0,2.0,7,0,0.0,2.0,2.0,1.0
5453,11,18,1400,1,1,1,4.0,5.0,145.0,140,2.0,3.0,4.0,0.0,1.0,1.0,2.0,1,4,1.0,0.0,0.0,0.0,1981.0,2.0,7,0,0.0,2.0,1.0,1.0
5454,11,18,1400,1,1,1,4.0,5.0,145.0,140,2.0,3.0,4.0,0.0,1.0,1.0,2.0,1,4,1.0,0.0,0.0,0.0,1981.0,2.0,7,0,0.0,2.0,1.0,1.0
5455,11,18,1400,1,1,1,4.0,5.0,145.0,140,2.0,3.0,4.0,0.0,1.0,1.0,2.0,1,4,1.0,0.0,0.0,0.0,1981.0,2.0,14,0,0.0,2.0,3.0,1.0
5456,11,18,1400,1,1,1,4.0,5.0,145.0,140,2.0,3.0,4.0,0.0,1.0,1.0,2.0,4,4,1.0,0.0,0.0,0.0,1978.0,2.0,7,0,0.0,2.0,2.0,1.0
5457,11,18,1400,1,1,1,4.0,5.0,145.0,140,2.0,3.0,4.0,0.0,1.0,1.0,2.0,4,4,1.0,0.0,0.0,0.0,1978.0,2.0,7,0,0.0,2.0,1.0,1.0