,month,day,time,light,location,intersection,atmosphere,collision,municipality,department,road,traffic,nblanes,reslane,laneprofile,plan,surface,user,sex,route,pedlocation,pedaction,pedcondition,birth,dirtraffic,catvehicle,nboccupants,obstacle,movobstacle,impact,maneuver
5458,11,18,1400,1,1,1,4.0,5.0,145.0,140,2.0,3.0,4.0,0.0,1.0,1.0,2.0,4,4,1.0,0.0,0.0,0.0,1978.0,2.0,7,0,0.0,2.0,1.0,1.0
5459,11,18,1400,1,1,1,4.0,5.0,145.0,140,2.0,3.0,4.0,0.0,1.0,1.0,2.0,4,4,1.0,0.0,0.0,0.0,1978.0,2.0,14,0,0.0,2.0,3.0,1.0
5460,11,18,1400,1,1,1,4.0,5.0,145.0,140,2.0,3.0,4.0,0.0,1.0,1.0,2.0,4,4,1.0,0.0,0.0,0.0,1981.0,2.0,7,0,0.0,2.0,2.0,1.0
5461,11,18,1400,1,1,1,4.0,5.0,145.0,140,2.0,3.0,4.0,0.0,1.0,1.0,2.0,4,4,1.0,0.0,0.0,0.0,1981.0,2.0,7,0,0.0,2.0,1.0,1.0
5462,11,18,1400,1,1,1,4.0,5.0,145.0,140,2.0,3.0,4.0,0.0,1.0,1.0,2.0,4,4,1.0,0.0,0.0,0.0,1981.0,2.0,7,0,0.0,2.0,1.0,1.0
5463,11,18,1400,1,1,1,4.0,5.0,145.0,140,2.0,3.0,4.0,0.0,1.0,1.0,2.0,4,4,1.0,0.0,0.0,0.0,1981.0,2.0,14,0,0.0,2.0,3.0,1.0
5464,11,18,1400,1,1,1,4.0,5.0,145.0,140,2.0,3.0,4.0,0.0,1.0,1.0,2.0,1,4,1.0,0.0,0.0,0.0,1978.0,2.0,7,0,0.0,2.0,2.0,1.0
5465,11,18,1400,1,1,1,4.0,5.0,145.0,140,2.0,3.0,4.0,0.0,1.0,1.0,2.0,1,4,1.0,0.0,0.0,0.0,1978.0,2.0,7,0,0.0,2.0,1.0,1.0
5466,11,18,1400,1,1,1,4.0,5.0,145.0,140,2.0,3.0,4.0,0.0,1.0,1.0,2.0,1,4,1.0,0.0,0.0,0.0,1978.0,2.0,7,0,0.0,2.0,1.0,1.0
5467,11,18,1400,1,1,1,4.0,5.0,145.0,140,2.0,3.0,4.0,0.0,1.0,1.0,2.0,1,4,1.0,0.0,0.0,0.0,1978.0,2.0,14,0,0.0,2.0,3.0,1.0
5468,11,18,1400,1,1,1,4.0,5.0,145.0,140,2.0,3.0,4.0,0.0,1.0,1.0,2.0,1,1,1.0,0.0,0.0,0.0,1974.0,2.0,7,0,0.0,2.0,2.0,1.0
5469,11,18,1400,1,1,1,4.0,5.0,145.0,140,2.0,3.0,4.0,0.0,1.0,1.0,2.0,1,1,1.0,0.0,0.0,0.0,1974.0,2.0,7,0,0.0,2.0,1.0,1.0
5470,11,18,1400,1,1,1,4.0,5.0,145.0,140,2.0,3.0,4.0,0.0,1.0,1.0,2.0,1,1,1.0,0.0,0.0,0.0,1974.0,2.0,7,0,0.0,2.0,1.0,1.0
5471,11,18,1400,1,1,1,4.0,5.0,145.0,140,2.0,3.0,4.0,0.0,1.0,1.0,2.0,1,1,1.0,0.0,0.0,0.0,1974.0,2.0,14,0,0.0,2.0,3.0,1.0
5472,11,18,1400,1,1,1,4.0,5.0,145.0,140,2.0,3.0,4.0,0.0,1.0,1.0,2.0,1,1,2.0,0.0,0.0,0.0,1967.0,2.0,7,0,0.0,2.0,2.0,1.0
5473,11,18,1400,1,1,1,4.0,5.0,145.0,140,2.0,3.0,4.0,0.0,1.0,1.0,2.0,1,1,2.0,0.0,0.0,0.0,1967.0,2.0,7,0,0.0,2.0,1.0,1.0
5474,11,18,1400,1,1,1,4.0,5.0,145.0,140,2.0,3.0,4.0,0.0,1.0,1.0,2.0,1,1,2.0,0.0,0.0,0.0,1967.0,2.0,7,0,0.0,2.0,1.0,1.0
5475,11,18,1400,1,1,1,4.0,5.0,145.0,140,2.0,3.0,4.0,0.0,1.0,1.0,2.0,1,1,2.0,0.0,0.0,0.0,1967.0,2.0,14,0,0.0,2.0,3.0,1.0
5476,12,19,1015,1,1,1,1.0,6.0,310.0,140,3.0,3.0,4.0,0.0,1.0,3.0,1.0,1,1,2.0,0.0,0.0,0.0,1979.0,1.0,7,0,13.0,0.0,2.0,1.0
5477,3,12,1215,1,1,1,1.0,6.0,76.0,140,3.0,3.0,2.0,0.0,0.0,1.0,1.0,1,4,4.0,0.0,0.0,0.0,1988.0,2.0,7,0,3.0,0.0,1.0,14.0
5478,3,12,1215,1,1,1,1.0,6.0,76.0,140,3.0,3.0,2.0,0.0,0.0,1.0,1.0,4,1,4.0,0.0,0.0,0.0,1973.0,2.0,7,0,3.0,0.0,1.0,14.0
5479,1,8,2130,4,2,1,3.0,3.0,365.0,140,3.0,2.0,2.0,0.0,1.0,1.0,2.0,1,1,4.0,0.0,0.0,0.0,1978.0,1.0,7,0,0.0,2.0,3.0,13.0
5480,1,8,2130,4,2,1,3.0,3.0,365.0,140,3.0,2.0,2.0,0.0,1.0,1.0,2.0,1,1,4.0,0.0,0.0,0.0,1978.0,2.0,10,0,0.0,2.0,8.0,1.0
5481,1,8,2130,4,2,1,3.0,3.0,365.0,140,3.0,2.0,2.0,0.0,1.0,1.0,2.0,1,4,4.0,0.0,0.0,0.0,1968.0,1.0,7,0,0.0,2.0,3.0,13.0
5482,1,8,2130,4,2,1,3.0,3.0,365.0,140,3.0,2.0,2.0,0.0,1.0,1.0,2.0,1,4,4.0,0.0,0.0,0.0,1968.0,2.0,10,0,0.0,2.0,8.0,1.0
5483,1,8,2130,4,2,1,3.0,3.0,365.0,140,3.0,2.0,2.0,0.0,1.0,1.0,2.0,4,4,4.0,0.0,0.0,0.0,1946.0,1.0,7,0,0.0,2.0,3.0,13.0
5484,1,8,2130,4,2,1,3.0,3.0,365.0,140,3.0,2.0,2.0,0.0,1.0,1.0,2.0,4,4,4.0,0.0,0.0,0.0,1946.0,2.0,10,0,0.0,2.0,8.0,1.0
5485,1,13,1200,1,2,1,1.0,6.0,384.0,140,3.0,2.0,2.0,0.0,1.0,1.0,1.0,1,4,2.0,0.0,0.0,0.0,1976.0,1.0,30,0,15.0,0.0,7.0,1.0
5486,1,17,400,3,2,1,1.0,6.0,66.0,140,3.0,2.0,2.0,0.0,1.0,2.0,1.0,1,1,4.0,0.0,0.0,0.0,1995.0,1.0,7,0,13.0,0.0,2.0,14.0
5487,7,28,1735,1,2,3,1.0,1.0,384.0,140,3.0,2.0,2.0,0.0,1.0,2.0,1.0,1,1,3.0,0.0,0.0,0.0,2000.0,1.0,1,0,0.0,2.0,1.0,1.0
5488,7,28,1735,1,2,3,1.0,1.0,384.0,140,3.0,2.0,2.0,0.0,1.0,2.0,1.0,1,1,3.0,0.0,0.0,0.0,2000.0,1.0,7,0,0.0,2.0,3.0,16.0
5489,7,28,1735,1,2,3,1.0,1.0,384.0,140,3.0,2.0,2.0,0.0,1.0,2.0,1.0,1,4,4.0,0.0,0.0,0.0,1988.0,1.0,1,0,0.0,2.0,1.0,1.0
5490,7,28,1735,1,2,3,1.0,1.0,384.0,140,3.0,2.0,2.0,0.0,1.0,2.0,1.0,1,4,4.0,0.0,0.0,0.0,1988.0,1.0,7,0,0.0,2.0,3.0,16.0
5491,9,13,530,3,1,6,1.0,7.0,228.0,140,3.0,3.0,2.0,0.0,1.0,1.0,1.0,1,1,1.0,0.0,0.0,0.0,1987.0,1.0,7,0,11.0,0.0,9.0,0.0
5492,10,2,950,1,2,2,1.0,3.0,66.0,140,3.0,2.0,2.0,0.0,1.0,1.0,1.0,1,1,4.0,0.0,0.0,0.0,1934.0,1.0,1,0,0.0,2.0,8.0,1.0
5493,10,2,950,1,2,2,1.0,3.0,66.0,140,3.0,2.0,2.0,0.0,1.0,1.0,1.0,1,1,4.0,0.0,0.0,0.0,1934.0,2.0,7,0,0.0,2.0,1.0,19.0
5494,10,2,950,1,2,2,1.0,3.0,66.0,140,3.0,2.0,2.0,0.0,1.0,1.0,1.0,1,1,4.0,0.0,0.0,0.0,1949.0,1.0,1,0,0.0,2.0,8.0,1.0
5495,10,2,950,1,2,2,1.0,3.0,66.0,140,3.0,2.0,2.0,0.0,1.0,1.0,1.0,1,1,4.0,0.0,0.0,0.0,1949.0,2.0,7,0,0.0,2.0,1.0,19.0
5496,11,5,1100,1,2,6,1.0,6.0,562.0,140,3.0,2.0,2.0,0.0,1.0,1.0,1.0,1,1,4.0,0.0,0.0,0.0,1986.0,1.0,10,0,0.0,1.0,3.0,1.0
5497,11,5,1100,1,2,6,1.0,6.0,562.0,140,3.0,2.0,2.0,0.0,1.0,1.0,1.0,3,4,4.0,4.0,3.0,1.0,1937.0,1.0,10,0,0.0,1.0,3.0,1.0
5498,11,13,1245,1,1,1,1.0,1.0,758.0,140,3.0,2.0,0.0,0.0,1.0,1.0,1.0,1,4,1.0,0.0,0.0,0.0,1970.0,1.0,7,0,0.0,2.0,3.0,15.0
5499,11,13,1245,1,1,1,1.0,1.0,758.0,140,3.0,2.0,0.0,0.0,1.0,1.0,1.0,1,4,1.0,0.0,0.0,0.0,1970.0,2.0,33,0,0.0,2.0,1.0,1.0
5500,11,13,1245,1,1,1,1.0,1.0,758.0,140,3.0,2.0,0.0,0.0,1.0,1.0,1.0,1,1,1.0,0.0,0.0,0.0,1991.0,1.0,7,0,0.0,2.0,3.0,15.0
5501,11,13,1245,1,1,1,1.0,1.0,758.0,140,3.0,2.0,0.0,0.0,1.0,1.0,1.0,1,1,1.0,0.0,0.0,0.0,1991.0,2.0,33,0,0.0,2.0,1.0,1.0
5502,11,22,730,3,1,1,1.0,7.0,170.0,140,3.0,2.0,2.0,0.0,2.0,3.0,1.0,1,1,1.0,0.0,0.0,0.0,1962.0,2.0,33,0,13.0,0.0,8.0,17.0
5503,1,4,1930,3,1,1,1.0,1.0,254.0,140,3.0,2.0,2.0,0.0,1.0,3.0,1.0,1,1,1.0,0.0,0.0,0.0,1979.0,1.0,7,0,0.0,2.0,1.0,17.0
5504,1,4,1930,3,1,1,1.0,1.0,254.0,140,3.0,2.0,2.0,0.0,1.0,3.0,1.0,1,1,1.0,0.0,0.0,0.0,1979.0,2.0,7,0,0.0,2.0,3.0,21.0
5505,1,4,1930,3,1,1,1.0,1.0,254.0,140,3.0,2.0,2.0,0.0,1.0,3.0,1.0,1,4,1.0,0.0,0.0,0.0,1978.0,1.0,7,0,0.0,2.0,1.0,17.0
5506,1,4,1930,3,1,1,1.0,1.0,254.0,140,3.0,2.0,2.0,0.0,1.0,3.0,1.0,1,4,1.0,0.0,0.0,0.0,1978.0,2.0,7,0,0.0,2.0,3.0,21.0
5507,1,10,700,2,1,1,1.0,6.0,42.0,140,3.0,2.0,2.0,0.0,1.0,2.0,2.0,1,4,4.0,0.0,0.0,0.0,1994.0,1.0,7,0,2.0,0.0,1.0,13.0
5508,2,5,2330,3,2,1,1.0,6.0,543.0,140,4.0,2.0,2.0,0.0,1.0,4.0,1.0,1,1,4.0,0.0,0.0,0.0,1989.0,0.0,33,0,13.0,0.0,1.0,13.0
5509,4,27,945,1,2,6,7.0,6.0,738.0,140,3.0,2.0,2.0,2.0,1.0,1.0,2.0,1,4,4.0,0.0,0.0,0.0,1978.0,2.0,7,0,0.0,1.0,2.0,1.0
5510,4,27,945,1,2,6,7.0,6.0,738.0,140,3.0,2.0,2.0,2.0,1.0,1.0,2.0,3,1,3.0,3.0,3.0,4.0,1950.0,2.0,7,0,0.0,1.0,2.0,1.0
5511,8,11,1345,1,2,1,1.0,3.0,738.0,140,3.0,2.0,2.0,0.0,1.0,1.0,1.0,1,4,3.0,0.0,0.0,0.0,1971.0,1.0,7,0,0.0,2.0,1.0,1.0
5512,8,11,1345,1,2,1,1.0,3.0,738.0,140,3.0,2.0,2.0,0.0,1.0,1.0,1.0,1,4,3.0,0.0,0.0,0.0,1971.0,2.0,1,0,0.0,2.0,8.0,19.0
5513,8,11,1345,1,2,1,1.0,3.0,738.0,140,3.0,2.0,2.0,0.0,1.0,1.0,1.0,1,1,4.0,0.0,0.0,0.0,2002.0,1.0,7,0,0.0,2.0,1.0,1.0
5514,8,11,1345,1,2,1,1.0,3.0,738.0,140,3.0,2.0,2.0,0.0,1.0,1.0,1.0,1,1,4.0,0.0,0.0,0.0,2002.0,2.0,1,0,0.0,2.0,8.0,19.0
5515,9,12,1030,1,1,3,1.0,1.0,592.0,140,3.0,2.0,0.0,0.0,0.0,1.0,1.0,1,4,4.0,0.0,0.0,0.0,1991.0,0.0,7,0,0.0,2.0,2.0,1.0
5516,9,12,1030,1,1,3,1.0,1.0,592.0,140,3.0,2.0,0.0,0.0,0.0,1.0,1.0,1,4,4.0,0.0,0.0,0.0,1991.0,0.0,10,0,0.0,2.0,8.0,15.0
5517,9,12,1030,1,1,3,1.0,1.0,592.0,140,3.0,2.0,0.0,0.0,0.0,1.0,1.0,1,1,4.0,0.0,0.0,0.0,1971.0,0.0,7,0,0.0,2.0,2.0,1.0
5518,9,12,1030,1,1,3,1.0,1.0,592.0,140,3.0,2.0,0.0,0.0,0.0,1.0,1.0,1,1,4.0,0.0,0.0,0.0,1971.0,0.0,10,0,0.0,2.0,8.0,15.0
5519,12,9,530,3,1,1,1.0,7.0,257.0,140,3.0,2.0,2.0,0.0,0.0,0.0,0.0,1,1,4.0,0.0,0.0,0.0,1981.0,0.0,7,0,13.0,0.0,1.0,19.0
5520,12,9,530,3,1,1,1.0,7.0,257.0,140,3.0,2.0,2.0,0.0,0.0,0.0,0.0,4,4,0.0,0.0,0.0,0.0,1985.0,0.0,7,0,13.0,0.0,1.0,19.0
5521,3,31,1930,2,1,1,1.0,7.0,268.0,140,3.0,2.0,2.0,0.0,1.0,1.0,1.0,1,1,4.0,0.0,0.0,0.0,1976.0,2.0,7,0,0.0,0.0,0.0,1.0
5522,4,8,1415,1,1,1,1.0,2.0,546.0,140,3.0,2.0,2.0,0.0,1.0,1.0,1.0,1,1,4.0,0.0,0.0,0.0,1974.0,1.0,33,0,0.0,0.0,5.0,2.0
5523,4,8,1415,1,1,1,1.0,2.0,546.0,140,3.0,2.0,2.0,0.0,1.0,1.0,1.0,1,1,4.0,0.0,0.0,0.0,1974.0,1.0,33,0,0.0,2.0,3.0,2.0
5524,4,8,1415,1,1,1,1.0,2.0,546.0,140,3.0,2.0,2.0,0.0,1.0,1.0,1.0,1,1,4.0,0.0,0.0,0.0,1996.0,1.0,33,0,0.0,0.0,5.0,2.0
5525,4,8,1415,1,1,1,1.0,2.0,546.0,140,3.0,2.0,2.0,0.0,1.0,1.0,1.0,1,1,4.0,0.0,0.0,0.0,1996.0,1.0,33,0,0.0,2.0,3.0,2.0
5526,4,8,1415,1,1,1,1.0,2.0,546.0,140,3.0,2.0,2.0,0.0,1.0,1.0,1.0,4,4,4.0,0.0,0.0,0.0,1995.0,1.0,33,0,0.0,0.0,5.0,2.0
5527,4,8,1415,1,1,1,1.0,2.0,546.0,140,3.0,2.0,2.0,0.0,1.0,1.0,1.0,4,4,4.0,0.0,0.0,0.0,1995.0,1.0,33,0,0.0,2.0,3.0,2.0
5528,4,29,845,1,2,1,3.0,6.0,20.0,140,4.0,2.0,2.0,0.0,1.0,1.0,2.0,1,4,1.0,0.0,0.0,0.0,1974.0,0.0,7,0,0.0,1.0,2.0,1.0
5529,4,29,845,1,2,1,3.0,6.0,20.0,140,4.0,2.0,2.0,0.0,1.0,1.0,2.0,3,4,2.0,3.0,3.0,1.0,1962.0,0.0,7,0,0.0,1.0,2.0,1.0
5530,5,10,1745,1,2,3,1.0,3.0,92.0,140,3.0,2.0,2.0,0.0,2.0,1.0,1.0,1,1,4.0,0.0,0.0,0.0,1986.0,1.0,7,0,0.0,2.0,3.0,15.0
5531,5,10,1745,1,2,3,1.0,3.0,92.0,140,3.0,2.0,2.0,0.0,2.0,1.0,1.0,1,1,4.0,0.0,0.0,0.0,1986.0,2.0,33,0,0.0,2.0,1.0,1.0
5532,5,10,1745,1,2,3,1.0,3.0,92.0,140,3.0,2.0,2.0,0.0,2.0,1.0,1.0,1,1,4.0,0.0,0.0,0.0,1988.0,1.0,7,0,0.0,2.0,3.0,15.0
5533,5,10,1745,1,2,3,1.0,3.0,92.0,140,3.0,2.0,2.0,0.0,2.0,1.0,1.0,1,1,4.0,0.0,0.0,0.0,1988.0,2.0,33,0,0.0,2.0,1.0,1.0
5534,6,9,1230,1,1,4,1.0,1.0,603.0,140,3.0,2.0,2.0,0.0,1.0,3.0,1.0,1,1,4.0,0.0,0.0,0.0,1994.0,2.0,7,0,0.0,2.0,2.0,13.0
5535,6,9,1230,1,1,4,1.0,1.0,603.0,140,3.0,2.0,2.0,0.0,1.0,3.0,1.0,1,1,4.0,0.0,0.0,0.0,1994.0,1.0,7,0,0.0,2.0,3.0,1.0
5536,6,9,1230,1,1,4,1.0,1.0,603.0,140,3.0,2.0,2.0,0.0,1.0,3.0,1.0,4,4,4.0,0.0,0.0,0.0,1995.0,2.0,7,0,0.0,2.0,2.0,13.0
5537,6,9,1230,1,1,4,1.0,1.0,603.0,140,3.0,2.0,2.0,0.0,1.0,3.0,1.0,4,4,4.0,0.0,0.0,0.0,1995.0,1.0,7,0,0.0,2.0,3.0,1.0
5538,6,9,1230,1,1,4,1.0,1.0,603.0,140,3.0,2.0,2.0,0.0,1.0,3.0,1.0,1,1,1.0,0.0,0.0,0.0,1957.0,2.0,7,0,0.0,2.0,2.0,13.0
5539,6,9,1230,1,1,4,1.0,1.0,603.0,140,3.0,2.0,2.0,0.0,1.0,3.0,1.0,1,1,1.0,0.0,0.0,0.0,1957.0,1.0,7,0,0.0,2.0,3.0,1.0
5540,6,24,2145,1,2,1,1.0,1.0,149.0,140,3.0,2.0,2.0,0.0,1.0,1.0,1.0,1,4,1.0,0.0,0.0,0.0,1997.0,1.0,7,0,0.0,2.0,3.0,1.0
5541,6,24,2145,1,2,1,1.0,1.0,149.0,140,3.0,2.0,2.0,0.0,1.0,1.0,1.0,1,4,1.0,0.0,0.0,0.0,1997.0,2.0,7,0,0.0,2.0,3.0,13.0
5542,6,24,2145,1,2,1,1.0,1.0,149.0,140,3.0,2.0,2.0,0.0,1.0,1.0,1.0,1,1,4.0,0.0,0.0,0.0,1966.0,1.0,7,0,0.0,2.0,3.0,1.0
5543,6,24,2145,1,2,1,1.0,1.0,149.0,140,3.0,2.0,2.0,0.0,1.0,1.0,1.0,1,1,4.0,0.0,0.0,0.0,1966.0,2.0,7,0,0.0,2.0,3.0,13.0
5544,8,4,1945,1,1,3,1.0,2.0,456.0,140,3.0,2.0,2.0,0.0,1.0,3.0,1.0,1,4,4.0,0.0,0.0,0.0,1993.0,1.0,7,0,0.0,2.0,5.0,15.0
5545,8,4,1945,1,1,3,1.0,2.0,456.0,140,3.0,2.0,2.0,0.0,1.0,3.0,1.0,1,4,4.0,0.0,0.0,0.0,1993.0,2.0,33,0,0.0,2.0,1.0,1.0
5546,8,4,1945,1,1,3,1.0,2.0,456.0,140,3.0,2.0,2.0,0.0,1.0,3.0,1.0,4,1,4.0,0.0,0.0,0.0,1989.0,1.0,7,0,0.0,2.0,5.0,15.0
5547,8,4,1945,1,1,3,1.0,2.0,456.0,140,3.0,2.0,2.0,0.0,1.0,3.0,1.0,4,1,4.0,0.0,0.0,0.0,1989.0,2.0,33,0,0.0,2.0,1.0,1.0
5548,8,4,1945,1,1,3,1.0,2.0,456.0,140,3.0,2.0,2.0,0.0,1.0,3.0,1.0,4,1,4.0,0.0,0.0,0.0,1989.0,1.0,7,0,0.0,2.0,5.0,15.0
5549,8,4,1945,1,1,3,1.0,2.0,456.0,140,3.0,2.0,2.0,0.0,1.0,3.0,1.0,4,1,4.0,0.0,0.0,0.0,1989.0,2.0,33,0,0.0,2.0,1.0,1.0
5550,8,4,1945,1,1,3,1.0,2.0,456.0,140,3.0,2.0,2.0,0.0,1.0,3.0,1.0,1,1,4.0,0.0,0.0,0.0,1997.0,1.0,7,0,0.0,2.0,5.0,15.0
5551,8,4,1945,1,1,3,1.0,2.0,456.0,140,3.0,2.0,2.0,0.0,1.0,3.0,1.0,1,1,4.0,0.0,0.0,0.0,1997.0,2.0,33,0,0.0,2.0,1.0,1.0
5552,8,4,1945,1,1,3,1.0,2.0,456.0,140,3.0,2.0,2.0,0.0,1.0,3.0,1.0,4,1,0.0,0.0,0.0,0.0,1998.0,1.0,7,0,0.0,2.0,5.0,15.0
5553,8,4,1945,1,1,3,1.0,2.0,456.0,140,3.0,2.0,2.0,0.0,1.0,3.0,1.0,4,1,0.0,0.0,0.0,0.0,1998.0,2.0,33,0,0.0,2.0,1.0,1.0
5554,9,13,1645,1,2,1,1.0,3.0,20.0,140,3.0,2.0,0.0,0.0,2.0,0.0,1.0,1,4,0.0,0.0,0.0,0.0,1969.0,0.0,13,0,0.0,0.0,3.0,0.0
5555,9,13,1645,1,2,1,1.0,3.0,20.0,140,3.0,2.0,0.0,0.0,2.0,0.0,1.0,1,4,0.0,0.0,0.0,0.0,1969.0,0.0,13,0,1.0,0.0,2.0,2.0
5556,9,13,1645,1,2,1,1.0,3.0,20.0,140,3.0,2.0,0.0,0.0,2.0,0.0,1.0,1,1,4.0,0.0,0.0,0.0,1983.0,0.0,13,0,0.0,0.0,3.0,0.0
5557,9,13,1645,1,2,1,1.0,3.0,20.0,140,3.0,2.0,0.0,0.0,2.0,0.0,1.0,1,1,4.0,0.0,0.0,0.0,1983.0,0.0,13,0,1.0,0.0,2.0,2.0
5558,10,11,1800,1,1,1,1.0,3.0,57.0,140,3.0,2.0,3.0,0.0,1.0,1.0,1.0,1,1,1.0,0.0,0.0,0.0,1981.0,2.0,33,0,0.0,2.0,2.0,17.0
5559,10,11,1800,1,1,1,1.0,3.0,57.0,140,3.0,2.0,3.0,0.0,1.0,1.0,1.0,1,1,1.0,0.0,0.0,0.0,1981.0,1.0,10,0,0.0,2.0,8.0,15.0
5560,10,11,1800,1,1,1,1.0,3.0,57.0,140,3.0,2.0,3.0,0.0,1.0,1.0,1.0,1,1,2.0,0.0,0.0,0.0,1967.0,2.0,33,0,0.0,2.0,2.0,17.0
5561,10,11,1800,1,1,1,1.0,3.0,57.0,140,3.0,2.0,3.0,0.0,1.0,1.0,1.0,1,1,2.0,0.0,0.0,0.0,1967.0,1.0,10,0,0.0,2.0,8.0,15.0
5562,10,30,1530,1,2,1,1.0,7.0,456.0,140,4.0,2.0,2.0,0.0,1.0,1.0,1.0,1,1,4.0,0.0,0.0,0.0,1998.0,0.0,7,0,0.0,0.0,0.0,19.0
5563,10,30,1530,1,2,1,1.0,7.0,456.0,140,4.0,2.0,2.0,0.0,1.0,1.0,1.0,1,1,4.0,0.0,0.0,0.0,1998.0,0.0,2,0,0.0,0.0,0.0,1.0
5564,10,30,1530,1,2,1,1.0,7.0,456.0,140,4.0,2.0,2.0,0.0,1.0,1.0,1.0,1,1,4.0,0.0,0.0,0.0,2000.0,0.0,7,0,0.0,0.0,0.0,19.0
5565,10,30,1530,1,2,1,1.0,7.0,456.0,140,4.0,2.0,2.0,0.0,1.0,1.0,1.0,1,1,4.0,0.0,0.0,0.0,2000.0,0.0,2,0,0.0,0.0,0.0,1.0
5566,11,6,200,4,2,1,1.0,6.0,97.0,140,3.0,2.0,2.0,0.0,1.0,1.0,2.0,1,1,4.0,0.0,0.0,0.0,1992.0,1.0,7,0,6.0,0.0,2.0,14.0
5567,11,6,200,4,2,1,1.0,6.0,97.0,140,3.0,2.0,2.0,0.0,1.0,1.0,2.0,4,1,4.0,0.0,0.0,0.0,1992.0,1.0,7,0,6.0,0.0,2.0,14.0
5568,11,6,200,4,2,1,1.0,6.0,97.0,140,3.0,2.0,2.0,0.0,1.0,1.0,2.0,4,1,4.0,0.0,0.0,0.0,1993.0,1.0,7,0,6.0,0.0,2.0,14.0
5569,12,10,1200,1,1,1,1.0,7.0,74.0,140,3.0,2.0,2.0,0.0,1.0,3.0,9.0,1,4,2.0,0.0,0.0,0.0,1971.0,2.0,7,0,0.0,0.0,9.0,14.0
5570,4,6,1245,1,1,2,2.0,3.0,68.0,140,3.0,2.0,2.0,0.0,2.0,1.0,2.0,1,1,9.0,0.0,0.0,0.0,1996.0,1.0,7,0,0.0,2.0,1.0,1.0
5571,4,6,1245,1,1,2,2.0,3.0,68.0,140,3.0,2.0,2.0,0.0,2.0,1.0,2.0,1,1,9.0,0.0,0.0,0.0,1996.0,0.0,3,0,0.0,2.0,8.0,19.0
5572,4,6,1245,1,1,2,2.0,3.0,68.0,140,3.0,2.0,2.0,0.0,2.0,1.0,2.0,1,4,3.0,0.0,0.0,0.0,1932.0,1.0,7,0,0.0,2.0,1.0,1.0
5573,4,6,1245,1,1,2,2.0,3.0,68.0,140,3.0,2.0,2.0,0.0,2.0,1.0,2.0,1,4,3.0,0.0,0.0,0.0,1932.0,0.0,3,0,0.0,2.0,8.0,19.0
5574,4,16,530,5,1,1,1.0,2.0,76.0,140,3.0,3.0,4.0,0.0,1.0,1.0,1.0,1,4,1.0,0.0,0.0,0.0,1990.0,2.0,30,0,0.0,2.0,6.0,12.0
5575,4,16,530,5,1,1,1.0,2.0,76.0,140,3.0,3.0,4.0,0.0,1.0,1.0,1.0,1,4,1.0,0.0,0.0,0.0,1990.0,2.0,7,0,0.0,2.0,2.0,12.0
5576,4,16,530,5,1,1,1.0,2.0,76.0,140,3.0,3.0,4.0,0.0,1.0,1.0,1.0,1,1,4.0,0.0,0.0,0.0,1986.0,2.0,30,0,0.0,2.0,6.0,12.0
5577,4,16,530,5,1,1,1.0,2.0,76.0,140,3.0,3.0,4.0,0.0,1.0,1.0,1.0,1,1,4.0,0.0,0.0,0.0,1986.0,2.0,7,0,0.0,2.0,2.0,12.0
5578,4,16,530,5,1,1,1.0,2.0,76.0,140,3.0,3.0,4.0,0.0,1.0,1.0,1.0,4,1,4.0,0.0,0.0,0.0,1986.0,2.0,30,0,0.0,2.0,6.0,12.0
5579,4,16,530,5,1,1,1.0,2.0,76.0,140,3.0,3.0,4.0,0.0,1.0,1.0,1.0,4,1,4.0,0.0,0.0,0.0,1986.0,2.0,7,0,0.0,2.0,2.0,12.0
5580,6,22,1045,1,2,1,1.0,6.0,166.0,140,3.0,2.0,2.0,0.0,1.0,1.0,1.0,1,4,3.0,0.0,0.0,0.0,1928.0,2.0,7,0,0.0,1.0,3.0,1.0
5581,6,22,1045,1,2,1,1.0,6.0,166.0,140,3.0,2.0,2.0,0.0,1.0,1.0,1.0,3,4,4.0,3.0,3.0,1.0,1941.0,2.0,7,0,0.0,1.0,3.0,1.0
5582,8,19,1400,1,2,3,1.0,3.0,325.0,140,4.0,2.0,0.0,0.0,1.0,1.0,1.0,1,1,4.0,0.0,0.0,0.0,1996.0,0.0,30,0,0.0,2.0,3.0,18.0
5583,8,19,1400,1,2,3,1.0,3.0,325.0,140,4.0,2.0,0.0,0.0,1.0,1.0,1.0,1,1,4.0,0.0,0.0,0.0,1996.0,0.0,7,0,0.0,2.0,7.0,16.0
5584,8,19,1400,1,2,3,1.0,3.0,325.0,140,4.0,2.0,0.0,0.0,1.0,1.0,1.0,1,1,4.0,0.0,0.0,0.0,1960.0,0.0,30,0,0.0,2.0,3.0,18.0
5585,8,19,1400,1,2,3,1.0,3.0,325.0,140,4.0,2.0,0.0,0.0,1.0,1.0,1.0,1,1,4.0,0.0,0.0,0.0,1960.0,0.0,7,0,0.0,2.0,7.0,16.0
5586,9,25,1330,1,1,1,1.0,6.0,488.0,140,4.0,2.0,0.0,0.0,1.0,1.0,1.0,1,1,3.0,0.0,0.0,0.0,1950.0,0.0,7,0,0.0,1.0,2.0,1.0