,month,day,time,light,location,intersection,atmosphere,collision,municipality,department,road,traffic,nblanes,reslane,laneprofile,plan,surface,user,sex,route,pedlocation,pedaction,pedcondition,birth,dirtraffic,catvehicle,nboccupants,obstacle,movobstacle,impact,maneuver
5587,9,25,1330,1,1,1,1.0,6.0,488.0,140,4.0,2.0,0.0,0.0,1.0,1.0,1.0,3,1,4.0,1.0,4.0,1.0,2003.0,0.0,7,0,0.0,1.0,2.0,1.0
5588,11,15,1715,2,2,1,2.0,3.0,68.0,140,3.0,2.0,2.0,0.0,1.0,1.0,1.0,1,1,4.0,0.0,0.0,0.0,1985.0,2.0,30,0,0.0,2.0,1.0,1.0
5589,11,15,1715,2,2,1,2.0,3.0,68.0,140,3.0,2.0,2.0,0.0,1.0,1.0,1.0,1,1,4.0,0.0,0.0,0.0,1985.0,1.0,7,0,0.0,2.0,3.0,19.0
5590,11,15,1715,2,2,1,2.0,3.0,68.0,140,3.0,2.0,2.0,0.0,1.0,1.0,1.0,1,1,4.0,0.0,0.0,0.0,1952.0,2.0,30,0,0.0,2.0,1.0,1.0
5591,11,15,1715,2,2,1,2.0,3.0,68.0,140,3.0,2.0,2.0,0.0,1.0,1.0,1.0,1,1,4.0,0.0,0.0,0.0,1952.0,1.0,7,0,0.0,2.0,3.0,19.0
5592,2,6,1830,3,1,1,6.0,6.0,353.0,140,3.0,2.0,2.0,0.0,2.0,1.0,1.0,1,4,4.0,0.0,0.0,0.0,1992.0,1.0,7,0,13.0,0.0,2.0,14.0
5593,4,30,1045,1,2,3,1.0,3.0,143.0,140,3.0,2.0,2.0,0.0,1.0,1.0,1.0,1,1,2.0,0.0,0.0,0.0,1960.0,2.0,14,0,0.0,2.0,7.0,1.0
5594,4,30,1045,1,2,3,1.0,3.0,143.0,140,3.0,2.0,2.0,0.0,1.0,1.0,1.0,1,1,2.0,0.0,0.0,0.0,1960.0,0.0,7,0,0.0,2.0,1.0,15.0
5595,4,30,1045,1,2,3,1.0,3.0,143.0,140,3.0,2.0,2.0,0.0,1.0,1.0,1.0,1,4,4.0,0.0,0.0,0.0,1986.0,2.0,14,0,0.0,2.0,7.0,1.0
5596,4,30,1045,1,2,3,1.0,3.0,143.0,140,3.0,2.0,2.0,0.0,1.0,1.0,1.0,1,4,4.0,0.0,0.0,0.0,1986.0,0.0,7,0,0.0,2.0,1.0,15.0
5597,6,5,1545,1,1,1,1.0,1.0,734.0,140,3.0,2.0,2.0,0.0,1.0,1.0,1.0,1,1,4.0,0.0,0.0,0.0,1963.0,2.0,7,0,0.0,2.0,3.0,13.0
5598,6,5,1545,1,1,1,1.0,1.0,734.0,140,3.0,2.0,2.0,0.0,1.0,1.0,1.0,1,1,4.0,0.0,0.0,0.0,1963.0,1.0,7,0,0.0,2.0,3.0,1.0
5599,6,5,1545,1,1,1,1.0,1.0,734.0,140,3.0,2.0,2.0,0.0,1.0,1.0,1.0,4,1,4.0,0.0,0.0,0.0,1944.0,2.0,7,0,0.0,2.0,3.0,13.0
5600,6,5,1545,1,1,1,1.0,1.0,734.0,140,3.0,2.0,2.0,0.0,1.0,1.0,1.0,4,1,4.0,0.0,0.0,0.0,1944.0,1.0,7,0,0.0,2.0,3.0,1.0
5601,6,5,1545,1,1,1,1.0,1.0,734.0,140,3.0,2.0,2.0,0.0,1.0,1.0,1.0,4,4,4.0,0.0,0.0,0.0,1946.0,2.0,7,0,0.0,2.0,3.0,13.0
5602,6,5,1545,1,1,1,1.0,1.0,734.0,140,3.0,2.0,2.0,0.0,1.0,1.0,1.0,4,4,4.0,0.0,0.0,0.0,1946.0,1.0,7,0,0.0,2.0,3.0,1.0
5603,6,5,1545,1,1,1,1.0,1.0,734.0,140,3.0,2.0,2.0,0.0,1.0,1.0,1.0,4,4,4.0,0.0,0.0,0.0,1969.0,2.0,7,0,0.0,2.0,3.0,13.0
5604,6,5,1545,1,1,1,1.0,1.0,734.0,140,3.0,2.0,2.0,0.0,1.0,1.0,1.0,4,4,4.0,0.0,0.0,0.0,1969.0,1.0,7,0,0.0,2.0,3.0,1.0
5605,6,5,1545,1,1,1,1.0,1.0,734.0,140,3.0,2.0,2.0,0.0,1.0,1.0,1.0,1,1,4.0,0.0,0.0,0.0,1947.0,2.0,7,0,0.0,2.0,3.0,13.0
5606,6,5,1545,1,1,1,1.0,1.0,734.0,140,3.0,2.0,2.0,0.0,1.0,1.0,1.0,1,1,4.0,0.0,0.0,0.0,1947.0,1.0,7,0,0.0,2.0,3.0,1.0
5607,6,5,1545,1,1,1,1.0,1.0,734.0,140,3.0,2.0,2.0,0.0,1.0,1.0,1.0,4,4,4.0,0.0,0.0,0.0,1950.0,2.0,7,0,0.0,2.0,3.0,13.0
5608,6,5,1545,1,1,1,1.0,1.0,734.0,140,3.0,2.0,2.0,0.0,1.0,1.0,1.0,4,4,4.0,0.0,0.0,0.0,1950.0,1.0,7,0,0.0,2.0,3.0,1.0
5609,6,30,1745,1,1,1,1.0,1.0,143.0,140,9.0,2.0,1.0,0.0,2.0,3.0,1.0,1,1,2.0,0.0,0.0,0.0,1991.0,0.0,38,0,0.0,0.0,0.0,0.0
5610,6,30,1745,1,1,1,1.0,1.0,143.0,140,9.0,2.0,1.0,0.0,2.0,3.0,1.0,1,1,2.0,0.0,0.0,0.0,1991.0,0.0,1,0,0.0,0.0,0.0,1.0
5611,6,30,1745,1,1,1,1.0,1.0,143.0,140,9.0,2.0,1.0,0.0,2.0,3.0,1.0,1,1,4.0,0.0,0.0,0.0,1953.0,0.0,38,0,0.0,0.0,0.0,0.0
5612,6,30,1745,1,1,1,1.0,1.0,143.0,140,9.0,2.0,1.0,0.0,2.0,3.0,1.0,1,1,4.0,0.0,0.0,0.0,1953.0,0.0,1,0,0.0,0.0,0.0,1.0
5613,7,5,800,1,1,1,2.0,1.0,353.0,140,3.0,2.0,2.0,0.0,2.0,3.0,2.0,1,4,1.0,0.0,0.0,0.0,1967.0,1.0,7,0,0.0,2.0,1.0,13.0
5614,7,5,800,1,1,1,2.0,1.0,353.0,140,3.0,2.0,2.0,0.0,2.0,3.0,2.0,1,4,1.0,0.0,0.0,0.0,1967.0,2.0,7,0,0.0,2.0,1.0,1.0
5615,7,5,800,1,1,1,2.0,1.0,353.0,140,3.0,2.0,2.0,0.0,2.0,3.0,2.0,1,4,4.0,0.0,0.0,0.0,1966.0,1.0,7,0,0.0,2.0,1.0,13.0
5616,7,5,800,1,1,1,2.0,1.0,353.0,140,3.0,2.0,2.0,0.0,2.0,3.0,2.0,1,4,4.0,0.0,0.0,0.0,1966.0,2.0,7,0,0.0,2.0,1.0,1.0
5617,7,19,1630,1,1,1,1.0,1.0,373.0,140,3.0,2.0,2.0,0.0,2.0,2.0,1.0,1,1,4.0,0.0,0.0,0.0,1994.0,1.0,7,0,0.0,2.0,3.0,13.0
5618,7,19,1630,1,1,1,1.0,1.0,373.0,140,3.0,2.0,2.0,0.0,2.0,2.0,1.0,1,1,4.0,0.0,0.0,0.0,1994.0,2.0,7,0,0.0,2.0,3.0,21.0
5619,7,19,1630,1,1,1,1.0,1.0,373.0,140,3.0,2.0,2.0,0.0,2.0,2.0,1.0,1,1,4.0,0.0,0.0,0.0,1997.0,1.0,7,0,0.0,2.0,3.0,13.0
5620,7,19,1630,1,1,1,1.0,1.0,373.0,140,3.0,2.0,2.0,0.0,2.0,2.0,1.0,1,1,4.0,0.0,0.0,0.0,1997.0,2.0,7,0,0.0,2.0,3.0,21.0
5621,8,23,1545,1,2,1,1.0,1.0,232.0,140,3.0,2.0,2.0,0.0,1.0,3.0,1.0,1,1,4.0,0.0,0.0,0.0,2001.0,1.0,35,0,0.0,2.0,3.0,13.0
5622,8,23,1545,1,2,1,1.0,1.0,232.0,140,3.0,2.0,2.0,0.0,1.0,3.0,1.0,1,1,4.0,0.0,0.0,0.0,2001.0,2.0,7,0,0.0,2.0,3.0,1.0
5623,8,23,1545,1,2,1,1.0,1.0,232.0,140,3.0,2.0,2.0,0.0,1.0,3.0,1.0,1,4,1.0,0.0,0.0,0.0,1964.0,1.0,35,0,0.0,2.0,3.0,13.0
5624,8,23,1545,1,2,1,1.0,1.0,232.0,140,3.0,2.0,2.0,0.0,1.0,3.0,1.0,1,4,1.0,0.0,0.0,0.0,1964.0,2.0,7,0,0.0,2.0,3.0,1.0
5625,8,28,2030,1,2,1,1.0,6.0,336.0,140,3.0,2.0,2.0,0.0,1.0,1.0,1.0,1,1,4.0,0.0,0.0,0.0,1998.0,1.0,7,0,2.0,0.0,9.0,14.0
5626,8,28,2030,1,2,1,1.0,6.0,336.0,140,3.0,2.0,2.0,0.0,1.0,1.0,1.0,4,1,4.0,0.0,0.0,0.0,1998.0,1.0,7,0,2.0,0.0,9.0,14.0
5627,8,28,2030,1,2,1,1.0,6.0,336.0,140,3.0,2.0,2.0,0.0,1.0,1.0,1.0,4,1,4.0,0.0,0.0,0.0,1998.0,1.0,7,0,2.0,0.0,9.0,14.0
5628,9,8,1730,1,1,1,1.0,3.0,702.0,140,3.0,2.0,2.0,0.0,1.0,1.0,1.0,1,1,1.0,0.0,0.0,0.0,1994.0,1.0,33,0,0.0,2.0,1.0,17.0
5629,9,8,1730,1,1,1,1.0,3.0,702.0,140,3.0,2.0,2.0,0.0,1.0,1.0,1.0,1,1,1.0,0.0,0.0,0.0,1994.0,1.0,16,0,0.0,0.0,6.0,15.0
5630,9,8,1730,1,1,1,1.0,3.0,702.0,140,3.0,2.0,2.0,0.0,1.0,1.0,1.0,1,1,4.0,0.0,0.0,0.0,1978.0,1.0,33,0,0.0,2.0,1.0,17.0
5631,9,8,1730,1,1,1,1.0,3.0,702.0,140,3.0,2.0,2.0,0.0,1.0,1.0,1.0,1,1,4.0,0.0,0.0,0.0,1978.0,1.0,16,0,0.0,0.0,6.0,15.0
5632,10,8,1645,1,1,1,1.0,7.0,120.0,140,3.0,2.0,0.0,0.0,2.0,3.0,1.0,1,1,4.0,0.0,0.0,0.0,1987.0,2.0,33,0,0.0,0.0,9.0,13.0
5633,1,1,920,1,1,1,1.0,6.0,712.0,140,3.0,2.0,2.0,0.0,1.0,2.0,1.0,1,1,4.0,0.0,0.0,0.0,1995.0,2.0,7,0,8.0,0.0,1.0,14.0
5634,1,1,920,1,1,1,1.0,6.0,712.0,140,3.0,2.0,2.0,0.0,1.0,2.0,1.0,4,1,4.0,0.0,0.0,0.0,1995.0,2.0,7,0,8.0,0.0,1.0,14.0
5635,1,1,920,1,1,1,1.0,6.0,712.0,140,3.0,2.0,2.0,0.0,1.0,2.0,1.0,4,1,4.0,0.0,0.0,0.0,1995.0,2.0,7,0,8.0,0.0,1.0,14.0
5636,1,5,1945,3,1,1,1.0,6.0,9.0,140,3.0,2.0,2.0,0.0,1.0,1.0,1.0,1,1,4.0,0.0,0.0,0.0,1993.0,2.0,7,0,2.0,0.0,1.0,13.0
5637,2,6,2130,3,1,1,2.0,1.0,712.0,140,3.0,2.0,2.0,0.0,2.0,1.0,2.0,1,1,4.0,0.0,0.0,0.0,1964.0,2.0,7,0,0.0,2.0,3.0,13.0
5638,2,6,2130,3,1,1,2.0,1.0,712.0,140,3.0,2.0,2.0,0.0,2.0,1.0,2.0,1,1,4.0,0.0,0.0,0.0,1964.0,1.0,7,0,0.0,2.0,3.0,21.0
5639,2,6,2130,3,1,1,2.0,1.0,712.0,140,3.0,2.0,2.0,0.0,2.0,1.0,2.0,1,4,1.0,0.0,0.0,0.0,1993.0,2.0,7,0,0.0,2.0,3.0,13.0
5640,2,6,2130,3,1,1,2.0,1.0,712.0,140,3.0,2.0,2.0,0.0,2.0,1.0,2.0,1,4,1.0,0.0,0.0,0.0,1993.0,1.0,7,0,0.0,2.0,3.0,21.0
5641,5,25,2200,3,2,1,1.0,7.0,530.0,140,4.0,2.0,2.0,0.0,1.0,1.0,1.0,1,1,4.0,0.0,0.0,0.0,1981.0,0.0,31,0,0.0,0.0,0.0,10.0
5642,7,16,1815,1,1,2,1.0,3.0,530.0,140,3.0,2.0,2.0,0.0,2.0,4.0,1.0,1,1,4.0,0.0,0.0,0.0,1990.0,2.0,7,0,0.0,2.0,7.0,1.0
5643,7,16,1815,1,1,2,1.0,3.0,530.0,140,3.0,2.0,2.0,0.0,2.0,4.0,1.0,1,1,4.0,0.0,0.0,0.0,1990.0,2.0,1,0,0.0,2.0,1.0,1.0
5644,7,16,1815,1,1,2,1.0,3.0,530.0,140,3.0,2.0,2.0,0.0,2.0,4.0,1.0,4,1,4.0,0.0,0.0,0.0,1993.0,2.0,7,0,0.0,2.0,7.0,1.0
5645,7,16,1815,1,1,2,1.0,3.0,530.0,140,3.0,2.0,2.0,0.0,2.0,4.0,1.0,4,1,4.0,0.0,0.0,0.0,1993.0,2.0,1,0,0.0,2.0,1.0,1.0
5646,7,16,1815,1,1,2,1.0,3.0,530.0,140,3.0,2.0,2.0,0.0,2.0,4.0,1.0,1,1,4.0,0.0,0.0,0.0,1999.0,2.0,7,0,0.0,2.0,7.0,1.0
5647,7,16,1815,1,1,2,1.0,3.0,530.0,140,3.0,2.0,2.0,0.0,2.0,4.0,1.0,1,1,4.0,0.0,0.0,0.0,1999.0,2.0,1,0,0.0,2.0,1.0,1.0
5648,10,20,1942,3,2,1,1.0,7.0,666.0,140,3.0,2.0,2.0,0.0,1.0,2.0,1.0,1,1,4.0,0.0,0.0,0.0,1955.0,2.0,7,0,9.0,0.0,8.0,1.0
5649,10,29,1045,1,1,1,1.0,3.0,9.0,140,3.0,2.0,2.0,0.0,1.0,1.0,1.0,1,1,4.0,0.0,0.0,0.0,1993.0,2.0,33,0,0.0,2.0,1.0,1.0
5650,10,29,1045,1,1,1,1.0,3.0,9.0,140,3.0,2.0,2.0,0.0,1.0,1.0,1.0,1,1,4.0,0.0,0.0,0.0,1993.0,1.0,7,0,0.0,2.0,3.0,15.0
5651,10,29,1045,1,1,1,1.0,3.0,9.0,140,3.0,2.0,2.0,0.0,1.0,1.0,1.0,1,1,4.0,0.0,0.0,0.0,1973.0,2.0,33,0,0.0,2.0,1.0,1.0
5652,10,29,1045,1,1,1,1.0,3.0,9.0,140,3.0,2.0,2.0,0.0,1.0,1.0,1.0,1,1,4.0,0.0,0.0,0.0,1973.0,1.0,7,0,0.0,2.0,3.0,15.0
5653,12,17,1930,3,1,1,5.0,1.0,9.0,140,3.0,2.0,2.0,0.0,0.0,1.0,1.0,1,1,4.0,0.0,0.0,0.0,1959.0,2.0,7,0,0.0,2.0,1.0,1.0
5654,12,17,1930,3,1,1,5.0,1.0,9.0,140,3.0,2.0,2.0,0.0,0.0,1.0,1.0,1,1,4.0,0.0,0.0,0.0,1959.0,1.0,7,0,0.0,2.0,1.0,13.0
5655,12,17,1930,3,1,1,5.0,1.0,9.0,140,3.0,2.0,2.0,0.0,0.0,1.0,1.0,1,1,0.0,0.0,0.0,0.0,1977.0,2.0,7,0,0.0,2.0,1.0,1.0
5656,12,17,1930,3,1,1,5.0,1.0,9.0,140,3.0,2.0,2.0,0.0,0.0,1.0,1.0,1,1,0.0,0.0,0.0,0.0,1977.0,1.0,7,0,0.0,2.0,1.0,13.0
5657,1,7,1030,1,1,1,6.0,1.0,732.0,140,3.0,2.0,2.0,0.0,1.0,2.0,2.0,1,1,2.0,0.0,0.0,0.0,1985.0,1.0,10,0,0.0,0.0,3.0,21.0
5658,1,7,1030,1,1,1,6.0,1.0,732.0,140,3.0,2.0,2.0,0.0,1.0,2.0,2.0,1,1,2.0,0.0,0.0,0.0,1985.0,2.0,7,0,0.0,0.0,1.0,13.0
5659,1,7,1030,1,1,1,6.0,1.0,732.0,140,3.0,2.0,2.0,0.0,1.0,2.0,2.0,1,4,3.0,0.0,0.0,0.0,1935.0,1.0,10,0,0.0,0.0,3.0,21.0
5660,1,7,1030,1,1,1,6.0,1.0,732.0,140,3.0,2.0,2.0,0.0,1.0,2.0,2.0,1,4,3.0,0.0,0.0,0.0,1935.0,2.0,7,0,0.0,0.0,1.0,13.0
5661,5,3,1730,1,2,1,7.0,6.0,47.0,140,9.0,0.0,0.0,0.0,1.0,0.0,1.0,1,4,4.0,0.0,0.0,0.0,1942.0,0.0,7,0,0.0,1.0,0.0,15.0
5662,5,3,1730,1,2,1,7.0,6.0,47.0,140,9.0,0.0,0.0,0.0,1.0,0.0,1.0,3,4,4.0,2.0,3.0,1.0,1924.0,0.0,7,0,0.0,1.0,0.0,15.0
5663,4,28,2140,5,2,6,1.0,2.0,47.0,140,3.0,2.0,2.0,0.0,1.0,1.0,0.0,1,4,4.0,0.0,0.0,0.0,1994.0,2.0,7,0,0.0,2.0,3.0,1.0
5664,4,28,2140,5,2,6,1.0,2.0,47.0,140,3.0,2.0,2.0,0.0,1.0,1.0,0.0,1,4,4.0,0.0,0.0,0.0,1994.0,1.0,30,0,0.0,0.0,4.0,15.0
5665,4,28,2140,5,2,6,1.0,2.0,47.0,140,3.0,2.0,2.0,0.0,1.0,1.0,0.0,4,4,4.0,0.0,0.0,0.0,1992.0,2.0,7,0,0.0,2.0,3.0,1.0
5666,4,28,2140,5,2,6,1.0,2.0,47.0,140,3.0,2.0,2.0,0.0,1.0,1.0,0.0,4,4,4.0,0.0,0.0,0.0,1992.0,1.0,30,0,0.0,0.0,4.0,15.0
5667,4,28,2140,5,2,6,1.0,2.0,47.0,140,3.0,2.0,2.0,0.0,1.0,1.0,0.0,1,4,1.0,0.0,0.0,0.0,1971.0,2.0,7,0,0.0,2.0,3.0,1.0
5668,4,28,2140,5,2,6,1.0,2.0,47.0,140,3.0,2.0,2.0,0.0,1.0,1.0,0.0,1,4,1.0,0.0,0.0,0.0,1971.0,1.0,30,0,0.0,0.0,4.0,15.0
5669,6,9,2015,1,1,1,1.0,1.0,346.0,140,3.0,2.0,2.0,0.0,1.0,1.0,1.0,1,1,4.0,0.0,0.0,0.0,1972.0,1.0,30,0,0.0,2.0,1.0,13.0
5670,6,9,2015,1,1,1,1.0,1.0,346.0,140,3.0,2.0,2.0,0.0,1.0,1.0,1.0,1,1,4.0,0.0,0.0,0.0,1972.0,2.0,21,0,0.0,2.0,1.0,23.0
5671,6,9,2015,1,1,1,1.0,1.0,346.0,140,3.0,2.0,2.0,0.0,1.0,1.0,1.0,1,1,2.0,0.0,0.0,0.0,1999.0,1.0,30,0,0.0,2.0,1.0,13.0
5672,6,9,2015,1,1,1,1.0,1.0,346.0,140,3.0,2.0,2.0,0.0,1.0,1.0,1.0,1,1,2.0,0.0,0.0,0.0,1999.0,2.0,21,0,0.0,2.0,1.0,23.0
5673,6,27,1445,1,2,1,1.0,2.0,47.0,140,3.0,2.0,0.0,0.0,1.0,1.0,1.0,1,4,1.0,0.0,0.0,0.0,1998.0,0.0,30,0,0.0,2.0,1.0,23.0
5674,6,27,1445,1,2,1,1.0,2.0,47.0,140,3.0,2.0,0.0,0.0,1.0,1.0,1.0,1,4,1.0,0.0,0.0,0.0,1998.0,0.0,7,0,0.0,2.0,6.0,4.0
5675,6,27,1445,1,2,1,1.0,2.0,47.0,140,3.0,2.0,0.0,0.0,1.0,1.0,1.0,1,1,4.0,0.0,0.0,0.0,1953.0,0.0,30,0,0.0,2.0,1.0,23.0
5676,6,27,1445,1,2,1,1.0,2.0,47.0,140,3.0,2.0,0.0,0.0,1.0,1.0,1.0,1,1,4.0,0.0,0.0,0.0,1953.0,0.0,7,0,0.0,2.0,6.0,4.0
5677,7,4,1830,1,1,1,1.0,6.0,728.0,140,3.0,2.0,2.0,0.0,1.0,1.0,1.0,1,4,4.0,0.0,0.0,0.0,1942.0,1.0,7,0,0.0,1.0,3.0,9.0
5678,7,4,1830,1,1,1,1.0,6.0,728.0,140,3.0,2.0,2.0,0.0,1.0,1.0,1.0,3,4,4.0,6.0,3.0,1.0,1956.0,1.0,7,0,0.0,1.0,3.0,9.0
5679,9,4,1545,1,1,1,1.0,2.0,529.0,140,3.0,2.0,2.0,0.0,2.0,1.0,1.0,1,1,4.0,0.0,0.0,0.0,1994.0,0.0,33,0,0.0,2.0,1.0,2.0
5680,9,4,1545,1,1,1,1.0,2.0,529.0,140,3.0,2.0,2.0,0.0,2.0,1.0,1.0,1,1,4.0,0.0,0.0,0.0,1994.0,0.0,7,0,0.0,0.0,4.0,1.0
5681,9,4,1545,1,1,1,1.0,2.0,529.0,140,3.0,2.0,2.0,0.0,2.0,1.0,1.0,1,1,4.0,0.0,0.0,0.0,1930.0,0.0,33,0,0.0,2.0,1.0,2.0
5682,9,4,1545,1,1,1,1.0,2.0,529.0,140,3.0,2.0,2.0,0.0,2.0,1.0,1.0,1,1,4.0,0.0,0.0,0.0,1930.0,0.0,7,0,0.0,0.0,4.0,1.0
5683,9,4,1545,1,1,1,1.0,2.0,529.0,140,3.0,2.0,2.0,0.0,2.0,1.0,1.0,4,4,0.0,0.0,0.0,0.0,1927.0,0.0,33,0,0.0,2.0,1.0,2.0
5684,9,4,1545,1,1,1,1.0,2.0,529.0,140,3.0,2.0,2.0,0.0,2.0,1.0,1.0,4,4,0.0,0.0,0.0,0.0,1927.0,0.0,7,0,0.0,0.0,4.0,1.0
5685,12,31,645,3,1,1,9.0,7.0,480.0,140,3.0,2.0,2.0,0.0,1.0,2.0,7.0,1,1,1.0,0.0,0.0,0.0,1968.0,1.0,7,0,0.0,0.0,9.0,1.0
5686,1,10,1,3,1,1,2.0,6.0,614.0,140,3.0,2.0,2.0,0.0,1.0,1.0,2.0,1,1,4.0,0.0,0.0,0.0,1954.0,2.0,7,0,2.0,6.0,1.0,14.0
5687,1,10,1,3,1,1,2.0,6.0,614.0,140,3.0,2.0,2.0,0.0,1.0,1.0,2.0,4,4,4.0,0.0,0.0,0.0,1968.0,2.0,7,0,2.0,6.0,1.0,14.0
5688,1,21,800,2,1,2,1.0,3.0,700.0,140,3.0,2.0,2.0,0.0,1.0,1.0,7.0,1,1,2.0,0.0,0.0,0.0,1956.0,1.0,7,0,0.0,2.0,7.0,19.0
5689,1,21,800,2,1,2,1.0,3.0,700.0,140,3.0,2.0,2.0,0.0,1.0,1.0,7.0,1,1,2.0,0.0,0.0,0.0,1956.0,1.0,10,0,7.0,2.0,3.0,1.0
5690,1,21,800,2,1,2,1.0,3.0,700.0,140,3.0,2.0,2.0,0.0,1.0,1.0,7.0,1,4,2.0,0.0,0.0,0.0,1969.0,1.0,7,0,0.0,2.0,7.0,19.0
5691,1,21,800,2,1,2,1.0,3.0,700.0,140,3.0,2.0,2.0,0.0,1.0,1.0,7.0,1,4,2.0,0.0,0.0,0.0,1969.0,1.0,10,0,7.0,2.0,3.0,1.0
5692,1,21,800,2,1,2,1.0,3.0,700.0,140,3.0,2.0,2.0,0.0,1.0,1.0,7.0,4,4,2.0,0.0,0.0,0.0,1987.0,1.0,7,0,0.0,2.0,7.0,19.0
5693,1,21,800,2,1,2,1.0,3.0,700.0,140,3.0,2.0,2.0,0.0,1.0,1.0,7.0,4,4,2.0,0.0,0.0,0.0,1987.0,1.0,10,0,7.0,2.0,3.0,1.0
5694,1,13,1400,1,2,1,1.0,6.0,370.0,140,3.0,2.0,2.0,0.0,1.0,1.0,1.0,1,1,4.0,0.0,0.0,0.0,1952.0,1.0,7,0,0.0,1.0,3.0,1.0
5695,1,13,1400,1,2,1,1.0,6.0,370.0,140,3.0,2.0,2.0,0.0,1.0,1.0,1.0,3,1,3.0,4.0,3.0,1.0,1955.0,1.0,7,0,0.0,1.0,3.0,1.0
5696,3,18,1845,2,2,9,1.0,7.0,370.0,140,3.0,2.0,2.0,0.0,1.0,2.0,1.0,1,1,4.0,0.0,0.0,0.0,1994.0,2.0,33,0,13.0,0.0,7.0,14.0
5697,4,16,1930,1,1,1,7.0,6.0,622.0,140,3.0,2.0,2.0,0.0,2.0,2.0,1.0,1,4,4.0,0.0,0.0,0.0,1984.0,2.0,7,0,13.0,0.0,1.0,13.0
5698,5,24,900,1,2,1,1.0,3.0,50.0,140,3.0,2.0,2.0,0.0,1.0,1.0,1.0,1,4,1.0,0.0,0.0,0.0,1984.0,1.0,7,0,0.0,2.0,2.0,1.0
5699,5,24,900,1,2,1,1.0,3.0,50.0,140,3.0,2.0,2.0,0.0,1.0,1.0,1.0,1,4,1.0,0.0,0.0,0.0,1984.0,2.0,31,0,0.0,2.0,1.0,9.0
5700,5,24,900,1,2,1,1.0,3.0,50.0,140,3.0,2.0,2.0,0.0,1.0,1.0,1.0,1,1,4.0,0.0,0.0,0.0,1997.0,1.0,7,0,0.0,2.0,2.0,1.0
5701,5,24,900,1,2,1,1.0,3.0,50.0,140,3.0,2.0,2.0,0.0,1.0,1.0,1.0,1,1,4.0,0.0,0.0,0.0,1997.0,2.0,31,0,0.0,2.0,1.0,9.0
5702,5,24,900,1,2,1,1.0,3.0,50.0,140,3.0,2.0,2.0,0.0,1.0,1.0,1.0,4,1,4.0,0.0,0.0,0.0,2007.0,1.0,7,0,0.0,2.0,2.0,1.0
5703,5,24,900,1,2,1,1.0,3.0,50.0,140,3.0,2.0,2.0,0.0,1.0,1.0,1.0,4,1,4.0,0.0,0.0,0.0,2007.0,2.0,31,0,0.0,2.0,1.0,9.0
5704,5,24,2145,1,1,2,1.0,3.0,272.0,140,3.0,2.0,2.0,0.0,1.0,4.0,1.0,1,1,4.0,0.0,0.0,0.0,1989.0,1.0,7,0,0.0,0.0,3.0,1.0
5705,5,24,2145,1,1,2,1.0,3.0,272.0,140,3.0,2.0,2.0,0.0,1.0,4.0,1.0,1,1,4.0,0.0,0.0,0.0,1989.0,1.0,7,0,0.0,2.0,7.0,1.0
5706,5,24,2145,1,1,2,1.0,3.0,272.0,140,3.0,2.0,2.0,0.0,1.0,4.0,1.0,1,4,4.0,0.0,0.0,0.0,1967.0,1.0,7,0,0.0,0.0,3.0,1.0
5707,5,24,2145,1,1,2,1.0,3.0,272.0,140,3.0,2.0,2.0,0.0,1.0,4.0,1.0,1,4,4.0,0.0,0.0,0.0,1967.0,1.0,7,0,0.0,2.0,7.0,1.0
5708,5,24,2145,1,1,2,1.0,3.0,272.0,140,3.0,2.0,2.0,0.0,1.0,4.0,1.0,4,1,4.0,0.0,0.0,0.0,2005.0,1.0,7,0,0.0,0.0,3.0,1.0
5709,5,24,2145,1,1,2,1.0,3.0,272.0,140,3.0,2.0,2.0,0.0,1.0,4.0,1.0,4,1,4.0,0.0,0.0,0.0,2005.0,1.0,7,0,0.0,2.0,7.0,1.0
5710,6,9,1700,1,2,1,1.0,3.0,369.0,140,3.0,2.0,2.0,0.0,2.0,4.0,1.0,1,1,2.0,0.0,0.0,0.0,1991.0,1.0,21,0,0.0,2.0,0.0,13.0
5711,6,9,1700,1,2,1,1.0,3.0,369.0,140,3.0,2.0,2.0,0.0,2.0,4.0,1.0,1,1,2.0,0.0,0.0,0.0,1991.0,2.0,2,0,0.0,2.0,3.0,1.0
5712,6,9,1700,1,2,1,1.0,3.0,369.0,140,3.0,2.0,2.0,0.0,2.0,4.0,1.0,1,1,4.0,0.0,0.0,0.0,1997.0,1.0,21,0,0.0,2.0,0.0,13.0
5713,6,9,1700,1,2,1,1.0,3.0,369.0,140,3.0,2.0,2.0,0.0,2.0,4.0,1.0,1,1,4.0,0.0,0.0,0.0,1997.0,2.0,2,0,0.0,2.0,3.0,1.0
5714,8,4,1215,1,2,7,1.0,6.0,370.0,140,6.0,0.0,0.0,0.0,0.0,0.0,0.0,1,4,4.0,0.0,0.0,0.0,1951.0,0.0,7,0,0.0,1.0,4.0,4.0
5715,8,4,1215,1,2,7,1.0,6.0,370.0,140,6.0,0.0,0.0,0.0,0.0,0.0,0.0,3,1,4.0,0.0,3.0,1.0,1946.0,0.0,7,0,0.0,1.0,4.0,4.0
5716,8,12,1630,1,2,2,1.0,6.0,312.0,140,3.0,2.0,2.0,0.0,2.0,1.0,1.0,1,4,1.0,0.0,0.0,0.0,1979.0,0.0,7,0,0.0,1.0,8.0,15.0