,month,day,time,light,location,intersection,atmosphere,collision,municipality,department,road,traffic,nblanes,reslane,laneprofile,plan,surface,user,sex,route,pedlocation,pedaction,pedcondition,birth,dirtraffic,catvehicle,nboccupants,obstacle,movobstacle,impact,maneuver
5717,8,12,1630,1,2,2,1.0,6.0,312.0,140,3.0,2.0,2.0,0.0,2.0,1.0,1.0,3,4,4.0,4.0,3.0,1.0,1953.0,0.0,7,0,0.0,1.0,8.0,15.0
5718,8,25,1000,1,1,1,1.0,6.0,342.0,140,3.0,2.0,2.0,0.0,1.0,3.0,1.0,1,1,4.0,0.0,0.0,0.0,1990.0,0.0,7,0,13.0,0.0,9.0,13.0
5719,8,25,1000,1,1,1,1.0,6.0,342.0,140,3.0,2.0,2.0,0.0,1.0,3.0,1.0,4,4,4.0,0.0,0.0,0.0,1992.0,0.0,7,0,13.0,0.0,9.0,13.0
5720,8,25,1000,1,1,1,1.0,6.0,342.0,140,3.0,2.0,2.0,0.0,1.0,3.0,1.0,4,4,4.0,0.0,0.0,0.0,1990.0,0.0,7,0,13.0,0.0,9.0,13.0
5721,9,1,945,1,1,2,1.0,3.0,714.0,140,3.0,2.0,2.0,0.0,1.0,1.0,1.0,1,4,4.0,0.0,0.0,0.0,1952.0,1.0,7,0,0.0,2.0,6.0,1.0
5722,9,1,945,1,1,2,1.0,3.0,714.0,140,3.0,2.0,2.0,0.0,1.0,1.0,1.0,1,4,4.0,0.0,0.0,0.0,1952.0,1.0,7,0,0.0,2.0,1.0,1.0
5723,9,1,945,1,1,2,1.0,3.0,714.0,140,3.0,2.0,2.0,0.0,1.0,1.0,1.0,1,4,0.0,0.0,0.0,0.0,1970.0,1.0,7,0,0.0,2.0,6.0,1.0
5724,9,1,945,1,1,2,1.0,3.0,714.0,140,3.0,2.0,2.0,0.0,1.0,1.0,1.0,1,4,0.0,0.0,0.0,0.0,1970.0,1.0,7,0,0.0,2.0,1.0,1.0
5725,10,1,2045,3,1,1,2.0,5.0,643.0,140,3.0,2.0,2.0,0.0,2.0,1.0,2.0,1,4,4.0,0.0,0.0,0.0,1939.0,2.0,7,0,1.0,2.0,1.0,13.0
5726,10,1,2045,3,1,1,2.0,5.0,643.0,140,3.0,2.0,2.0,0.0,2.0,1.0,2.0,1,4,4.0,0.0,0.0,0.0,1939.0,1.0,7,0,0.0,2.0,1.0,1.0
5727,10,1,2045,3,1,1,2.0,5.0,643.0,140,3.0,2.0,2.0,0.0,2.0,1.0,2.0,1,4,4.0,0.0,0.0,0.0,1939.0,1.0,7,0,0.0,2.0,2.0,23.0
5728,10,1,2045,3,1,1,2.0,5.0,643.0,140,3.0,2.0,2.0,0.0,2.0,1.0,2.0,1,1,4.0,0.0,0.0,0.0,1991.0,2.0,7,0,1.0,2.0,1.0,13.0
5729,10,1,2045,3,1,1,2.0,5.0,643.0,140,3.0,2.0,2.0,0.0,2.0,1.0,2.0,1,1,4.0,0.0,0.0,0.0,1991.0,1.0,7,0,0.0,2.0,1.0,1.0
5730,10,1,2045,3,1,1,2.0,5.0,643.0,140,3.0,2.0,2.0,0.0,2.0,1.0,2.0,1,1,4.0,0.0,0.0,0.0,1991.0,1.0,7,0,0.0,2.0,2.0,23.0
5731,10,1,2045,3,1,1,2.0,5.0,643.0,140,3.0,2.0,2.0,0.0,2.0,1.0,2.0,4,4,4.0,0.0,0.0,0.0,1991.0,2.0,7,0,1.0,2.0,1.0,13.0
5732,10,1,2045,3,1,1,2.0,5.0,643.0,140,3.0,2.0,2.0,0.0,2.0,1.0,2.0,4,4,4.0,0.0,0.0,0.0,1991.0,1.0,7,0,0.0,2.0,1.0,1.0
5733,10,1,2045,3,1,1,2.0,5.0,643.0,140,3.0,2.0,2.0,0.0,2.0,1.0,2.0,4,4,4.0,0.0,0.0,0.0,1991.0,1.0,7,0,0.0,2.0,2.0,23.0
5734,10,1,2045,3,1,1,2.0,5.0,643.0,140,3.0,2.0,2.0,0.0,2.0,1.0,2.0,1,4,4.0,0.0,0.0,0.0,1974.0,2.0,7,0,1.0,2.0,1.0,13.0
5735,10,1,2045,3,1,1,2.0,5.0,643.0,140,3.0,2.0,2.0,0.0,2.0,1.0,2.0,1,4,4.0,0.0,0.0,0.0,1974.0,1.0,7,0,0.0,2.0,1.0,1.0
5736,10,1,2045,3,1,1,2.0,5.0,643.0,140,3.0,2.0,2.0,0.0,2.0,1.0,2.0,1,4,4.0,0.0,0.0,0.0,1974.0,1.0,7,0,0.0,2.0,2.0,23.0
5737,10,19,1630,1,2,1,1.0,6.0,342.0,140,3.0,2.0,2.0,0.0,1.0,1.0,1.0,1,1,3.0,0.0,0.0,0.0,1946.0,2.0,7,0,6.0,1.0,2.0,14.0
5738,10,19,1630,1,2,1,1.0,6.0,342.0,140,3.0,2.0,2.0,0.0,1.0,1.0,1.0,4,4,3.0,0.0,0.0,0.0,1954.0,2.0,7,0,6.0,1.0,2.0,14.0
5739,10,19,1630,1,2,1,1.0,6.0,342.0,140,3.0,2.0,2.0,0.0,1.0,1.0,1.0,3,4,3.0,4.0,1.0,4.0,2003.0,2.0,7,0,6.0,1.0,2.0,14.0
5740,11,4,730,5,2,1,1.0,6.0,370.0,140,3.0,2.0,2.0,0.0,1.0,1.0,1.0,1,4,2.0,0.0,0.0,0.0,1975.0,1.0,7,0,0.0,1.0,4.0,4.0
5741,11,4,730,5,2,1,1.0,6.0,370.0,140,3.0,2.0,2.0,0.0,1.0,1.0,1.0,3,1,1.0,2.0,3.0,1.0,1970.0,1.0,7,0,0.0,1.0,4.0,4.0
5742,12,6,1700,1,1,1,1.0,1.0,716.0,140,3.0,2.0,2.0,0.0,2.0,1.0,1.0,1,1,4.0,0.0,0.0,0.0,1975.0,1.0,7,0,0.0,2.0,1.0,13.0
5743,12,6,1700,1,1,1,1.0,1.0,716.0,140,3.0,2.0,2.0,0.0,2.0,1.0,1.0,1,1,4.0,0.0,0.0,0.0,1975.0,2.0,7,0,0.0,2.0,3.0,1.0
5744,12,6,1700,1,1,1,1.0,1.0,716.0,140,3.0,2.0,2.0,0.0,2.0,1.0,1.0,4,4,0.0,0.0,0.0,0.0,2006.0,1.0,7,0,0.0,2.0,1.0,13.0
5745,12,6,1700,1,1,1,1.0,1.0,716.0,140,3.0,2.0,2.0,0.0,2.0,1.0,1.0,4,4,0.0,0.0,0.0,0.0,2006.0,2.0,7,0,0.0,2.0,3.0,1.0
5746,12,6,1700,1,1,1,1.0,1.0,716.0,140,3.0,2.0,2.0,0.0,2.0,1.0,1.0,1,4,4.0,0.0,0.0,0.0,1963.0,1.0,7,0,0.0,2.0,1.0,13.0
5747,12,6,1700,1,1,1,1.0,1.0,716.0,140,3.0,2.0,2.0,0.0,2.0,1.0,1.0,1,4,4.0,0.0,0.0,0.0,1963.0,2.0,7,0,0.0,2.0,3.0,1.0
5748,12,6,1700,1,1,1,1.0,1.0,716.0,140,3.0,2.0,2.0,0.0,2.0,1.0,1.0,4,1,0.0,0.0,0.0,0.0,1960.0,1.0,7,0,0.0,2.0,1.0,13.0
5749,12,6,1700,1,1,1,1.0,1.0,716.0,140,3.0,2.0,2.0,0.0,2.0,1.0,1.0,4,1,0.0,0.0,0.0,0.0,1960.0,2.0,7,0,0.0,2.0,3.0,1.0
5750,12,9,2045,3,1,1,1.0,6.0,312.0,140,3.0,2.0,0.0,0.0,0.0,1.0,0.0,1,1,4.0,0.0,0.0,0.0,1999.0,0.0,10,0,2.0,0.0,2.0,21.0
5751,12,9,2045,3,1,1,1.0,6.0,312.0,140,3.0,2.0,0.0,0.0,0.0,1.0,0.0,4,1,0.0,0.0,0.0,0.0,2000.0,0.0,10,0,2.0,0.0,2.0,21.0
5752,12,9,2045,3,1,1,1.0,6.0,312.0,140,3.0,2.0,0.0,0.0,0.0,1.0,0.0,4,1,0.0,0.0,0.0,0.0,2000.0,0.0,10,0,2.0,0.0,2.0,21.0
5753,12,9,2045,3,1,1,1.0,6.0,312.0,140,3.0,2.0,0.0,0.0,0.0,1.0,0.0,4,1,0.0,0.0,0.0,0.0,2000.0,0.0,10,0,2.0,0.0,2.0,21.0
5754,12,6,930,2,1,1,1.0,6.0,705.0,140,3.0,0.0,0.0,0.0,3.0,3.0,2.0,1,1,1.0,0.0,0.0,0.0,1986.0,0.0,7,0,13.0,0.0,1.0,1.0
5755,12,11,1745,3,1,1,5.0,7.0,370.0,140,4.0,2.0,2.0,0.0,1.0,1.0,6.0,1,4,4.0,0.0,0.0,0.0,1960.0,0.0,7,0,13.0,0.0,1.0,1.0
5756,2,3,1415,1,1,1,1.0,7.0,720.0,140,3.0,2.0,1.0,0.0,1.0,1.0,2.0,1,4,4.0,0.0,0.0,0.0,1998.0,1.0,30,0,0.0,2.0,0.0,21.0
5757,9,1,1000,1,1,1,1.0,3.0,737.0,140,3.0,2.0,1.0,0.0,1.0,4.0,1.0,1,4,4.0,0.0,0.0,0.0,1977.0,1.0,7,0,0.0,2.0,3.0,1.0
5758,9,1,1000,1,1,1,1.0,3.0,737.0,140,3.0,2.0,1.0,0.0,1.0,4.0,1.0,1,4,4.0,0.0,0.0,0.0,1977.0,2.0,7,0,0.0,2.0,3.0,1.0
5759,9,1,1000,1,1,1,1.0,3.0,737.0,140,3.0,2.0,1.0,0.0,1.0,4.0,1.0,1,4,4.0,0.0,0.0,0.0,1973.0,1.0,7,0,0.0,2.0,3.0,1.0
5760,9,1,1000,1,1,1,1.0,3.0,737.0,140,3.0,2.0,1.0,0.0,1.0,4.0,1.0,1,4,4.0,0.0,0.0,0.0,1973.0,2.0,7,0,0.0,2.0,3.0,1.0
5761,9,1,1000,1,1,1,1.0,3.0,737.0,140,3.0,2.0,1.0,0.0,1.0,4.0,1.0,4,4,0.0,0.0,0.0,0.0,1995.0,1.0,7,0,0.0,2.0,3.0,1.0
5762,9,1,1000,1,1,1,1.0,3.0,737.0,140,3.0,2.0,1.0,0.0,1.0,4.0,1.0,4,4,0.0,0.0,0.0,0.0,1995.0,2.0,7,0,0.0,2.0,3.0,1.0
5763,9,21,1515,1,2,1,1.0,1.0,258.0,140,3.0,2.0,0.0,0.0,1.0,1.0,1.0,1,1,2.0,0.0,0.0,0.0,1992.0,2.0,10,0,0.0,2.0,1.0,15.0
5764,9,21,1515,1,2,1,1.0,1.0,258.0,140,3.0,2.0,0.0,0.0,1.0,1.0,1.0,1,1,2.0,0.0,0.0,0.0,1992.0,1.0,7,0,0.0,2.0,1.0,1.0
5765,9,21,1515,1,2,1,1.0,1.0,258.0,140,3.0,2.0,0.0,0.0,1.0,1.0,1.0,1,1,4.0,0.0,0.0,0.0,1975.0,2.0,10,0,0.0,2.0,1.0,15.0
5766,9,21,1515,1,2,1,1.0,1.0,258.0,140,3.0,2.0,0.0,0.0,1.0,1.0,1.0,1,1,4.0,0.0,0.0,0.0,1975.0,1.0,7,0,0.0,2.0,1.0,1.0
5767,9,21,1515,1,2,1,1.0,1.0,258.0,140,3.0,2.0,0.0,0.0,1.0,1.0,1.0,4,4,0.0,0.0,0.0,0.0,1976.0,2.0,10,0,0.0,2.0,1.0,15.0
5768,9,21,1515,1,2,1,1.0,1.0,258.0,140,3.0,2.0,0.0,0.0,1.0,1.0,1.0,4,4,0.0,0.0,0.0,0.0,1976.0,1.0,7,0,0.0,2.0,1.0,1.0
5769,9,23,645,2,1,1,5.0,6.0,258.0,140,3.0,0.0,2.0,0.0,0.0,1.0,1.0,1,4,1.0,0.0,0.0,0.0,1992.0,2.0,7,0,13.0,0.0,3.0,6.0
5770,11,9,1815,5,2,1,2.0,6.0,258.0,140,4.0,2.0,2.0,0.0,1.0,1.0,2.0,1,4,1.0,0.0,0.0,0.0,1966.0,0.0,7,0,0.0,1.0,2.0,15.0
5771,11,9,1815,5,2,1,2.0,6.0,258.0,140,4.0,2.0,2.0,0.0,1.0,1.0,2.0,3,1,1.0,2.0,3.0,1.0,1988.0,0.0,7,0,0.0,1.0,2.0,15.0
5772,11,14,2130,5,2,6,2.0,7.0,258.0,140,3.0,1.0,1.0,0.0,1.0,2.0,2.0,1,1,1.0,0.0,0.0,0.0,1978.0,2.0,30,0,0.0,0.0,8.0,1.0
5773,11,17,800,1,1,1,1.0,3.0,244.0,140,3.0,2.0,2.0,0.0,1.0,2.0,2.0,1,1,1.0,0.0,0.0,0.0,1975.0,2.0,7,0,0.0,2.0,3.0,13.0
5774,11,17,800,1,1,1,1.0,3.0,244.0,140,3.0,2.0,2.0,0.0,1.0,2.0,2.0,1,1,1.0,0.0,0.0,0.0,1975.0,1.0,7,0,0.0,2.0,3.0,1.0
5775,11,17,800,1,1,1,1.0,3.0,244.0,140,3.0,2.0,2.0,0.0,1.0,2.0,2.0,1,1,4.0,0.0,0.0,0.0,1968.0,2.0,7,0,0.0,2.0,3.0,13.0
5776,11,17,800,1,1,1,1.0,3.0,244.0,140,3.0,2.0,2.0,0.0,1.0,2.0,2.0,1,1,4.0,0.0,0.0,0.0,1968.0,1.0,7,0,0.0,2.0,3.0,1.0
5777,12,6,1900,5,2,1,1.0,6.0,258.0,140,4.0,2.0,2.0,0.0,1.0,1.0,1.0,1,4,1.0,0.0,0.0,0.0,1963.0,0.0,7,0,0.0,1.0,2.0,1.0
5778,12,6,1900,5,2,1,1.0,6.0,258.0,140,4.0,2.0,2.0,0.0,1.0,1.0,1.0,3,4,4.0,2.0,3.0,1.0,1930.0,0.0,7,0,0.0,1.0,2.0,1.0
5779,12,31,400,3,1,1,9.0,6.0,244.0,140,3.0,2.0,2.0,0.0,2.0,3.0,7.0,1,1,4.0,0.0,0.0,0.0,1961.0,1.0,7,0,13.0,0.0,2.0,1.0
5780,12,31,400,3,1,1,9.0,6.0,244.0,140,3.0,2.0,2.0,0.0,2.0,3.0,7.0,4,1,0.0,0.0,0.0,0.0,1996.0,1.0,7,0,13.0,0.0,2.0,1.0
5781,8,30,1415,1,1,1,1.0,6.0,251.0,140,3.0,2.0,2.0,0.0,4.0,3.0,1.0,1,1,4.0,0.0,0.0,0.0,1963.0,2.0,21,0,13.0,0.0,9.0,14.0
5782,8,30,1415,1,1,1,1.0,6.0,251.0,140,3.0,2.0,2.0,0.0,4.0,3.0,1.0,4,4,4.0,0.0,0.0,0.0,2007.0,2.0,21,0,13.0,0.0,9.0,14.0
5783,1,13,1145,1,1,1,8.0,7.0,713.0,140,4.0,2.0,1.0,0.0,2.0,1.0,1.0,1,1,4.0,0.0,0.0,0.0,1960.0,0.0,1,0,0.0,6.0,0.0,21.0
5784,1,30,1730,2,2,1,2.0,1.0,656.0,140,3.0,2.0,2.0,0.0,1.0,1.0,2.0,1,1,4.0,0.0,0.0,0.0,1998.0,1.0,2,0,0.0,2.0,1.0,1.0
5785,1,30,1730,2,2,1,2.0,1.0,656.0,140,3.0,2.0,2.0,0.0,1.0,1.0,2.0,1,1,4.0,0.0,0.0,0.0,1998.0,2.0,7,0,0.0,2.0,1.0,15.0
5786,1,30,1730,2,2,1,2.0,1.0,656.0,140,3.0,2.0,2.0,0.0,1.0,1.0,2.0,1,1,4.0,0.0,0.0,0.0,1975.0,1.0,2,0,0.0,2.0,1.0,1.0
5787,1,30,1730,2,2,1,2.0,1.0,656.0,140,3.0,2.0,2.0,0.0,1.0,1.0,2.0,1,1,4.0,0.0,0.0,0.0,1975.0,2.0,7,0,0.0,2.0,1.0,15.0
5788,2,6,200,5,2,1,1.0,6.0,764.0,140,3.0,2.0,2.0,0.0,2.0,1.0,1.0,1,1,4.0,0.0,0.0,0.0,1998.0,2.0,7,0,1.0,0.0,1.0,13.0
5789,11,6,1700,2,1,1,1.0,3.0,150.0,140,3.0,2.0,2.0,0.0,1.0,1.0,1.0,1,1,4.0,0.0,0.0,0.0,2013.0,1.0,7,0,0.0,2.0,0.0,0.0
5790,11,6,1700,2,1,1,1.0,3.0,150.0,140,3.0,2.0,2.0,0.0,1.0,1.0,1.0,1,1,4.0,0.0,0.0,0.0,2013.0,1.0,1,0,0.0,0.0,0.0,0.0
5791,11,7,815,1,1,1,8.0,6.0,531.0,140,3.0,2.0,2.0,0.0,2.0,1.0,2.0,1,4,4.0,0.0,0.0,0.0,1992.0,2.0,7,0,2.0,0.0,7.0,1.0
5792,11,11,845,1,2,1,1.0,1.0,207.0,140,3.0,2.0,2.0,0.0,1.0,2.0,1.0,1,1,1.0,0.0,0.0,0.0,1971.0,1.0,10,0,0.0,2.0,3.0,1.0
5793,11,11,845,1,2,1,1.0,1.0,207.0,140,3.0,2.0,2.0,0.0,1.0,2.0,1.0,1,1,1.0,0.0,0.0,0.0,1971.0,2.0,7,0,0.0,2.0,1.0,1.0
5794,11,11,845,1,2,1,1.0,1.0,207.0,140,3.0,2.0,2.0,0.0,1.0,2.0,1.0,1,4,4.0,0.0,0.0,0.0,1956.0,1.0,10,0,0.0,2.0,3.0,1.0
5795,11,11,845,1,2,1,1.0,1.0,207.0,140,3.0,2.0,2.0,0.0,1.0,2.0,1.0,1,4,4.0,0.0,0.0,0.0,1956.0,2.0,7,0,0.0,2.0,1.0,1.0
5796,11,6,1,3,1,1,2.0,7.0,703.0,140,3.0,0.0,0.0,0.0,0.0,0.0,2.0,1,1,0.0,0.0,0.0,0.0,1962.0,0.0,30,0,0.0,0.0,0.0,0.0
5797,4,4,715,2,1,1,1.0,1.0,764.0,140,3.0,2.0,0.0,0.0,1.0,1.0,1.0,1,4,4.0,0.0,0.0,0.0,1987.0,0.0,7,0,0.0,2.0,1.0,1.0
5798,4,4,715,2,1,1,1.0,1.0,764.0,140,3.0,2.0,0.0,0.0,1.0,1.0,1.0,1,4,4.0,0.0,0.0,0.0,1987.0,0.0,7,0,0.0,2.0,1.0,5.0
5799,4,4,715,2,1,1,1.0,1.0,764.0,140,3.0,2.0,0.0,0.0,1.0,1.0,1.0,1,1,1.0,0.0,0.0,0.0,1994.0,0.0,7,0,0.0,2.0,1.0,1.0
5800,4,4,715,2,1,1,1.0,1.0,764.0,140,3.0,2.0,0.0,0.0,1.0,1.0,1.0,1,1,1.0,0.0,0.0,0.0,1994.0,0.0,7,0,0.0,2.0,1.0,5.0
5801,12,11,1300,1,1,1,8.0,6.0,251.0,140,3.0,2.0,2.0,0.0,2.0,2.0,1.0,1,4,4.0,0.0,0.0,0.0,1985.0,1.0,7,0,6.0,0.0,9.0,0.0
5802,6,10,1700,1,1,1,1.0,7.0,531.0,140,3.0,2.0,2.0,0.0,2.0,1.0,1.0,1,1,1.0,0.0,0.0,0.0,1967.0,2.0,31,0,0.0,0.0,0.0,17.0
5803,7,6,1800,1,2,1,1.0,7.0,656.0,140,9.0,2.0,0.0,0.0,0.0,1.0,1.0,1,1,9.0,0.0,0.0,0.0,1980.0,0.0,35,0,0.0,0.0,2.0,10.0
5804,2,22,1315,1,2,1,1.0,6.0,654.0,140,3.0,2.0,2.0,0.0,1.0,1.0,1.0,1,4,1.0,0.0,0.0,0.0,1991.0,2.0,7,0,0.0,1.0,7.0,21.0
5805,2,22,1315,1,2,1,1.0,6.0,654.0,140,3.0,2.0,2.0,0.0,1.0,1.0,1.0,3,4,4.0,4.0,4.0,4.0,2010.0,2.0,7,0,0.0,1.0,7.0,21.0
5806,2,24,1930,3,1,1,1.0,6.0,648.0,140,3.0,0.0,3.0,0.0,1.0,1.0,1.0,1,1,1.0,0.0,0.0,0.0,1955.0,1.0,7,0,13.0,6.0,2.0,1.0
5807,2,24,1930,3,1,1,1.0,6.0,648.0,140,3.0,0.0,3.0,0.0,1.0,1.0,1.0,4,1,1.0,0.0,0.0,0.0,1959.0,1.0,7,0,13.0,6.0,2.0,1.0
5808,3,13,1045,1,1,2,1.0,1.0,425.0,140,3.0,2.0,2.0,0.0,3.0,1.0,1.0,1,1,4.0,0.0,0.0,0.0,1942.0,2.0,7,0,0.0,2.0,2.0,15.0
5809,3,13,1045,1,1,2,1.0,1.0,425.0,140,3.0,2.0,2.0,0.0,3.0,1.0,1.0,1,1,4.0,0.0,0.0,0.0,1942.0,1.0,33,0,0.0,2.0,1.0,21.0
5810,3,13,1045,1,1,2,1.0,1.0,425.0,140,3.0,2.0,2.0,0.0,3.0,1.0,1.0,1,1,4.0,0.0,0.0,0.0,1971.0,2.0,7,0,0.0,2.0,2.0,15.0
5811,3,13,1045,1,1,2,1.0,1.0,425.0,140,3.0,2.0,2.0,0.0,3.0,1.0,1.0,1,1,4.0,0.0,0.0,0.0,1971.0,1.0,33,0,0.0,2.0,1.0,21.0
5812,3,12,1700,1,1,1,1.0,7.0,337.0,140,3.0,2.0,3.0,0.0,2.0,3.0,1.0,1,1,4.0,0.0,0.0,0.0,1991.0,2.0,33,0,0.0,0.0,9.0,13.0
5813,4,13,1830,1,1,4,7.0,1.0,749.0,140,4.0,2.0,2.0,0.0,1.0,4.0,1.0,1,1,4.0,0.0,0.0,0.0,2001.0,0.0,30,0,0.0,2.0,1.0,16.0
5814,4,13,1830,1,1,4,7.0,1.0,749.0,140,4.0,2.0,2.0,0.0,1.0,4.0,1.0,1,1,4.0,0.0,0.0,0.0,2001.0,0.0,7,0,0.0,2.0,1.0,13.0
5815,4,13,1830,1,1,4,7.0,1.0,749.0,140,4.0,2.0,2.0,0.0,1.0,4.0,1.0,4,1,4.0,0.0,0.0,0.0,2001.0,0.0,30,0,0.0,2.0,1.0,16.0
5816,4,13,1830,1,1,4,7.0,1.0,749.0,140,4.0,2.0,2.0,0.0,1.0,4.0,1.0,4,1,4.0,0.0,0.0,0.0,2001.0,0.0,7,0,0.0,2.0,1.0,13.0
5817,4,13,1830,1,1,4,7.0,1.0,749.0,140,4.0,2.0,2.0,0.0,1.0,4.0,1.0,1,1,4.0,0.0,0.0,0.0,1974.0,0.0,30,0,0.0,2.0,1.0,16.0
5818,4,13,1830,1,1,4,7.0,1.0,749.0,140,4.0,2.0,2.0,0.0,1.0,4.0,1.0,1,1,4.0,0.0,0.0,0.0,1974.0,0.0,7,0,0.0,2.0,1.0,13.0
5819,4,13,1830,1,1,4,7.0,1.0,749.0,140,4.0,2.0,2.0,0.0,1.0,4.0,1.0,4,1,4.0,0.0,0.0,0.0,1981.0,0.0,30,0,0.0,2.0,1.0,16.0
5820,4,13,1830,1,1,4,7.0,1.0,749.0,140,4.0,2.0,2.0,0.0,1.0,4.0,1.0,4,1,4.0,0.0,0.0,0.0,1981.0,0.0,7,0,0.0,2.0,1.0,13.0
5821,4,19,1645,1,1,1,1.0,7.0,648.0,140,3.0,2.0,2.0,0.0,1.0,1.0,1.0,1,1,4.0,0.0,0.0,0.0,1935.0,1.0,1,0,0.0,0.0,8.0,1.0
5822,6,26,1900,1,1,3,1.0,3.0,331.0,140,3.0,2.0,2.0,0.0,1.0,1.0,1.0,1,1,4.0,0.0,0.0,0.0,1963.0,1.0,33,0,0.0,2.0,2.0,1.0
5823,6,26,1900,1,1,3,1.0,3.0,331.0,140,3.0,2.0,2.0,0.0,1.0,1.0,1.0,1,1,4.0,0.0,0.0,0.0,1963.0,1.0,7,0,0.0,2.0,1.0,15.0
5824,6,26,1900,1,1,3,1.0,3.0,331.0,140,3.0,2.0,2.0,0.0,1.0,1.0,1.0,4,4,4.0,0.0,0.0,0.0,1969.0,1.0,33,0,0.0,2.0,2.0,1.0
5825,6,26,1900,1,1,3,1.0,3.0,331.0,140,3.0,2.0,2.0,0.0,1.0,1.0,1.0,4,4,4.0,0.0,0.0,0.0,1969.0,1.0,7,0,0.0,2.0,1.0,15.0
5826,6,26,1900,1,1,3,1.0,3.0,331.0,140,3.0,2.0,2.0,0.0,1.0,1.0,1.0,1,4,1.0,0.0,0.0,0.0,1991.0,1.0,33,0,0.0,2.0,2.0,1.0
5827,6,26,1900,1,1,3,1.0,3.0,331.0,140,3.0,2.0,2.0,0.0,1.0,1.0,1.0,1,4,1.0,0.0,0.0,0.0,1991.0,1.0,7,0,0.0,2.0,1.0,15.0
5828,7,22,1645,1,1,1,1.0,1.0,749.0,140,3.0,2.0,2.0,0.0,1.0,1.0,1.0,1,4,4.0,0.0,0.0,0.0,1978.0,1.0,7,0,0.0,2.0,3.0,15.0
5829,7,22,1645,1,1,1,1.0,1.0,749.0,140,3.0,2.0,2.0,0.0,1.0,1.0,1.0,1,4,4.0,0.0,0.0,0.0,1978.0,2.0,7,0,0.0,2.0,3.0,1.0
5830,7,22,1645,1,1,1,1.0,1.0,749.0,140,3.0,2.0,2.0,0.0,1.0,1.0,1.0,1,1,4.0,0.0,0.0,0.0,1993.0,1.0,7,0,0.0,2.0,3.0,15.0
5831,7,22,1645,1,1,1,1.0,1.0,749.0,140,3.0,2.0,2.0,0.0,1.0,1.0,1.0,1,1,4.0,0.0,0.0,0.0,1993.0,2.0,7,0,0.0,2.0,3.0,1.0
5832,8,2,1815,1,1,2,1.0,3.0,362.0,140,3.0,2.0,2.0,0.0,1.0,1.0,2.0,1,1,2.0,0.0,0.0,0.0,1971.0,1.0,21,0,13.0,2.0,3.0,1.0
5833,8,2,1815,1,1,2,1.0,3.0,362.0,140,3.0,2.0,2.0,0.0,1.0,1.0,2.0,1,1,2.0,0.0,0.0,0.0,1971.0,2.0,7,0,15.0,2.0,2.0,19.0
5834,8,2,1815,1,1,2,1.0,3.0,362.0,140,3.0,2.0,2.0,0.0,1.0,1.0,2.0,4,4,4.0,0.0,0.0,0.0,1993.0,1.0,21,0,13.0,2.0,3.0,1.0
5835,8,2,1815,1,1,2,1.0,3.0,362.0,140,3.0,2.0,2.0,0.0,1.0,1.0,2.0,4,4,4.0,0.0,0.0,0.0,1993.0,2.0,7,0,15.0,2.0,2.0,19.0
5836,8,2,1815,1,1,2,1.0,3.0,362.0,140,3.0,2.0,2.0,0.0,1.0,1.0,2.0,1,1,4.0,0.0,0.0,0.0,1993.0,1.0,21,0,13.0,2.0,3.0,1.0
5837,8,2,1815,1,1,2,1.0,3.0,362.0,140,3.0,2.0,2.0,0.0,1.0,1.0,2.0,1,1,4.0,0.0,0.0,0.0,1993.0,2.0,7,0,15.0,2.0,2.0,19.0
5838,8,22,1700,1,2,2,1.0,3.0,431.0,140,4.0,2.0,2.0,0.0,1.0,1.0,1.0,1,4,3.0,0.0,0.0,0.0,1980.0,0.0,7,0,0.0,2.0,7.0,1.0
5839,8,22,1700,1,2,2,1.0,3.0,431.0,140,4.0,2.0,2.0,0.0,1.0,1.0,1.0,1,4,3.0,0.0,0.0,0.0,1980.0,0.0,2,0,0.0,2.0,1.0,21.0
5840,8,22,1700,1,2,2,1.0,3.0,431.0,140,4.0,2.0,2.0,0.0,1.0,1.0,1.0,1,1,4.0,0.0,0.0,0.0,2001.0,0.0,7,0,0.0,2.0,7.0,1.0
5841,8,22,1700,1,2,2,1.0,3.0,431.0,140,4.0,2.0,2.0,0.0,1.0,1.0,1.0,1,1,4.0,0.0,0.0,0.0,2001.0,0.0,2,0,0.0,2.0,1.0,21.0
5842,9,8,1730,1,1,1,1.0,3.0,431.0,140,3.0,2.0,0.0,0.0,1.0,1.0,1.0,1,1,4.0,0.0,0.0,0.0,1981.0,0.0,7,0,0.0,0.0,5.0,19.0
5843,9,8,1730,1,1,1,1.0,3.0,431.0,140,3.0,2.0,0.0,0.0,1.0,1.0,1.0,1,1,4.0,0.0,0.0,0.0,1981.0,0.0,7,0,0.0,0.0,1.0,0.0
5844,9,8,1730,1,1,1,1.0,3.0,431.0,140,3.0,2.0,0.0,0.0,1.0,1.0,1.0,4,4,0.0,0.0,0.0,0.0,2012.0,0.0,7,0,0.0,0.0,5.0,19.0
5845,9,8,1730,1,1,1,1.0,3.0,431.0,140,3.0,2.0,0.0,0.0,1.0,1.0,1.0,4,4,0.0,0.0,0.0,0.0,2012.0,0.0,7,0,0.0,0.0,1.0,0.0