,month,day,time,light,location,intersection,atmosphere,collision,municipality,department,road,traffic,nblanes,reslane,laneprofile,plan,surface,user,sex,route,pedlocation,pedaction,pedcondition,birth,dirtraffic,catvehicle,nboccupants,obstacle,movobstacle,impact,maneuver
5846,9,8,1730,1,1,1,1.0,3.0,431.0,140,3.0,2.0,0.0,0.0,1.0,1.0,1.0,1,1,4.0,0.0,0.0,0.0,1945.0,0.0,7,0,0.0,0.0,5.0,19.0
5847,9,8,1730,1,1,1,1.0,3.0,431.0,140,3.0,2.0,0.0,0.0,1.0,1.0,1.0,1,1,4.0,0.0,0.0,0.0,1945.0,0.0,7,0,0.0,0.0,1.0,0.0
5848,9,10,1600,1,1,1,1.0,6.0,422.0,140,3.0,2.0,2.0,0.0,0.0,2.0,1.0,1,1,4.0,0.0,0.0,0.0,1962.0,2.0,7,0,2.0,0.0,1.0,1.0
5849,10,21,1830,2,1,1,2.0,6.0,331.0,140,3.0,2.0,2.0,0.0,1.0,1.0,2.0,1,4,4.0,0.0,0.0,0.0,1982.0,2.0,7,0,8.0,0.0,1.0,1.0
5850,10,21,1830,2,1,1,2.0,6.0,331.0,140,3.0,2.0,2.0,0.0,1.0,1.0,2.0,4,1,4.0,0.0,0.0,0.0,1980.0,2.0,7,0,8.0,0.0,1.0,1.0
5851,11,15,1815,5,2,1,2.0,7.0,431.0,140,3.0,2.0,2.0,0.0,1.0,1.0,2.0,1,4,4.0,0.0,0.0,0.0,1999.0,1.0,30,0,0.0,0.0,0.0,1.0
5852,10,16,515,3,1,1,6.0,6.0,735.0,140,3.0,2.0,2.0,0.0,1.0,1.0,1.0,1,1,4.0,0.0,0.0,0.0,1995.0,1.0,7,0,13.0,0.0,1.0,1.0
5853,12,4,1700,3,1,1,1.0,6.0,425.0,140,3.0,2.0,2.0,0.0,2.0,1.0,1.0,1,4,4.0,0.0,0.0,0.0,1998.0,1.0,7,0,2.0,0.0,1.0,1.0
5854,1,31,10,5,2,1,2.0,6.0,371.0,140,3.0,2.0,2.0,0.0,1.0,1.0,2.0,1,1,4.0,0.0,0.0,0.0,1998.0,2.0,7,0,6.0,0.0,6.0,14.0
5855,1,31,10,5,2,1,2.0,6.0,371.0,140,3.0,2.0,2.0,0.0,1.0,1.0,2.0,4,1,4.0,0.0,0.0,0.0,1997.0,2.0,7,0,6.0,0.0,6.0,14.0
5856,2,9,945,1,1,1,3.0,6.0,326.0,140,3.0,2.0,2.0,0.0,2.0,2.0,3.0,1,4,4.0,0.0,0.0,0.0,1986.0,1.0,7,0,13.0,0.0,1.0,13.0
5857,5,29,2015,1,1,1,1.0,6.0,460.0,140,3.0,2.0,2.0,0.0,1.0,1.0,1.0,1,4,4.0,0.0,0.0,0.0,1996.0,1.0,7,0,2.0,0.0,7.0,13.0
5858,5,29,2015,1,1,1,1.0,6.0,460.0,140,3.0,2.0,2.0,0.0,1.0,1.0,1.0,4,1,4.0,0.0,0.0,0.0,1996.0,1.0,7,0,2.0,0.0,7.0,13.0
5859,5,29,2015,1,1,1,1.0,6.0,460.0,140,3.0,2.0,2.0,0.0,1.0,1.0,1.0,4,4,4.0,0.0,0.0,0.0,2001.0,1.0,7,0,2.0,0.0,7.0,13.0
5860,6,2,1000,1,1,1,8.0,1.0,429.0,140,3.0,2.0,2.0,0.0,2.0,4.0,2.0,1,1,3.0,0.0,0.0,0.0,1987.0,2.0,7,0,0.0,2.0,2.0,13.0
5861,6,2,1000,1,1,1,8.0,1.0,429.0,140,3.0,2.0,2.0,0.0,2.0,4.0,2.0,1,1,3.0,0.0,0.0,0.0,1987.0,1.0,7,0,0.0,2.0,1.0,1.0
5862,6,2,1000,1,1,1,8.0,1.0,429.0,140,3.0,2.0,2.0,0.0,2.0,4.0,2.0,4,4,3.0,0.0,0.0,0.0,1986.0,2.0,7,0,0.0,2.0,2.0,13.0
5863,6,2,1000,1,1,1,8.0,1.0,429.0,140,3.0,2.0,2.0,0.0,2.0,4.0,2.0,4,4,3.0,0.0,0.0,0.0,1986.0,1.0,7,0,0.0,2.0,1.0,1.0
5864,6,2,1000,1,1,1,8.0,1.0,429.0,140,3.0,2.0,2.0,0.0,2.0,4.0,2.0,1,4,4.0,0.0,0.0,0.0,1979.0,2.0,7,0,0.0,2.0,2.0,13.0
5865,6,2,1000,1,1,1,8.0,1.0,429.0,140,3.0,2.0,2.0,0.0,2.0,4.0,2.0,1,4,4.0,0.0,0.0,0.0,1979.0,1.0,7,0,0.0,2.0,1.0,1.0
5866,6,30,1230,1,1,2,8.0,3.0,504.0,140,3.0,2.0,0.0,0.0,1.0,1.0,1.0,1,1,4.0,0.0,0.0,0.0,1935.0,1.0,7,0,0.0,2.0,7.0,19.0
5867,6,30,1230,1,1,2,8.0,3.0,504.0,140,3.0,2.0,0.0,0.0,1.0,1.0,1.0,1,1,4.0,0.0,0.0,0.0,1935.0,2.0,7,0,0.0,2.0,1.0,1.0
5868,6,30,1230,1,1,2,8.0,3.0,504.0,140,3.0,2.0,0.0,0.0,1.0,1.0,1.0,1,1,4.0,0.0,0.0,0.0,1998.0,1.0,7,0,0.0,2.0,7.0,19.0
5869,6,30,1230,1,1,2,8.0,3.0,504.0,140,3.0,2.0,0.0,0.0,1.0,1.0,1.0,1,1,4.0,0.0,0.0,0.0,1998.0,2.0,7,0,0.0,2.0,1.0,1.0
5870,6,30,1230,1,1,2,8.0,3.0,504.0,140,3.0,2.0,0.0,0.0,1.0,1.0,1.0,4,1,4.0,0.0,0.0,0.0,1998.0,1.0,7,0,0.0,2.0,7.0,19.0
5871,6,30,1230,1,1,2,8.0,3.0,504.0,140,3.0,2.0,0.0,0.0,1.0,1.0,1.0,4,1,4.0,0.0,0.0,0.0,1998.0,2.0,7,0,0.0,2.0,1.0,1.0
5872,8,28,400,3,1,1,1.0,6.0,193.0,140,4.0,2.0,2.0,0.0,2.0,2.0,1.0,1,1,4.0,0.0,0.0,0.0,1994.0,0.0,7,0,8.0,0.0,1.0,14.0
5873,8,28,400,3,1,1,1.0,6.0,193.0,140,4.0,2.0,2.0,0.0,2.0,2.0,1.0,4,1,4.0,0.0,0.0,0.0,1996.0,0.0,7,0,8.0,0.0,1.0,14.0
5874,9,4,530,3,1,1,9.0,7.0,270.0,140,3.0,2.0,3.0,0.0,1.0,1.0,1.0,1,1,4.0,0.0,0.0,0.0,1996.0,2.0,30,0,13.0,0.0,4.0,1.0
5875,9,10,1700,1,1,1,1.0,3.0,460.0,140,3.0,2.0,0.0,0.0,1.0,1.0,1.0,1,1,4.0,0.0,0.0,0.0,1997.0,1.0,10,0,0.0,2.0,8.0,1.0
5876,9,10,1700,1,1,1,1.0,3.0,460.0,140,3.0,2.0,0.0,0.0,1.0,1.0,1.0,1,1,4.0,0.0,0.0,0.0,1997.0,2.0,1,0,0.0,2.0,8.0,13.0
5877,9,10,1700,1,1,1,1.0,3.0,460.0,140,3.0,2.0,0.0,0.0,1.0,1.0,1.0,4,1,0.0,0.0,0.0,0.0,1969.0,1.0,10,0,0.0,2.0,8.0,1.0
5878,9,10,1700,1,1,1,1.0,3.0,460.0,140,3.0,2.0,0.0,0.0,1.0,1.0,1.0,4,1,0.0,0.0,0.0,0.0,1969.0,2.0,1,0,0.0,2.0,8.0,13.0
5879,9,10,1700,1,1,1,1.0,3.0,460.0,140,3.0,2.0,0.0,0.0,1.0,1.0,1.0,4,1,0.0,0.0,0.0,0.0,1947.0,1.0,10,0,0.0,2.0,8.0,1.0
5880,9,10,1700,1,1,1,1.0,3.0,460.0,140,3.0,2.0,0.0,0.0,1.0,1.0,1.0,4,1,0.0,0.0,0.0,0.0,1947.0,2.0,1,0,0.0,2.0,8.0,13.0
5881,9,10,1700,1,1,1,1.0,3.0,460.0,140,3.0,2.0,0.0,0.0,1.0,1.0,1.0,1,1,4.0,0.0,0.0,0.0,1947.0,1.0,10,0,0.0,2.0,8.0,1.0
5882,9,10,1700,1,1,1,1.0,3.0,460.0,140,3.0,2.0,0.0,0.0,1.0,1.0,1.0,1,1,4.0,0.0,0.0,0.0,1947.0,2.0,1,0,0.0,2.0,8.0,13.0
5883,10,26,1330,1,1,1,1.0,2.0,582.0,140,3.0,2.0,0.0,0.0,1.0,1.0,1.0,1,4,1.0,0.0,0.0,0.0,1974.0,1.0,7,0,0.0,2.0,2.0,14.0
5884,10,26,1330,1,1,1,1.0,2.0,582.0,140,3.0,2.0,0.0,0.0,1.0,1.0,1.0,1,4,1.0,0.0,0.0,0.0,1974.0,1.0,1,0,0.0,2.0,4.0,1.0
5885,10,26,1330,1,1,1,1.0,2.0,582.0,140,3.0,2.0,0.0,0.0,1.0,1.0,1.0,1,1,4.0,0.0,0.0,0.0,1948.0,1.0,7,0,0.0,2.0,2.0,14.0
5886,10,26,1330,1,1,1,1.0,2.0,582.0,140,3.0,2.0,0.0,0.0,1.0,1.0,1.0,1,1,4.0,0.0,0.0,0.0,1948.0,1.0,1,0,0.0,2.0,4.0,1.0
5887,12,22,1830,3,1,1,1.0,2.0,504.0,140,3.0,2.0,2.0,0.0,1.0,3.0,1.0,1,1,4.0,0.0,0.0,0.0,1962.0,0.0,7,0,0.0,0.0,1.0,2.0
5888,12,22,1830,3,1,1,1.0,2.0,504.0,140,3.0,2.0,2.0,0.0,1.0,3.0,1.0,1,1,4.0,0.0,0.0,0.0,1962.0,0.0,1,0,0.0,0.0,4.0,2.0
5889,12,22,1830,3,1,1,1.0,2.0,504.0,140,3.0,2.0,2.0,0.0,1.0,3.0,1.0,1,1,4.0,0.0,0.0,0.0,1989.0,0.0,7,0,0.0,0.0,1.0,2.0
5890,12,22,1830,3,1,1,1.0,2.0,504.0,140,3.0,2.0,2.0,0.0,1.0,3.0,1.0,1,1,4.0,0.0,0.0,0.0,1989.0,0.0,1,0,0.0,0.0,4.0,2.0
5891,11,9,1300,1,1,2,8.0,3.0,431.0,140,3.0,2.0,2.0,0.0,1.0,1.0,2.0,1,4,4.0,0.0,0.0,0.0,1985.0,1.0,7,0,0.0,2.0,8.0,1.0
5892,11,9,1300,1,1,2,8.0,3.0,431.0,140,3.0,2.0,2.0,0.0,1.0,1.0,2.0,1,4,4.0,0.0,0.0,0.0,1985.0,1.0,10,0,0.0,2.0,1.0,1.0
5893,11,9,1300,1,1,2,8.0,3.0,431.0,140,3.0,2.0,2.0,0.0,1.0,1.0,2.0,4,1,4.0,0.0,0.0,0.0,2006.0,1.0,7,0,0.0,2.0,8.0,1.0
5894,11,9,1300,1,1,2,8.0,3.0,431.0,140,3.0,2.0,2.0,0.0,1.0,1.0,2.0,4,1,4.0,0.0,0.0,0.0,2006.0,1.0,10,0,0.0,2.0,1.0,1.0
5895,11,9,1300,1,1,2,8.0,3.0,431.0,140,3.0,2.0,2.0,0.0,1.0,1.0,2.0,4,1,4.0,0.0,0.0,0.0,2008.0,1.0,7,0,0.0,2.0,8.0,1.0
5896,11,9,1300,1,1,2,8.0,3.0,431.0,140,3.0,2.0,2.0,0.0,1.0,1.0,2.0,4,1,4.0,0.0,0.0,0.0,2008.0,1.0,10,0,0.0,2.0,1.0,1.0
5897,11,9,1300,1,1,2,8.0,3.0,431.0,140,3.0,2.0,2.0,0.0,1.0,1.0,2.0,4,1,4.0,0.0,0.0,0.0,2012.0,1.0,7,0,0.0,2.0,8.0,1.0
5898,11,9,1300,1,1,2,8.0,3.0,431.0,140,3.0,2.0,2.0,0.0,1.0,1.0,2.0,4,1,4.0,0.0,0.0,0.0,2012.0,1.0,10,0,0.0,2.0,1.0,1.0
5899,11,9,1300,1,1,2,8.0,3.0,431.0,140,3.0,2.0,2.0,0.0,1.0,1.0,2.0,1,1,4.0,0.0,0.0,0.0,1950.0,1.0,7,0,0.0,2.0,8.0,1.0
5900,11,9,1300,1,1,2,8.0,3.0,431.0,140,3.0,2.0,2.0,0.0,1.0,1.0,2.0,1,1,4.0,0.0,0.0,0.0,1950.0,1.0,10,0,0.0,2.0,1.0,1.0
5901,1,13,345,3,1,1,6.0,6.0,86.0,140,3.0,2.0,2.0,0.0,1.0,1.0,2.0,1,1,4.0,0.0,0.0,0.0,1992.0,2.0,30,0,7.0,0.0,1.0,13.0
5902,4,13,1000,1,1,1,1.0,1.0,269.0,140,3.0,2.0,2.0,0.0,1.0,2.0,1.0,1,1,2.0,0.0,0.0,0.0,1984.0,1.0,10,0,0.0,2.0,1.0,13.0
5903,4,13,1000,1,1,1,1.0,1.0,269.0,140,3.0,2.0,2.0,0.0,1.0,2.0,1.0,1,1,2.0,0.0,0.0,0.0,1984.0,2.0,21,0,0.0,2.0,1.0,1.0
5904,4,13,1000,1,1,1,1.0,1.0,269.0,140,3.0,2.0,2.0,0.0,1.0,2.0,1.0,1,1,2.0,0.0,0.0,0.0,1971.0,1.0,10,0,0.0,2.0,1.0,13.0
5905,4,13,1000,1,1,1,1.0,1.0,269.0,140,3.0,2.0,2.0,0.0,1.0,2.0,1.0,1,1,2.0,0.0,0.0,0.0,1971.0,2.0,21,0,0.0,2.0,1.0,1.0
5906,6,25,15,3,1,1,1.0,6.0,593.0,140,3.0,2.0,1.0,0.0,1.0,3.0,1.0,1,1,4.0,0.0,0.0,0.0,1952.0,2.0,7,0,6.0,0.0,1.0,13.0
5907,7,17,130,5,2,2,1.0,3.0,514.0,140,3.0,2.0,0.0,0.0,1.0,1.0,1.0,1,1,4.0,0.0,0.0,0.0,2001.0,2.0,30,0,0.0,2.0,1.0,19.0
5908,7,17,130,5,2,2,1.0,3.0,514.0,140,3.0,2.0,0.0,0.0,1.0,1.0,1.0,1,1,4.0,0.0,0.0,0.0,2001.0,1.0,7,0,0.0,2.0,3.0,1.0
5909,7,17,130,5,2,2,1.0,3.0,514.0,140,3.0,2.0,0.0,0.0,1.0,1.0,1.0,4,1,4.0,0.0,0.0,0.0,2000.0,2.0,30,0,0.0,2.0,1.0,19.0
5910,7,17,130,5,2,2,1.0,3.0,514.0,140,3.0,2.0,0.0,0.0,1.0,1.0,1.0,4,1,4.0,0.0,0.0,0.0,2000.0,1.0,7,0,0.0,2.0,3.0,1.0
5911,7,17,130,5,2,2,1.0,3.0,514.0,140,3.0,2.0,0.0,0.0,1.0,1.0,1.0,1,1,4.0,0.0,0.0,0.0,1954.0,2.0,30,0,0.0,2.0,1.0,19.0
5912,7,17,130,5,2,2,1.0,3.0,514.0,140,3.0,2.0,0.0,0.0,1.0,1.0,1.0,1,1,4.0,0.0,0.0,0.0,1954.0,1.0,7,0,0.0,2.0,3.0,1.0
5913,7,17,130,5,2,2,1.0,3.0,514.0,140,3.0,2.0,0.0,0.0,1.0,1.0,1.0,4,4,4.0,0.0,0.0,0.0,1945.0,2.0,30,0,0.0,2.0,1.0,19.0
5914,7,17,130,5,2,2,1.0,3.0,514.0,140,3.0,2.0,0.0,0.0,1.0,1.0,1.0,4,4,4.0,0.0,0.0,0.0,1945.0,1.0,7,0,0.0,2.0,3.0,1.0
5915,8,7,1915,1,1,1,1.0,5.0,578.0,140,3.0,3.0,3.0,0.0,1.0,1.0,1.0,1,1,4.0,0.0,0.0,0.0,1955.0,0.0,33,0,0.0,2.0,7.0,21.0
5916,8,7,1915,1,1,1,1.0,5.0,578.0,140,3.0,3.0,3.0,0.0,1.0,1.0,1.0,1,1,4.0,0.0,0.0,0.0,1955.0,0.0,7,0,0.0,2.0,6.0,15.0
5917,8,7,1915,1,1,1,1.0,5.0,578.0,140,3.0,3.0,3.0,0.0,1.0,1.0,1.0,1,1,4.0,0.0,0.0,0.0,1955.0,0.0,7,0,0.0,0.0,0.0,11.0
5918,8,7,1915,1,1,1,1.0,5.0,578.0,140,3.0,3.0,3.0,0.0,1.0,1.0,1.0,4,4,0.0,0.0,0.0,0.0,1966.0,0.0,33,0,0.0,2.0,7.0,21.0
5919,8,7,1915,1,1,1,1.0,5.0,578.0,140,3.0,3.0,3.0,0.0,1.0,1.0,1.0,4,4,0.0,0.0,0.0,0.0,1966.0,0.0,7,0,0.0,2.0,6.0,15.0
5920,8,7,1915,1,1,1,1.0,5.0,578.0,140,3.0,3.0,3.0,0.0,1.0,1.0,1.0,4,4,0.0,0.0,0.0,0.0,1966.0,0.0,7,0,0.0,0.0,0.0,11.0
5921,8,7,1915,1,1,1,1.0,5.0,578.0,140,3.0,3.0,3.0,0.0,1.0,1.0,1.0,1,4,1.0,0.0,0.0,0.0,1951.0,0.0,33,0,0.0,2.0,7.0,21.0
5922,8,7,1915,1,1,1,1.0,5.0,578.0,140,3.0,3.0,3.0,0.0,1.0,1.0,1.0,1,4,1.0,0.0,0.0,0.0,1951.0,0.0,7,0,0.0,2.0,6.0,15.0
5923,8,7,1915,1,1,1,1.0,5.0,578.0,140,3.0,3.0,3.0,0.0,1.0,1.0,1.0,1,4,1.0,0.0,0.0,0.0,1951.0,0.0,7,0,0.0,0.0,0.0,11.0
5924,8,7,1915,1,1,1,1.0,5.0,578.0,140,3.0,3.0,3.0,0.0,1.0,1.0,1.0,1,4,4.0,0.0,0.0,0.0,1984.0,0.0,33,0,0.0,2.0,7.0,21.0
5925,8,7,1915,1,1,1,1.0,5.0,578.0,140,3.0,3.0,3.0,0.0,1.0,1.0,1.0,1,4,4.0,0.0,0.0,0.0,1984.0,0.0,7,0,0.0,2.0,6.0,15.0
5926,8,7,1915,1,1,1,1.0,5.0,578.0,140,3.0,3.0,3.0,0.0,1.0,1.0,1.0,1,4,4.0,0.0,0.0,0.0,1984.0,0.0,7,0,0.0,0.0,0.0,11.0
5927,8,21,1000,1,2,1,1.0,6.0,77.0,140,3.0,0.0,0.0,0.0,2.0,1.0,1.0,1,1,1.0,0.0,0.0,0.0,1993.0,0.0,7,0,1.0,1.0,1.0,1.0
5928,8,21,1000,1,2,1,1.0,6.0,77.0,140,3.0,0.0,0.0,0.0,2.0,1.0,1.0,3,1,4.0,4.0,9.0,1.0,1955.0,0.0,7,0,1.0,1.0,1.0,1.0
5929,11,14,715,3,1,1,1.0,7.0,185.0,140,3.0,2.0,2.0,0.0,1.0,1.0,1.0,1,1,4.0,0.0,0.0,0.0,1962.0,1.0,7,0,15.0,0.0,1.0,1.0
5930,11,15,1815,3,1,1,2.0,3.0,578.0,140,3.0,2.0,2.0,0.0,1.0,1.0,2.0,1,1,1.0,0.0,0.0,0.0,1982.0,1.0,10,0,0.0,2.0,8.0,10.0
5931,11,15,1815,3,1,1,2.0,3.0,578.0,140,3.0,2.0,2.0,0.0,1.0,1.0,2.0,1,1,1.0,0.0,0.0,0.0,1982.0,1.0,2,0,0.0,2.0,1.0,1.0
5932,11,15,1815,3,1,1,2.0,3.0,578.0,140,3.0,2.0,2.0,0.0,1.0,1.0,2.0,4,1,1.0,0.0,0.0,0.0,2000.0,1.0,10,0,0.0,2.0,8.0,10.0
5933,11,15,1815,3,1,1,2.0,3.0,578.0,140,3.0,2.0,2.0,0.0,1.0,1.0,2.0,4,1,1.0,0.0,0.0,0.0,2000.0,1.0,2,0,0.0,2.0,1.0,1.0
5934,11,15,1815,3,1,1,2.0,3.0,578.0,140,3.0,2.0,2.0,0.0,1.0,1.0,2.0,1,1,3.0,0.0,0.0,0.0,1990.0,1.0,10,0,0.0,2.0,8.0,10.0
5935,11,15,1815,3,1,1,2.0,3.0,578.0,140,3.0,2.0,2.0,0.0,1.0,1.0,2.0,1,1,3.0,0.0,0.0,0.0,1990.0,1.0,2,0,0.0,2.0,1.0,1.0
5936,4,15,1130,1,1,2,1.0,3.0,723.0,140,3.0,2.0,2.0,0.0,1.0,1.0,1.0,1,4,4.0,0.0,0.0,0.0,1937.0,1.0,7,0,0.0,2.0,7.0,19.0
5937,4,15,1130,1,1,2,1.0,3.0,723.0,140,3.0,2.0,2.0,0.0,1.0,1.0,1.0,1,4,4.0,0.0,0.0,0.0,1937.0,2.0,7,0,0.0,2.0,1.0,1.0
5938,4,15,1130,1,1,2,1.0,3.0,723.0,140,3.0,2.0,2.0,0.0,1.0,1.0,1.0,1,1,2.0,0.0,0.0,0.0,1992.0,1.0,7,0,0.0,2.0,7.0,19.0
5939,4,15,1130,1,1,2,1.0,3.0,723.0,140,3.0,2.0,2.0,0.0,1.0,1.0,1.0,1,1,2.0,0.0,0.0,0.0,1992.0,2.0,7,0,0.0,2.0,1.0,1.0
5940,5,16,900,1,1,1,1.0,5.0,227.0,140,3.0,2.0,2.0,0.0,1.0,1.0,1.0,1,1,1.0,0.0,0.0,0.0,1993.0,1.0,7,0,0.0,2.0,3.0,13.0
5941,5,16,900,1,1,1,1.0,5.0,227.0,140,3.0,2.0,2.0,0.0,1.0,1.0,1.0,1,1,1.0,0.0,0.0,0.0,1993.0,2.0,7,0,0.0,2.0,8.0,1.0
5942,5,16,900,1,1,1,1.0,5.0,227.0,140,3.0,2.0,2.0,0.0,1.0,1.0,1.0,1,1,1.0,0.0,0.0,0.0,1993.0,2.0,7,0,0.0,2.0,3.0,1.0
5943,5,16,900,1,1,1,1.0,5.0,227.0,140,3.0,2.0,2.0,0.0,1.0,1.0,1.0,1,1,1.0,0.0,0.0,0.0,1993.0,2.0,7,0,0.0,9.0,3.0,1.0
5944,5,16,900,1,1,1,1.0,5.0,227.0,140,3.0,2.0,2.0,0.0,1.0,1.0,1.0,1,1,4.0,0.0,0.0,0.0,1963.0,1.0,7,0,0.0,2.0,3.0,13.0
5945,5,16,900,1,1,1,1.0,5.0,227.0,140,3.0,2.0,2.0,0.0,1.0,1.0,1.0,1,1,4.0,0.0,0.0,0.0,1963.0,2.0,7,0,0.0,2.0,8.0,1.0
5946,5,16,900,1,1,1,1.0,5.0,227.0,140,3.0,2.0,2.0,0.0,1.0,1.0,1.0,1,1,4.0,0.0,0.0,0.0,1963.0,2.0,7,0,0.0,2.0,3.0,1.0
5947,5,16,900,1,1,1,1.0,5.0,227.0,140,3.0,2.0,2.0,0.0,1.0,1.0,1.0,1,1,4.0,0.0,0.0,0.0,1963.0,2.0,7,0,0.0,9.0,3.0,1.0
5948,5,16,900,1,1,1,1.0,5.0,227.0,140,3.0,2.0,2.0,0.0,1.0,1.0,1.0,4,1,4.0,0.0,0.0,0.0,1962.0,1.0,7,0,0.0,2.0,3.0,13.0
5949,5,16,900,1,1,1,1.0,5.0,227.0,140,3.0,2.0,2.0,0.0,1.0,1.0,1.0,4,1,4.0,0.0,0.0,0.0,1962.0,2.0,7,0,0.0,2.0,8.0,1.0
5950,5,16,900,1,1,1,1.0,5.0,227.0,140,3.0,2.0,2.0,0.0,1.0,1.0,1.0,4,1,4.0,0.0,0.0,0.0,1962.0,2.0,7,0,0.0,2.0,3.0,1.0
5951,5,16,900,1,1,1,1.0,5.0,227.0,140,3.0,2.0,2.0,0.0,1.0,1.0,1.0,4,1,4.0,0.0,0.0,0.0,1962.0,2.0,7,0,0.0,9.0,3.0,1.0
5952,5,16,900,1,1,1,1.0,5.0,227.0,140,3.0,2.0,2.0,0.0,1.0,1.0,1.0,4,4,4.0,0.0,0.0,0.0,1953.0,1.0,7,0,0.0,2.0,3.0,13.0
5953,5,16,900,1,1,1,1.0,5.0,227.0,140,3.0,2.0,2.0,0.0,1.0,1.0,1.0,4,4,4.0,0.0,0.0,0.0,1953.0,2.0,7,0,0.0,2.0,8.0,1.0
5954,5,16,900,1,1,1,1.0,5.0,227.0,140,3.0,2.0,2.0,0.0,1.0,1.0,1.0,4,4,4.0,0.0,0.0,0.0,1953.0,2.0,7,0,0.0,2.0,3.0,1.0
5955,5,16,900,1,1,1,1.0,5.0,227.0,140,3.0,2.0,2.0,0.0,1.0,1.0,1.0,4,4,4.0,0.0,0.0,0.0,1953.0,2.0,7,0,0.0,9.0,3.0,1.0
5956,5,16,900,1,1,1,1.0,5.0,227.0,140,3.0,2.0,2.0,0.0,1.0,1.0,1.0,1,4,4.0,0.0,0.0,0.0,1954.0,1.0,7,0,0.0,2.0,3.0,13.0
5957,5,16,900,1,1,1,1.0,5.0,227.0,140,3.0,2.0,2.0,0.0,1.0,1.0,1.0,1,4,4.0,0.0,0.0,0.0,1954.0,2.0,7,0,0.0,2.0,8.0,1.0
5958,5,16,900,1,1,1,1.0,5.0,227.0,140,3.0,2.0,2.0,0.0,1.0,1.0,1.0,1,4,4.0,0.0,0.0,0.0,1954.0,2.0,7,0,0.0,2.0,3.0,1.0
5959,5,16,900,1,1,1,1.0,5.0,227.0,140,3.0,2.0,2.0,0.0,1.0,1.0,1.0,1,4,4.0,0.0,0.0,0.0,1954.0,2.0,7,0,0.0,9.0,3.0,1.0
5960,5,16,900,1,1,1,1.0,5.0,227.0,140,3.0,2.0,2.0,0.0,1.0,1.0,1.0,1,1,4.0,0.0,0.0,0.0,1982.0,1.0,7,0,0.0,2.0,3.0,13.0
5961,5,16,900,1,1,1,1.0,5.0,227.0,140,3.0,2.0,2.0,0.0,1.0,1.0,1.0,1,1,4.0,0.0,0.0,0.0,1982.0,2.0,7,0,0.0,2.0,8.0,1.0
5962,5,16,900,1,1,1,1.0,5.0,227.0,140,3.0,2.0,2.0,0.0,1.0,1.0,1.0,1,1,4.0,0.0,0.0,0.0,1982.0,2.0,7,0,0.0,2.0,3.0,1.0
5963,5,16,900,1,1,1,1.0,5.0,227.0,140,3.0,2.0,2.0,0.0,1.0,1.0,1.0,1,1,4.0,0.0,0.0,0.0,1982.0,2.0,7,0,0.0,9.0,3.0,1.0
5964,6,3,1515,1,1,3,1.0,1.0,541.0,140,3.0,2.0,2.0,0.0,3.0,3.0,1.0,1,1,4.0,0.0,0.0,0.0,1947.0,2.0,7,0,0.0,2.0,1.0,1.0
5965,6,3,1515,1,1,3,1.0,1.0,541.0,140,3.0,2.0,2.0,0.0,3.0,3.0,1.0,1,1,4.0,0.0,0.0,0.0,1947.0,1.0,30,0,0.0,2.0,1.0,13.0
5966,6,3,1515,1,1,3,1.0,1.0,541.0,140,3.0,2.0,2.0,0.0,3.0,3.0,1.0,4,4,4.0,0.0,0.0,0.0,1946.0,2.0,7,0,0.0,2.0,1.0,1.0
5967,6,3,1515,1,1,3,1.0,1.0,541.0,140,3.0,2.0,2.0,0.0,3.0,3.0,1.0,4,4,4.0,0.0,0.0,0.0,1946.0,1.0,30,0,0.0,2.0,1.0,13.0
5968,6,3,1515,1,1,3,1.0,1.0,541.0,140,3.0,2.0,2.0,0.0,3.0,3.0,1.0,1,4,4.0,0.0,0.0,0.0,1967.0,2.0,7,0,0.0,2.0,1.0,1.0
5969,6,3,1515,1,1,3,1.0,1.0,541.0,140,3.0,2.0,2.0,0.0,3.0,3.0,1.0,1,4,4.0,0.0,0.0,0.0,1967.0,1.0,30,0,0.0,2.0,1.0,13.0
5970,8,16,830,1,1,3,7.0,1.0,203.0,140,3.0,2.0,2.0,0.0,1.0,1.0,1.0,1,4,1.0,0.0,0.0,0.0,1975.0,2.0,7,0,0.0,2.0,3.0,1.0
5971,8,16,830,1,1,3,7.0,1.0,203.0,140,3.0,2.0,2.0,0.0,1.0,1.0,1.0,1,4,1.0,0.0,0.0,0.0,1975.0,1.0,7,0,0.0,2.0,2.0,15.0
5972,8,16,830,1,1,3,7.0,1.0,203.0,140,3.0,2.0,2.0,0.0,1.0,1.0,1.0,1,4,4.0,0.0,0.0,0.0,1995.0,2.0,7,0,0.0,2.0,3.0,1.0
5973,8,16,830,1,1,3,7.0,1.0,203.0,140,3.0,2.0,2.0,0.0,1.0,1.0,1.0,1,4,4.0,0.0,0.0,0.0,1995.0,1.0,7,0,0.0,2.0,2.0,15.0
5974,9,26,2115,3,1,1,1.0,6.0,541.0,140,3.0,2.0,1.0,0.0,2.0,2.0,1.0,1,1,0.0,0.0,0.0,0.0,1993.0,1.0,7,0,2.0,0.0,1.0,1.0