,month,day,time,light,location,intersection,atmosphere,collision,municipality,department,road,traffic,nblanes,reslane,laneprofile,plan,surface,user,sex,route,pedlocation,pedaction,pedcondition,birth,dirtraffic,catvehicle,nboccupants,obstacle,movobstacle,impact,maneuver
5975,9,26,2115,3,1,1,1.0,6.0,541.0,140,3.0,2.0,1.0,0.0,2.0,2.0,1.0,4,1,0.0,0.0,0.0,0.0,1997.0,1.0,7,0,2.0,0.0,1.0,1.0
5976,9,26,2115,3,1,1,1.0,6.0,541.0,140,3.0,2.0,1.0,0.0,2.0,2.0,1.0,4,1,0.0,0.0,0.0,0.0,1999.0,1.0,7,0,2.0,0.0,1.0,1.0
5977,10,19,2000,3,1,1,2.0,6.0,398.0,140,3.0,2.0,2.0,0.0,1.0,1.0,2.0,1,1,4.0,0.0,0.0,0.0,1983.0,1.0,7,0,8.0,0.0,1.0,1.0
5978,10,29,1515,1,1,3,1.0,3.0,494.0,140,3.0,1.0,1.0,0.0,1.0,1.0,1.0,1,1,3.0,0.0,0.0,0.0,1938.0,1.0,7,0,0.0,2.0,8.0,19.0
5979,10,29,1515,1,1,3,1.0,3.0,494.0,140,3.0,1.0,1.0,0.0,1.0,1.0,1.0,1,1,3.0,0.0,0.0,0.0,1938.0,1.0,7,0,0.0,2.0,8.0,1.0
5980,10,29,1515,1,1,3,1.0,3.0,494.0,140,3.0,1.0,1.0,0.0,1.0,1.0,1.0,4,4,3.0,0.0,0.0,0.0,1942.0,1.0,7,0,0.0,2.0,8.0,19.0
5981,10,29,1515,1,1,3,1.0,3.0,494.0,140,3.0,1.0,1.0,0.0,1.0,1.0,1.0,4,4,3.0,0.0,0.0,0.0,1942.0,1.0,7,0,0.0,2.0,8.0,1.0
5982,10,29,1515,1,1,3,1.0,3.0,494.0,140,3.0,1.0,1.0,0.0,1.0,1.0,1.0,1,1,4.0,0.0,0.0,0.0,1963.0,1.0,7,0,0.0,2.0,8.0,19.0
5983,10,29,1515,1,1,3,1.0,3.0,494.0,140,3.0,1.0,1.0,0.0,1.0,1.0,1.0,1,1,4.0,0.0,0.0,0.0,1963.0,1.0,7,0,0.0,2.0,8.0,1.0
5984,10,29,1515,1,1,3,1.0,3.0,494.0,140,3.0,1.0,1.0,0.0,1.0,1.0,1.0,4,4,4.0,0.0,0.0,0.0,1964.0,1.0,7,0,0.0,2.0,8.0,19.0
5985,10,29,1515,1,1,3,1.0,3.0,494.0,140,3.0,1.0,1.0,0.0,1.0,1.0,1.0,4,4,4.0,0.0,0.0,0.0,1964.0,1.0,7,0,0.0,2.0,8.0,1.0
5986,11,30,1450,1,1,1,7.0,3.0,524.0,140,3.0,2.0,2.0,0.0,3.0,1.0,1.0,1,4,4.0,0.0,0.0,0.0,1959.0,1.0,7,0,0.0,2.0,1.0,15.0
5987,11,30,1450,1,1,1,7.0,3.0,524.0,140,3.0,2.0,2.0,0.0,3.0,1.0,1.0,1,4,4.0,0.0,0.0,0.0,1959.0,2.0,7,0,0.0,2.0,3.0,1.0
5988,11,30,1450,1,1,1,7.0,3.0,524.0,140,3.0,2.0,2.0,0.0,3.0,1.0,1.0,1,4,2.0,0.0,0.0,0.0,1965.0,1.0,7,0,0.0,2.0,1.0,15.0
5989,11,30,1450,1,1,1,7.0,3.0,524.0,140,3.0,2.0,2.0,0.0,3.0,1.0,1.0,1,4,2.0,0.0,0.0,0.0,1965.0,2.0,7,0,0.0,2.0,3.0,1.0
5990,11,30,1450,1,1,1,7.0,3.0,524.0,140,3.0,2.0,2.0,0.0,3.0,1.0,1.0,4,4,2.0,0.0,0.0,0.0,1967.0,1.0,7,0,0.0,2.0,1.0,15.0
5991,11,30,1450,1,1,1,7.0,3.0,524.0,140,3.0,2.0,2.0,0.0,3.0,1.0,1.0,4,4,2.0,0.0,0.0,0.0,1967.0,2.0,7,0,0.0,2.0,3.0,1.0
5992,1,17,1120,1,2,3,1.0,2.0,584.0,140,3.0,2.0,2.0,0.0,2.0,1.0,1.0,1,1,4.0,0.0,0.0,0.0,1994.0,2.0,7,0,13.0,2.0,1.0,17.0
5993,1,17,1120,1,2,3,1.0,2.0,584.0,140,3.0,2.0,2.0,0.0,2.0,1.0,1.0,1,1,4.0,0.0,0.0,0.0,1994.0,2.0,7,0,1.0,2.0,4.0,15.0
5994,1,17,1120,1,2,3,1.0,2.0,584.0,140,3.0,2.0,2.0,0.0,2.0,1.0,1.0,4,1,4.0,0.0,0.0,0.0,1999.0,2.0,7,0,13.0,2.0,1.0,17.0
5995,1,17,1120,1,2,3,1.0,2.0,584.0,140,3.0,2.0,2.0,0.0,2.0,1.0,1.0,4,1,4.0,0.0,0.0,0.0,1999.0,2.0,7,0,1.0,2.0,4.0,15.0
5996,1,17,1120,1,2,3,1.0,2.0,584.0,140,3.0,2.0,2.0,0.0,2.0,1.0,1.0,4,4,4.0,0.0,0.0,0.0,2001.0,2.0,7,0,13.0,2.0,1.0,17.0
5997,1,17,1120,1,2,3,1.0,2.0,584.0,140,3.0,2.0,2.0,0.0,2.0,1.0,1.0,4,4,4.0,0.0,0.0,0.0,2001.0,2.0,7,0,1.0,2.0,4.0,15.0
5998,1,17,1120,1,2,3,1.0,2.0,584.0,140,3.0,2.0,2.0,0.0,2.0,1.0,1.0,1,1,4.0,0.0,0.0,0.0,1969.0,2.0,7,0,13.0,2.0,1.0,17.0
5999,1,17,1120,1,2,3,1.0,2.0,584.0,140,3.0,2.0,2.0,0.0,2.0,1.0,1.0,1,1,4.0,0.0,0.0,0.0,1969.0,2.0,7,0,1.0,2.0,4.0,15.0
6000,2,3,1800,2,1,1,1.0,6.0,671.0,140,3.0,2.0,2.0,0.0,1.0,1.0,2.0,1,4,1.0,0.0,0.0,0.0,1986.0,2.0,36,0,15.0,0.0,3.0,14.0
6001,2,3,1800,2,1,1,1.0,6.0,671.0,140,3.0,2.0,2.0,0.0,1.0,1.0,2.0,4,4,1.0,0.0,0.0,0.0,1985.0,2.0,36,0,15.0,0.0,3.0,14.0
6002,2,14,530,3,2,1,2.0,6.0,187.0,140,3.0,2.0,2.0,0.0,1.0,2.0,2.0,1,1,4.0,0.0,0.0,0.0,1999.0,2.0,2,0,15.0,0.0,1.0,14.0
6003,3,22,2230,3,1,1,1.0,1.0,513.0,140,3.0,2.0,2.0,0.0,1.0,2.0,2.0,1,1,4.0,0.0,0.0,0.0,1992.0,2.0,7,0,0.0,2.0,1.0,1.0
6004,3,22,2230,3,1,1,1.0,1.0,513.0,140,3.0,2.0,2.0,0.0,1.0,2.0,2.0,1,1,4.0,0.0,0.0,0.0,1992.0,1.0,7,0,0.0,2.0,1.0,13.0
6005,3,22,2230,3,1,1,1.0,1.0,513.0,140,3.0,2.0,2.0,0.0,1.0,2.0,2.0,4,1,4.0,0.0,0.0,0.0,2016.0,2.0,7,0,0.0,2.0,1.0,1.0
6006,3,22,2230,3,1,1,1.0,1.0,513.0,140,3.0,2.0,2.0,0.0,1.0,2.0,2.0,4,1,4.0,0.0,0.0,0.0,2016.0,1.0,7,0,0.0,2.0,1.0,13.0
6007,3,22,2230,3,1,1,1.0,1.0,513.0,140,3.0,2.0,2.0,0.0,1.0,2.0,2.0,4,4,4.0,0.0,0.0,0.0,1994.0,2.0,7,0,0.0,2.0,1.0,1.0
6008,3,22,2230,3,1,1,1.0,1.0,513.0,140,3.0,2.0,2.0,0.0,1.0,2.0,2.0,4,4,4.0,0.0,0.0,0.0,1994.0,1.0,7,0,0.0,2.0,1.0,13.0
6009,3,22,2230,3,1,1,1.0,1.0,513.0,140,3.0,2.0,2.0,0.0,1.0,2.0,2.0,1,1,4.0,0.0,0.0,0.0,1944.0,2.0,7,0,0.0,2.0,1.0,1.0
6010,3,22,2230,3,1,1,1.0,1.0,513.0,140,3.0,2.0,2.0,0.0,1.0,2.0,2.0,1,1,4.0,0.0,0.0,0.0,1944.0,1.0,7,0,0.0,2.0,1.0,13.0
6011,5,18,1400,1,2,1,3.0,6.0,762.0,140,3.0,2.0,2.0,0.0,1.0,1.0,2.0,1,1,4.0,0.0,0.0,0.0,1939.0,1.0,7,0,0.0,1.0,1.0,1.0
6012,5,18,1400,1,2,1,3.0,6.0,762.0,140,3.0,2.0,2.0,0.0,1.0,1.0,2.0,3,4,4.0,2.0,3.0,1.0,1963.0,1.0,7,0,0.0,1.0,1.0,1.0
6013,7,10,830,1,2,1,1.0,2.0,762.0,140,3.0,2.0,2.0,0.0,0.0,1.0,0.0,1,1,4.0,0.0,0.0,0.0,1993.0,1.0,33,0,0.0,2.0,4.0,1.0
6014,7,10,830,1,2,1,1.0,2.0,762.0,140,3.0,2.0,2.0,0.0,0.0,1.0,0.0,1,1,4.0,0.0,0.0,0.0,1993.0,1.0,33,0,1.0,2.0,1.0,1.0
6015,7,10,830,1,2,1,1.0,2.0,762.0,140,3.0,2.0,2.0,0.0,0.0,1.0,0.0,1,1,4.0,0.0,0.0,0.0,1992.0,1.0,33,0,0.0,2.0,4.0,1.0
6016,7,10,830,1,2,1,1.0,2.0,762.0,140,3.0,2.0,2.0,0.0,0.0,1.0,0.0,1,1,4.0,0.0,0.0,0.0,1992.0,1.0,33,0,1.0,2.0,1.0,1.0
6017,8,9,1530,1,1,1,1.0,1.0,187.0,140,3.0,2.0,2.0,0.0,2.0,1.0,1.0,1,4,4.0,0.0,0.0,0.0,1946.0,2.0,7,0,0.0,2.0,3.0,13.0
6018,8,9,1530,1,1,1,1.0,1.0,187.0,140,3.0,2.0,2.0,0.0,2.0,1.0,1.0,1,4,4.0,0.0,0.0,0.0,1946.0,1.0,7,0,0.0,2.0,3.0,1.0
6019,8,9,1530,1,1,1,1.0,1.0,187.0,140,3.0,2.0,2.0,0.0,2.0,1.0,1.0,1,1,4.0,0.0,0.0,0.0,1942.0,2.0,7,0,0.0,2.0,3.0,13.0
6020,8,9,1530,1,1,1,1.0,1.0,187.0,140,3.0,2.0,2.0,0.0,2.0,1.0,1.0,1,1,4.0,0.0,0.0,0.0,1942.0,1.0,7,0,0.0,2.0,3.0,1.0
6021,8,9,1530,1,1,1,1.0,1.0,187.0,140,3.0,2.0,2.0,0.0,2.0,1.0,1.0,4,4,0.0,0.0,0.0,0.0,1950.0,2.0,7,0,0.0,2.0,3.0,13.0
6022,8,9,1530,1,1,1,1.0,1.0,187.0,140,3.0,2.0,2.0,0.0,2.0,1.0,1.0,4,4,0.0,0.0,0.0,0.0,1950.0,1.0,7,0,0.0,2.0,3.0,1.0
6023,8,20,1000,1,2,1,1.0,6.0,762.0,140,9.0,0.0,0.0,0.0,0.0,0.0,0.0,1,1,4.0,0.0,0.0,0.0,1956.0,1.0,3,0,0.0,1.0,0.0,1.0
6024,8,20,1000,1,2,1,1.0,6.0,762.0,140,9.0,0.0,0.0,0.0,0.0,0.0,0.0,3,1,3.0,2.0,3.0,1.0,1924.0,1.0,3,0,0.0,1.0,0.0,1.0
6025,9,16,1415,1,1,1,1.0,3.0,417.0,140,3.0,2.0,0.0,0.0,0.0,1.0,1.0,1,1,4.0,0.0,0.0,0.0,1998.0,1.0,2,0,0.0,2.0,1.0,1.0
6026,9,16,1415,1,1,1,1.0,3.0,417.0,140,3.0,2.0,0.0,0.0,0.0,1.0,1.0,1,1,4.0,0.0,0.0,0.0,1998.0,2.0,3,0,0.0,2.0,7.0,15.0
6027,9,16,1415,1,1,1,1.0,3.0,417.0,140,3.0,2.0,0.0,0.0,0.0,1.0,1.0,1,1,4.0,0.0,0.0,0.0,1941.0,1.0,2,0,0.0,2.0,1.0,1.0
6028,9,16,1415,1,1,1,1.0,3.0,417.0,140,3.0,2.0,0.0,0.0,0.0,1.0,1.0,1,1,4.0,0.0,0.0,0.0,1941.0,2.0,3,0,0.0,2.0,7.0,15.0
6029,11,10,700,2,1,1,2.0,1.0,584.0,140,3.0,2.0,0.0,0.0,0.0,1.0,2.0,1,1,4.0,0.0,0.0,0.0,1965.0,0.0,7,0,0.0,2.0,1.0,17.0
6030,11,10,700,2,1,1,2.0,1.0,584.0,140,3.0,2.0,0.0,0.0,0.0,1.0,2.0,1,1,4.0,0.0,0.0,0.0,1965.0,0.0,7,0,0.0,2.0,1.0,1.0
6031,11,10,700,2,1,1,2.0,1.0,584.0,140,3.0,2.0,0.0,0.0,0.0,1.0,2.0,4,4,0.0,0.0,0.0,0.0,1967.0,0.0,7,0,0.0,2.0,1.0,17.0
6032,11,10,700,2,1,1,2.0,1.0,584.0,140,3.0,2.0,0.0,0.0,0.0,1.0,2.0,4,4,0.0,0.0,0.0,0.0,1967.0,0.0,7,0,0.0,2.0,1.0,1.0
6033,11,10,700,2,1,1,2.0,1.0,584.0,140,3.0,2.0,0.0,0.0,0.0,1.0,2.0,4,1,0.0,0.0,0.0,0.0,1980.0,0.0,7,0,0.0,2.0,1.0,17.0
6034,11,10,700,2,1,1,2.0,1.0,584.0,140,3.0,2.0,0.0,0.0,0.0,1.0,2.0,4,1,0.0,0.0,0.0,0.0,1980.0,0.0,7,0,0.0,2.0,1.0,1.0
6035,11,10,700,2,1,1,2.0,1.0,584.0,140,3.0,2.0,0.0,0.0,0.0,1.0,2.0,1,1,1.0,0.0,0.0,0.0,1977.0,0.0,7,0,0.0,2.0,1.0,17.0
6036,11,10,700,2,1,1,2.0,1.0,584.0,140,3.0,2.0,0.0,0.0,0.0,1.0,2.0,1,1,1.0,0.0,0.0,0.0,1977.0,0.0,7,0,0.0,2.0,1.0,1.0
6037,11,9,1445,1,1,1,2.0,1.0,417.0,140,3.0,2.0,2.0,0.0,1.0,1.0,2.0,1,1,2.0,0.0,0.0,0.0,1959.0,2.0,10,0,0.0,2.0,2.0,15.0
6038,11,9,1445,1,1,1,2.0,1.0,417.0,140,3.0,2.0,2.0,0.0,1.0,1.0,2.0,1,1,2.0,0.0,0.0,0.0,1959.0,1.0,7,0,0.0,2.0,3.0,1.0
6039,11,9,1445,1,1,1,2.0,1.0,417.0,140,3.0,2.0,2.0,0.0,1.0,1.0,2.0,1,4,4.0,0.0,0.0,0.0,1979.0,2.0,10,0,0.0,2.0,2.0,15.0
6040,11,9,1445,1,1,1,2.0,1.0,417.0,140,3.0,2.0,2.0,0.0,1.0,1.0,2.0,1,4,4.0,0.0,0.0,0.0,1979.0,1.0,7,0,0.0,2.0,3.0,1.0
6041,12,10,400,4,1,1,1.0,6.0,545.0,140,4.0,2.0,2.0,0.0,0.0,1.0,1.0,1,4,4.0,0.0,0.0,0.0,1997.0,0.0,10,0,8.0,0.0,1.0,1.0
6042,12,14,1315,1,1,3,1.0,3.0,417.0,140,3.0,2.0,0.0,0.0,1.0,1.0,1.0,1,4,1.0,0.0,0.0,0.0,1969.0,0.0,7,0,0.0,2.0,2.0,23.0
6043,12,14,1315,1,1,3,1.0,3.0,417.0,140,3.0,2.0,0.0,0.0,1.0,1.0,1.0,1,4,1.0,0.0,0.0,0.0,1969.0,0.0,7,0,0.0,2.0,1.0,19.0
6044,12,14,1315,1,1,3,1.0,3.0,417.0,140,3.0,2.0,0.0,0.0,1.0,1.0,1.0,1,1,4.0,0.0,0.0,0.0,1998.0,0.0,7,0,0.0,2.0,2.0,23.0
6045,12,14,1315,1,1,3,1.0,3.0,417.0,140,3.0,2.0,0.0,0.0,1.0,1.0,1.0,1,1,4.0,0.0,0.0,0.0,1998.0,0.0,7,0,0.0,2.0,1.0,19.0
6046,12,31,1415,1,1,1,9.0,6.0,579.0,140,3.0,2.0,2.0,0.0,1.0,2.0,7.0,1,1,4.0,0.0,0.0,0.0,1978.0,1.0,7,0,13.0,0.0,1.0,1.0
6047,12,31,1415,1,1,1,9.0,6.0,579.0,140,3.0,2.0,2.0,0.0,1.0,2.0,7.0,4,4,0.0,0.0,0.0,0.0,1957.0,1.0,7,0,13.0,0.0,1.0,1.0
6048,12,31,1415,1,1,1,9.0,6.0,579.0,140,3.0,2.0,2.0,0.0,1.0,2.0,7.0,4,4,0.0,0.0,0.0,0.0,1983.0,1.0,7,0,13.0,0.0,1.0,1.0
6049,1,11,1045,1,1,1,2.0,6.0,508.0,140,3.0,2.0,2.0,0.0,4.0,2.0,2.0,1,1,4.0,0.0,0.0,0.0,1972.0,1.0,3,0,13.0,0.0,1.0,13.0
6050,1,11,1045,1,1,1,2.0,6.0,508.0,140,3.0,2.0,2.0,0.0,4.0,2.0,2.0,4,1,4.0,0.0,0.0,0.0,1961.0,1.0,3,0,13.0,0.0,1.0,13.0
6051,3,12,1445,1,1,1,1.0,7.0,443.0,140,3.0,2.0,2.0,0.0,3.0,3.0,1.0,1,1,4.0,0.0,0.0,0.0,1972.0,2.0,31,0,0.0,0.0,1.0,1.0
6052,5,25,1115,1,1,1,1.0,6.0,412.0,140,3.0,2.0,2.0,0.0,2.0,1.0,1.0,1,1,1.0,0.0,0.0,0.0,1995.0,1.0,7,0,2.0,0.0,1.0,1.0
6053,7,15,730,2,2,2,5.0,3.0,52.0,140,3.0,2.0,2.0,0.0,1.0,1.0,1.0,1,4,4.0,0.0,0.0,0.0,1946.0,1.0,7,0,0.0,2.0,8.0,15.0
6054,7,15,730,2,2,2,5.0,3.0,52.0,140,3.0,2.0,2.0,0.0,1.0,1.0,1.0,1,4,4.0,0.0,0.0,0.0,1946.0,2.0,33,0,0.0,2.0,1.0,1.0
6055,7,15,730,2,2,2,5.0,3.0,52.0,140,3.0,2.0,2.0,0.0,1.0,1.0,1.0,1,1,1.0,0.0,0.0,0.0,1993.0,1.0,7,0,0.0,2.0,8.0,15.0
6056,7,15,730,2,2,2,5.0,3.0,52.0,140,3.0,2.0,2.0,0.0,1.0,1.0,1.0,1,1,1.0,0.0,0.0,0.0,1993.0,2.0,33,0,0.0,2.0,1.0,1.0
6057,9,3,1145,1,2,1,1.0,6.0,412.0,140,4.0,0.0,0.0,0.0,2.0,1.0,1.0,1,4,4.0,0.0,0.0,0.0,1934.0,0.0,7,0,0.0,1.0,5.0,4.0
6058,9,3,1145,1,2,1,1.0,6.0,412.0,140,4.0,0.0,0.0,0.0,2.0,1.0,1.0,3,4,4.0,0.0,9.0,4.0,1922.0,0.0,7,0,0.0,1.0,5.0,4.0
6059,10,20,1645,1,1,1,2.0,7.0,27.0,140,3.0,2.0,2.0,0.0,1.0,2.0,2.0,1,1,4.0,0.0,0.0,0.0,1999.0,2.0,30,0,3.0,0.0,7.0,1.0
6060,4,11,1545,1,2,1,2.0,6.0,174.0,140,3.0,2.0,2.0,0.0,1.0,1.0,2.0,1,1,4.0,0.0,0.0,0.0,1958.0,2.0,7,0,2.0,0.0,1.0,14.0
6061,4,30,1430,1,2,1,1.0,3.0,174.0,140,4.0,2.0,2.0,0.0,1.0,1.0,1.0,1,1,4.0,0.0,0.0,0.0,1963.0,0.0,33,0,0.0,2.0,5.0,17.0
6062,4,30,1430,1,2,1,1.0,3.0,174.0,140,4.0,2.0,2.0,0.0,1.0,1.0,1.0,1,1,4.0,0.0,0.0,0.0,1963.0,0.0,1,0,0.0,2.0,3.0,15.0
6063,4,30,1430,1,2,1,1.0,3.0,174.0,140,4.0,2.0,2.0,0.0,1.0,1.0,1.0,1,1,4.0,0.0,0.0,0.0,2001.0,0.0,33,0,0.0,2.0,5.0,17.0
6064,4,30,1430,1,2,1,1.0,3.0,174.0,140,4.0,2.0,2.0,0.0,1.0,1.0,1.0,1,1,4.0,0.0,0.0,0.0,2001.0,0.0,1,0,0.0,2.0,3.0,15.0
6065,5,28,1230,1,1,1,1.0,7.0,572.0,140,3.0,2.0,2.0,0.0,2.0,2.0,6.0,1,4,4.0,0.0,0.0,0.0,1991.0,2.0,33,0,0.0,0.0,7.0,1.0
6066,9,3,1745,1,1,1,1.0,3.0,585.0,140,3.0,2.0,2.0,0.0,1.0,1.0,1.0,1,4,4.0,0.0,0.0,0.0,1992.0,2.0,7,0,0.0,2.0,3.0,15.0
6067,9,3,1745,1,1,1,1.0,3.0,585.0,140,3.0,2.0,2.0,0.0,1.0,1.0,1.0,1,4,4.0,0.0,0.0,0.0,1992.0,2.0,33,0,0.0,2.0,2.0,17.0
6068,9,3,1745,1,1,1,1.0,3.0,585.0,140,3.0,2.0,2.0,0.0,1.0,1.0,1.0,1,4,4.0,0.0,0.0,0.0,1990.0,2.0,7,0,0.0,2.0,3.0,15.0
6069,9,3,1745,1,1,1,1.0,3.0,585.0,140,3.0,2.0,2.0,0.0,1.0,1.0,1.0,1,4,4.0,0.0,0.0,0.0,1990.0,2.0,33,0,0.0,2.0,2.0,17.0
6070,9,4,1545,1,1,1,1.0,6.0,756.0,140,3.0,2.0,2.0,0.0,2.0,1.0,1.0,1,1,4.0,0.0,0.0,0.0,1946.0,2.0,7,0,2.0,0.0,3.0,14.0
6071,9,4,1545,1,1,1,1.0,6.0,756.0,140,3.0,2.0,2.0,0.0,2.0,1.0,1.0,4,4,0.0,0.0,0.0,0.0,1932.0,2.0,7,0,2.0,0.0,3.0,14.0
6072,9,23,1315,1,2,1,1.0,3.0,174.0,140,4.0,2.0,0.0,0.0,1.0,1.0,1.0,1,4,9.0,0.0,0.0,0.0,1993.0,0.0,7,0,0.0,0.0,2.0,1.0
6073,9,23,1315,1,2,1,1.0,3.0,174.0,140,4.0,2.0,0.0,0.0,1.0,1.0,1.0,1,4,9.0,0.0,0.0,0.0,1993.0,0.0,7,0,0.0,0.0,8.0,1.0
6074,9,23,1315,1,2,1,1.0,3.0,174.0,140,4.0,2.0,0.0,0.0,1.0,1.0,1.0,1,1,4.0,0.0,0.0,0.0,1978.0,0.0,7,0,0.0,0.0,2.0,1.0
6075,9,23,1315,1,2,1,1.0,3.0,174.0,140,4.0,2.0,0.0,0.0,1.0,1.0,1.0,1,1,4.0,0.0,0.0,0.0,1978.0,0.0,7,0,0.0,0.0,8.0,1.0
6076,9,23,1315,1,2,1,1.0,3.0,174.0,140,4.0,2.0,0.0,0.0,1.0,1.0,1.0,4,4,0.0,0.0,0.0,0.0,2007.0,0.0,7,0,0.0,0.0,2.0,1.0
6077,9,23,1315,1,2,1,1.0,3.0,174.0,140,4.0,2.0,0.0,0.0,1.0,1.0,1.0,4,4,0.0,0.0,0.0,0.0,2007.0,0.0,7,0,0.0,0.0,8.0,1.0
6078,11,11,2045,5,2,1,1.0,3.0,253.0,140,3.0,2.0,2.0,0.0,1.0,1.0,1.0,1,1,1.0,0.0,0.0,0.0,1992.0,1.0,7,0,8.0,2.0,2.0,17.0
6079,11,11,2045,5,2,1,1.0,3.0,253.0,140,3.0,2.0,2.0,0.0,1.0,1.0,1.0,1,1,1.0,0.0,0.0,0.0,1992.0,1.0,7,0,0.0,2.0,3.0,15.0
6080,11,11,2045,5,2,1,1.0,3.0,253.0,140,3.0,2.0,2.0,0.0,1.0,1.0,1.0,1,4,4.0,0.0,0.0,0.0,1976.0,1.0,7,0,8.0,2.0,2.0,17.0
6081,11,11,2045,5,2,1,1.0,3.0,253.0,140,3.0,2.0,2.0,0.0,1.0,1.0,1.0,1,4,4.0,0.0,0.0,0.0,1976.0,1.0,7,0,0.0,2.0,3.0,15.0
6082,11,11,2045,5,2,1,1.0,3.0,253.0,140,3.0,2.0,2.0,0.0,1.0,1.0,1.0,4,1,4.0,0.0,0.0,0.0,1978.0,1.0,7,0,8.0,2.0,2.0,17.0
6083,11,11,2045,5,2,1,1.0,3.0,253.0,140,3.0,2.0,2.0,0.0,1.0,1.0,1.0,4,1,4.0,0.0,0.0,0.0,1978.0,1.0,7,0,0.0,2.0,3.0,15.0
6084,11,11,2045,5,2,1,1.0,3.0,253.0,140,3.0,2.0,2.0,0.0,1.0,1.0,1.0,4,1,4.0,0.0,0.0,0.0,2011.0,1.0,7,0,8.0,2.0,2.0,17.0
6085,11,11,2045,5,2,1,1.0,3.0,253.0,140,3.0,2.0,2.0,0.0,1.0,1.0,1.0,4,1,4.0,0.0,0.0,0.0,2011.0,1.0,7,0,0.0,2.0,3.0,15.0
6086,11,11,2045,5,2,1,1.0,3.0,253.0,140,3.0,2.0,2.0,0.0,1.0,1.0,1.0,4,1,4.0,0.0,0.0,0.0,2008.0,1.0,7,0,8.0,2.0,2.0,17.0
6087,11,11,2045,5,2,1,1.0,3.0,253.0,140,3.0,2.0,2.0,0.0,1.0,1.0,1.0,4,1,4.0,0.0,0.0,0.0,2008.0,1.0,7,0,0.0,2.0,3.0,15.0
6088,11,18,1130,1,1,1,6.0,2.0,442.0,140,3.0,2.0,2.0,0.0,1.0,1.0,1.0,1,1,1.0,0.0,0.0,0.0,1981.0,2.0,30,0,0.0,2.0,1.0,2.0
6089,11,18,1130,1,1,1,6.0,2.0,442.0,140,3.0,2.0,2.0,0.0,1.0,1.0,1.0,1,1,1.0,0.0,0.0,0.0,1981.0,2.0,21,0,0.0,0.0,5.0,2.0
6090,11,18,1130,1,1,1,6.0,2.0,442.0,140,3.0,2.0,2.0,0.0,1.0,1.0,1.0,1,1,2.0,0.0,0.0,0.0,1969.0,2.0,30,0,0.0,2.0,1.0,2.0
6091,11,18,1130,1,1,1,6.0,2.0,442.0,140,3.0,2.0,2.0,0.0,1.0,1.0,1.0,1,1,2.0,0.0,0.0,0.0,1969.0,2.0,21,0,0.0,0.0,5.0,2.0
6092,11,23,1215,1,2,3,1.0,5.0,174.0,140,3.0,2.0,3.0,0.0,2.0,1.0,1.0,1,1,1.0,0.0,0.0,0.0,1996.0,2.0,7,0,0.0,2.0,5.0,16.0
6093,11,23,1215,1,2,3,1.0,5.0,174.0,140,3.0,2.0,3.0,0.0,2.0,1.0,1.0,1,1,1.0,0.0,0.0,0.0,1996.0,2.0,7,0,0.0,2.0,3.0,2.0
6094,11,23,1215,1,2,3,1.0,5.0,174.0,140,3.0,2.0,3.0,0.0,2.0,1.0,1.0,1,1,1.0,0.0,0.0,0.0,1996.0,0.0,10,0,0.0,0.0,3.0,23.0
6095,11,23,1215,1,2,3,1.0,5.0,174.0,140,3.0,2.0,3.0,0.0,2.0,1.0,1.0,1,1,4.0,0.0,0.0,0.0,1937.0,2.0,7,0,0.0,2.0,5.0,16.0
6096,11,23,1215,1,2,3,1.0,5.0,174.0,140,3.0,2.0,3.0,0.0,2.0,1.0,1.0,1,1,4.0,0.0,0.0,0.0,1937.0,2.0,7,0,0.0,2.0,3.0,2.0
6097,11,23,1215,1,2,3,1.0,5.0,174.0,140,3.0,2.0,3.0,0.0,2.0,1.0,1.0,1,1,4.0,0.0,0.0,0.0,1937.0,0.0,10,0,0.0,0.0,3.0,23.0
6098,11,23,1215,1,2,3,1.0,5.0,174.0,140,3.0,2.0,3.0,0.0,2.0,1.0,1.0,1,1,1.0,0.0,0.0,0.0,1973.0,2.0,7,0,0.0,2.0,5.0,16.0
6099,11,23,1215,1,2,3,1.0,5.0,174.0,140,3.0,2.0,3.0,0.0,2.0,1.0,1.0,1,1,1.0,0.0,0.0,0.0,1973.0,2.0,7,0,0.0,2.0,3.0,2.0
6100,11,23,1215,1,2,3,1.0,5.0,174.0,140,3.0,2.0,3.0,0.0,2.0,1.0,1.0,1,1,1.0,0.0,0.0,0.0,1973.0,0.0,10,0,0.0,0.0,3.0,23.0
6101,6,1,1845,1,1,1,2.0,5.0,538.0,500,3.0,2.0,2.0,0.0,1.0,1.0,2.0,1,1,4.0,0.0,0.0,0.0,1966.0,2.0,7,0,0.0,2.0,1.0,17.0
6102,6,1,1845,1,1,1,2.0,5.0,538.0,500,3.0,2.0,2.0,0.0,1.0,1.0,2.0,1,1,4.0,0.0,0.0,0.0,1966.0,2.0,7,0,0.0,2.0,4.0,2.0
6103,6,1,1845,1,1,1,2.0,5.0,538.0,500,3.0,2.0,2.0,0.0,1.0,1.0,2.0,1,1,4.0,0.0,0.0,0.0,1966.0,2.0,7,0,0.0,2.0,6.0,2.0