,month,day,time,light,location,intersection,atmosphere,collision,municipality,department,road,traffic,nblanes,reslane,laneprofile,plan,surface,user,sex,route,pedlocation,pedaction,pedcondition,birth,dirtraffic,catvehicle,nboccupants,obstacle,movobstacle,impact,maneuver
6104,6,1,1845,1,1,1,2.0,5.0,538.0,500,3.0,2.0,2.0,0.0,1.0,1.0,2.0,1,1,4.0,0.0,0.0,0.0,1966.0,1.0,17,0,0.0,2.0,8.0,1.0
6105,6,1,1845,1,1,1,2.0,5.0,538.0,500,3.0,2.0,2.0,0.0,1.0,1.0,2.0,1,4,4.0,0.0,0.0,0.0,1939.0,2.0,7,0,0.0,2.0,1.0,17.0
6106,6,1,1845,1,1,1,2.0,5.0,538.0,500,3.0,2.0,2.0,0.0,1.0,1.0,2.0,1,4,4.0,0.0,0.0,0.0,1939.0,2.0,7,0,0.0,2.0,4.0,2.0
6107,6,1,1845,1,1,1,2.0,5.0,538.0,500,3.0,2.0,2.0,0.0,1.0,1.0,2.0,1,4,4.0,0.0,0.0,0.0,1939.0,2.0,7,0,0.0,2.0,6.0,2.0
6108,6,1,1845,1,1,1,2.0,5.0,538.0,500,3.0,2.0,2.0,0.0,1.0,1.0,2.0,1,4,4.0,0.0,0.0,0.0,1939.0,1.0,17,0,0.0,2.0,8.0,1.0
6109,6,1,1845,1,1,1,2.0,5.0,538.0,500,3.0,2.0,2.0,0.0,1.0,1.0,2.0,4,4,4.0,0.0,0.0,0.0,1942.0,2.0,7,0,0.0,2.0,1.0,17.0
6110,6,1,1845,1,1,1,2.0,5.0,538.0,500,3.0,2.0,2.0,0.0,1.0,1.0,2.0,4,4,4.0,0.0,0.0,0.0,1942.0,2.0,7,0,0.0,2.0,4.0,2.0
6111,6,1,1845,1,1,1,2.0,5.0,538.0,500,3.0,2.0,2.0,0.0,1.0,1.0,2.0,4,4,4.0,0.0,0.0,0.0,1942.0,2.0,7,0,0.0,2.0,6.0,2.0
6112,6,1,1845,1,1,1,2.0,5.0,538.0,500,3.0,2.0,2.0,0.0,1.0,1.0,2.0,4,4,4.0,0.0,0.0,0.0,1942.0,1.0,17,0,0.0,2.0,8.0,1.0
6113,6,1,1845,1,1,1,2.0,5.0,538.0,500,3.0,2.0,2.0,0.0,1.0,1.0,2.0,1,1,4.0,0.0,0.0,0.0,1937.0,2.0,7,0,0.0,2.0,1.0,17.0
6114,6,1,1845,1,1,1,2.0,5.0,538.0,500,3.0,2.0,2.0,0.0,1.0,1.0,2.0,1,1,4.0,0.0,0.0,0.0,1937.0,2.0,7,0,0.0,2.0,4.0,2.0
6115,6,1,1845,1,1,1,2.0,5.0,538.0,500,3.0,2.0,2.0,0.0,1.0,1.0,2.0,1,1,4.0,0.0,0.0,0.0,1937.0,2.0,7,0,0.0,2.0,6.0,2.0
6116,6,1,1845,1,1,1,2.0,5.0,538.0,500,3.0,2.0,2.0,0.0,1.0,1.0,2.0,1,1,4.0,0.0,0.0,0.0,1937.0,1.0,17,0,0.0,2.0,8.0,1.0
6117,6,1,1845,1,1,1,2.0,5.0,538.0,500,3.0,2.0,2.0,0.0,1.0,1.0,2.0,1,1,2.0,0.0,0.0,0.0,1965.0,2.0,7,0,0.0,2.0,1.0,17.0
6118,6,1,1845,1,1,1,2.0,5.0,538.0,500,3.0,2.0,2.0,0.0,1.0,1.0,2.0,1,1,2.0,0.0,0.0,0.0,1965.0,2.0,7,0,0.0,2.0,4.0,2.0
6119,6,1,1845,1,1,1,2.0,5.0,538.0,500,3.0,2.0,2.0,0.0,1.0,1.0,2.0,1,1,2.0,0.0,0.0,0.0,1965.0,2.0,7,0,0.0,2.0,6.0,2.0
6120,6,1,1845,1,1,1,2.0,5.0,538.0,500,3.0,2.0,2.0,0.0,1.0,1.0,2.0,1,1,2.0,0.0,0.0,0.0,1965.0,1.0,17,0,0.0,2.0,8.0,1.0
6121,1,7,1600,1,2,1,1.0,7.0,485.0,500,3.0,2.0,2.0,0.0,1.0,1.0,1.0,1,1,9.0,0.0,0.0,0.0,1958.0,0.0,7,0,0.0,1.0,7.0,1.0
6122,1,7,1600,1,2,1,1.0,7.0,485.0,500,3.0,2.0,2.0,0.0,1.0,1.0,1.0,3,4,4.0,1.0,4.0,4.0,2014.0,0.0,7,0,0.0,1.0,7.0,1.0
6123,1,28,730,3,1,2,1.0,3.0,107.0,500,3.0,2.0,2.0,0.0,3.0,1.0,2.0,1,1,1.0,0.0,0.0,0.0,1962.0,2.0,7,0,0.0,2.0,1.0,19.0
6124,1,28,730,3,1,2,1.0,3.0,107.0,500,3.0,2.0,2.0,0.0,3.0,1.0,2.0,1,1,1.0,0.0,0.0,0.0,1962.0,2.0,7,0,0.0,2.0,8.0,1.0
6125,1,28,730,3,1,2,1.0,3.0,107.0,500,3.0,2.0,2.0,0.0,3.0,1.0,2.0,1,1,1.0,0.0,0.0,0.0,1965.0,2.0,7,0,0.0,2.0,1.0,19.0
6126,1,28,730,3,1,2,1.0,3.0,107.0,500,3.0,2.0,2.0,0.0,3.0,1.0,2.0,1,1,1.0,0.0,0.0,0.0,1965.0,2.0,7,0,0.0,2.0,8.0,1.0
6127,8,18,1745,1,1,3,7.0,2.0,564.0,500,3.0,2.0,2.0,0.0,2.0,1.0,1.0,1,4,4.0,0.0,0.0,0.0,1930.0,2.0,7,0,0.0,2.0,1.0,2.0
6128,8,18,1745,1,1,3,7.0,2.0,564.0,500,3.0,2.0,2.0,0.0,2.0,1.0,1.0,1,4,4.0,0.0,0.0,0.0,1930.0,2.0,7,0,0.0,0.0,4.0,15.0
6129,8,18,1745,1,1,3,7.0,2.0,564.0,500,3.0,2.0,2.0,0.0,2.0,1.0,1.0,1,4,0.0,0.0,0.0,0.0,1953.0,2.0,7,0,0.0,2.0,1.0,2.0
6130,8,18,1745,1,1,3,7.0,2.0,564.0,500,3.0,2.0,2.0,0.0,2.0,1.0,1.0,1,4,0.0,0.0,0.0,0.0,1953.0,2.0,7,0,0.0,0.0,4.0,15.0
6131,12,28,1145,1,2,1,7.0,6.0,99.0,500,4.0,2.0,2.0,3.0,2.0,3.0,1.0,1,4,0.0,0.0,0.0,0.0,1970.0,0.0,7,0,0.0,1.0,2.0,1.0
6132,12,28,1145,1,2,1,7.0,6.0,99.0,500,4.0,2.0,2.0,3.0,2.0,3.0,1.0,3,4,3.0,2.0,3.0,1.0,1962.0,0.0,7,0,0.0,1.0,2.0,1.0
6133,1,10,1830,5,1,2,1.0,3.0,431.0,500,3.0,2.0,2.0,0.0,2.0,2.0,2.0,1,1,4.0,0.0,0.0,0.0,1967.0,2.0,7,0,0.0,2.0,1.0,1.0
6134,1,10,1830,5,1,2,1.0,3.0,431.0,500,3.0,2.0,2.0,0.0,2.0,2.0,2.0,1,1,4.0,0.0,0.0,0.0,1967.0,1.0,7,0,0.0,2.0,8.0,19.0
6135,1,10,1830,5,1,2,1.0,3.0,431.0,500,3.0,2.0,2.0,0.0,2.0,2.0,2.0,4,4,0.0,0.0,0.0,0.0,2002.0,2.0,7,0,0.0,2.0,1.0,1.0
6136,1,10,1830,5,1,2,1.0,3.0,431.0,500,3.0,2.0,2.0,0.0,2.0,2.0,2.0,4,4,0.0,0.0,0.0,0.0,2002.0,1.0,7,0,0.0,2.0,8.0,19.0
6137,1,10,1830,5,1,2,1.0,3.0,431.0,500,3.0,2.0,2.0,0.0,2.0,2.0,2.0,1,1,4.0,0.0,0.0,0.0,1980.0,2.0,7,0,0.0,2.0,1.0,1.0
6138,1,10,1830,5,1,2,1.0,3.0,431.0,500,3.0,2.0,2.0,0.0,2.0,2.0,2.0,1,1,4.0,0.0,0.0,0.0,1980.0,1.0,7,0,0.0,2.0,8.0,19.0
6139,1,13,1815,3,1,1,1.0,5.0,352.0,500,3.0,2.0,2.0,0.0,0.0,3.0,1.0,1,1,1.0,0.0,0.0,0.0,1969.0,1.0,14,0,0.0,2.0,3.0,21.0
6140,1,13,1815,3,1,1,1.0,5.0,352.0,500,3.0,2.0,2.0,0.0,0.0,3.0,1.0,1,1,1.0,0.0,0.0,0.0,1969.0,1.0,7,0,0.0,2.0,1.0,1.0
6141,1,13,1815,3,1,1,1.0,5.0,352.0,500,3.0,2.0,2.0,0.0,0.0,3.0,1.0,1,1,1.0,0.0,0.0,0.0,1969.0,2.0,7,0,0.0,0.0,3.0,13.0
6142,1,13,1815,3,1,1,1.0,5.0,352.0,500,3.0,2.0,2.0,0.0,0.0,3.0,1.0,1,1,1.0,0.0,0.0,0.0,1992.0,1.0,14,0,0.0,2.0,3.0,21.0
6143,1,13,1815,3,1,1,1.0,5.0,352.0,500,3.0,2.0,2.0,0.0,0.0,3.0,1.0,1,1,1.0,0.0,0.0,0.0,1992.0,1.0,7,0,0.0,2.0,1.0,1.0
6144,1,13,1815,3,1,1,1.0,5.0,352.0,500,3.0,2.0,2.0,0.0,0.0,3.0,1.0,1,1,1.0,0.0,0.0,0.0,1992.0,2.0,7,0,0.0,0.0,3.0,13.0
6145,1,13,1815,3,1,1,1.0,5.0,352.0,500,3.0,2.0,2.0,0.0,0.0,3.0,1.0,1,4,4.0,0.0,0.0,0.0,1932.0,1.0,14,0,0.0,2.0,3.0,21.0
6146,1,13,1815,3,1,1,1.0,5.0,352.0,500,3.0,2.0,2.0,0.0,0.0,3.0,1.0,1,4,4.0,0.0,0.0,0.0,1932.0,1.0,7,0,0.0,2.0,1.0,1.0
6147,1,13,1815,3,1,1,1.0,5.0,352.0,500,3.0,2.0,2.0,0.0,0.0,3.0,1.0,1,4,4.0,0.0,0.0,0.0,1932.0,2.0,7,0,0.0,0.0,3.0,13.0
6148,1,22,1530,1,1,2,2.0,5.0,106.0,500,3.0,2.0,2.0,0.0,1.0,1.0,2.0,1,1,4.0,0.0,0.0,0.0,1958.0,2.0,3,0,0.0,2.0,1.0,1.0
6149,1,22,1530,1,1,2,2.0,5.0,106.0,500,3.0,2.0,2.0,0.0,1.0,1.0,2.0,1,1,4.0,0.0,0.0,0.0,1958.0,2.0,7,0,0.0,2.0,6.0,21.0
6150,1,22,1530,1,1,2,2.0,5.0,106.0,500,3.0,2.0,2.0,0.0,1.0,1.0,2.0,1,1,4.0,0.0,0.0,0.0,1958.0,1.0,21,0,0.0,2.0,7.0,1.0
6151,1,22,1530,1,1,2,2.0,5.0,106.0,500,3.0,2.0,2.0,0.0,1.0,1.0,2.0,4,4,0.0,0.0,0.0,0.0,1972.0,2.0,3,0,0.0,2.0,1.0,1.0
6152,1,22,1530,1,1,2,2.0,5.0,106.0,500,3.0,2.0,2.0,0.0,1.0,1.0,2.0,4,4,0.0,0.0,0.0,0.0,1972.0,2.0,7,0,0.0,2.0,6.0,21.0
6153,1,22,1530,1,1,2,2.0,5.0,106.0,500,3.0,2.0,2.0,0.0,1.0,1.0,2.0,4,4,0.0,0.0,0.0,0.0,1972.0,1.0,21,0,0.0,2.0,7.0,1.0
6154,1,22,1530,1,1,2,2.0,5.0,106.0,500,3.0,2.0,2.0,0.0,1.0,1.0,2.0,1,1,1.0,0.0,0.0,0.0,1963.0,2.0,3,0,0.0,2.0,1.0,1.0
6155,1,22,1530,1,1,2,2.0,5.0,106.0,500,3.0,2.0,2.0,0.0,1.0,1.0,2.0,1,1,1.0,0.0,0.0,0.0,1963.0,2.0,7,0,0.0,2.0,6.0,21.0
6156,1,22,1530,1,1,2,2.0,5.0,106.0,500,3.0,2.0,2.0,0.0,1.0,1.0,2.0,1,1,1.0,0.0,0.0,0.0,1963.0,1.0,21,0,0.0,2.0,7.0,1.0
6157,1,22,1530,1,1,2,2.0,5.0,106.0,500,3.0,2.0,2.0,0.0,1.0,1.0,2.0,1,1,2.0,0.0,0.0,0.0,1960.0,2.0,3,0,0.0,2.0,1.0,1.0
6158,1,22,1530,1,1,2,2.0,5.0,106.0,500,3.0,2.0,2.0,0.0,1.0,1.0,2.0,1,1,2.0,0.0,0.0,0.0,1960.0,2.0,7,0,0.0,2.0,6.0,21.0
6159,1,22,1530,1,1,2,2.0,5.0,106.0,500,3.0,2.0,2.0,0.0,1.0,1.0,2.0,1,1,2.0,0.0,0.0,0.0,1960.0,1.0,21,0,0.0,2.0,7.0,1.0
6160,4,1,745,1,2,1,1.0,1.0,409.0,500,3.0,2.0,2.0,0.0,2.0,1.0,1.0,1,4,1.0,0.0,0.0,0.0,1989.0,1.0,7,0,0.0,2.0,1.0,2.0
6161,4,1,745,1,2,1,1.0,1.0,409.0,500,3.0,2.0,2.0,0.0,2.0,1.0,1.0,1,4,1.0,0.0,0.0,0.0,1989.0,1.0,1,0,0.0,2.0,4.0,1.0
6162,4,1,745,1,2,1,1.0,1.0,409.0,500,3.0,2.0,2.0,0.0,2.0,1.0,1.0,1,1,1.0,0.0,0.0,0.0,1970.0,1.0,7,0,0.0,2.0,1.0,2.0
6163,4,1,745,1,2,1,1.0,1.0,409.0,500,3.0,2.0,2.0,0.0,2.0,1.0,1.0,1,1,1.0,0.0,0.0,0.0,1970.0,1.0,1,0,0.0,2.0,4.0,1.0
6164,4,7,830,1,1,1,4.0,3.0,46.0,500,3.0,2.0,2.0,0.0,2.0,1.0,2.0,1,4,1.0,0.0,0.0,0.0,1991.0,1.0,7,0,0.0,2.0,7.0,0.0
6165,4,7,830,1,1,1,4.0,3.0,46.0,500,3.0,2.0,2.0,0.0,2.0,1.0,2.0,1,4,1.0,0.0,0.0,0.0,1991.0,1.0,7,0,0.0,2.0,1.0,0.0
6166,4,7,830,1,1,1,4.0,3.0,46.0,500,3.0,2.0,2.0,0.0,2.0,1.0,2.0,1,1,4.0,0.0,0.0,0.0,1974.0,1.0,7,0,0.0,2.0,7.0,0.0
6167,4,7,830,1,1,1,4.0,3.0,46.0,500,3.0,2.0,2.0,0.0,2.0,1.0,2.0,1,1,4.0,0.0,0.0,0.0,1974.0,1.0,7,0,0.0,2.0,1.0,0.0
6168,4,7,830,1,1,1,4.0,3.0,46.0,500,3.0,2.0,2.0,0.0,2.0,1.0,2.0,4,4,0.0,0.0,0.0,0.0,1975.0,1.0,7,0,0.0,2.0,7.0,0.0
6169,4,7,830,1,1,1,4.0,3.0,46.0,500,3.0,2.0,2.0,0.0,2.0,1.0,2.0,4,4,0.0,0.0,0.0,0.0,1975.0,1.0,7,0,0.0,2.0,1.0,0.0
6170,4,7,830,1,1,1,4.0,3.0,46.0,500,3.0,2.0,2.0,0.0,2.0,1.0,2.0,4,1,0.0,0.0,0.0,0.0,2001.0,1.0,7,0,0.0,2.0,7.0,0.0
6171,4,7,830,1,1,1,4.0,3.0,46.0,500,3.0,2.0,2.0,0.0,2.0,1.0,2.0,4,1,0.0,0.0,0.0,0.0,2001.0,1.0,7,0,0.0,2.0,1.0,0.0
6172,4,7,830,1,1,1,4.0,3.0,46.0,500,3.0,2.0,2.0,0.0,2.0,1.0,2.0,4,4,0.0,0.0,0.0,0.0,2004.0,1.0,7,0,0.0,2.0,7.0,0.0
6173,4,7,830,1,1,1,4.0,3.0,46.0,500,3.0,2.0,2.0,0.0,2.0,1.0,2.0,4,4,0.0,0.0,0.0,0.0,2004.0,1.0,7,0,0.0,2.0,1.0,0.0
6174,4,7,830,1,1,1,4.0,3.0,46.0,500,3.0,2.0,2.0,0.0,2.0,1.0,2.0,4,4,0.0,0.0,0.0,0.0,2004.0,1.0,7,0,0.0,2.0,7.0,0.0
6175,4,7,830,1,1,1,4.0,3.0,46.0,500,3.0,2.0,2.0,0.0,2.0,1.0,2.0,4,4,0.0,0.0,0.0,0.0,2004.0,1.0,7,0,0.0,2.0,1.0,0.0
6176,7,5,1345,1,1,3,1.0,2.0,239.0,500,3.0,2.0,2.0,0.0,1.0,1.0,1.0,1,1,2.0,0.0,0.0,0.0,1963.0,2.0,10,0,14.0,0.0,1.0,2.0
6177,7,5,1345,1,1,3,1.0,2.0,239.0,500,3.0,2.0,2.0,0.0,1.0,1.0,1.0,1,1,2.0,0.0,0.0,0.0,1963.0,2.0,31,0,0.0,0.0,4.0,23.0
6178,7,5,1345,1,1,3,1.0,2.0,239.0,500,3.0,2.0,2.0,0.0,1.0,1.0,1.0,1,1,4.0,0.0,0.0,0.0,1978.0,2.0,10,0,14.0,0.0,1.0,2.0
6179,7,5,1345,1,1,3,1.0,2.0,239.0,500,3.0,2.0,2.0,0.0,1.0,1.0,1.0,1,1,4.0,0.0,0.0,0.0,1978.0,2.0,31,0,0.0,0.0,4.0,23.0
6180,10,9,1830,1,1,1,1.0,1.0,491.0,500,3.0,2.0,2.0,0.0,3.0,1.0,1.0,1,1,4.0,0.0,0.0,0.0,1973.0,1.0,7,0,0.0,2.0,3.0,13.0
6181,10,9,1830,1,1,1,1.0,1.0,491.0,500,3.0,2.0,2.0,0.0,3.0,1.0,1.0,1,1,4.0,0.0,0.0,0.0,1973.0,2.0,7,0,0.0,2.0,3.0,1.0
6182,10,9,1830,1,1,1,1.0,1.0,491.0,500,3.0,2.0,2.0,0.0,3.0,1.0,1.0,1,4,4.0,0.0,0.0,0.0,1995.0,1.0,7,0,0.0,2.0,3.0,13.0
6183,10,9,1830,1,1,1,1.0,1.0,491.0,500,3.0,2.0,2.0,0.0,3.0,1.0,1.0,1,4,4.0,0.0,0.0,0.0,1995.0,2.0,7,0,0.0,2.0,3.0,1.0
6184,10,9,1830,1,1,1,1.0,1.0,491.0,500,3.0,2.0,2.0,0.0,3.0,1.0,1.0,4,4,0.0,0.0,0.0,0.0,1967.0,1.0,7,0,0.0,2.0,3.0,13.0
6185,10,9,1830,1,1,1,1.0,1.0,491.0,500,3.0,2.0,2.0,0.0,3.0,1.0,1.0,4,4,0.0,0.0,0.0,0.0,1967.0,2.0,7,0,0.0,2.0,3.0,1.0
6186,10,9,1830,1,1,1,1.0,1.0,491.0,500,3.0,2.0,2.0,0.0,3.0,1.0,1.0,4,4,0.0,0.0,0.0,0.0,1999.0,1.0,7,0,0.0,2.0,3.0,13.0
6187,10,9,1830,1,1,1,1.0,1.0,491.0,500,3.0,2.0,2.0,0.0,3.0,1.0,1.0,4,4,0.0,0.0,0.0,0.0,1999.0,2.0,7,0,0.0,2.0,3.0,1.0
6188,10,9,1830,1,1,1,1.0,1.0,491.0,500,3.0,2.0,2.0,0.0,3.0,1.0,1.0,4,1,0.0,0.0,0.0,0.0,1998.0,1.0,7,0,0.0,2.0,3.0,13.0
6189,10,9,1830,1,1,1,1.0,1.0,491.0,500,3.0,2.0,2.0,0.0,3.0,1.0,1.0,4,1,0.0,0.0,0.0,0.0,1998.0,2.0,7,0,0.0,2.0,3.0,1.0
6190,10,19,1715,1,1,1,1.0,1.0,161.0,500,3.0,2.0,2.0,0.0,1.0,1.0,1.0,1,1,4.0,0.0,0.0,0.0,1968.0,2.0,30,0,0.0,2.0,1.0,14.0
6191,10,19,1715,1,1,1,1.0,1.0,161.0,500,3.0,2.0,2.0,0.0,1.0,1.0,1.0,1,1,4.0,0.0,0.0,0.0,1968.0,1.0,7,0,0.0,2.0,3.0,1.0
6192,10,19,1715,1,1,1,1.0,1.0,161.0,500,3.0,2.0,2.0,0.0,1.0,1.0,1.0,1,1,9.0,0.0,0.0,0.0,1981.0,2.0,30,0,0.0,2.0,1.0,14.0
6193,10,19,1715,1,1,1,1.0,1.0,161.0,500,3.0,2.0,2.0,0.0,1.0,1.0,1.0,1,1,9.0,0.0,0.0,0.0,1981.0,1.0,7,0,0.0,2.0,3.0,1.0
6194,11,18,2155,3,1,1,4.0,7.0,239.0,500,3.0,2.0,2.0,0.0,2.0,2.0,2.0,1,1,1.0,0.0,0.0,0.0,1985.0,1.0,7,0,3.0,0.0,1.0,14.0
6195,11,18,2155,3,1,1,4.0,7.0,239.0,500,3.0,2.0,2.0,0.0,2.0,2.0,2.0,4,1,0.0,0.0,0.0,0.0,1990.0,1.0,7,0,3.0,0.0,1.0,14.0
6196,12,8,2030,3,1,1,1.0,6.0,356.0,500,3.0,2.0,2.0,0.0,2.0,2.0,1.0,1,4,1.0,0.0,0.0,0.0,1995.0,0.0,7,0,8.0,0.0,8.0,14.0
6197,12,18,1800,3,1,3,5.0,3.0,356.0,500,3.0,2.0,2.0,0.0,2.0,1.0,2.0,1,1,1.0,0.0,0.0,0.0,1952.0,2.0,7,0,0.0,0.0,7.0,15.0
6198,12,18,1800,3,1,3,5.0,3.0,356.0,500,3.0,2.0,2.0,0.0,2.0,1.0,2.0,1,1,1.0,0.0,0.0,0.0,1952.0,1.0,2,0,0.0,2.0,1.0,1.0
6199,12,18,1800,3,1,3,5.0,3.0,356.0,500,3.0,2.0,2.0,0.0,2.0,1.0,2.0,1,1,4.0,0.0,0.0,0.0,2001.0,2.0,7,0,0.0,0.0,7.0,15.0
6200,12,18,1800,3,1,3,5.0,3.0,356.0,500,3.0,2.0,2.0,0.0,2.0,1.0,2.0,1,1,4.0,0.0,0.0,0.0,2001.0,1.0,2,0,0.0,2.0,1.0,1.0
6201,3,13,1930,2,1,1,1.0,7.0,363.0,500,3.0,2.0,2.0,0.0,0.0,1.0,1.0,1,4,4.0,0.0,0.0,0.0,1986.0,1.0,7,0,8.0,0.0,3.0,14.0
6202,3,13,1930,2,1,1,1.0,7.0,363.0,500,3.0,2.0,2.0,0.0,0.0,1.0,1.0,4,1,0.0,0.0,0.0,0.0,2006.0,1.0,7,0,8.0,0.0,3.0,14.0
6203,3,13,1930,2,1,1,1.0,7.0,363.0,500,3.0,2.0,2.0,0.0,0.0,1.0,1.0,4,4,0.0,0.0,0.0,0.0,2013.0,1.0,7,0,8.0,0.0,3.0,14.0
6204,3,13,1930,2,1,1,1.0,7.0,363.0,500,3.0,2.0,2.0,0.0,0.0,1.0,1.0,4,1,0.0,0.0,0.0,0.0,2013.0,1.0,7,0,8.0,0.0,3.0,14.0
6205,6,5,715,1,1,1,1.0,1.0,159.0,500,3.0,2.0,2.0,0.0,1.0,4.0,1.0,1,1,4.0,0.0,0.0,0.0,1966.0,1.0,7,0,0.0,2.0,3.0,1.0
6206,6,5,715,1,1,1,1.0,1.0,159.0,500,3.0,2.0,2.0,0.0,1.0,4.0,1.0,1,1,4.0,0.0,0.0,0.0,1966.0,2.0,33,0,0.0,2.0,3.0,5.0
6207,6,5,715,1,1,1,1.0,1.0,159.0,500,3.0,2.0,2.0,0.0,1.0,4.0,1.0,4,1,0.0,0.0,0.0,0.0,1949.0,1.0,7,0,0.0,2.0,3.0,1.0
6208,6,5,715,1,1,1,1.0,1.0,159.0,500,3.0,2.0,2.0,0.0,1.0,4.0,1.0,4,1,0.0,0.0,0.0,0.0,1949.0,2.0,33,0,0.0,2.0,3.0,5.0
6209,6,5,715,1,1,1,1.0,1.0,159.0,500,3.0,2.0,2.0,0.0,1.0,4.0,1.0,1,1,4.0,0.0,0.0,0.0,1973.0,1.0,7,0,0.0,2.0,3.0,1.0
6210,6,5,715,1,1,1,1.0,1.0,159.0,500,3.0,2.0,2.0,0.0,1.0,4.0,1.0,1,1,4.0,0.0,0.0,0.0,1973.0,2.0,33,0,0.0,2.0,3.0,5.0
6211,6,12,1145,1,1,1,8.0,7.0,393.0,500,3.0,2.0,2.0,0.0,1.0,1.0,1.0,1,4,4.0,0.0,0.0,0.0,1937.0,1.0,7,0,16.0,0.0,3.0,1.0
6212,9,15,945,1,1,1,2.0,7.0,214.0,500,3.0,2.0,2.0,0.0,1.0,2.0,2.0,1,4,4.0,0.0,0.0,0.0,1934.0,1.0,7,0,0.0,0.0,2.0,1.0
6213,10,18,1730,1,1,1,1.0,5.0,95.0,500,3.0,2.0,2.0,0.0,2.0,4.0,2.0,1,1,4.0,0.0,0.0,0.0,1962.0,1.0,33,0,0.0,2.0,1.0,1.0
6214,10,18,1730,1,1,1,1.0,5.0,95.0,500,3.0,2.0,2.0,0.0,2.0,4.0,2.0,1,1,4.0,0.0,0.0,0.0,1962.0,1.0,31,0,0.0,2.0,1.0,1.0
6215,10,18,1730,1,1,1,1.0,5.0,95.0,500,3.0,2.0,2.0,0.0,2.0,4.0,2.0,1,1,4.0,0.0,0.0,0.0,1962.0,2.0,7,0,13.0,2.0,1.0,13.0
6216,10,18,1730,1,1,1,1.0,5.0,95.0,500,3.0,2.0,2.0,0.0,2.0,4.0,2.0,1,1,4.0,0.0,0.0,0.0,1956.0,1.0,33,0,0.0,2.0,1.0,1.0
6217,10,18,1730,1,1,1,1.0,5.0,95.0,500,3.0,2.0,2.0,0.0,2.0,4.0,2.0,1,1,4.0,0.0,0.0,0.0,1956.0,1.0,31,0,0.0,2.0,1.0,1.0
6218,10,18,1730,1,1,1,1.0,5.0,95.0,500,3.0,2.0,2.0,0.0,2.0,4.0,2.0,1,1,4.0,0.0,0.0,0.0,1956.0,2.0,7,0,13.0,2.0,1.0,13.0
6219,10,18,1730,1,1,1,1.0,5.0,95.0,500,3.0,2.0,2.0,0.0,2.0,4.0,2.0,1,1,1.0,0.0,0.0,0.0,1975.0,1.0,33,0,0.0,2.0,1.0,1.0
6220,10,18,1730,1,1,1,1.0,5.0,95.0,500,3.0,2.0,2.0,0.0,2.0,4.0,2.0,1,1,1.0,0.0,0.0,0.0,1975.0,1.0,31,0,0.0,2.0,1.0,1.0
6221,10,18,1730,1,1,1,1.0,5.0,95.0,500,3.0,2.0,2.0,0.0,2.0,4.0,2.0,1,1,1.0,0.0,0.0,0.0,1975.0,2.0,7,0,13.0,2.0,1.0,13.0
6222,1,12,855,1,1,1,2.0,6.0,54.0,940,4.0,1.0,1.0,0.0,2.0,2.0,2.0,1,1,4.0,0.0,0.0,0.0,1968.0,0.0,7,0,0.0,2.0,4.0,24.0
6223,1,12,855,1,1,1,2.0,6.0,54.0,940,4.0,1.0,1.0,0.0,2.0,2.0,2.0,1,1,4.0,0.0,0.0,0.0,1968.0,0.0,1,0,1.0,0.0,4.0,1.0
6224,1,12,855,1,1,1,2.0,6.0,54.0,940,4.0,1.0,1.0,0.0,2.0,2.0,2.0,1,1,1.0,0.0,0.0,0.0,1972.0,0.0,7,0,0.0,2.0,4.0,24.0
6225,1,12,855,1,1,1,2.0,6.0,54.0,940,4.0,1.0,1.0,0.0,2.0,2.0,2.0,1,1,1.0,0.0,0.0,0.0,1972.0,0.0,1,0,1.0,0.0,4.0,1.0
6226,8,7,1130,1,1,1,1.0,6.0,224.0,500,3.0,2.0,2.0,0.0,1.0,1.0,1.0,1,4,4.0,0.0,0.0,0.0,1986.0,1.0,7,0,0.0,1.0,2.0,1.0
6227,8,7,1130,1,1,1,1.0,6.0,224.0,500,3.0,2.0,2.0,0.0,1.0,1.0,1.0,3,4,4.0,1.0,3.0,1.0,2006.0,1.0,7,0,0.0,1.0,2.0,1.0
6228,9,9,1930,1,1,1,1.0,3.0,224.0,500,3.0,2.0,2.0,0.0,2.0,1.0,1.0,1,1,4.0,0.0,0.0,0.0,1961.0,1.0,7,0,0.0,2.0,3.0,20.0
6229,9,9,1930,1,1,1,1.0,3.0,224.0,500,3.0,2.0,2.0,0.0,2.0,1.0,1.0,1,1,4.0,0.0,0.0,0.0,1961.0,1.0,7,0,0.0,2.0,2.0,2.0
6230,9,9,1930,1,1,1,1.0,3.0,224.0,500,3.0,2.0,2.0,0.0,2.0,1.0,1.0,4,4,0.0,0.0,0.0,0.0,1962.0,1.0,7,0,0.0,2.0,3.0,20.0
6231,9,9,1930,1,1,1,1.0,3.0,224.0,500,3.0,2.0,2.0,0.0,2.0,1.0,1.0,4,4,0.0,0.0,0.0,0.0,1962.0,1.0,7,0,0.0,2.0,2.0,2.0
6232,9,9,1930,1,1,1,1.0,3.0,224.0,500,3.0,2.0,2.0,0.0,2.0,1.0,1.0,1,1,4.0,0.0,0.0,0.0,1986.0,1.0,7,0,0.0,2.0,3.0,20.0
6233,9,9,1930,1,1,1,1.0,3.0,224.0,500,3.0,2.0,2.0,0.0,2.0,1.0,1.0,1,1,4.0,0.0,0.0,0.0,1986.0,1.0,7,0,0.0,2.0,2.0,2.0