,month,day,time,light,location,intersection,atmosphere,collision,municipality,department,road,traffic,nblanes,reslane,laneprofile,plan,surface,user,sex,route,pedlocation,pedaction,pedcondition,birth,dirtraffic,catvehicle,nboccupants,obstacle,movobstacle,impact,maneuver
6234,10,19,730,2,1,1,1.0,7.0,441.0,500,3.0,2.0,2.0,0.0,1.0,3.0,1.0,1,1,1.0,0.0,0.0,0.0,1991.0,1.0,7,0,13.0,0.0,9.0,13.0
6235,2,15,1230,1,1,1,1.0,6.0,54.0,940,4.0,1.0,1.0,3.0,1.0,0.0,1.0,1,1,2.0,0.0,0.0,0.0,1981.0,0.0,7,0,0.0,1.0,2.0,1.0
6236,2,15,1230,1,1,1,1.0,6.0,54.0,940,4.0,1.0,1.0,3.0,1.0,0.0,1.0,3,4,4.0,3.0,3.0,4.0,1977.0,0.0,7,0,0.0,1.0,2.0,1.0
6237,3,6,1340,1,1,1,1.0,6.0,54.0,940,4.0,1.0,1.0,0.0,1.0,1.0,1.0,1,4,4.0,0.0,0.0,0.0,1981.0,1.0,7,0,0.0,1.0,2.0,1.0
6238,3,6,1340,1,1,1,1.0,6.0,54.0,940,4.0,1.0,1.0,0.0,1.0,1.0,1.0,3,4,4.0,1.0,3.0,4.0,1990.0,1.0,7,0,0.0,1.0,2.0,1.0
6239,11,3,2000,3,1,1,1.0,7.0,261.0,500,3.0,2.0,2.0,0.0,2.0,1.0,1.0,1,1,4.0,0.0,0.0,0.0,1963.0,2.0,7,0,15.0,0.0,1.0,1.0
6240,4,13,820,1,1,1,8.0,3.0,54.0,940,4.0,2.0,2.0,0.0,1.0,4.0,2.0,1,1,1.0,0.0,0.0,0.0,1966.0,0.0,7,0,0.0,2.0,8.0,10.0
6241,4,13,820,1,1,1,8.0,3.0,54.0,940,4.0,2.0,2.0,0.0,1.0,4.0,2.0,1,1,1.0,0.0,0.0,0.0,1966.0,0.0,32,0,0.0,2.0,1.0,17.0
6242,4,13,820,1,1,1,8.0,3.0,54.0,940,4.0,2.0,2.0,0.0,1.0,4.0,2.0,1,1,1.0,0.0,0.0,0.0,1984.0,0.0,7,0,0.0,2.0,8.0,10.0
6243,4,13,820,1,1,1,8.0,3.0,54.0,940,4.0,2.0,2.0,0.0,1.0,4.0,2.0,1,1,1.0,0.0,0.0,0.0,1984.0,0.0,32,0,0.0,2.0,1.0,17.0
6244,5,8,930,1,1,2,1.0,3.0,54.0,940,4.0,2.0,2.0,0.0,1.0,1.0,1.0,1,4,1.0,0.0,0.0,0.0,1993.0,0.0,7,0,0.0,2.0,1.0,1.0
6245,5,8,930,1,1,2,1.0,3.0,54.0,940,4.0,2.0,2.0,0.0,1.0,1.0,1.0,1,4,1.0,0.0,0.0,0.0,1993.0,0.0,7,0,0.0,2.0,7.0,15.0
6246,5,8,930,1,1,2,1.0,3.0,54.0,940,4.0,2.0,2.0,0.0,1.0,1.0,1.0,1,4,1.0,0.0,0.0,0.0,1963.0,0.0,7,0,0.0,2.0,1.0,1.0
6247,5,8,930,1,1,2,1.0,3.0,54.0,940,4.0,2.0,2.0,0.0,1.0,1.0,1.0,1,4,1.0,0.0,0.0,0.0,1963.0,0.0,7,0,0.0,2.0,7.0,15.0
6248,5,24,1430,1,1,1,1.0,2.0,54.0,940,1.0,3.0,2.0,0.0,1.0,1.0,1.0,1,4,4.0,0.0,0.0,0.0,1984.0,1.0,7,0,0.0,2.0,3.0,2.0
6249,5,24,1430,1,1,1,1.0,2.0,54.0,940,1.0,3.0,2.0,0.0,1.0,1.0,1.0,1,4,4.0,0.0,0.0,0.0,1984.0,2.0,7,0,0.0,2.0,5.0,1.0
6250,5,24,1430,1,1,1,1.0,2.0,54.0,940,1.0,3.0,2.0,0.0,1.0,1.0,1.0,4,4,4.0,0.0,0.0,0.0,1953.0,1.0,7,0,0.0,2.0,3.0,2.0
6251,5,24,1430,1,1,1,1.0,2.0,54.0,940,1.0,3.0,2.0,0.0,1.0,1.0,1.0,4,4,4.0,0.0,0.0,0.0,1953.0,2.0,7,0,0.0,2.0,5.0,1.0
6252,5,24,1430,1,1,1,1.0,2.0,54.0,940,1.0,3.0,2.0,0.0,1.0,1.0,1.0,1,1,2.0,0.0,0.0,0.0,1978.0,1.0,7,0,0.0,2.0,3.0,2.0
6253,5,24,1430,1,1,1,1.0,2.0,54.0,940,1.0,3.0,2.0,0.0,1.0,1.0,1.0,1,1,2.0,0.0,0.0,0.0,1978.0,2.0,7,0,0.0,2.0,5.0,1.0
6254,6,8,800,1,1,3,1.0,4.0,54.0,940,4.0,2.0,2.0,0.0,1.0,1.0,1.0,1,4,1.0,0.0,0.0,0.0,1961.0,0.0,7,0,0.0,2.0,4.0,23.0
6255,6,8,800,1,1,3,1.0,4.0,54.0,940,4.0,2.0,2.0,0.0,1.0,1.0,1.0,1,4,1.0,0.0,0.0,0.0,1961.0,0.0,7,0,0.0,2.0,9.0,23.0
6256,6,8,800,1,1,3,1.0,4.0,54.0,940,4.0,2.0,2.0,0.0,1.0,1.0,1.0,1,4,1.0,0.0,0.0,0.0,1961.0,0.0,10,0,0.0,2.0,1.0,2.0
6257,6,8,800,1,1,3,1.0,4.0,54.0,940,4.0,2.0,2.0,0.0,1.0,1.0,1.0,1,1,1.0,0.0,0.0,0.0,1964.0,0.0,7,0,0.0,2.0,4.0,23.0
6258,6,8,800,1,1,3,1.0,4.0,54.0,940,4.0,2.0,2.0,0.0,1.0,1.0,1.0,1,1,1.0,0.0,0.0,0.0,1964.0,0.0,7,0,0.0,2.0,9.0,23.0
6259,6,8,800,1,1,3,1.0,4.0,54.0,940,4.0,2.0,2.0,0.0,1.0,1.0,1.0,1,1,1.0,0.0,0.0,0.0,1964.0,0.0,10,0,0.0,2.0,1.0,2.0
6260,6,8,800,1,1,3,1.0,4.0,54.0,940,4.0,2.0,2.0,0.0,1.0,1.0,1.0,1,1,2.0,0.0,0.0,0.0,1972.0,0.0,7,0,0.0,2.0,4.0,23.0
6261,6,8,800,1,1,3,1.0,4.0,54.0,940,4.0,2.0,2.0,0.0,1.0,1.0,1.0,1,1,2.0,0.0,0.0,0.0,1972.0,0.0,7,0,0.0,2.0,9.0,23.0
6262,6,8,800,1,1,3,1.0,4.0,54.0,940,4.0,2.0,2.0,0.0,1.0,1.0,1.0,1,1,2.0,0.0,0.0,0.0,1972.0,0.0,10,0,0.0,2.0,1.0,2.0
6263,6,9,1415,1,1,1,1.0,6.0,54.0,940,4.0,2.0,2.0,0.0,1.0,1.0,1.0,1,1,1.0,0.0,0.0,0.0,1953.0,0.0,34,0,12.0,0.0,2.0,1.0
6264,6,22,445,5,1,1,1.0,2.0,54.0,940,4.0,1.0,1.0,0.0,2.0,1.0,1.0,1,1,2.0,0.0,0.0,0.0,1967.0,0.0,7,0,0.0,2.0,4.0,1.0
6265,6,22,445,5,1,1,1.0,2.0,54.0,940,4.0,1.0,1.0,0.0,2.0,1.0,1.0,1,1,2.0,0.0,0.0,0.0,1967.0,0.0,7,0,0.0,2.0,1.0,2.0
6266,6,22,445,5,1,1,1.0,2.0,54.0,940,4.0,1.0,1.0,0.0,2.0,1.0,1.0,4,1,2.0,0.0,0.0,0.0,1987.0,0.0,7,0,0.0,2.0,4.0,1.0
6267,6,22,445,5,1,1,1.0,2.0,54.0,940,4.0,1.0,1.0,0.0,2.0,1.0,1.0,4,1,2.0,0.0,0.0,0.0,1987.0,0.0,7,0,0.0,2.0,1.0,2.0
6268,6,22,445,5,1,1,1.0,2.0,54.0,940,4.0,1.0,1.0,0.0,2.0,1.0,1.0,1,4,1.0,0.0,0.0,0.0,1993.0,0.0,7,0,0.0,2.0,4.0,1.0
6269,6,22,445,5,1,1,1.0,2.0,54.0,940,4.0,1.0,1.0,0.0,2.0,1.0,1.0,1,4,1.0,0.0,0.0,0.0,1993.0,0.0,7,0,0.0,2.0,1.0,2.0
6270,6,25,900,1,1,1,1.0,3.0,54.0,940,4.0,2.0,2.0,0.0,1.0,1.0,1.0,1,1,1.0,0.0,0.0,0.0,1995.0,0.0,7,0,0.0,2.0,3.0,13.0
6271,6,25,900,1,1,1,1.0,3.0,54.0,940,4.0,2.0,2.0,0.0,1.0,1.0,1.0,1,1,1.0,0.0,0.0,0.0,1995.0,0.0,10,0,0.0,2.0,6.0,1.0
6272,6,25,900,1,1,1,1.0,3.0,54.0,940,4.0,2.0,2.0,0.0,1.0,1.0,1.0,1,1,2.0,0.0,0.0,0.0,1985.0,0.0,7,0,0.0,2.0,3.0,13.0
6273,6,25,900,1,1,1,1.0,3.0,54.0,940,4.0,2.0,2.0,0.0,1.0,1.0,1.0,1,1,2.0,0.0,0.0,0.0,1985.0,0.0,10,0,0.0,2.0,6.0,1.0
6274,8,7,800,1,1,1,1.0,6.0,54.0,940,6.0,0.0,0.0,0.0,1.0,1.0,1.0,1,1,2.0,0.0,0.0,0.0,1982.0,0.0,7,0,0.0,1.0,3.0,1.0
6275,8,7,800,1,1,1,1.0,6.0,54.0,940,6.0,0.0,0.0,0.0,1.0,1.0,1.0,3,1,2.0,1.0,3.0,1.0,1979.0,0.0,7,0,0.0,1.0,3.0,1.0
6276,7,16,2130,4,1,6,1.0,2.0,54.0,940,4.0,1.0,1.0,0.0,1.0,1.0,1.0,1,4,1.0,0.0,0.0,0.0,1977.0,0.0,7,0,0.0,2.0,1.0,2.0
6277,7,16,2130,4,1,6,1.0,2.0,54.0,940,4.0,1.0,1.0,0.0,1.0,1.0,1.0,1,4,1.0,0.0,0.0,0.0,1977.0,0.0,7,0,0.0,2.0,4.0,23.0
6278,7,22,1615,1,1,1,1.0,4.0,54.0,940,4.0,1.0,3.0,0.0,1.0,1.0,1.0,1,1,2.0,0.0,0.0,0.0,1989.0,0.0,7,0,0.0,2.0,4.0,1.0
6279,7,22,1615,1,1,1,1.0,4.0,54.0,940,4.0,1.0,3.0,0.0,1.0,1.0,1.0,1,1,2.0,0.0,0.0,0.0,1989.0,0.0,7,0,0.0,2.0,9.0,2.0
6280,7,22,1615,1,1,1,1.0,4.0,54.0,940,4.0,1.0,3.0,0.0,1.0,1.0,1.0,1,1,2.0,0.0,0.0,0.0,1989.0,0.0,7,0,0.0,2.0,1.0,2.0
6281,7,22,1615,1,1,1,1.0,4.0,54.0,940,4.0,1.0,3.0,0.0,1.0,1.0,1.0,1,1,2.0,0.0,0.0,0.0,1967.0,0.0,7,0,0.0,2.0,4.0,1.0
6282,7,22,1615,1,1,1,1.0,4.0,54.0,940,4.0,1.0,3.0,0.0,1.0,1.0,1.0,1,1,2.0,0.0,0.0,0.0,1967.0,0.0,7,0,0.0,2.0,9.0,2.0
6283,7,22,1615,1,1,1,1.0,4.0,54.0,940,4.0,1.0,3.0,0.0,1.0,1.0,1.0,1,1,2.0,0.0,0.0,0.0,1967.0,0.0,7,0,0.0,2.0,1.0,2.0
6284,7,22,1615,1,1,1,1.0,4.0,54.0,940,4.0,1.0,3.0,0.0,1.0,1.0,1.0,1,1,2.0,0.0,0.0,0.0,1984.0,0.0,7,0,0.0,2.0,4.0,1.0
6285,7,22,1615,1,1,1,1.0,4.0,54.0,940,4.0,1.0,3.0,0.0,1.0,1.0,1.0,1,1,2.0,0.0,0.0,0.0,1984.0,0.0,7,0,0.0,2.0,9.0,2.0
6286,7,22,1615,1,1,1,1.0,4.0,54.0,940,4.0,1.0,3.0,0.0,1.0,1.0,1.0,1,1,2.0,0.0,0.0,0.0,1984.0,0.0,7,0,0.0,2.0,1.0,2.0
6287,9,5,1500,1,1,1,8.0,6.0,54.0,940,4.0,2.0,2.0,0.0,1.0,1.0,2.0,1,1,2.0,0.0,0.0,0.0,1968.0,0.0,7,0,0.0,1.0,2.0,17.0
6288,9,5,1500,1,1,1,8.0,6.0,54.0,940,4.0,2.0,2.0,0.0,1.0,1.0,2.0,3,1,1.0,3.0,3.0,1.0,1982.0,0.0,7,0,0.0,1.0,2.0,17.0
6289,9,7,1120,1,1,1,1.0,2.0,54.0,940,4.0,1.0,2.0,0.0,1.0,1.0,1.0,1,1,4.0,0.0,0.0,0.0,1994.0,0.0,7,0,0.0,2.0,1.0,2.0
6290,9,7,1120,1,1,1,1.0,2.0,54.0,940,4.0,1.0,2.0,0.0,1.0,1.0,1.0,1,1,4.0,0.0,0.0,0.0,1994.0,0.0,7,0,4.0,2.0,5.0,23.0
6291,9,7,1120,1,1,1,1.0,2.0,54.0,940,4.0,1.0,2.0,0.0,1.0,1.0,1.0,1,4,1.0,0.0,0.0,0.0,1993.0,0.0,7,0,0.0,2.0,1.0,2.0
6292,9,7,1120,1,1,1,1.0,2.0,54.0,940,4.0,1.0,2.0,0.0,1.0,1.0,1.0,1,4,1.0,0.0,0.0,0.0,1993.0,0.0,7,0,4.0,2.0,5.0,23.0
6293,9,7,1300,1,1,1,1.0,2.0,54.0,940,1.0,1.0,2.0,0.0,1.0,1.0,1.0,1,1,4.0,0.0,0.0,0.0,1991.0,1.0,7,0,3.0,2.0,9.0,17.0
6294,9,7,1300,1,1,1,1.0,2.0,54.0,940,1.0,1.0,2.0,0.0,1.0,1.0,1.0,1,1,4.0,0.0,0.0,0.0,1991.0,1.0,10,0,0.0,2.0,4.0,1.0
6295,9,7,1300,1,1,1,1.0,2.0,54.0,940,1.0,1.0,2.0,0.0,1.0,1.0,1.0,4,4,4.0,0.0,0.0,0.0,1959.0,1.0,7,0,3.0,2.0,9.0,17.0
6296,9,7,1300,1,1,1,1.0,2.0,54.0,940,1.0,1.0,2.0,0.0,1.0,1.0,1.0,4,4,4.0,0.0,0.0,0.0,1959.0,1.0,10,0,0.0,2.0,4.0,1.0
6297,9,7,1300,1,1,1,1.0,2.0,54.0,940,1.0,1.0,2.0,0.0,1.0,1.0,1.0,4,4,4.0,0.0,0.0,0.0,1965.0,1.0,7,0,3.0,2.0,9.0,17.0
6298,9,7,1300,1,1,1,1.0,2.0,54.0,940,1.0,1.0,2.0,0.0,1.0,1.0,1.0,4,4,4.0,0.0,0.0,0.0,1965.0,1.0,10,0,0.0,2.0,4.0,1.0
6299,9,7,1300,1,1,1,1.0,2.0,54.0,940,1.0,1.0,2.0,0.0,1.0,1.0,1.0,4,4,4.0,0.0,0.0,0.0,1981.0,1.0,7,0,3.0,2.0,9.0,17.0
6300,9,7,1300,1,1,1,1.0,2.0,54.0,940,1.0,1.0,2.0,0.0,1.0,1.0,1.0,4,4,4.0,0.0,0.0,0.0,1981.0,1.0,10,0,0.0,2.0,4.0,1.0
6301,9,7,1300,1,1,1,1.0,2.0,54.0,940,1.0,1.0,2.0,0.0,1.0,1.0,1.0,1,1,2.0,0.0,0.0,0.0,1985.0,1.0,7,0,3.0,2.0,9.0,17.0
6302,9,7,1300,1,1,1,1.0,2.0,54.0,940,1.0,1.0,2.0,0.0,1.0,1.0,1.0,1,1,2.0,0.0,0.0,0.0,1985.0,1.0,10,0,0.0,2.0,4.0,1.0
6303,10,19,755,2,1,3,1.0,3.0,54.0,940,4.0,2.0,2.0,0.0,1.0,1.0,1.0,1,4,1.0,0.0,0.0,0.0,1965.0,0.0,7,0,0.0,2.0,2.0,15.0
6304,10,19,755,2,1,3,1.0,3.0,54.0,940,4.0,2.0,2.0,0.0,1.0,1.0,1.0,1,4,1.0,0.0,0.0,0.0,1965.0,0.0,33,0,0.0,2.0,8.0,1.0
6305,10,19,755,2,1,3,1.0,3.0,54.0,940,4.0,2.0,2.0,0.0,1.0,1.0,1.0,1,1,1.0,0.0,0.0,0.0,1956.0,0.0,7,0,0.0,2.0,2.0,15.0
6306,10,19,755,2,1,3,1.0,3.0,54.0,940,4.0,2.0,2.0,0.0,1.0,1.0,1.0,1,1,1.0,0.0,0.0,0.0,1956.0,0.0,33,0,0.0,2.0,8.0,1.0
6307,11,9,1830,5,1,1,2.0,5.0,54.0,940,1.0,3.0,3.0,0.0,1.0,1.0,2.0,1,1,4.0,0.0,0.0,0.0,1986.0,1.0,7,0,0.0,2.0,2.0,12.0
6308,11,9,1830,5,1,1,2.0,5.0,54.0,940,1.0,3.0,3.0,0.0,1.0,1.0,2.0,1,1,4.0,0.0,0.0,0.0,1986.0,1.0,33,0,0.0,2.0,8.0,3.0
6309,11,9,1830,5,1,1,2.0,5.0,54.0,940,1.0,3.0,3.0,0.0,1.0,1.0,2.0,1,1,4.0,0.0,0.0,0.0,1986.0,1.0,7,0,0.0,2.0,6.0,1.0
6310,11,9,1830,5,1,1,2.0,5.0,54.0,940,1.0,3.0,3.0,0.0,1.0,1.0,2.0,1,1,4.0,0.0,0.0,0.0,1974.0,1.0,7,0,0.0,2.0,2.0,12.0
6311,11,9,1830,5,1,1,2.0,5.0,54.0,940,1.0,3.0,3.0,0.0,1.0,1.0,2.0,1,1,4.0,0.0,0.0,0.0,1974.0,1.0,33,0,0.0,2.0,8.0,3.0
6312,11,9,1830,5,1,1,2.0,5.0,54.0,940,1.0,3.0,3.0,0.0,1.0,1.0,2.0,1,1,4.0,0.0,0.0,0.0,1974.0,1.0,7,0,0.0,2.0,6.0,1.0
6313,11,9,1830,5,1,1,2.0,5.0,54.0,940,1.0,3.0,3.0,0.0,1.0,1.0,2.0,1,4,1.0,0.0,0.0,0.0,1978.0,1.0,7,0,0.0,2.0,2.0,12.0
6314,11,9,1830,5,1,1,2.0,5.0,54.0,940,1.0,3.0,3.0,0.0,1.0,1.0,2.0,1,4,1.0,0.0,0.0,0.0,1978.0,1.0,33,0,0.0,2.0,8.0,3.0
6315,11,9,1830,5,1,1,2.0,5.0,54.0,940,1.0,3.0,3.0,0.0,1.0,1.0,2.0,1,4,1.0,0.0,0.0,0.0,1978.0,1.0,7,0,0.0,2.0,6.0,1.0
6316,11,22,1825,4,1,1,1.0,6.0,54.0,940,4.0,1.0,1.0,0.0,1.0,1.0,1.0,1,1,2.0,0.0,0.0,0.0,1982.0,0.0,7,0,0.0,1.0,5.0,20.0
6317,11,22,1825,4,1,1,1.0,6.0,54.0,940,4.0,1.0,1.0,0.0,1.0,1.0,1.0,2,4,4.0,1.0,1.0,4.0,1946.0,0.0,7,0,0.0,1.0,5.0,20.0
6318,12,12,2000,5,1,4,2.0,4.0,54.0,940,4.0,1.0,1.0,0.0,2.0,1.0,2.0,1,1,4.0,0.0,0.0,0.0,1987.0,0.0,7,0,0.0,2.0,2.0,23.0
6319,12,12,2000,5,1,4,2.0,4.0,54.0,940,4.0,1.0,1.0,0.0,2.0,1.0,2.0,1,1,4.0,0.0,0.0,0.0,1987.0,0.0,7,0,0.0,2.0,9.0,23.0
6320,12,12,2000,5,1,4,2.0,4.0,54.0,940,4.0,1.0,1.0,0.0,2.0,1.0,2.0,1,1,4.0,0.0,0.0,0.0,1987.0,0.0,7,0,0.0,2.0,9.0,23.0
6321,12,12,2000,5,1,4,2.0,4.0,54.0,940,4.0,1.0,1.0,0.0,2.0,1.0,2.0,1,1,4.0,0.0,0.0,0.0,1987.0,0.0,7,0,0.0,2.0,1.0,2.0
6322,12,12,2000,5,1,4,2.0,4.0,54.0,940,4.0,1.0,1.0,0.0,2.0,1.0,2.0,1,4,4.0,0.0,0.0,0.0,1989.0,0.0,7,0,0.0,2.0,2.0,23.0
6323,12,12,2000,5,1,4,2.0,4.0,54.0,940,4.0,1.0,1.0,0.0,2.0,1.0,2.0,1,4,4.0,0.0,0.0,0.0,1989.0,0.0,7,0,0.0,2.0,9.0,23.0
6324,12,12,2000,5,1,4,2.0,4.0,54.0,940,4.0,1.0,1.0,0.0,2.0,1.0,2.0,1,4,4.0,0.0,0.0,0.0,1989.0,0.0,7,0,0.0,2.0,9.0,23.0
6325,12,12,2000,5,1,4,2.0,4.0,54.0,940,4.0,1.0,1.0,0.0,2.0,1.0,2.0,1,4,4.0,0.0,0.0,0.0,1989.0,0.0,7,0,0.0,2.0,1.0,2.0
6326,12,12,2000,5,1,4,2.0,4.0,54.0,940,4.0,1.0,1.0,0.0,2.0,1.0,2.0,1,1,2.0,0.0,0.0,0.0,1979.0,0.0,7,0,0.0,2.0,2.0,23.0
6327,12,12,2000,5,1,4,2.0,4.0,54.0,940,4.0,1.0,1.0,0.0,2.0,1.0,2.0,1,1,2.0,0.0,0.0,0.0,1979.0,0.0,7,0,0.0,2.0,9.0,23.0
6328,12,12,2000,5,1,4,2.0,4.0,54.0,940,4.0,1.0,1.0,0.0,2.0,1.0,2.0,1,1,2.0,0.0,0.0,0.0,1979.0,0.0,7,0,0.0,2.0,9.0,23.0
6329,12,12,2000,5,1,4,2.0,4.0,54.0,940,4.0,1.0,1.0,0.0,2.0,1.0,2.0,1,1,2.0,0.0,0.0,0.0,1979.0,0.0,7,0,0.0,2.0,1.0,2.0
6330,12,12,2000,5,1,4,2.0,4.0,54.0,940,4.0,1.0,1.0,0.0,2.0,1.0,2.0,1,1,4.0,0.0,0.0,0.0,1983.0,0.0,7,0,0.0,2.0,2.0,23.0
6331,12,12,2000,5,1,4,2.0,4.0,54.0,940,4.0,1.0,1.0,0.0,2.0,1.0,2.0,1,1,4.0,0.0,0.0,0.0,1983.0,0.0,7,0,0.0,2.0,9.0,23.0
6332,12,12,2000,5,1,4,2.0,4.0,54.0,940,4.0,1.0,1.0,0.0,2.0,1.0,2.0,1,1,4.0,0.0,0.0,0.0,1983.0,0.0,7,0,0.0,2.0,9.0,23.0
6333,12,12,2000,5,1,4,2.0,4.0,54.0,940,4.0,1.0,1.0,0.0,2.0,1.0,2.0,1,1,4.0,0.0,0.0,0.0,1983.0,0.0,7,0,0.0,2.0,1.0,2.0
6334,12,26,1800,5,1,1,8.0,6.0,54.0,940,4.0,1.0,1.0,0.0,3.0,3.0,1.0,1,1,1.0,0.0,0.0,0.0,1960.0,0.0,7,0,0.0,1.0,3.0,1.0
6335,12,26,1800,5,1,1,8.0,6.0,54.0,940,4.0,1.0,1.0,0.0,3.0,3.0,1.0,3,4,2.0,3.0,3.0,1.0,1987.0,0.0,7,0,0.0,1.0,3.0,1.0
6336,12,28,915,1,1,1,1.0,4.0,54.0,940,5.0,2.0,1.0,3.0,1.0,1.0,1.0,1,1,2.0,0.0,0.0,0.0,1959.0,0.0,10,0,0.0,2.0,9.0,1.0
6337,12,28,915,1,1,1,1.0,4.0,54.0,940,5.0,2.0,1.0,3.0,1.0,1.0,1.0,1,1,2.0,0.0,0.0,0.0,1959.0,0.0,7,0,0.0,2.0,4.0,1.0
6338,12,28,915,1,1,1,1.0,4.0,54.0,940,5.0,2.0,1.0,3.0,1.0,1.0,1.0,1,1,2.0,0.0,0.0,0.0,1959.0,0.0,10,0,6.0,2.0,9.0,2.0
6339,12,28,915,1,1,1,1.0,4.0,54.0,940,5.0,2.0,1.0,3.0,1.0,1.0,1.0,1,1,1.0,0.0,0.0,0.0,1956.0,0.0,10,0,0.0,2.0,9.0,1.0
6340,12,28,915,1,1,1,1.0,4.0,54.0,940,5.0,2.0,1.0,3.0,1.0,1.0,1.0,1,1,1.0,0.0,0.0,0.0,1956.0,0.0,7,0,0.0,2.0,4.0,1.0
6341,12,28,915,1,1,1,1.0,4.0,54.0,940,5.0,2.0,1.0,3.0,1.0,1.0,1.0,1,1,1.0,0.0,0.0,0.0,1956.0,0.0,10,0,6.0,2.0,9.0,2.0
6342,12,28,915,1,1,1,1.0,4.0,54.0,940,5.0,2.0,1.0,3.0,1.0,1.0,1.0,1,1,2.0,0.0,0.0,0.0,1974.0,0.0,10,0,0.0,2.0,9.0,1.0
6343,12,28,915,1,1,1,1.0,4.0,54.0,940,5.0,2.0,1.0,3.0,1.0,1.0,1.0,1,1,2.0,0.0,0.0,0.0,1974.0,0.0,7,0,0.0,2.0,4.0,1.0
6344,12,28,915,1,1,1,1.0,4.0,54.0,940,5.0,2.0,1.0,3.0,1.0,1.0,1.0,1,1,2.0,0.0,0.0,0.0,1974.0,0.0,10,0,6.0,2.0,9.0,2.0
6345,3,4,1515,1,2,1,2.0,6.0,25.0,500,4.0,1.0,1.0,0.0,2.0,1.0,2.0,1,4,4.0,0.0,0.0,0.0,1969.0,0.0,7,0,0.0,1.0,0.0,1.0
6346,3,4,1515,1,2,1,2.0,6.0,25.0,500,4.0,1.0,1.0,0.0,2.0,1.0,2.0,3,4,4.0,4.0,3.0,1.0,1928.0,0.0,7,0,0.0,1.0,0.0,1.0
6347,3,12,1915,3,1,3,1.0,1.0,399.0,500,3.0,0.0,0.0,0.0,3.0,1.0,1.0,1,4,3.0,0.0,0.0,0.0,1927.0,1.0,7,0,0.0,2.0,2.0,15.0
6348,3,12,1915,3,1,3,1.0,1.0,399.0,500,3.0,0.0,0.0,0.0,3.0,1.0,1.0,1,4,3.0,0.0,0.0,0.0,1927.0,2.0,7,0,0.0,2.0,3.0,1.0
6349,3,12,1915,3,1,3,1.0,1.0,399.0,500,3.0,0.0,0.0,0.0,3.0,1.0,1.0,1,1,4.0,0.0,0.0,0.0,1992.0,1.0,7,0,0.0,2.0,2.0,15.0
6350,3,12,1915,3,1,3,1.0,1.0,399.0,500,3.0,0.0,0.0,0.0,3.0,1.0,1.0,1,1,4.0,0.0,0.0,0.0,1992.0,2.0,7,0,0.0,2.0,3.0,1.0
6351,3,12,1915,3,1,3,1.0,1.0,399.0,500,3.0,0.0,0.0,0.0,3.0,1.0,1.0,4,4,0.0,0.0,0.0,0.0,1995.0,1.0,7,0,0.0,2.0,2.0,15.0
6352,3,12,1915,3,1,3,1.0,1.0,399.0,500,3.0,0.0,0.0,0.0,3.0,1.0,1.0,4,4,0.0,0.0,0.0,0.0,1995.0,2.0,7,0,0.0,2.0,3.0,1.0
6353,5,8,1615,1,1,3,1.0,2.0,616.0,500,4.0,2.0,2.0,0.0,1.0,1.0,0.0,1,1,4.0,0.0,0.0,0.0,2000.0,0.0,30,0,0.0,2.0,1.0,2.0
6354,5,8,1615,1,1,3,1.0,2.0,616.0,500,4.0,2.0,2.0,0.0,1.0,1.0,0.0,1,1,4.0,0.0,0.0,0.0,2000.0,0.0,7,0,0.0,2.0,4.0,15.0
6355,5,8,1615,1,1,3,1.0,2.0,616.0,500,4.0,2.0,2.0,0.0,1.0,1.0,0.0,1,4,4.0,0.0,0.0,0.0,1956.0,0.0,30,0,0.0,2.0,1.0,2.0
6356,5,8,1615,1,1,3,1.0,2.0,616.0,500,4.0,2.0,2.0,0.0,1.0,1.0,0.0,1,4,4.0,0.0,0.0,0.0,1956.0,0.0,7,0,0.0,2.0,4.0,15.0
6357,6,14,1645,1,2,1,7.0,6.0,516.0,500,3.0,2.0,2.0,2.0,1.0,1.0,1.0,1,1,1.0,0.0,0.0,0.0,1962.0,2.0,3,0,0.0,1.0,2.0,1.0
6358,6,14,1645,1,2,1,7.0,6.0,516.0,500,3.0,2.0,2.0,2.0,1.0,1.0,1.0,3,1,3.0,2.0,3.0,4.0,1939.0,2.0,3,0,0.0,1.0,2.0,1.0
6359,8,22,815,1,1,3,1.0,3.0,554.0,500,3.0,2.0,2.0,0.0,1.0,1.0,1.0,1,1,9.0,0.0,0.0,0.0,1931.0,2.0,7,0,0.0,2.0,1.0,1.0
6360,8,22,815,1,1,3,1.0,3.0,554.0,500,3.0,2.0,2.0,0.0,1.0,1.0,1.0,1,1,9.0,0.0,0.0,0.0,1931.0,1.0,7,0,0.0,2.0,7.0,15.0
6361,8,22,815,1,1,3,1.0,3.0,554.0,500,3.0,2.0,2.0,0.0,1.0,1.0,1.0,4,4,9.0,0.0,0.0,0.0,1937.0,2.0,7,0,0.0,2.0,1.0,1.0
6362,8,22,815,1,1,3,1.0,3.0,554.0,500,3.0,2.0,2.0,0.0,1.0,1.0,1.0,4,4,9.0,0.0,0.0,0.0,1937.0,1.0,7,0,0.0,2.0,7.0,15.0
6363,8,22,815,1,1,3,1.0,3.0,554.0,500,3.0,2.0,2.0,0.0,1.0,1.0,1.0,1,4,4.0,0.0,0.0,0.0,1994.0,2.0,7,0,0.0,2.0,1.0,1.0