,month,day,time,light,location,intersection,atmosphere,collision,municipality,department,road,traffic,nblanes,reslane,laneprofile,plan,surface,user,sex,route,pedlocation,pedaction,pedcondition,birth,dirtraffic,catvehicle,nboccupants,obstacle,movobstacle,impact,maneuver
6364,8,22,815,1,1,3,1.0,3.0,554.0,500,3.0,2.0,2.0,0.0,1.0,1.0,1.0,1,4,4.0,0.0,0.0,0.0,1994.0,1.0,7,0,0.0,2.0,7.0,15.0
6365,10,21,2215,3,1,3,1.0,6.0,554.0,500,3.0,2.0,2.0,0.0,4.0,3.0,1.0,1,1,4.0,0.0,0.0,0.0,1996.0,2.0,7,0,13.0,0.0,1.0,1.0
6366,10,21,2215,3,1,3,1.0,6.0,554.0,500,3.0,2.0,2.0,0.0,4.0,3.0,1.0,4,1,0.0,0.0,0.0,0.0,1996.0,2.0,7,0,13.0,0.0,1.0,1.0
6367,11,23,1730,3,1,1,2.0,5.0,554.0,500,3.0,2.0,2.0,0.0,0.0,1.0,2.0,1,4,4.0,0.0,0.0,0.0,1949.0,1.0,7,0,0.0,2.0,3.0,5.0
6368,11,23,1730,3,1,1,2.0,5.0,554.0,500,3.0,2.0,2.0,0.0,0.0,1.0,2.0,1,4,4.0,0.0,0.0,0.0,1949.0,2.0,7,0,0.0,2.0,3.0,2.0
6369,11,23,1730,3,1,1,2.0,5.0,554.0,500,3.0,2.0,2.0,0.0,0.0,1.0,2.0,1,4,4.0,0.0,0.0,0.0,1949.0,2.0,7,0,0.0,2.0,8.0,2.0
6370,11,23,1730,3,1,1,2.0,5.0,554.0,500,3.0,2.0,2.0,0.0,0.0,1.0,2.0,1,4,4.0,0.0,0.0,0.0,1949.0,2.0,7,0,0.0,2.0,8.0,1.0
6371,11,23,1730,3,1,1,2.0,5.0,554.0,500,3.0,2.0,2.0,0.0,0.0,1.0,2.0,1,1,4.0,0.0,0.0,0.0,1946.0,1.0,7,0,0.0,2.0,3.0,5.0
6372,11,23,1730,3,1,1,2.0,5.0,554.0,500,3.0,2.0,2.0,0.0,0.0,1.0,2.0,1,1,4.0,0.0,0.0,0.0,1946.0,2.0,7,0,0.0,2.0,3.0,2.0
6373,11,23,1730,3,1,1,2.0,5.0,554.0,500,3.0,2.0,2.0,0.0,0.0,1.0,2.0,1,1,4.0,0.0,0.0,0.0,1946.0,2.0,7,0,0.0,2.0,8.0,2.0
6374,11,23,1730,3,1,1,2.0,5.0,554.0,500,3.0,2.0,2.0,0.0,0.0,1.0,2.0,1,1,4.0,0.0,0.0,0.0,1946.0,2.0,7,0,0.0,2.0,8.0,1.0
6375,11,23,1730,3,1,1,2.0,5.0,554.0,500,3.0,2.0,2.0,0.0,0.0,1.0,2.0,4,4,4.0,0.0,0.0,0.0,1945.0,1.0,7,0,0.0,2.0,3.0,5.0
6376,11,23,1730,3,1,1,2.0,5.0,554.0,500,3.0,2.0,2.0,0.0,0.0,1.0,2.0,4,4,4.0,0.0,0.0,0.0,1945.0,2.0,7,0,0.0,2.0,3.0,2.0
6377,11,23,1730,3,1,1,2.0,5.0,554.0,500,3.0,2.0,2.0,0.0,0.0,1.0,2.0,4,4,4.0,0.0,0.0,0.0,1945.0,2.0,7,0,0.0,2.0,8.0,2.0
6378,11,23,1730,3,1,1,2.0,5.0,554.0,500,3.0,2.0,2.0,0.0,0.0,1.0,2.0,4,4,4.0,0.0,0.0,0.0,1945.0,2.0,7,0,0.0,2.0,8.0,1.0
6379,11,23,1730,3,1,1,2.0,5.0,554.0,500,3.0,2.0,2.0,0.0,0.0,1.0,2.0,1,1,9.0,0.0,0.0,0.0,1962.0,1.0,7,0,0.0,2.0,3.0,5.0
6380,11,23,1730,3,1,1,2.0,5.0,554.0,500,3.0,2.0,2.0,0.0,0.0,1.0,2.0,1,1,9.0,0.0,0.0,0.0,1962.0,2.0,7,0,0.0,2.0,3.0,2.0
6381,11,23,1730,3,1,1,2.0,5.0,554.0,500,3.0,2.0,2.0,0.0,0.0,1.0,2.0,1,1,9.0,0.0,0.0,0.0,1962.0,2.0,7,0,0.0,2.0,8.0,2.0
6382,11,23,1730,3,1,1,2.0,5.0,554.0,500,3.0,2.0,2.0,0.0,0.0,1.0,2.0,1,1,9.0,0.0,0.0,0.0,1962.0,2.0,7,0,0.0,2.0,8.0,1.0
6383,11,23,1730,3,1,1,2.0,5.0,554.0,500,3.0,2.0,2.0,0.0,0.0,1.0,2.0,4,4,0.0,0.0,0.0,0.0,1934.0,1.0,7,0,0.0,2.0,3.0,5.0
6384,11,23,1730,3,1,1,2.0,5.0,554.0,500,3.0,2.0,2.0,0.0,0.0,1.0,2.0,4,4,0.0,0.0,0.0,0.0,1934.0,2.0,7,0,0.0,2.0,3.0,2.0
6385,11,23,1730,3,1,1,2.0,5.0,554.0,500,3.0,2.0,2.0,0.0,0.0,1.0,2.0,4,4,0.0,0.0,0.0,0.0,1934.0,2.0,7,0,0.0,2.0,8.0,2.0
6386,11,23,1730,3,1,1,2.0,5.0,554.0,500,3.0,2.0,2.0,0.0,0.0,1.0,2.0,4,4,0.0,0.0,0.0,0.0,1934.0,2.0,7,0,0.0,2.0,8.0,1.0
6387,11,23,1730,3,1,1,2.0,5.0,554.0,500,3.0,2.0,2.0,0.0,0.0,1.0,2.0,1,4,3.0,0.0,0.0,0.0,1995.0,1.0,7,0,0.0,2.0,3.0,5.0
6388,11,23,1730,3,1,1,2.0,5.0,554.0,500,3.0,2.0,2.0,0.0,0.0,1.0,2.0,1,4,3.0,0.0,0.0,0.0,1995.0,2.0,7,0,0.0,2.0,3.0,2.0
6389,11,23,1730,3,1,1,2.0,5.0,554.0,500,3.0,2.0,2.0,0.0,0.0,1.0,2.0,1,4,3.0,0.0,0.0,0.0,1995.0,2.0,7,0,0.0,2.0,8.0,2.0
6390,11,23,1730,3,1,1,2.0,5.0,554.0,500,3.0,2.0,2.0,0.0,0.0,1.0,2.0,1,4,3.0,0.0,0.0,0.0,1995.0,2.0,7,0,0.0,2.0,8.0,1.0
6391,11,23,1730,3,1,1,2.0,5.0,554.0,500,3.0,2.0,2.0,0.0,0.0,1.0,2.0,4,1,0.0,0.0,0.0,0.0,2016.0,1.0,7,0,0.0,2.0,3.0,5.0
6392,11,23,1730,3,1,1,2.0,5.0,554.0,500,3.0,2.0,2.0,0.0,0.0,1.0,2.0,4,1,0.0,0.0,0.0,0.0,2016.0,2.0,7,0,0.0,2.0,3.0,2.0
6393,11,23,1730,3,1,1,2.0,5.0,554.0,500,3.0,2.0,2.0,0.0,0.0,1.0,2.0,4,1,0.0,0.0,0.0,0.0,2016.0,2.0,7,0,0.0,2.0,8.0,2.0
6394,11,23,1730,3,1,1,2.0,5.0,554.0,500,3.0,2.0,2.0,0.0,0.0,1.0,2.0,4,1,0.0,0.0,0.0,0.0,2016.0,2.0,7,0,0.0,2.0,8.0,1.0
6395,12,2,815,2,1,1,5.0,3.0,554.0,500,3.0,2.0,2.0,0.0,2.0,1.0,7.0,1,1,1.0,0.0,0.0,0.0,1986.0,2.0,7,0,0.0,2.0,6.0,13.0
6396,12,2,815,2,1,1,5.0,3.0,554.0,500,3.0,2.0,2.0,0.0,2.0,1.0,7.0,1,1,1.0,0.0,0.0,0.0,1986.0,1.0,7,0,0.0,2.0,3.0,1.0
6397,12,2,815,2,1,1,5.0,3.0,554.0,500,3.0,2.0,2.0,0.0,2.0,1.0,7.0,4,4,0.0,0.0,0.0,0.0,1989.0,2.0,7,0,0.0,2.0,6.0,13.0
6398,12,2,815,2,1,1,5.0,3.0,554.0,500,3.0,2.0,2.0,0.0,2.0,1.0,7.0,4,4,0.0,0.0,0.0,0.0,1989.0,1.0,7,0,0.0,2.0,3.0,1.0
6399,12,2,815,2,1,1,5.0,3.0,554.0,500,3.0,2.0,2.0,0.0,2.0,1.0,7.0,4,1,0.0,0.0,0.0,0.0,2010.0,2.0,7,0,0.0,2.0,6.0,13.0
6400,12,2,815,2,1,1,5.0,3.0,554.0,500,3.0,2.0,2.0,0.0,2.0,1.0,7.0,4,1,0.0,0.0,0.0,0.0,2010.0,1.0,7,0,0.0,2.0,3.0,1.0
6401,12,2,815,2,1,1,5.0,3.0,554.0,500,3.0,2.0,2.0,0.0,2.0,1.0,7.0,4,4,0.0,0.0,0.0,0.0,2014.0,2.0,7,0,0.0,2.0,6.0,13.0
6402,12,2,815,2,1,1,5.0,3.0,554.0,500,3.0,2.0,2.0,0.0,2.0,1.0,7.0,4,4,0.0,0.0,0.0,0.0,2014.0,1.0,7,0,0.0,2.0,3.0,1.0
6403,12,2,815,2,1,1,5.0,3.0,554.0,500,3.0,2.0,2.0,0.0,2.0,1.0,7.0,4,1,0.0,0.0,0.0,0.0,2007.0,2.0,7,0,0.0,2.0,6.0,13.0
6404,12,2,815,2,1,1,5.0,3.0,554.0,500,3.0,2.0,2.0,0.0,2.0,1.0,7.0,4,1,0.0,0.0,0.0,0.0,2007.0,1.0,7,0,0.0,2.0,3.0,1.0
6405,12,2,815,2,1,1,5.0,3.0,554.0,500,3.0,2.0,2.0,0.0,2.0,1.0,7.0,1,1,1.0,0.0,0.0,0.0,1971.0,2.0,7,0,0.0,2.0,6.0,13.0
6406,12,2,815,2,1,1,5.0,3.0,554.0,500,3.0,2.0,2.0,0.0,2.0,1.0,7.0,1,1,1.0,0.0,0.0,0.0,1971.0,1.0,7,0,0.0,2.0,3.0,1.0
6407,12,16,1845,3,1,3,1.0,3.0,516.0,500,3.0,2.0,2.0,0.0,2.0,1.0,1.0,1,1,4.0,0.0,0.0,0.0,1990.0,2.0,7,0,0.0,2.0,1.0,15.0
6408,12,16,1845,3,1,3,1.0,3.0,516.0,500,3.0,2.0,2.0,0.0,2.0,1.0,1.0,1,1,4.0,0.0,0.0,0.0,1990.0,1.0,2,0,0.0,2.0,8.0,1.0
6409,12,16,1845,3,1,3,1.0,3.0,516.0,500,3.0,2.0,2.0,0.0,2.0,1.0,1.0,1,1,4.0,0.0,0.0,0.0,2001.0,2.0,7,0,0.0,2.0,1.0,15.0
6410,12,16,1845,3,1,3,1.0,3.0,516.0,500,3.0,2.0,2.0,0.0,2.0,1.0,1.0,1,1,4.0,0.0,0.0,0.0,2001.0,1.0,2,0,0.0,2.0,8.0,1.0
6411,12,15,1545,1,1,1,1.0,5.0,66.0,500,3.0,2.0,2.0,0.0,1.0,1.0,1.0,1,1,2.0,0.0,0.0,0.0,1975.0,0.0,10,0,0.0,9.0,1.0,1.0
6412,12,15,1545,1,1,1,1.0,5.0,66.0,500,3.0,2.0,2.0,0.0,1.0,1.0,1.0,1,1,2.0,0.0,0.0,0.0,1975.0,0.0,7,0,0.0,2.0,3.0,13.0
6413,12,15,1545,1,1,1,1.0,5.0,66.0,500,3.0,2.0,2.0,0.0,1.0,1.0,1.0,1,1,2.0,0.0,0.0,0.0,1975.0,0.0,7,0,0.0,2.0,1.0,1.0
6414,12,15,1545,1,1,1,1.0,5.0,66.0,500,3.0,2.0,2.0,0.0,1.0,1.0,1.0,1,1,2.0,0.0,0.0,0.0,1975.0,0.0,7,0,0.0,2.0,3.0,1.0
6415,12,15,1545,1,1,1,1.0,5.0,66.0,500,3.0,2.0,2.0,0.0,1.0,1.0,1.0,1,4,1.0,0.0,0.0,0.0,1972.0,0.0,10,0,0.0,9.0,1.0,1.0
6416,12,15,1545,1,1,1,1.0,5.0,66.0,500,3.0,2.0,2.0,0.0,1.0,1.0,1.0,1,4,1.0,0.0,0.0,0.0,1972.0,0.0,7,0,0.0,2.0,3.0,13.0
6417,12,15,1545,1,1,1,1.0,5.0,66.0,500,3.0,2.0,2.0,0.0,1.0,1.0,1.0,1,4,1.0,0.0,0.0,0.0,1972.0,0.0,7,0,0.0,2.0,1.0,1.0
6418,12,15,1545,1,1,1,1.0,5.0,66.0,500,3.0,2.0,2.0,0.0,1.0,1.0,1.0,1,4,1.0,0.0,0.0,0.0,1972.0,0.0,7,0,0.0,2.0,3.0,1.0
6419,12,15,1545,1,1,1,1.0,5.0,66.0,500,3.0,2.0,2.0,0.0,1.0,1.0,1.0,1,1,4.0,0.0,0.0,0.0,1931.0,0.0,10,0,0.0,9.0,1.0,1.0
6420,12,15,1545,1,1,1,1.0,5.0,66.0,500,3.0,2.0,2.0,0.0,1.0,1.0,1.0,1,1,4.0,0.0,0.0,0.0,1931.0,0.0,7,0,0.0,2.0,3.0,13.0
6421,12,15,1545,1,1,1,1.0,5.0,66.0,500,3.0,2.0,2.0,0.0,1.0,1.0,1.0,1,1,4.0,0.0,0.0,0.0,1931.0,0.0,7,0,0.0,2.0,1.0,1.0
6422,12,15,1545,1,1,1,1.0,5.0,66.0,500,3.0,2.0,2.0,0.0,1.0,1.0,1.0,1,1,4.0,0.0,0.0,0.0,1931.0,0.0,7,0,0.0,2.0,3.0,1.0
6423,12,15,1545,1,1,1,1.0,5.0,66.0,500,3.0,2.0,2.0,0.0,1.0,1.0,1.0,1,4,1.0,0.0,0.0,0.0,1981.0,0.0,10,0,0.0,9.0,1.0,1.0
6424,12,15,1545,1,1,1,1.0,5.0,66.0,500,3.0,2.0,2.0,0.0,1.0,1.0,1.0,1,4,1.0,0.0,0.0,0.0,1981.0,0.0,7,0,0.0,2.0,3.0,13.0
6425,12,15,1545,1,1,1,1.0,5.0,66.0,500,3.0,2.0,2.0,0.0,1.0,1.0,1.0,1,4,1.0,0.0,0.0,0.0,1981.0,0.0,7,0,0.0,2.0,1.0,1.0
6426,12,15,1545,1,1,1,1.0,5.0,66.0,500,3.0,2.0,2.0,0.0,1.0,1.0,1.0,1,4,1.0,0.0,0.0,0.0,1981.0,0.0,7,0,0.0,2.0,3.0,1.0
6427,1,12,815,2,1,1,4.0,5.0,540.0,500,3.0,2.0,3.0,0.0,2.0,1.0,7.0,1,4,1.0,0.0,0.0,0.0,1957.0,2.0,7,0,0.0,2.0,1.0,1.0
6428,1,12,815,2,1,1,4.0,5.0,540.0,500,3.0,2.0,3.0,0.0,2.0,1.0,7.0,1,4,1.0,0.0,0.0,0.0,1957.0,1.0,7,0,0.0,2.0,1.0,13.0
6429,1,12,815,2,1,1,4.0,5.0,540.0,500,3.0,2.0,3.0,0.0,2.0,1.0,7.0,1,4,1.0,0.0,0.0,0.0,1957.0,2.0,7,0,0.0,2.0,3.0,1.0
6430,1,12,815,2,1,1,4.0,5.0,540.0,500,3.0,2.0,3.0,0.0,2.0,1.0,7.0,1,4,1.0,0.0,0.0,0.0,1988.0,2.0,7,0,0.0,2.0,1.0,1.0
6431,1,12,815,2,1,1,4.0,5.0,540.0,500,3.0,2.0,3.0,0.0,2.0,1.0,7.0,1,4,1.0,0.0,0.0,0.0,1988.0,1.0,7,0,0.0,2.0,1.0,13.0
6432,1,12,815,2,1,1,4.0,5.0,540.0,500,3.0,2.0,3.0,0.0,2.0,1.0,7.0,1,4,1.0,0.0,0.0,0.0,1988.0,2.0,7,0,0.0,2.0,3.0,1.0
6433,1,12,815,2,1,1,4.0,5.0,540.0,500,3.0,2.0,3.0,0.0,2.0,1.0,7.0,1,4,1.0,0.0,0.0,0.0,1969.0,2.0,7,0,0.0,2.0,1.0,1.0
6434,1,12,815,2,1,1,4.0,5.0,540.0,500,3.0,2.0,3.0,0.0,2.0,1.0,7.0,1,4,1.0,0.0,0.0,0.0,1969.0,1.0,7,0,0.0,2.0,1.0,13.0
6435,1,12,815,2,1,1,4.0,5.0,540.0,500,3.0,2.0,3.0,0.0,2.0,1.0,7.0,1,4,1.0,0.0,0.0,0.0,1969.0,2.0,7,0,0.0,2.0,3.0,1.0
6436,1,16,1145,1,2,1,7.0,2.0,102.0,500,4.0,2.0,2.0,0.0,1.0,1.0,1.0,1,1,4.0,0.0,0.0,0.0,1933.0,1.0,1,0,0.0,2.0,4.0,1.0
6437,1,16,1145,1,2,1,7.0,2.0,102.0,500,4.0,2.0,2.0,0.0,1.0,1.0,1.0,1,1,4.0,0.0,0.0,0.0,1933.0,1.0,7,0,0.0,9.0,2.0,2.0
6438,1,16,1145,1,2,1,7.0,2.0,102.0,500,4.0,2.0,2.0,0.0,1.0,1.0,1.0,1,1,4.0,0.0,0.0,0.0,1929.0,1.0,1,0,0.0,2.0,4.0,1.0
6439,1,16,1145,1,2,1,7.0,2.0,102.0,500,4.0,2.0,2.0,0.0,1.0,1.0,1.0,1,1,4.0,0.0,0.0,0.0,1929.0,1.0,7,0,0.0,9.0,2.0,2.0
6440,2,4,1030,1,2,1,8.0,6.0,565.0,500,3.0,2.0,2.0,0.0,1.0,1.0,2.0,1,1,4.0,0.0,0.0,0.0,1951.0,1.0,7,0,0.0,1.0,2.0,1.0
6441,2,4,1030,1,2,1,8.0,6.0,565.0,500,3.0,2.0,2.0,0.0,1.0,1.0,2.0,3,1,3.0,2.0,3.0,1.0,1930.0,1.0,7,0,0.0,1.0,2.0,1.0
6442,3,27,2345,3,1,1,6.0,6.0,493.0,500,3.0,2.0,2.0,0.0,1.0,1.0,2.0,1,4,4.0,0.0,0.0,0.0,1992.0,2.0,7,0,14.0,0.0,1.0,1.0
6443,3,27,2345,3,1,1,6.0,6.0,493.0,500,3.0,2.0,2.0,0.0,1.0,1.0,2.0,4,1,4.0,0.0,0.0,0.0,1987.0,2.0,7,0,14.0,0.0,1.0,1.0
6444,5,6,2215,3,1,1,1.0,6.0,541.0,500,3.0,2.0,2.0,0.0,1.0,1.0,1.0,1,1,4.0,0.0,0.0,0.0,1960.0,1.0,7,0,11.0,0.0,3.0,1.0
6445,5,6,2215,3,1,1,1.0,6.0,541.0,500,3.0,2.0,2.0,0.0,1.0,1.0,1.0,4,4,0.0,0.0,0.0,0.0,1972.0,1.0,7,0,11.0,0.0,3.0,1.0
6446,6,10,2015,1,1,1,8.0,1.0,565.0,500,3.0,2.0,2.0,0.0,1.0,1.0,1.0,1,1,4.0,0.0,0.0,0.0,1968.0,1.0,7,0,0.0,0.0,4.0,1.0
6447,6,10,2015,1,1,1,8.0,1.0,565.0,500,3.0,2.0,2.0,0.0,1.0,1.0,1.0,1,1,4.0,0.0,0.0,0.0,1968.0,1.0,7,0,0.0,2.0,1.0,2.0
6448,6,10,2015,1,1,1,8.0,1.0,565.0,500,3.0,2.0,2.0,0.0,1.0,1.0,1.0,1,4,4.0,0.0,0.0,0.0,1991.0,1.0,7,0,0.0,0.0,4.0,1.0
6449,6,10,2015,1,1,1,8.0,1.0,565.0,500,3.0,2.0,2.0,0.0,1.0,1.0,1.0,1,4,4.0,0.0,0.0,0.0,1991.0,1.0,7,0,0.0,2.0,1.0,2.0
6450,7,6,1930,1,1,2,1.0,3.0,493.0,500,3.0,2.0,2.0,0.0,0.0,1.0,1.0,1,1,4.0,0.0,0.0,0.0,1938.0,1.0,7,0,0.0,0.0,7.0,19.0
6451,7,6,1930,1,1,2,1.0,3.0,493.0,500,3.0,2.0,2.0,0.0,0.0,1.0,1.0,1,1,4.0,0.0,0.0,0.0,1938.0,2.0,33,0,0.0,2.0,1.0,1.0
6452,7,6,1930,1,1,2,1.0,3.0,493.0,500,3.0,2.0,2.0,0.0,0.0,1.0,1.0,1,1,1.0,0.0,0.0,0.0,1966.0,1.0,7,0,0.0,0.0,7.0,19.0
6453,7,6,1930,1,1,2,1.0,3.0,493.0,500,3.0,2.0,2.0,0.0,0.0,1.0,1.0,1,1,1.0,0.0,0.0,0.0,1966.0,2.0,33,0,0.0,2.0,1.0,1.0
6454,8,7,215,5,2,3,1.0,7.0,66.0,500,4.0,2.0,2.0,0.0,2.0,1.0,1.0,1,1,4.0,0.0,0.0,0.0,1994.0,0.0,33,0,8.0,0.0,1.0,13.0
6455,8,14,915,2,1,1,7.0,3.0,167.0,500,3.0,2.0,2.0,0.0,1.0,1.0,1.0,1,1,4.0,0.0,0.0,0.0,1984.0,0.0,7,0,0.0,2.0,2.0,2.0
6456,8,14,915,2,1,1,7.0,3.0,167.0,500,3.0,2.0,2.0,0.0,1.0,1.0,1.0,1,1,4.0,0.0,0.0,0.0,1984.0,0.0,1,0,0.0,2.0,8.0,1.0
6457,8,14,915,2,1,1,7.0,3.0,167.0,500,3.0,2.0,2.0,0.0,1.0,1.0,1.0,1,1,4.0,0.0,0.0,0.0,1934.0,0.0,7,0,0.0,2.0,2.0,2.0
6458,8,14,915,2,1,1,7.0,3.0,167.0,500,3.0,2.0,2.0,0.0,1.0,1.0,1.0,1,1,4.0,0.0,0.0,0.0,1934.0,0.0,1,0,0.0,2.0,8.0,1.0
6459,9,17,1500,1,1,1,1.0,5.0,541.0,500,3.0,2.0,2.0,2.0,1.0,1.0,1.0,1,1,4.0,0.0,0.0,0.0,1961.0,2.0,7,0,6.0,2.0,8.0,1.0
6460,9,17,1500,1,1,1,1.0,5.0,541.0,500,3.0,2.0,2.0,2.0,1.0,1.0,1.0,1,1,4.0,0.0,0.0,0.0,1961.0,2.0,10,0,8.0,2.0,3.0,1.0
6461,9,17,1500,1,1,1,1.0,5.0,541.0,500,3.0,2.0,2.0,2.0,1.0,1.0,1.0,1,1,4.0,0.0,0.0,0.0,1961.0,1.0,7,0,6.0,2.0,3.0,21.0
6462,9,17,1500,1,1,1,1.0,5.0,541.0,500,3.0,2.0,2.0,2.0,1.0,1.0,1.0,1,4,4.0,0.0,0.0,0.0,1995.0,2.0,7,0,6.0,2.0,8.0,1.0
6463,9,17,1500,1,1,1,1.0,5.0,541.0,500,3.0,2.0,2.0,2.0,1.0,1.0,1.0,1,4,4.0,0.0,0.0,0.0,1995.0,2.0,10,0,8.0,2.0,3.0,1.0
6464,9,17,1500,1,1,1,1.0,5.0,541.0,500,3.0,2.0,2.0,2.0,1.0,1.0,1.0,1,4,4.0,0.0,0.0,0.0,1995.0,1.0,7,0,6.0,2.0,3.0,21.0
6465,9,17,1500,1,1,1,1.0,5.0,541.0,500,3.0,2.0,2.0,2.0,1.0,1.0,1.0,4,1,0.0,0.0,0.0,0.0,1993.0,2.0,7,0,6.0,2.0,8.0,1.0
6466,9,17,1500,1,1,1,1.0,5.0,541.0,500,3.0,2.0,2.0,2.0,1.0,1.0,1.0,4,1,0.0,0.0,0.0,0.0,1993.0,2.0,10,0,8.0,2.0,3.0,1.0
6467,9,17,1500,1,1,1,1.0,5.0,541.0,500,3.0,2.0,2.0,2.0,1.0,1.0,1.0,4,1,0.0,0.0,0.0,0.0,1993.0,1.0,7,0,6.0,2.0,3.0,21.0
6468,9,17,1500,1,1,1,1.0,5.0,541.0,500,3.0,2.0,2.0,2.0,1.0,1.0,1.0,1,4,4.0,0.0,0.0,0.0,1935.0,2.0,7,0,6.0,2.0,8.0,1.0
6469,9,17,1500,1,1,1,1.0,5.0,541.0,500,3.0,2.0,2.0,2.0,1.0,1.0,1.0,1,4,4.0,0.0,0.0,0.0,1935.0,2.0,10,0,8.0,2.0,3.0,1.0
6470,9,17,1500,1,1,1,1.0,5.0,541.0,500,3.0,2.0,2.0,2.0,1.0,1.0,1.0,1,4,4.0,0.0,0.0,0.0,1935.0,1.0,7,0,6.0,2.0,3.0,21.0
6471,9,17,1500,1,1,1,1.0,5.0,541.0,500,3.0,2.0,2.0,2.0,1.0,1.0,1.0,4,4,4.0,0.0,0.0,0.0,1968.0,2.0,7,0,6.0,2.0,8.0,1.0
6472,9,17,1500,1,1,1,1.0,5.0,541.0,500,3.0,2.0,2.0,2.0,1.0,1.0,1.0,4,4,4.0,0.0,0.0,0.0,1968.0,2.0,10,0,8.0,2.0,3.0,1.0
6473,9,17,1500,1,1,1,1.0,5.0,541.0,500,3.0,2.0,2.0,2.0,1.0,1.0,1.0,4,4,4.0,0.0,0.0,0.0,1968.0,1.0,7,0,6.0,2.0,3.0,21.0
6474,9,28,1015,1,2,1,1.0,6.0,237.0,500,3.0,2.0,2.0,0.0,1.0,1.0,1.0,1,1,3.0,0.0,0.0,0.0,1948.0,2.0,7,0,0.0,1.0,3.0,1.0
6475,9,28,1015,1,2,1,1.0,6.0,237.0,500,3.0,2.0,2.0,0.0,1.0,1.0,1.0,3,4,4.0,4.0,3.0,1.0,1943.0,2.0,7,0,0.0,1.0,3.0,1.0
6476,10,17,800,2,2,1,5.0,7.0,167.0,500,3.0,2.0,2.0,0.0,1.0,1.0,2.0,1,1,1.0,0.0,0.0,0.0,1967.0,0.0,30,0,0.0,0.0,8.0,1.0
6477,11,14,1500,1,2,1,1.0,6.0,434.0,500,3.0,2.0,2.0,0.0,1.0,3.0,1.0,1,1,4.0,0.0,0.0,0.0,1945.0,1.0,2,0,14.0,0.0,0.0,1.0
6478,12,29,1030,1,2,1,7.0,6.0,102.0,500,3.0,2.0,2.0,0.0,2.0,1.0,1.0,1,1,3.0,0.0,0.0,0.0,1950.0,1.0,7,0,0.0,1.0,2.0,1.0
6479,12,29,1030,1,2,1,7.0,6.0,102.0,500,3.0,2.0,2.0,0.0,2.0,1.0,1.0,3,1,4.0,1.0,1.0,1.0,1929.0,1.0,7,0,0.0,1.0,2.0,1.0
6480,2,16,2000,3,1,1,1.0,2.0,410.0,500,2.0,3.0,4.0,0.0,1.0,1.0,1.0,1,1,9.0,0.0,0.0,0.0,1963.0,2.0,7,0,0.0,2.0,3.0,14.0
6481,2,16,2000,3,1,1,1.0,2.0,410.0,500,2.0,3.0,4.0,0.0,1.0,1.0,1.0,1,1,9.0,0.0,0.0,0.0,1963.0,2.0,10,0,0.0,2.0,5.0,1.0
6482,2,16,2000,3,1,1,1.0,2.0,410.0,500,2.0,3.0,4.0,0.0,1.0,1.0,1.0,1,1,0.0,0.0,0.0,0.0,1980.0,2.0,7,0,0.0,2.0,3.0,14.0
6483,2,16,2000,3,1,1,1.0,2.0,410.0,500,2.0,3.0,4.0,0.0,1.0,1.0,1.0,1,1,0.0,0.0,0.0,0.0,1980.0,2.0,10,0,0.0,2.0,5.0,1.0
6484,2,9,1515,1,2,2,1.0,6.0,168.0,500,3.0,2.0,2.0,0.0,1.0,1.0,1.0,1,4,1.0,0.0,0.0,0.0,1968.0,1.0,14,0,0.0,1.0,2.0,15.0
6485,2,9,1515,1,2,2,1.0,6.0,168.0,500,3.0,2.0,2.0,0.0,1.0,1.0,1.0,3,4,1.0,3.0,3.0,1.0,1967.0,1.0,14,0,0.0,1.0,2.0,15.0
6486,3,25,1700,1,1,1,1.0,5.0,410.0,500,2.0,2.0,2.0,0.0,1.0,1.0,1.0,1,1,9.0,0.0,0.0,0.0,1974.0,1.0,7,0,0.0,2.0,1.0,13.0
6487,3,25,1700,1,1,1,1.0,5.0,410.0,500,2.0,2.0,2.0,0.0,1.0,1.0,1.0,1,1,9.0,0.0,0.0,0.0,1974.0,2.0,14,0,0.0,2.0,1.0,1.0
6488,3,25,1700,1,1,1,1.0,5.0,410.0,500,2.0,2.0,2.0,0.0,1.0,1.0,1.0,1,1,9.0,0.0,0.0,0.0,1974.0,1.0,7,0,0.0,2.0,1.0,1.0
6489,3,25,1700,1,1,1,1.0,5.0,410.0,500,2.0,2.0,2.0,0.0,1.0,1.0,1.0,1,1,9.0,0.0,0.0,0.0,1974.0,1.0,7,0,0.0,2.0,8.0,1.0
6490,3,25,1700,1,1,1,1.0,5.0,410.0,500,2.0,2.0,2.0,0.0,1.0,1.0,1.0,1,4,2.0,0.0,0.0,0.0,1960.0,1.0,7,0,0.0,2.0,1.0,13.0
6491,3,25,1700,1,1,1,1.0,5.0,410.0,500,2.0,2.0,2.0,0.0,1.0,1.0,1.0,1,4,2.0,0.0,0.0,0.0,1960.0,2.0,14,0,0.0,2.0,1.0,1.0
6492,3,25,1700,1,1,1,1.0,5.0,410.0,500,2.0,2.0,2.0,0.0,1.0,1.0,1.0,1,4,2.0,0.0,0.0,0.0,1960.0,1.0,7,0,0.0,2.0,1.0,1.0