,month,day,time,light,location,intersection,atmosphere,collision,municipality,department,road,traffic,nblanes,reslane,laneprofile,plan,surface,user,sex,route,pedlocation,pedaction,pedcondition,birth,dirtraffic,catvehicle,nboccupants,obstacle,movobstacle,impact,maneuver
6493,3,25,1700,1,1,1,1.0,5.0,410.0,500,2.0,2.0,2.0,0.0,1.0,1.0,1.0,1,4,2.0,0.0,0.0,0.0,1960.0,1.0,7,0,0.0,2.0,8.0,1.0
6494,3,25,1700,1,1,1,1.0,5.0,410.0,500,2.0,2.0,2.0,0.0,1.0,1.0,1.0,1,4,4.0,0.0,0.0,0.0,1973.0,1.0,7,0,0.0,2.0,1.0,13.0
6495,3,25,1700,1,1,1,1.0,5.0,410.0,500,2.0,2.0,2.0,0.0,1.0,1.0,1.0,1,4,4.0,0.0,0.0,0.0,1973.0,2.0,14,0,0.0,2.0,1.0,1.0
6496,3,25,1700,1,1,1,1.0,5.0,410.0,500,2.0,2.0,2.0,0.0,1.0,1.0,1.0,1,4,4.0,0.0,0.0,0.0,1973.0,1.0,7,0,0.0,2.0,1.0,1.0
6497,3,25,1700,1,1,1,1.0,5.0,410.0,500,2.0,2.0,2.0,0.0,1.0,1.0,1.0,1,4,4.0,0.0,0.0,0.0,1973.0,1.0,7,0,0.0,2.0,8.0,1.0
6498,3,25,1700,1,1,1,1.0,5.0,410.0,500,2.0,2.0,2.0,0.0,1.0,1.0,1.0,4,4,0.0,0.0,0.0,0.0,2004.0,1.0,7,0,0.0,2.0,1.0,13.0
6499,3,25,1700,1,1,1,1.0,5.0,410.0,500,2.0,2.0,2.0,0.0,1.0,1.0,1.0,4,4,0.0,0.0,0.0,0.0,2004.0,2.0,14,0,0.0,2.0,1.0,1.0
6500,3,25,1700,1,1,1,1.0,5.0,410.0,500,2.0,2.0,2.0,0.0,1.0,1.0,1.0,4,4,0.0,0.0,0.0,0.0,2004.0,1.0,7,0,0.0,2.0,1.0,1.0
6501,3,25,1700,1,1,1,1.0,5.0,410.0,500,2.0,2.0,2.0,0.0,1.0,1.0,1.0,4,4,0.0,0.0,0.0,0.0,2004.0,1.0,7,0,0.0,2.0,8.0,1.0
6502,3,25,1700,1,1,1,1.0,5.0,410.0,500,2.0,2.0,2.0,0.0,1.0,1.0,1.0,4,4,0.0,0.0,0.0,0.0,2007.0,1.0,7,0,0.0,2.0,1.0,13.0
6503,3,25,1700,1,1,1,1.0,5.0,410.0,500,2.0,2.0,2.0,0.0,1.0,1.0,1.0,4,4,0.0,0.0,0.0,0.0,2007.0,2.0,14,0,0.0,2.0,1.0,1.0
6504,3,25,1700,1,1,1,1.0,5.0,410.0,500,2.0,2.0,2.0,0.0,1.0,1.0,1.0,4,4,0.0,0.0,0.0,0.0,2007.0,1.0,7,0,0.0,2.0,1.0,1.0
6505,3,25,1700,1,1,1,1.0,5.0,410.0,500,2.0,2.0,2.0,0.0,1.0,1.0,1.0,4,4,0.0,0.0,0.0,0.0,2007.0,1.0,7,0,0.0,2.0,8.0,1.0
6506,3,25,1700,1,1,1,1.0,5.0,410.0,500,2.0,2.0,2.0,0.0,1.0,1.0,1.0,1,4,4.0,0.0,0.0,0.0,1946.0,1.0,7,0,0.0,2.0,1.0,13.0
6507,3,25,1700,1,1,1,1.0,5.0,410.0,500,2.0,2.0,2.0,0.0,1.0,1.0,1.0,1,4,4.0,0.0,0.0,0.0,1946.0,2.0,14,0,0.0,2.0,1.0,1.0
6508,3,25,1700,1,1,1,1.0,5.0,410.0,500,2.0,2.0,2.0,0.0,1.0,1.0,1.0,1,4,4.0,0.0,0.0,0.0,1946.0,1.0,7,0,0.0,2.0,1.0,1.0
6509,3,25,1700,1,1,1,1.0,5.0,410.0,500,2.0,2.0,2.0,0.0,1.0,1.0,1.0,1,4,4.0,0.0,0.0,0.0,1946.0,1.0,7,0,0.0,2.0,8.0,1.0
6510,3,25,1700,1,1,1,1.0,5.0,410.0,500,2.0,2.0,2.0,0.0,1.0,1.0,1.0,4,1,0.0,0.0,0.0,0.0,1950.0,1.0,7,0,0.0,2.0,1.0,13.0
6511,3,25,1700,1,1,1,1.0,5.0,410.0,500,2.0,2.0,2.0,0.0,1.0,1.0,1.0,4,1,0.0,0.0,0.0,0.0,1950.0,2.0,14,0,0.0,2.0,1.0,1.0
6512,3,25,1700,1,1,1,1.0,5.0,410.0,500,2.0,2.0,2.0,0.0,1.0,1.0,1.0,4,1,0.0,0.0,0.0,0.0,1950.0,1.0,7,0,0.0,2.0,1.0,1.0
6513,3,25,1700,1,1,1,1.0,5.0,410.0,500,2.0,2.0,2.0,0.0,1.0,1.0,1.0,4,1,0.0,0.0,0.0,0.0,1950.0,1.0,7,0,0.0,2.0,8.0,1.0
6514,7,23,1500,1,1,1,1.0,4.0,413.0,500,2.0,3.0,2.0,0.0,1.0,1.0,1.0,1,4,0.0,0.0,0.0,0.0,1996.0,1.0,10,0,0.0,2.0,4.0,1.0
6515,7,23,1500,1,1,1,1.0,4.0,413.0,500,2.0,3.0,2.0,0.0,1.0,1.0,1.0,1,4,0.0,0.0,0.0,0.0,1996.0,1.0,10,0,0.0,2.0,4.0,2.0
6516,7,23,1500,1,1,1,1.0,4.0,413.0,500,2.0,3.0,2.0,0.0,1.0,1.0,1.0,1,4,0.0,0.0,0.0,0.0,1996.0,1.0,10,0,0.0,2.0,1.0,2.0
6517,7,23,1500,1,1,1,1.0,4.0,413.0,500,2.0,3.0,2.0,0.0,1.0,1.0,1.0,4,4,0.0,0.0,0.0,0.0,1994.0,1.0,10,0,0.0,2.0,4.0,1.0
6518,7,23,1500,1,1,1,1.0,4.0,413.0,500,2.0,3.0,2.0,0.0,1.0,1.0,1.0,4,4,0.0,0.0,0.0,0.0,1994.0,1.0,10,0,0.0,2.0,4.0,2.0
6519,7,23,1500,1,1,1,1.0,4.0,413.0,500,2.0,3.0,2.0,0.0,1.0,1.0,1.0,4,4,0.0,0.0,0.0,0.0,1994.0,1.0,10,0,0.0,2.0,1.0,2.0
6520,7,23,1500,1,1,1,1.0,4.0,413.0,500,2.0,3.0,2.0,0.0,1.0,1.0,1.0,4,1,0.0,0.0,0.0,0.0,1995.0,1.0,10,0,0.0,2.0,4.0,1.0
6521,7,23,1500,1,1,1,1.0,4.0,413.0,500,2.0,3.0,2.0,0.0,1.0,1.0,1.0,4,1,0.0,0.0,0.0,0.0,1995.0,1.0,10,0,0.0,2.0,4.0,2.0
6522,7,23,1500,1,1,1,1.0,4.0,413.0,500,2.0,3.0,2.0,0.0,1.0,1.0,1.0,4,1,0.0,0.0,0.0,0.0,1995.0,1.0,10,0,0.0,2.0,1.0,2.0
6523,7,23,1500,1,1,1,1.0,4.0,413.0,500,2.0,3.0,2.0,0.0,1.0,1.0,1.0,1,1,0.0,0.0,0.0,0.0,1959.0,1.0,10,0,0.0,2.0,4.0,1.0
6524,7,23,1500,1,1,1,1.0,4.0,413.0,500,2.0,3.0,2.0,0.0,1.0,1.0,1.0,1,1,0.0,0.0,0.0,0.0,1959.0,1.0,10,0,0.0,2.0,4.0,2.0
6525,7,23,1500,1,1,1,1.0,4.0,413.0,500,2.0,3.0,2.0,0.0,1.0,1.0,1.0,1,1,0.0,0.0,0.0,0.0,1959.0,1.0,10,0,0.0,2.0,1.0,2.0
6526,7,23,1500,1,1,1,1.0,4.0,413.0,500,2.0,3.0,2.0,0.0,1.0,1.0,1.0,1,1,0.0,0.0,0.0,0.0,1955.0,1.0,10,0,0.0,2.0,4.0,1.0
6527,7,23,1500,1,1,1,1.0,4.0,413.0,500,2.0,3.0,2.0,0.0,1.0,1.0,1.0,1,1,0.0,0.0,0.0,0.0,1955.0,1.0,10,0,0.0,2.0,4.0,2.0
6528,7,23,1500,1,1,1,1.0,4.0,413.0,500,2.0,3.0,2.0,0.0,1.0,1.0,1.0,1,1,0.0,0.0,0.0,0.0,1955.0,1.0,10,0,0.0,2.0,1.0,2.0
6529,2,27,1900,5,2,1,1.0,3.0,639.0,500,3.0,2.0,2.0,0.0,1.0,3.0,1.0,1,1,3.0,0.0,0.0,0.0,1990.0,1.0,36,0,0.0,2.0,3.0,13.0
6530,2,27,1900,5,2,1,1.0,3.0,639.0,500,3.0,2.0,2.0,0.0,1.0,3.0,1.0,1,1,3.0,0.0,0.0,0.0,1990.0,2.0,7,0,0.0,2.0,8.0,23.0
6531,2,27,1900,5,2,1,1.0,3.0,639.0,500,3.0,2.0,2.0,0.0,1.0,3.0,1.0,1,1,2.0,0.0,0.0,0.0,1971.0,1.0,36,0,0.0,2.0,3.0,13.0
6532,2,27,1900,5,2,1,1.0,3.0,639.0,500,3.0,2.0,2.0,0.0,1.0,3.0,1.0,1,1,2.0,0.0,0.0,0.0,1971.0,2.0,7,0,0.0,2.0,8.0,23.0
6533,3,4,2045,3,1,1,2.0,1.0,118.0,500,3.0,2.0,2.0,0.0,1.0,1.0,2.0,1,1,4.0,0.0,0.0,0.0,1957.0,1.0,7,0,0.0,2.0,1.0,15.0
6534,3,4,2045,3,1,1,2.0,1.0,118.0,500,3.0,2.0,2.0,0.0,1.0,1.0,2.0,1,1,4.0,0.0,0.0,0.0,1957.0,2.0,7,0,0.0,2.0,1.0,1.0
6535,3,4,2045,3,1,1,2.0,1.0,118.0,500,3.0,2.0,2.0,0.0,1.0,1.0,2.0,1,1,4.0,0.0,0.0,0.0,1958.0,1.0,7,0,0.0,2.0,1.0,15.0
6536,3,4,2045,3,1,1,2.0,1.0,118.0,500,3.0,2.0,2.0,0.0,1.0,1.0,2.0,1,1,4.0,0.0,0.0,0.0,1958.0,2.0,7,0,0.0,2.0,1.0,1.0
6537,6,12,1200,1,1,2,2.0,1.0,453.0,500,3.0,2.0,2.0,0.0,1.0,1.0,2.0,1,1,4.0,0.0,0.0,0.0,1991.0,2.0,7,0,0.0,2.0,1.0,19.0
6538,6,12,1200,1,1,2,2.0,1.0,453.0,500,3.0,2.0,2.0,0.0,1.0,1.0,2.0,1,1,4.0,0.0,0.0,0.0,1991.0,1.0,7,0,0.0,2.0,8.0,15.0
6539,6,12,1200,1,1,2,2.0,1.0,453.0,500,3.0,2.0,2.0,0.0,1.0,1.0,2.0,1,1,4.0,0.0,0.0,0.0,1987.0,2.0,7,0,0.0,2.0,1.0,19.0
6540,6,12,1200,1,1,2,2.0,1.0,453.0,500,3.0,2.0,2.0,0.0,1.0,1.0,2.0,1,1,4.0,0.0,0.0,0.0,1987.0,1.0,7,0,0.0,2.0,8.0,15.0
6541,6,12,1200,1,1,2,2.0,1.0,453.0,500,3.0,2.0,2.0,0.0,1.0,1.0,2.0,4,4,0.0,0.0,0.0,0.0,1988.0,2.0,7,0,0.0,2.0,1.0,19.0
6542,6,12,1200,1,1,2,2.0,1.0,453.0,500,3.0,2.0,2.0,0.0,1.0,1.0,2.0,4,4,0.0,0.0,0.0,0.0,1988.0,1.0,7,0,0.0,2.0,8.0,15.0
6543,10,8,1215,1,2,1,1.0,6.0,542.0,500,3.0,2.0,2.0,0.0,2.0,2.0,1.0,1,4,4.0,0.0,0.0,0.0,1966.0,0.0,33,0,6.0,0.0,1.0,1.0
6544,10,16,130,3,1,1,8.0,7.0,453.0,500,3.0,3.0,2.0,0.0,1.0,2.0,2.0,1,1,4.0,0.0,0.0,0.0,1992.0,2.0,7,0,13.0,0.0,3.0,1.0
6545,7,16,1015,1,1,1,1.0,1.0,623.0,500,3.0,2.0,2.0,0.0,0.0,0.0,1.0,1,1,0.0,0.0,0.0,0.0,1961.0,0.0,7,0,0.0,0.0,0.0,0.0
6546,7,16,1015,1,1,1,1.0,1.0,623.0,500,3.0,2.0,2.0,0.0,0.0,0.0,1.0,1,1,0.0,0.0,0.0,0.0,1961.0,0.0,7,0,0.0,0.0,0.0,0.0
6547,7,16,1015,1,1,1,1.0,1.0,623.0,500,3.0,2.0,2.0,0.0,0.0,0.0,1.0,1,1,0.0,0.0,0.0,0.0,1951.0,0.0,7,0,0.0,0.0,0.0,0.0
6548,7,16,1015,1,1,1,1.0,1.0,623.0,500,3.0,2.0,2.0,0.0,0.0,0.0,1.0,1,1,0.0,0.0,0.0,0.0,1951.0,0.0,7,0,0.0,0.0,0.0,0.0
6549,7,3,2345,3,1,1,8.0,6.0,242.0,500,3.0,2.0,2.0,0.0,2.0,3.0,1.0,1,1,4.0,0.0,0.0,0.0,1998.0,0.0,30,0,6.0,0.0,1.0,1.0
6550,8,2,1715,1,1,1,3.0,1.0,41.0,500,3.0,2.0,2.0,0.0,1.0,1.0,2.0,1,1,4.0,0.0,0.0,0.0,1980.0,1.0,7,0,0.0,2.0,1.0,1.0
6551,8,2,1715,1,1,1,3.0,1.0,41.0,500,3.0,2.0,2.0,0.0,1.0,1.0,2.0,1,1,4.0,0.0,0.0,0.0,1980.0,2.0,7,0,0.0,2.0,1.0,5.0
6552,8,2,1715,1,1,1,3.0,1.0,41.0,500,3.0,2.0,2.0,0.0,1.0,1.0,2.0,4,4,0.0,0.0,0.0,0.0,1975.0,1.0,7,0,0.0,2.0,1.0,1.0
6553,8,2,1715,1,1,1,3.0,1.0,41.0,500,3.0,2.0,2.0,0.0,1.0,1.0,2.0,4,4,0.0,0.0,0.0,0.0,1975.0,2.0,7,0,0.0,2.0,1.0,5.0
6554,8,2,1715,1,1,1,3.0,1.0,41.0,500,3.0,2.0,2.0,0.0,1.0,1.0,2.0,4,1,0.0,0.0,0.0,0.0,2009.0,1.0,7,0,0.0,2.0,1.0,1.0
6555,8,2,1715,1,1,1,3.0,1.0,41.0,500,3.0,2.0,2.0,0.0,1.0,1.0,2.0,4,1,0.0,0.0,0.0,0.0,2009.0,2.0,7,0,0.0,2.0,1.0,5.0
6556,8,2,1715,1,1,1,3.0,1.0,41.0,500,3.0,2.0,2.0,0.0,1.0,1.0,2.0,4,4,0.0,0.0,0.0,0.0,2013.0,1.0,7,0,0.0,2.0,1.0,1.0
6557,8,2,1715,1,1,1,3.0,1.0,41.0,500,3.0,2.0,2.0,0.0,1.0,1.0,2.0,4,4,0.0,0.0,0.0,0.0,2013.0,2.0,7,0,0.0,2.0,1.0,5.0
6558,8,2,1715,1,1,1,3.0,1.0,41.0,500,3.0,2.0,2.0,0.0,1.0,1.0,2.0,1,1,9.0,0.0,0.0,0.0,1956.0,1.0,7,0,0.0,2.0,1.0,1.0
6559,8,2,1715,1,1,1,3.0,1.0,41.0,500,3.0,2.0,2.0,0.0,1.0,1.0,2.0,1,1,9.0,0.0,0.0,0.0,1956.0,2.0,7,0,0.0,2.0,1.0,5.0
6560,9,18,1115,1,1,1,1.0,6.0,41.0,500,3.0,2.0,2.0,0.0,1.0,1.0,1.0,1,4,4.0,0.0,0.0,0.0,1940.0,1.0,7,0,13.0,0.0,1.0,1.0
6561,9,18,1115,1,1,1,1.0,6.0,41.0,500,3.0,2.0,2.0,0.0,1.0,1.0,1.0,4,1,0.0,0.0,0.0,0.0,1936.0,1.0,7,0,13.0,0.0,1.0,1.0
6562,10,25,1200,1,1,1,1.0,3.0,187.0,500,3.0,2.0,2.0,0.0,0.0,2.0,1.0,1,1,1.0,0.0,0.0,0.0,1961.0,1.0,7,0,0.0,2.0,3.0,1.0
6563,10,25,1200,1,1,1,1.0,3.0,187.0,500,3.0,2.0,2.0,0.0,0.0,2.0,1.0,1,1,1.0,0.0,0.0,0.0,1961.0,2.0,1,0,0.0,2.0,8.0,15.0
6564,10,25,1200,1,1,1,1.0,3.0,187.0,500,3.0,2.0,2.0,0.0,0.0,2.0,1.0,1,1,4.0,0.0,0.0,0.0,1968.0,1.0,7,0,0.0,2.0,3.0,1.0
6565,10,25,1200,1,1,1,1.0,3.0,187.0,500,3.0,2.0,2.0,0.0,0.0,2.0,1.0,1,1,4.0,0.0,0.0,0.0,1968.0,2.0,1,0,0.0,2.0,8.0,15.0
6566,10,30,1515,1,1,1,1.0,6.0,57.0,500,3.0,2.0,2.0,0.0,0.0,2.0,1.0,1,1,4.0,0.0,0.0,0.0,1994.0,1.0,33,0,6.0,0.0,1.0,1.0
6567,12,4,1700,1,1,1,1.0,1.0,41.0,500,3.0,2.0,2.0,0.0,0.0,1.0,1.0,1,1,4.0,0.0,0.0,0.0,1994.0,0.0,7,0,0.0,2.0,3.0,13.0
6568,12,4,1700,1,1,1,1.0,1.0,41.0,500,3.0,2.0,2.0,0.0,0.0,1.0,1.0,1,1,4.0,0.0,0.0,0.0,1994.0,0.0,7,0,0.0,2.0,3.0,1.0
6569,12,4,1700,1,1,1,1.0,1.0,41.0,500,3.0,2.0,2.0,0.0,0.0,1.0,1.0,1,4,4.0,0.0,0.0,0.0,1942.0,0.0,7,0,0.0,2.0,3.0,13.0
6570,12,4,1700,1,1,1,1.0,1.0,41.0,500,3.0,2.0,2.0,0.0,0.0,1.0,1.0,1,4,4.0,0.0,0.0,0.0,1942.0,0.0,7,0,0.0,2.0,3.0,1.0
6571,12,4,1700,1,1,1,1.0,1.0,41.0,500,3.0,2.0,2.0,0.0,0.0,1.0,1.0,4,4,0.0,0.0,0.0,0.0,1940.0,0.0,7,0,0.0,2.0,3.0,13.0
6572,12,4,1700,1,1,1,1.0,1.0,41.0,500,3.0,2.0,2.0,0.0,0.0,1.0,1.0,4,4,0.0,0.0,0.0,0.0,1940.0,0.0,7,0,0.0,2.0,3.0,1.0
6573,12,4,1700,1,1,1,1.0,1.0,41.0,500,3.0,2.0,2.0,0.0,0.0,1.0,1.0,4,4,0.0,0.0,0.0,0.0,1934.0,0.0,7,0,0.0,2.0,3.0,13.0
6574,12,4,1700,1,1,1,1.0,1.0,41.0,500,3.0,2.0,2.0,0.0,0.0,1.0,1.0,4,4,0.0,0.0,0.0,0.0,1934.0,0.0,7,0,0.0,2.0,3.0,1.0
6575,2,4,715,3,2,1,6.0,6.0,503.0,500,3.0,2.0,2.0,0.0,1.0,1.0,2.0,1,1,4.0,0.0,0.0,0.0,1953.0,2.0,7,0,0.0,1.0,3.0,1.0
6576,2,4,715,3,2,1,6.0,6.0,503.0,500,3.0,2.0,2.0,0.0,1.0,1.0,2.0,3,1,4.0,1.0,6.0,1.0,1950.0,2.0,7,0,0.0,1.0,3.0,1.0
6577,5,6,1500,1,1,2,1.0,1.0,45.0,500,3.0,2.0,2.0,0.0,2.0,1.0,1.0,1,1,2.0,0.0,0.0,0.0,1976.0,2.0,7,0,0.0,9.0,2.0,17.0
6578,5,6,1500,1,1,2,1.0,1.0,45.0,500,3.0,2.0,2.0,0.0,2.0,1.0,1.0,1,1,2.0,0.0,0.0,0.0,1976.0,2.0,1,0,0.0,2.0,0.0,13.0
6579,5,6,1500,1,1,2,1.0,1.0,45.0,500,3.0,2.0,2.0,0.0,2.0,1.0,1.0,1,1,4.0,0.0,0.0,0.0,1996.0,2.0,7,0,0.0,9.0,2.0,17.0
6580,5,6,1500,1,1,2,1.0,1.0,45.0,500,3.0,2.0,2.0,0.0,2.0,1.0,1.0,1,1,4.0,0.0,0.0,0.0,1996.0,2.0,1,0,0.0,2.0,0.0,13.0
6581,5,13,1215,1,1,3,1.0,5.0,594.0,500,3.0,2.0,2.0,0.0,2.0,3.0,9.0,1,1,1.0,0.0,0.0,0.0,1964.0,2.0,33,0,13.0,0.0,1.0,1.0
6582,5,13,1215,1,1,3,1.0,5.0,594.0,500,3.0,2.0,2.0,0.0,2.0,3.0,9.0,1,1,1.0,0.0,0.0,0.0,1964.0,2.0,33,0,13.0,0.0,1.0,1.0
6583,5,13,1215,1,1,3,1.0,5.0,594.0,500,3.0,2.0,2.0,0.0,2.0,3.0,9.0,1,1,1.0,0.0,0.0,0.0,1964.0,1.0,21,0,0.0,0.0,0.0,15.0
6584,5,13,1215,1,1,3,1.0,5.0,594.0,500,3.0,2.0,2.0,0.0,2.0,3.0,9.0,1,1,1.0,0.0,0.0,0.0,1992.0,2.0,33,0,13.0,0.0,1.0,1.0
6585,5,13,1215,1,1,3,1.0,5.0,594.0,500,3.0,2.0,2.0,0.0,2.0,3.0,9.0,1,1,1.0,0.0,0.0,0.0,1992.0,2.0,33,0,13.0,0.0,1.0,1.0
6586,5,13,1215,1,1,3,1.0,5.0,594.0,500,3.0,2.0,2.0,0.0,2.0,3.0,9.0,1,1,1.0,0.0,0.0,0.0,1992.0,1.0,21,0,0.0,0.0,0.0,15.0
6587,5,13,1215,1,1,3,1.0,5.0,594.0,500,3.0,2.0,2.0,0.0,2.0,3.0,9.0,1,1,1.0,0.0,0.0,0.0,1957.0,2.0,33,0,13.0,0.0,1.0,1.0
6588,5,13,1215,1,1,3,1.0,5.0,594.0,500,3.0,2.0,2.0,0.0,2.0,3.0,9.0,1,1,1.0,0.0,0.0,0.0,1957.0,2.0,33,0,13.0,0.0,1.0,1.0
6589,5,13,1215,1,1,3,1.0,5.0,594.0,500,3.0,2.0,2.0,0.0,2.0,3.0,9.0,1,1,1.0,0.0,0.0,0.0,1957.0,1.0,21,0,0.0,0.0,0.0,15.0
6590,5,15,1800,1,2,1,1.0,6.0,31.0,500,3.0,2.0,2.0,0.0,1.0,1.0,1.0,1,4,4.0,0.0,0.0,0.0,1981.0,2.0,7,0,0.0,1.0,8.0,1.0
6591,5,15,1800,1,2,1,1.0,6.0,31.0,500,3.0,2.0,2.0,0.0,1.0,1.0,1.0,3,1,4.0,2.0,4.0,1.0,2008.0,2.0,7,0,0.0,1.0,8.0,1.0
6592,7,16,2115,2,1,2,7.0,2.0,402.0,500,3.0,2.0,2.0,0.0,2.0,1.0,1.0,1,1,1.0,0.0,0.0,0.0,1991.0,1.0,7,0,0.0,2.0,1.0,17.0
6593,7,16,2115,2,1,2,7.0,2.0,402.0,500,3.0,2.0,2.0,0.0,2.0,1.0,1.0,1,1,1.0,0.0,0.0,0.0,1991.0,1.0,2,0,0.0,2.0,4.0,15.0
6594,7,16,2115,2,1,2,7.0,2.0,402.0,500,3.0,2.0,2.0,0.0,2.0,1.0,1.0,1,1,4.0,0.0,0.0,0.0,1976.0,1.0,7,0,0.0,2.0,1.0,17.0
6595,7,16,2115,2,1,2,7.0,2.0,402.0,500,3.0,2.0,2.0,0.0,2.0,1.0,1.0,1,1,4.0,0.0,0.0,0.0,1976.0,1.0,2,0,0.0,2.0,4.0,15.0
6596,7,23,1630,1,1,1,1.0,3.0,332.0,500,3.0,2.0,2.0,0.0,1.0,1.0,1.0,1,1,4.0,0.0,0.0,0.0,1981.0,2.0,33,0,0.0,2.0,1.0,1.0
6597,7,23,1630,1,1,1,1.0,3.0,332.0,500,3.0,2.0,2.0,0.0,1.0,1.0,1.0,1,1,4.0,0.0,0.0,0.0,1981.0,2.0,7,0,0.0,2.0,3.0,17.0
6598,7,23,1630,1,1,1,1.0,3.0,332.0,500,3.0,2.0,2.0,0.0,1.0,1.0,1.0,1,1,4.0,0.0,0.0,0.0,1978.0,2.0,33,0,0.0,2.0,1.0,1.0
6599,7,23,1630,1,1,1,1.0,3.0,332.0,500,3.0,2.0,2.0,0.0,1.0,1.0,1.0,1,1,4.0,0.0,0.0,0.0,1978.0,2.0,7,0,0.0,2.0,3.0,17.0
6600,8,15,1445,1,1,2,1.0,1.0,299.0,500,3.0,2.0,2.0,0.0,1.0,1.0,1.0,1,4,4.0,0.0,0.0,0.0,1981.0,1.0,7,0,0.0,2.0,1.0,15.0
6601,8,15,1445,1,1,2,1.0,1.0,299.0,500,3.0,2.0,2.0,0.0,1.0,1.0,1.0,1,4,4.0,0.0,0.0,0.0,1981.0,2.0,7,0,0.0,2.0,1.0,1.0
6602,8,15,1445,1,1,2,1.0,1.0,299.0,500,3.0,2.0,2.0,0.0,1.0,1.0,1.0,4,1,0.0,0.0,0.0,0.0,2015.0,1.0,7,0,0.0,2.0,1.0,15.0
6603,8,15,1445,1,1,2,1.0,1.0,299.0,500,3.0,2.0,2.0,0.0,1.0,1.0,1.0,4,1,0.0,0.0,0.0,0.0,2015.0,2.0,7,0,0.0,2.0,1.0,1.0
6604,8,15,1445,1,1,2,1.0,1.0,299.0,500,3.0,2.0,2.0,0.0,1.0,1.0,1.0,1,4,4.0,0.0,0.0,0.0,1936.0,1.0,7,0,0.0,2.0,1.0,15.0
6605,8,15,1445,1,1,2,1.0,1.0,299.0,500,3.0,2.0,2.0,0.0,1.0,1.0,1.0,1,4,4.0,0.0,0.0,0.0,1936.0,2.0,7,0,0.0,2.0,1.0,1.0
6606,8,15,1445,1,1,2,1.0,1.0,299.0,500,3.0,2.0,2.0,0.0,1.0,1.0,1.0,4,1,0.0,0.0,0.0,0.0,1931.0,1.0,7,0,0.0,2.0,1.0,15.0
6607,8,15,1445,1,1,2,1.0,1.0,299.0,500,3.0,2.0,2.0,0.0,1.0,1.0,1.0,4,1,0.0,0.0,0.0,0.0,1931.0,2.0,7,0,0.0,2.0,1.0,1.0
6608,8,28,1145,1,2,2,1.0,3.0,82.0,500,3.0,2.0,2.0,0.0,2.0,1.0,0.0,1,1,4.0,0.0,0.0,0.0,1957.0,2.0,33,0,0.0,2.0,3.0,17.0
6609,8,28,1145,1,2,2,1.0,3.0,82.0,500,3.0,2.0,2.0,0.0,2.0,1.0,0.0,1,1,4.0,0.0,0.0,0.0,1957.0,2.0,7,0,0.0,2.0,3.0,15.0
6610,8,28,1145,1,2,2,1.0,3.0,82.0,500,3.0,2.0,2.0,0.0,2.0,1.0,0.0,1,1,4.0,0.0,0.0,0.0,1960.0,2.0,33,0,0.0,2.0,3.0,17.0
6611,8,28,1145,1,2,2,1.0,3.0,82.0,500,3.0,2.0,2.0,0.0,2.0,1.0,0.0,1,1,4.0,0.0,0.0,0.0,1960.0,2.0,7,0,0.0,2.0,3.0,15.0
6612,10,16,1500,1,1,1,1.0,2.0,82.0,500,3.0,2.0,2.0,0.0,1.0,1.0,1.0,1,1,4.0,0.0,0.0,0.0,1946.0,0.0,7,0,0.0,2.0,6.0,1.0
6613,10,16,1500,1,1,1,1.0,2.0,82.0,500,3.0,2.0,2.0,0.0,1.0,1.0,1.0,1,1,4.0,0.0,0.0,0.0,1946.0,0.0,10,0,0.0,2.0,2.0,2.0
6614,10,16,1500,1,1,1,1.0,2.0,82.0,500,3.0,2.0,2.0,0.0,1.0,1.0,1.0,4,4,0.0,0.0,0.0,0.0,1999.0,0.0,7,0,0.0,2.0,6.0,1.0
6615,10,16,1500,1,1,1,1.0,2.0,82.0,500,3.0,2.0,2.0,0.0,1.0,1.0,1.0,4,4,0.0,0.0,0.0,0.0,1999.0,0.0,10,0,0.0,2.0,2.0,2.0
6616,10,16,1500,1,1,1,1.0,2.0,82.0,500,3.0,2.0,2.0,0.0,1.0,1.0,1.0,1,1,4.0,0.0,0.0,0.0,1984.0,0.0,7,0,0.0,2.0,6.0,1.0
6617,10,16,1500,1,1,1,1.0,2.0,82.0,500,3.0,2.0,2.0,0.0,1.0,1.0,1.0,1,1,4.0,0.0,0.0,0.0,1984.0,0.0,10,0,0.0,2.0,2.0,2.0
6618,11,5,1445,1,2,9,8.0,6.0,31.0,500,6.0,0.0,0.0,0.0,1.0,0.0,1.0,1,1,3.0,0.0,0.0,0.0,1973.0,0.0,7,0,0.0,1.0,2.0,20.0
6619,11,5,1445,1,2,9,8.0,6.0,31.0,500,6.0,0.0,0.0,0.0,1.0,0.0,1.0,3,4,3.0,4.0,1.0,1.0,1940.0,0.0,7,0,0.0,1.0,2.0,20.0
6620,12,15,1330,1,1,1,1.0,2.0,580.0,500,3.0,2.0,2.0,0.0,1.0,1.0,1.0,1,1,4.0,0.0,0.0,0.0,1933.0,1.0,7,0,0.0,2.0,1.0,1.0
6621,12,15,1330,1,1,1,1.0,2.0,580.0,500,3.0,2.0,2.0,0.0,1.0,1.0,1.0,1,1,4.0,0.0,0.0,0.0,1933.0,1.0,7,0,0.0,0.0,4.0,23.0
6622,12,15,1330,1,1,1,1.0,2.0,580.0,500,3.0,2.0,2.0,0.0,1.0,1.0,1.0,1,4,9.0,0.0,0.0,0.0,1981.0,1.0,7,0,0.0,2.0,1.0,1.0