,month,day,time,light,location,intersection,atmosphere,collision,municipality,department,road,traffic,nblanes,reslane,laneprofile,plan,surface,user,sex,route,pedlocation,pedaction,pedcondition,birth,dirtraffic,catvehicle,nboccupants,obstacle,movobstacle,impact,maneuver
6623,12,15,1330,1,1,1,1.0,2.0,580.0,500,3.0,2.0,2.0,0.0,1.0,1.0,1.0,1,4,9.0,0.0,0.0,0.0,1981.0,1.0,7,0,0.0,0.0,4.0,23.0
6624,12,23,1,3,1,1,5.0,2.0,82.0,500,3.0,2.0,2.0,0.0,0.0,1.0,1.0,1,1,4.0,0.0,0.0,0.0,1986.0,0.0,7,0,13.0,0.0,1.0,13.0
6625,12,23,1,3,1,1,5.0,2.0,82.0,500,3.0,2.0,2.0,0.0,0.0,1.0,1.0,1,1,4.0,0.0,0.0,0.0,1986.0,0.0,7,0,0.0,2.0,3.0,1.0
6626,12,23,1,3,1,1,5.0,2.0,82.0,500,3.0,2.0,2.0,0.0,0.0,1.0,1.0,1,1,4.0,0.0,0.0,0.0,1993.0,0.0,7,0,13.0,0.0,1.0,13.0
6627,12,23,1,3,1,1,5.0,2.0,82.0,500,3.0,2.0,2.0,0.0,0.0,1.0,1.0,1,1,4.0,0.0,0.0,0.0,1993.0,0.0,7,0,0.0,2.0,3.0,1.0
6628,12,28,915,1,1,1,1.0,6.0,425.0,500,3.0,2.0,2.0,0.0,2.0,2.0,1.0,1,1,4.0,0.0,0.0,0.0,1993.0,1.0,7,0,6.0,0.0,1.0,1.0
6629,5,26,1915,1,2,1,3.0,6.0,551.0,500,3.0,2.0,2.0,0.0,1.0,1.0,2.0,1,1,1.0,0.0,0.0,0.0,1952.0,2.0,7,0,0.0,1.0,1.0,1.0
6630,5,26,1915,1,2,1,3.0,6.0,551.0,500,3.0,2.0,2.0,0.0,1.0,1.0,2.0,3,1,3.0,2.0,3.0,1.0,1967.0,2.0,7,0,0.0,1.0,1.0,1.0
6631,9,7,2030,1,1,1,1.0,6.0,64.0,500,3.0,2.0,2.0,0.0,2.0,2.0,1.0,1,1,4.0,0.0,0.0,0.0,1996.0,2.0,31,0,0.0,0.0,1.0,1.0
6632,12,12,1315,1,1,1,1.0,1.0,619.0,500,3.0,2.0,2.0,0.0,1.0,1.0,1.0,1,1,4.0,0.0,0.0,0.0,1990.0,1.0,7,0,0.0,2.0,3.0,13.0
6633,12,12,1315,1,1,1,1.0,1.0,619.0,500,3.0,2.0,2.0,0.0,1.0,1.0,1.0,1,1,4.0,0.0,0.0,0.0,1990.0,2.0,7,0,0.0,2.0,3.0,1.0
6634,12,12,1315,1,1,1,1.0,1.0,619.0,500,3.0,2.0,2.0,0.0,1.0,1.0,1.0,1,1,4.0,0.0,0.0,0.0,1948.0,1.0,7,0,0.0,2.0,3.0,13.0
6635,12,12,1315,1,1,1,1.0,1.0,619.0,500,3.0,2.0,2.0,0.0,1.0,1.0,1.0,1,1,4.0,0.0,0.0,0.0,1948.0,2.0,7,0,0.0,2.0,3.0,1.0
6636,4,19,730,1,1,1,1.0,6.0,588.0,500,3.0,2.0,2.0,0.0,2.0,1.0,1.0,1,1,1.0,0.0,0.0,0.0,1971.0,1.0,33,0,0.0,6.0,1.0,1.0
6637,9,29,1630,1,1,1,1.0,7.0,498.0,500,4.0,2.0,2.0,0.0,2.0,1.0,9.0,1,1,4.0,0.0,0.0,0.0,1976.0,0.0,33,0,0.0,0.0,8.0,1.0
6638,9,30,1230,1,1,3,1.0,6.0,196.0,500,3.0,2.0,2.0,0.0,3.0,1.0,1.0,1,1,3.0,0.0,0.0,0.0,1948.0,1.0,3,0,13.0,0.0,1.0,13.0
6639,9,30,1230,1,1,3,1.0,6.0,196.0,500,3.0,2.0,2.0,0.0,3.0,1.0,1.0,4,4,0.0,0.0,0.0,0.0,1947.0,1.0,3,0,13.0,0.0,1.0,13.0
6640,12,9,1915,3,1,1,1.0,5.0,270.0,500,3.0,2.0,2.0,0.0,1.0,1.0,1.0,1,1,4.0,0.0,0.0,0.0,1981.0,0.0,14,0,0.0,1.0,1.0,1.0
6641,12,9,1915,3,1,1,1.0,5.0,270.0,500,3.0,2.0,2.0,0.0,1.0,1.0,1.0,1,1,4.0,0.0,0.0,0.0,1981.0,0.0,7,0,0.0,1.0,1.0,1.0
6642,12,9,1915,3,1,1,1.0,5.0,270.0,500,3.0,2.0,2.0,0.0,1.0,1.0,1.0,1,1,4.0,0.0,0.0,0.0,1981.0,0.0,7,0,0.0,1.0,1.0,1.0
6643,12,9,1915,3,1,1,1.0,5.0,270.0,500,3.0,2.0,2.0,0.0,1.0,1.0,1.0,3,4,4.0,1.0,3.0,4.0,1952.0,0.0,14,0,0.0,1.0,1.0,1.0
6644,12,9,1915,3,1,1,1.0,5.0,270.0,500,3.0,2.0,2.0,0.0,1.0,1.0,1.0,3,4,4.0,1.0,3.0,4.0,1952.0,0.0,7,0,0.0,1.0,1.0,1.0
6645,12,9,1915,3,1,1,1.0,5.0,270.0,500,3.0,2.0,2.0,0.0,1.0,1.0,1.0,3,4,4.0,1.0,3.0,4.0,1952.0,0.0,7,0,0.0,1.0,1.0,1.0
6646,12,9,1915,3,1,1,1.0,5.0,270.0,500,3.0,2.0,2.0,0.0,1.0,1.0,1.0,3,4,4.0,1.0,3.0,4.0,1961.0,0.0,14,0,0.0,1.0,1.0,1.0
6647,12,9,1915,3,1,1,1.0,5.0,270.0,500,3.0,2.0,2.0,0.0,1.0,1.0,1.0,3,4,4.0,1.0,3.0,4.0,1961.0,0.0,7,0,0.0,1.0,1.0,1.0
6648,12,9,1915,3,1,1,1.0,5.0,270.0,500,3.0,2.0,2.0,0.0,1.0,1.0,1.0,3,4,4.0,1.0,3.0,4.0,1961.0,0.0,7,0,0.0,1.0,1.0,1.0
6649,12,9,1915,3,1,1,1.0,5.0,270.0,500,3.0,2.0,2.0,0.0,1.0,1.0,1.0,1,1,4.0,0.0,0.0,0.0,1963.0,0.0,14,0,0.0,1.0,1.0,1.0
6650,12,9,1915,3,1,1,1.0,5.0,270.0,500,3.0,2.0,2.0,0.0,1.0,1.0,1.0,1,1,4.0,0.0,0.0,0.0,1963.0,0.0,7,0,0.0,1.0,1.0,1.0
6651,12,9,1915,3,1,1,1.0,5.0,270.0,500,3.0,2.0,2.0,0.0,1.0,1.0,1.0,1,1,4.0,0.0,0.0,0.0,1963.0,0.0,7,0,0.0,1.0,1.0,1.0
6652,12,9,1915,3,1,1,1.0,5.0,270.0,500,3.0,2.0,2.0,0.0,1.0,1.0,1.0,4,1,0.0,0.0,0.0,0.0,1993.0,0.0,14,0,0.0,1.0,1.0,1.0
6653,12,9,1915,3,1,1,1.0,5.0,270.0,500,3.0,2.0,2.0,0.0,1.0,1.0,1.0,4,1,0.0,0.0,0.0,0.0,1993.0,0.0,7,0,0.0,1.0,1.0,1.0
6654,12,9,1915,3,1,1,1.0,5.0,270.0,500,3.0,2.0,2.0,0.0,1.0,1.0,1.0,4,1,0.0,0.0,0.0,0.0,1993.0,0.0,7,0,0.0,1.0,1.0,1.0
6655,12,9,1915,3,1,1,1.0,5.0,270.0,500,3.0,2.0,2.0,0.0,1.0,1.0,1.0,4,1,0.0,0.0,0.0,0.0,1994.0,0.0,14,0,0.0,1.0,1.0,1.0
6656,12,9,1915,3,1,1,1.0,5.0,270.0,500,3.0,2.0,2.0,0.0,1.0,1.0,1.0,4,1,0.0,0.0,0.0,0.0,1994.0,0.0,7,0,0.0,1.0,1.0,1.0
6657,12,9,1915,3,1,1,1.0,5.0,270.0,500,3.0,2.0,2.0,0.0,1.0,1.0,1.0,4,1,0.0,0.0,0.0,0.0,1994.0,0.0,7,0,0.0,1.0,1.0,1.0
6658,12,9,1915,3,1,1,1.0,5.0,270.0,500,3.0,2.0,2.0,0.0,1.0,1.0,1.0,1,1,4.0,0.0,0.0,0.0,1990.0,0.0,14,0,0.0,1.0,1.0,1.0
6659,12,9,1915,3,1,1,1.0,5.0,270.0,500,3.0,2.0,2.0,0.0,1.0,1.0,1.0,1,1,4.0,0.0,0.0,0.0,1990.0,0.0,7,0,0.0,1.0,1.0,1.0
6660,12,9,1915,3,1,1,1.0,5.0,270.0,500,3.0,2.0,2.0,0.0,1.0,1.0,1.0,1,1,4.0,0.0,0.0,0.0,1990.0,0.0,7,0,0.0,1.0,1.0,1.0
6661,12,9,1915,3,1,1,1.0,5.0,270.0,500,3.0,2.0,2.0,0.0,1.0,1.0,1.0,4,4,0.0,0.0,0.0,0.0,1991.0,0.0,14,0,0.0,1.0,1.0,1.0
6662,12,9,1915,3,1,1,1.0,5.0,270.0,500,3.0,2.0,2.0,0.0,1.0,1.0,1.0,4,4,0.0,0.0,0.0,0.0,1991.0,0.0,7,0,0.0,1.0,1.0,1.0
6663,12,9,1915,3,1,1,1.0,5.0,270.0,500,3.0,2.0,2.0,0.0,1.0,1.0,1.0,4,4,0.0,0.0,0.0,0.0,1991.0,0.0,7,0,0.0,1.0,1.0,1.0
6664,12,12,1115,1,2,1,1.0,3.0,615.0,500,4.0,1.0,1.0,0.0,1.0,3.0,1.0,1,4,3.0,0.0,0.0,0.0,1947.0,0.0,7,0,0.0,2.0,3.0,5.0
6665,12,12,1115,1,2,1,1.0,3.0,615.0,500,4.0,1.0,1.0,0.0,1.0,3.0,1.0,1,4,3.0,0.0,0.0,0.0,1947.0,0.0,30,0,0.0,2.0,8.0,23.0
6666,1,4,830,2,1,1,1.0,5.0,92.0,500,3.0,2.0,0.0,0.0,2.0,1.0,1.0,1,4,4.0,0.0,0.0,0.0,1981.0,2.0,7,0,0.0,2.0,1.0,1.0
6667,1,4,830,2,1,1,1.0,5.0,92.0,500,3.0,2.0,0.0,0.0,2.0,1.0,1.0,1,4,4.0,0.0,0.0,0.0,1981.0,2.0,7,0,0.0,2.0,1.0,13.0
6668,1,4,830,2,1,1,1.0,5.0,92.0,500,3.0,2.0,0.0,0.0,2.0,1.0,1.0,1,4,4.0,0.0,0.0,0.0,1981.0,1.0,15,0,0.0,2.0,1.0,1.0
6669,1,4,830,2,1,1,1.0,5.0,92.0,500,3.0,2.0,0.0,0.0,2.0,1.0,1.0,1,4,1.0,0.0,0.0,0.0,1974.0,2.0,7,0,0.0,2.0,1.0,1.0
6670,1,4,830,2,1,1,1.0,5.0,92.0,500,3.0,2.0,0.0,0.0,2.0,1.0,1.0,1,4,1.0,0.0,0.0,0.0,1974.0,2.0,7,0,0.0,2.0,1.0,13.0
6671,1,4,830,2,1,1,1.0,5.0,92.0,500,3.0,2.0,0.0,0.0,2.0,1.0,1.0,1,4,1.0,0.0,0.0,0.0,1974.0,1.0,15,0,0.0,2.0,1.0,1.0
6672,1,4,830,2,1,1,1.0,5.0,92.0,500,3.0,2.0,0.0,0.0,2.0,1.0,1.0,1,1,2.0,0.0,0.0,0.0,1967.0,2.0,7,0,0.0,2.0,1.0,1.0
6673,1,4,830,2,1,1,1.0,5.0,92.0,500,3.0,2.0,0.0,0.0,2.0,1.0,1.0,1,1,2.0,0.0,0.0,0.0,1967.0,2.0,7,0,0.0,2.0,1.0,13.0
6674,1,4,830,2,1,1,1.0,5.0,92.0,500,3.0,2.0,0.0,0.0,2.0,1.0,1.0,1,1,2.0,0.0,0.0,0.0,1967.0,1.0,15,0,0.0,2.0,1.0,1.0
6675,5,8,515,3,1,1,8.0,6.0,61.0,500,3.0,2.0,2.0,0.0,1.0,3.0,1.0,1,1,4.0,0.0,0.0,0.0,1990.0,1.0,10,0,13.0,0.0,1.0,1.0
6676,7,9,1800,1,2,2,1.0,3.0,58.0,500,4.0,2.0,2.0,0.0,2.0,1.0,1.0,1,1,4.0,0.0,0.0,0.0,2003.0,0.0,1,0,0.0,2.0,8.0,15.0
6677,7,9,1800,1,2,2,1.0,3.0,58.0,500,4.0,2.0,2.0,0.0,2.0,1.0,1.0,1,1,4.0,0.0,0.0,0.0,2003.0,0.0,7,0,0.0,2.0,7.0,17.0
6678,7,9,1800,1,2,2,1.0,3.0,58.0,500,4.0,2.0,2.0,0.0,2.0,1.0,1.0,1,4,4.0,0.0,0.0,0.0,1996.0,0.0,1,0,0.0,2.0,8.0,15.0
6679,7,9,1800,1,2,2,1.0,3.0,58.0,500,4.0,2.0,2.0,0.0,2.0,1.0,1.0,1,4,4.0,0.0,0.0,0.0,1996.0,0.0,7,0,0.0,2.0,7.0,17.0
6680,8,7,1300,1,2,3,1.0,6.0,3.0,500,3.0,2.0,2.0,0.0,1.0,1.0,1.0,1,4,3.0,0.0,0.0,0.0,1932.0,1.0,7,0,6.0,0.0,1.0,1.0
6681,11,24,1145,1,1,1,1.0,6.0,378.0,500,3.0,0.0,2.0,0.0,2.0,1.0,1.0,1,4,4.0,0.0,0.0,0.0,1989.0,2.0,7,0,13.0,0.0,3.0,1.0
6682,3,6,1700,1,2,1,1.0,1.0,143.0,500,3.0,2.0,3.0,0.0,1.0,1.0,1.0,1,4,4.0,0.0,0.0,0.0,1969.0,2.0,7,0,0.0,0.0,0.0,12.0
6683,3,6,1700,1,2,1,1.0,1.0,143.0,500,3.0,2.0,3.0,0.0,1.0,1.0,1.0,1,4,4.0,0.0,0.0,0.0,1969.0,2.0,33,0,12.0,0.0,8.0,21.0
6684,3,6,1700,1,2,1,1.0,1.0,143.0,500,3.0,2.0,3.0,0.0,1.0,1.0,1.0,1,1,4.0,0.0,0.0,0.0,1944.0,2.0,7,0,0.0,0.0,0.0,12.0
6685,3,6,1700,1,2,1,1.0,1.0,143.0,500,3.0,2.0,3.0,0.0,1.0,1.0,1.0,1,1,4.0,0.0,0.0,0.0,1944.0,2.0,33,0,12.0,0.0,8.0,21.0
6686,3,12,2200,3,1,1,1.0,6.0,228.0,500,3.0,2.0,2.0,0.0,2.0,1.0,1.0,1,1,9.0,0.0,0.0,0.0,1976.0,0.0,7,0,8.0,0.0,1.0,1.0
6687,5,4,1545,1,1,1,1.0,2.0,266.0,500,3.0,2.0,2.0,0.0,2.0,1.0,1.0,1,4,3.0,0.0,0.0,0.0,1938.0,2.0,7,0,0.0,2.0,1.0,2.0
6688,5,4,1545,1,1,1,1.0,2.0,266.0,500,3.0,2.0,2.0,0.0,2.0,1.0,1.0,1,4,3.0,0.0,0.0,0.0,1938.0,2.0,7,0,0.0,0.0,4.0,23.0
6689,5,4,1545,1,1,1,1.0,2.0,266.0,500,3.0,2.0,2.0,0.0,2.0,1.0,1.0,1,4,4.0,0.0,0.0,0.0,1980.0,2.0,7,0,0.0,2.0,1.0,2.0
6690,5,4,1545,1,1,1,1.0,2.0,266.0,500,3.0,2.0,2.0,0.0,2.0,1.0,1.0,1,4,4.0,0.0,0.0,0.0,1980.0,2.0,7,0,0.0,0.0,4.0,23.0
6691,5,13,1145,1,1,1,1.0,1.0,85.0,500,3.0,2.0,2.0,0.0,1.0,1.0,1.0,1,1,1.0,0.0,0.0,0.0,1961.0,1.0,7,0,0.0,2.0,3.0,17.0
6692,5,13,1145,1,1,1,1.0,1.0,85.0,500,3.0,2.0,2.0,0.0,1.0,1.0,1.0,1,1,1.0,0.0,0.0,0.0,1961.0,2.0,7,0,0.0,2.0,3.0,1.0
6693,5,13,1145,1,1,1,1.0,1.0,85.0,500,3.0,2.0,2.0,0.0,1.0,1.0,1.0,1,4,9.0,0.0,0.0,0.0,1996.0,1.0,7,0,0.0,2.0,3.0,17.0
6694,5,13,1145,1,1,1,1.0,1.0,85.0,500,3.0,2.0,2.0,0.0,1.0,1.0,1.0,1,4,9.0,0.0,0.0,0.0,1996.0,2.0,7,0,0.0,2.0,3.0,1.0
6695,5,13,1145,1,1,1,1.0,1.0,85.0,500,3.0,2.0,2.0,0.0,1.0,1.0,1.0,4,1,0.0,0.0,0.0,0.0,1995.0,1.0,7,0,0.0,2.0,3.0,17.0
6696,5,13,1145,1,1,1,1.0,1.0,85.0,500,3.0,2.0,2.0,0.0,1.0,1.0,1.0,4,1,0.0,0.0,0.0,0.0,1995.0,2.0,7,0,0.0,2.0,3.0,1.0
6697,5,13,1145,1,1,1,1.0,1.0,85.0,500,3.0,2.0,2.0,0.0,1.0,1.0,1.0,4,1,0.0,0.0,0.0,0.0,2015.0,1.0,7,0,0.0,2.0,3.0,17.0
6698,5,13,1145,1,1,1,1.0,1.0,85.0,500,3.0,2.0,2.0,0.0,1.0,1.0,1.0,4,1,0.0,0.0,0.0,0.0,2015.0,2.0,7,0,0.0,2.0,3.0,1.0
6699,7,10,715,1,1,1,1.0,6.0,463.0,500,3.0,2.0,2.0,0.0,1.0,2.0,1.0,1,1,4.0,0.0,0.0,0.0,1939.0,1.0,7,0,2.0,0.0,3.0,14.0
6700,9,27,645,3,1,2,1.0,2.0,223.0,500,3.0,2.0,2.0,0.0,1.0,1.0,1.0,1,1,1.0,0.0,0.0,0.0,1996.0,1.0,7,0,0.0,2.0,1.0,17.0
6701,9,27,645,3,1,2,1.0,2.0,223.0,500,3.0,2.0,2.0,0.0,1.0,1.0,1.0,1,1,1.0,0.0,0.0,0.0,1996.0,1.0,7,0,0.0,2.0,6.0,15.0
6702,9,27,645,3,1,2,1.0,2.0,223.0,500,3.0,2.0,2.0,0.0,1.0,1.0,1.0,1,1,1.0,0.0,0.0,0.0,1994.0,1.0,7,0,0.0,2.0,1.0,17.0
6703,9,27,645,3,1,2,1.0,2.0,223.0,500,3.0,2.0,2.0,0.0,1.0,1.0,1.0,1,1,1.0,0.0,0.0,0.0,1994.0,1.0,7,0,0.0,2.0,6.0,15.0
6704,9,28,1245,1,1,2,1.0,1.0,140.0,500,3.0,2.0,2.0,0.0,1.0,3.0,1.0,1,1,4.0,0.0,0.0,0.0,1964.0,2.0,10,0,0.0,2.0,3.0,1.0
6705,9,28,1245,1,1,2,1.0,1.0,140.0,500,3.0,2.0,2.0,0.0,1.0,3.0,1.0,1,1,4.0,0.0,0.0,0.0,1964.0,1.0,7,0,0.0,2.0,3.0,13.0
6706,9,28,1245,1,1,2,1.0,1.0,140.0,500,3.0,2.0,2.0,0.0,1.0,3.0,1.0,4,1,0.0,0.0,0.0,0.0,1993.0,2.0,10,0,0.0,2.0,3.0,1.0
6707,9,28,1245,1,1,2,1.0,1.0,140.0,500,3.0,2.0,2.0,0.0,1.0,3.0,1.0,4,1,0.0,0.0,0.0,0.0,1993.0,1.0,7,0,0.0,2.0,3.0,13.0
6708,9,28,1245,1,1,2,1.0,1.0,140.0,500,3.0,2.0,2.0,0.0,1.0,3.0,1.0,1,1,4.0,0.0,0.0,0.0,1954.0,2.0,10,0,0.0,2.0,3.0,1.0
6709,9,28,1245,1,1,2,1.0,1.0,140.0,500,3.0,2.0,2.0,0.0,1.0,3.0,1.0,1,1,4.0,0.0,0.0,0.0,1954.0,1.0,7,0,0.0,2.0,3.0,13.0
6710,9,28,1245,1,1,2,1.0,1.0,140.0,500,3.0,2.0,2.0,0.0,1.0,3.0,1.0,4,1,0.0,0.0,0.0,0.0,1955.0,2.0,10,0,0.0,2.0,3.0,1.0
6711,9,28,1245,1,1,2,1.0,1.0,140.0,500,3.0,2.0,2.0,0.0,1.0,3.0,1.0,4,1,0.0,0.0,0.0,0.0,1955.0,1.0,7,0,0.0,2.0,3.0,13.0
6712,10,15,1500,1,1,1,2.0,6.0,76.0,500,3.0,2.0,2.0,0.0,1.0,3.0,2.0,1,4,4.0,0.0,0.0,0.0,1985.0,2.0,7,0,6.0,0.0,2.0,13.0
6713,11,1,1145,1,1,1,1.0,7.0,76.0,500,3.0,2.0,2.0,0.0,1.0,1.0,1.0,1,4,4.0,0.0,0.0,0.0,1993.0,1.0,30,0,0.0,0.0,8.0,1.0
6714,11,1,1145,1,1,1,1.0,7.0,76.0,500,3.0,2.0,2.0,0.0,1.0,1.0,1.0,4,4,0.0,0.0,0.0,0.0,2000.0,1.0,30,0,0.0,0.0,8.0,1.0
6715,11,20,1300,1,1,1,1.0,6.0,221.0,500,3.0,2.0,2.0,0.0,1.0,2.0,1.0,1,1,4.0,0.0,0.0,0.0,1991.0,0.0,7,0,2.0,0.0,1.0,1.0
6716,11,20,1300,1,1,1,1.0,6.0,221.0,500,3.0,2.0,2.0,0.0,1.0,2.0,1.0,4,4,0.0,0.0,0.0,0.0,1995.0,0.0,7,0,2.0,0.0,1.0,1.0
6717,11,20,1300,1,1,1,1.0,6.0,221.0,500,3.0,2.0,2.0,0.0,1.0,2.0,1.0,4,4,0.0,0.0,0.0,0.0,1994.0,0.0,7,0,2.0,0.0,1.0,1.0
6718,12,19,1945,3,1,1,2.0,6.0,228.0,500,3.0,2.0,2.0,0.0,1.0,3.0,2.0,1,4,4.0,0.0,0.0,0.0,1997.0,2.0,7,0,13.0,0.0,7.0,1.0
6719,12,19,1945,3,1,1,2.0,6.0,228.0,500,3.0,2.0,2.0,0.0,1.0,3.0,2.0,4,1,0.0,0.0,0.0,0.0,1996.0,2.0,7,0,13.0,0.0,7.0,1.0
6720,1,21,215,4,2,1,1.0,6.0,236.0,500,4.0,2.0,2.0,0.0,2.0,1.0,1.0,1,1,4.0,0.0,0.0,0.0,1971.0,0.0,10,0,0.0,2.0,3.0,1.0
6721,2,14,45,3,1,1,1.0,6.0,166.0,500,3.0,2.0,2.0,0.0,2.0,1.0,2.0,1,1,4.0,0.0,0.0,0.0,1943.0,1.0,7,0,0.0,1.0,3.0,1.0
6722,2,14,45,3,1,1,1.0,6.0,166.0,500,3.0,2.0,2.0,0.0,2.0,1.0,2.0,4,4,0.0,0.0,0.0,0.0,1943.0,1.0,7,0,0.0,1.0,3.0,1.0
6723,2,14,45,3,1,1,1.0,6.0,166.0,500,3.0,2.0,2.0,0.0,2.0,1.0,2.0,3,1,4.0,1.0,1.0,1.0,1958.0,1.0,7,0,0.0,1.0,3.0,1.0
6724,2,29,1645,1,2,6,1.0,3.0,151.0,500,3.0,2.0,2.0,0.0,1.0,1.0,1.0,1,4,4.0,0.0,0.0,0.0,1979.0,1.0,7,0,0.0,2.0,3.0,9.0
6725,2,29,1645,1,2,6,1.0,3.0,151.0,500,3.0,2.0,2.0,0.0,1.0,1.0,1.0,1,4,4.0,0.0,0.0,0.0,1979.0,2.0,1,0,0.0,2.0,1.0,1.0
6726,2,29,1645,1,2,6,1.0,3.0,151.0,500,3.0,2.0,2.0,0.0,1.0,1.0,1.0,4,4,0.0,0.0,0.0,0.0,2006.0,1.0,7,0,0.0,2.0,3.0,9.0
6727,2,29,1645,1,2,6,1.0,3.0,151.0,500,3.0,2.0,2.0,0.0,1.0,1.0,1.0,4,4,0.0,0.0,0.0,0.0,2006.0,2.0,1,0,0.0,2.0,1.0,1.0
6728,2,29,1645,1,2,6,1.0,3.0,151.0,500,3.0,2.0,2.0,0.0,1.0,1.0,1.0,4,4,0.0,0.0,0.0,0.0,2008.0,1.0,7,0,0.0,2.0,3.0,9.0
6729,2,29,1645,1,2,6,1.0,3.0,151.0,500,3.0,2.0,2.0,0.0,1.0,1.0,1.0,4,4,0.0,0.0,0.0,0.0,2008.0,2.0,1,0,0.0,2.0,1.0,1.0
6730,2,29,1645,1,2,6,1.0,3.0,151.0,500,3.0,2.0,2.0,0.0,1.0,1.0,1.0,1,1,4.0,0.0,0.0,0.0,1949.0,1.0,7,0,0.0,2.0,3.0,9.0
6731,2,29,1645,1,2,6,1.0,3.0,151.0,500,3.0,2.0,2.0,0.0,1.0,1.0,1.0,1,1,4.0,0.0,0.0,0.0,1949.0,2.0,1,0,0.0,2.0,1.0,1.0
6732,8,21,1400,1,1,2,1.0,3.0,160.0,500,3.0,2.0,2.0,0.0,1.0,1.0,1.0,1,1,4.0,0.0,0.0,0.0,1978.0,1.0,33,0,0.0,2.0,0.0,21.0
6733,8,21,1400,1,1,2,1.0,3.0,160.0,500,3.0,2.0,2.0,0.0,1.0,1.0,1.0,1,1,4.0,0.0,0.0,0.0,1978.0,1.0,7,0,0.0,2.0,6.0,15.0
6734,8,21,1400,1,1,2,1.0,3.0,160.0,500,3.0,2.0,2.0,0.0,1.0,1.0,1.0,1,1,4.0,0.0,0.0,0.0,1951.0,1.0,33,0,0.0,2.0,0.0,21.0
6735,8,21,1400,1,1,2,1.0,3.0,160.0,500,3.0,2.0,2.0,0.0,1.0,1.0,1.0,1,1,4.0,0.0,0.0,0.0,1951.0,1.0,7,0,0.0,2.0,6.0,15.0
6736,9,11,1815,1,1,4,7.0,3.0,394.0,500,3.0,2.0,2.0,0.0,2.0,1.0,1.0,1,4,4.0,0.0,0.0,0.0,1992.0,2.0,7,0,0.0,0.0,6.0,15.0
6737,9,11,1815,1,1,4,7.0,3.0,394.0,500,3.0,2.0,2.0,0.0,2.0,1.0,1.0,1,4,4.0,0.0,0.0,0.0,1992.0,2.0,33,0,0.0,2.0,1.0,17.0
6738,9,11,1815,1,1,4,7.0,3.0,394.0,500,3.0,2.0,2.0,0.0,2.0,1.0,1.0,4,1,0.0,0.0,0.0,0.0,1993.0,2.0,7,0,0.0,0.0,6.0,15.0
6739,9,11,1815,1,1,4,7.0,3.0,394.0,500,3.0,2.0,2.0,0.0,2.0,1.0,1.0,4,1,0.0,0.0,0.0,0.0,1993.0,2.0,33,0,0.0,2.0,1.0,17.0
6740,9,11,1815,1,1,4,7.0,3.0,394.0,500,3.0,2.0,2.0,0.0,2.0,1.0,1.0,4,1,0.0,0.0,0.0,0.0,2014.0,2.0,7,0,0.0,0.0,6.0,15.0
6741,9,11,1815,1,1,4,7.0,3.0,394.0,500,3.0,2.0,2.0,0.0,2.0,1.0,1.0,4,1,0.0,0.0,0.0,0.0,2014.0,2.0,33,0,0.0,2.0,1.0,17.0
6742,9,11,1815,1,1,4,7.0,3.0,394.0,500,3.0,2.0,2.0,0.0,2.0,1.0,1.0,1,1,4.0,0.0,0.0,0.0,1993.0,2.0,7,0,0.0,0.0,6.0,15.0
6743,9,11,1815,1,1,4,7.0,3.0,394.0,500,3.0,2.0,2.0,0.0,2.0,1.0,1.0,1,1,4.0,0.0,0.0,0.0,1993.0,2.0,33,0,0.0,2.0,1.0,17.0
6744,9,11,1815,1,1,4,7.0,3.0,394.0,500,3.0,2.0,2.0,0.0,2.0,1.0,1.0,4,4,0.0,0.0,0.0,0.0,1992.0,2.0,7,0,0.0,0.0,6.0,15.0
6745,9,11,1815,1,1,4,7.0,3.0,394.0,500,3.0,2.0,2.0,0.0,2.0,1.0,1.0,4,4,0.0,0.0,0.0,0.0,1992.0,2.0,33,0,0.0,2.0,1.0,17.0
6746,9,17,600,3,2,1,1.0,1.0,394.0,500,3.0,2.0,2.0,0.0,2.0,1.0,1.0,1,1,1.0,0.0,0.0,0.0,1992.0,1.0,7,0,0.0,5.0,1.0,1.0
6747,9,17,600,3,2,1,1.0,1.0,394.0,500,3.0,2.0,2.0,0.0,2.0,1.0,1.0,1,1,1.0,0.0,0.0,0.0,1992.0,1.0,7,0,0.0,5.0,1.0,1.0
6748,9,17,600,3,2,1,1.0,1.0,394.0,500,3.0,2.0,2.0,0.0,2.0,1.0,1.0,1,4,1.0,0.0,0.0,0.0,1983.0,1.0,7,0,0.0,5.0,1.0,1.0
6749,9,17,600,3,2,1,1.0,1.0,394.0,500,3.0,2.0,2.0,0.0,2.0,1.0,1.0,1,4,1.0,0.0,0.0,0.0,1983.0,1.0,7,0,0.0,5.0,1.0,1.0
6750,9,23,1615,1,1,1,1.0,3.0,550.0,500,3.0,2.0,2.0,0.0,2.0,1.0,1.0,1,4,1.0,0.0,0.0,0.0,1964.0,2.0,10,0,0.0,2.0,3.0,13.0
6751,9,23,1615,1,1,1,1.0,3.0,550.0,500,3.0,2.0,2.0,0.0,2.0,1.0,1.0,1,4,1.0,0.0,0.0,0.0,1964.0,1.0,7,0,0.0,2.0,3.0,1.0