,month,day,time,light,location,intersection,atmosphere,collision,municipality,department,road,traffic,nblanes,reslane,laneprofile,plan,surface,user,sex,route,pedlocation,pedaction,pedcondition,birth,dirtraffic,catvehicle,nboccupants,obstacle,movobstacle,impact,maneuver
6752,9,23,1615,1,1,1,1.0,3.0,550.0,500,3.0,2.0,2.0,0.0,2.0,1.0,1.0,1,4,1.0,0.0,0.0,0.0,1979.0,2.0,10,0,0.0,2.0,3.0,13.0
6753,9,23,1615,1,1,1,1.0,3.0,550.0,500,3.0,2.0,2.0,0.0,2.0,1.0,1.0,1,4,1.0,0.0,0.0,0.0,1979.0,1.0,7,0,0.0,2.0,3.0,1.0
6754,10,1,900,1,2,1,1.0,4.0,236.0,500,3.0,2.0,2.0,0.0,1.0,1.0,1.0,1,1,4.0,0.0,0.0,0.0,1945.0,0.0,7,0,0.0,2.0,1.0,20.0
6755,10,1,900,1,2,1,1.0,4.0,236.0,500,3.0,2.0,2.0,0.0,1.0,1.0,1.0,1,1,4.0,0.0,0.0,0.0,1945.0,0.0,10,0,0.0,2.0,2.0,1.0
6756,10,1,900,1,2,1,1.0,4.0,236.0,500,3.0,2.0,2.0,0.0,1.0,1.0,1.0,1,1,4.0,0.0,0.0,0.0,1945.0,0.0,7,0,0.0,2.0,4.0,24.0
6757,10,1,900,1,2,1,1.0,4.0,236.0,500,3.0,2.0,2.0,0.0,1.0,1.0,1.0,4,4,0.0,0.0,0.0,0.0,1947.0,0.0,7,0,0.0,2.0,1.0,20.0
6758,10,1,900,1,2,1,1.0,4.0,236.0,500,3.0,2.0,2.0,0.0,1.0,1.0,1.0,4,4,0.0,0.0,0.0,0.0,1947.0,0.0,10,0,0.0,2.0,2.0,1.0
6759,10,1,900,1,2,1,1.0,4.0,236.0,500,3.0,2.0,2.0,0.0,1.0,1.0,1.0,4,4,0.0,0.0,0.0,0.0,1947.0,0.0,7,0,0.0,2.0,4.0,24.0
6760,10,1,900,1,2,1,1.0,4.0,236.0,500,3.0,2.0,2.0,0.0,1.0,1.0,1.0,1,1,2.0,0.0,0.0,0.0,1970.0,0.0,7,0,0.0,2.0,1.0,20.0
6761,10,1,900,1,2,1,1.0,4.0,236.0,500,3.0,2.0,2.0,0.0,1.0,1.0,1.0,1,1,2.0,0.0,0.0,0.0,1970.0,0.0,10,0,0.0,2.0,2.0,1.0
6762,10,1,900,1,2,1,1.0,4.0,236.0,500,3.0,2.0,2.0,0.0,1.0,1.0,1.0,1,1,2.0,0.0,0.0,0.0,1970.0,0.0,7,0,0.0,2.0,4.0,24.0
6763,10,1,900,1,2,1,1.0,4.0,236.0,500,3.0,2.0,2.0,0.0,1.0,1.0,1.0,1,4,4.0,0.0,0.0,0.0,1991.0,0.0,7,0,0.0,2.0,1.0,20.0
6764,10,1,900,1,2,1,1.0,4.0,236.0,500,3.0,2.0,2.0,0.0,1.0,1.0,1.0,1,4,4.0,0.0,0.0,0.0,1991.0,0.0,10,0,0.0,2.0,2.0,1.0
6765,10,1,900,1,2,1,1.0,4.0,236.0,500,3.0,2.0,2.0,0.0,1.0,1.0,1.0,1,4,4.0,0.0,0.0,0.0,1991.0,0.0,7,0,0.0,2.0,4.0,24.0
6766,12,23,1715,2,2,2,2.0,3.0,510.0,500,3.0,2.0,2.0,0.0,2.0,1.0,2.0,1,1,1.0,0.0,0.0,0.0,1972.0,1.0,7,0,0.0,2.0,2.0,1.0
6767,12,23,1715,2,2,2,2.0,3.0,510.0,500,3.0,2.0,2.0,0.0,2.0,1.0,2.0,1,1,1.0,0.0,0.0,0.0,1972.0,1.0,1,0,0.0,2.0,8.0,16.0
6768,12,23,1715,2,2,2,2.0,3.0,510.0,500,3.0,2.0,2.0,0.0,2.0,1.0,2.0,1,1,4.0,0.0,0.0,0.0,2005.0,1.0,7,0,0.0,2.0,2.0,1.0
6769,12,23,1715,2,2,2,2.0,3.0,510.0,500,3.0,2.0,2.0,0.0,2.0,1.0,2.0,1,1,4.0,0.0,0.0,0.0,2005.0,1.0,1,0,0.0,2.0,8.0,16.0
6770,1,3,530,5,2,1,3.0,6.0,582.0,500,3.0,2.0,2.0,0.0,2.0,1.0,2.0,1,1,4.0,0.0,0.0,0.0,1986.0,2.0,7,0,2.0,0.0,3.0,1.0
6771,1,3,530,5,2,1,3.0,6.0,582.0,500,3.0,2.0,2.0,0.0,2.0,1.0,2.0,4,1,0.0,0.0,0.0,0.0,1989.0,2.0,7,0,2.0,0.0,3.0,1.0
6772,4,12,1615,1,1,1,1.0,1.0,474.0,500,3.0,2.0,2.0,0.0,1.0,1.0,1.0,1,4,4.0,0.0,0.0,0.0,1969.0,2.0,7,0,0.0,2.0,1.0,13.0
6773,4,12,1615,1,1,1,1.0,1.0,474.0,500,3.0,2.0,2.0,0.0,1.0,1.0,1.0,1,4,4.0,0.0,0.0,0.0,1969.0,1.0,7,0,0.0,2.0,1.0,1.0
6774,4,12,1615,1,1,1,1.0,1.0,474.0,500,3.0,2.0,2.0,0.0,1.0,1.0,1.0,4,4,0.0,0.0,0.0,0.0,1967.0,2.0,7,0,0.0,2.0,1.0,13.0
6775,4,12,1615,1,1,1,1.0,1.0,474.0,500,3.0,2.0,2.0,0.0,1.0,1.0,1.0,4,4,0.0,0.0,0.0,0.0,1967.0,1.0,7,0,0.0,2.0,1.0,1.0
6776,4,12,1615,1,1,1,1.0,1.0,474.0,500,3.0,2.0,2.0,0.0,1.0,1.0,1.0,4,1,0.0,0.0,0.0,0.0,1999.0,2.0,7,0,0.0,2.0,1.0,13.0
6777,4,12,1615,1,1,1,1.0,1.0,474.0,500,3.0,2.0,2.0,0.0,1.0,1.0,1.0,4,1,0.0,0.0,0.0,0.0,1999.0,1.0,7,0,0.0,2.0,1.0,1.0
6778,4,12,1615,1,1,1,1.0,1.0,474.0,500,3.0,2.0,2.0,0.0,1.0,1.0,1.0,1,4,4.0,0.0,0.0,0.0,1987.0,2.0,7,0,0.0,2.0,1.0,13.0
6779,4,12,1615,1,1,1,1.0,1.0,474.0,500,3.0,2.0,2.0,0.0,1.0,1.0,1.0,1,4,4.0,0.0,0.0,0.0,1987.0,1.0,7,0,0.0,2.0,1.0,1.0
6780,6,20,1545,1,1,1,3.0,1.0,582.0,500,3.0,2.0,2.0,0.0,2.0,1.0,2.0,1,1,3.0,0.0,0.0,0.0,1970.0,1.0,7,0,0.0,2.0,1.0,13.0
6781,6,20,1545,1,1,1,3.0,1.0,582.0,500,3.0,2.0,2.0,0.0,2.0,1.0,2.0,1,1,3.0,0.0,0.0,0.0,1970.0,2.0,7,0,0.0,2.0,3.0,1.0
6782,6,20,1545,1,1,1,3.0,1.0,582.0,500,3.0,2.0,2.0,0.0,2.0,1.0,2.0,1,1,4.0,0.0,0.0,0.0,1980.0,1.0,7,0,0.0,2.0,1.0,13.0
6783,6,20,1545,1,1,1,3.0,1.0,582.0,500,3.0,2.0,2.0,0.0,2.0,1.0,2.0,1,1,4.0,0.0,0.0,0.0,1980.0,2.0,7,0,0.0,2.0,3.0,1.0
6784,6,20,1545,1,1,1,3.0,1.0,582.0,500,3.0,2.0,2.0,0.0,2.0,1.0,2.0,4,4,0.0,0.0,0.0,0.0,1988.0,1.0,7,0,0.0,2.0,1.0,13.0
6785,6,20,1545,1,1,1,3.0,1.0,582.0,500,3.0,2.0,2.0,0.0,2.0,1.0,2.0,4,4,0.0,0.0,0.0,0.0,1988.0,2.0,7,0,0.0,2.0,3.0,1.0
6786,7,14,500,4,1,1,1.0,2.0,582.0,500,3.0,2.0,2.0,0.0,2.0,1.0,1.0,1,1,4.0,0.0,0.0,0.0,1988.0,2.0,33,0,0.0,2.0,1.0,2.0
6787,7,14,500,4,1,1,1.0,2.0,582.0,500,3.0,2.0,2.0,0.0,2.0,1.0,1.0,1,1,4.0,0.0,0.0,0.0,1988.0,2.0,3,0,0.0,0.0,4.0,1.0
6788,7,14,500,4,1,1,1.0,2.0,582.0,500,3.0,2.0,2.0,0.0,2.0,1.0,1.0,1,1,1.0,0.0,0.0,0.0,1983.0,2.0,33,0,0.0,2.0,1.0,2.0
6789,7,14,500,4,1,1,1.0,2.0,582.0,500,3.0,2.0,2.0,0.0,2.0,1.0,1.0,1,1,1.0,0.0,0.0,0.0,1983.0,2.0,3,0,0.0,0.0,4.0,1.0
6790,8,15,2315,5,2,1,1.0,3.0,359.0,500,3.0,2.0,0.0,0.0,2.0,1.0,1.0,1,1,4.0,0.0,0.0,0.0,1981.0,2.0,3,0,0.0,2.0,3.0,1.0
6791,8,15,2315,5,2,1,1.0,3.0,359.0,500,3.0,2.0,0.0,0.0,2.0,1.0,1.0,1,1,4.0,0.0,0.0,0.0,1981.0,2.0,3,0,0.0,2.0,7.0,17.0
6792,8,15,2315,5,2,1,1.0,3.0,359.0,500,3.0,2.0,0.0,0.0,2.0,1.0,1.0,4,1,0.0,0.0,0.0,0.0,1993.0,2.0,3,0,0.0,2.0,3.0,1.0
6793,8,15,2315,5,2,1,1.0,3.0,359.0,500,3.0,2.0,0.0,0.0,2.0,1.0,1.0,4,1,0.0,0.0,0.0,0.0,1993.0,2.0,3,0,0.0,2.0,7.0,17.0
6794,8,15,2315,5,2,1,1.0,3.0,359.0,500,3.0,2.0,0.0,0.0,2.0,1.0,1.0,1,1,4.0,0.0,0.0,0.0,1973.0,2.0,3,0,0.0,2.0,3.0,1.0
6795,8,15,2315,5,2,1,1.0,3.0,359.0,500,3.0,2.0,0.0,0.0,2.0,1.0,1.0,1,1,4.0,0.0,0.0,0.0,1973.0,2.0,3,0,0.0,2.0,7.0,17.0
6796,8,15,2315,5,2,1,1.0,3.0,359.0,500,3.0,2.0,0.0,0.0,2.0,1.0,1.0,4,1,0.0,0.0,0.0,0.0,1997.0,2.0,3,0,0.0,2.0,3.0,1.0
6797,8,15,2315,5,2,1,1.0,3.0,359.0,500,3.0,2.0,0.0,0.0,2.0,1.0,1.0,4,1,0.0,0.0,0.0,0.0,1997.0,2.0,3,0,0.0,2.0,7.0,17.0
6798,1,6,1700,2,1,1,1.0,2.0,189.0,500,3.0,2.0,3.0,0.0,1.0,1.0,1.0,1,1,4.0,0.0,0.0,0.0,1959.0,2.0,7,0,0.0,2.0,3.0,17.0
6799,1,6,1700,2,1,1,1.0,2.0,189.0,500,3.0,2.0,3.0,0.0,1.0,1.0,1.0,1,1,4.0,0.0,0.0,0.0,1959.0,2.0,3,0,0.0,2.0,4.0,1.0
6800,1,6,1700,2,1,1,1.0,2.0,189.0,500,3.0,2.0,3.0,0.0,1.0,1.0,1.0,4,4,4.0,0.0,0.0,0.0,1955.0,2.0,7,0,0.0,2.0,3.0,17.0
6801,1,6,1700,2,1,1,1.0,2.0,189.0,500,3.0,2.0,3.0,0.0,1.0,1.0,1.0,4,4,4.0,0.0,0.0,0.0,1955.0,2.0,3,0,0.0,2.0,4.0,1.0
6802,1,6,1700,2,1,1,1.0,2.0,189.0,500,3.0,2.0,3.0,0.0,1.0,1.0,1.0,4,4,0.0,0.0,0.0,0.0,1933.0,2.0,7,0,0.0,2.0,3.0,17.0
6803,1,6,1700,2,1,1,1.0,2.0,189.0,500,3.0,2.0,3.0,0.0,1.0,1.0,1.0,4,4,0.0,0.0,0.0,0.0,1933.0,2.0,3,0,0.0,2.0,4.0,1.0
6804,1,6,1700,2,1,1,1.0,2.0,189.0,500,3.0,2.0,3.0,0.0,1.0,1.0,1.0,1,1,3.0,0.0,0.0,0.0,1950.0,2.0,7,0,0.0,2.0,3.0,17.0
6805,1,6,1700,2,1,1,1.0,2.0,189.0,500,3.0,2.0,3.0,0.0,1.0,1.0,1.0,1,1,3.0,0.0,0.0,0.0,1950.0,2.0,3,0,0.0,2.0,4.0,1.0
6806,1,2,1445,1,2,1,8.0,7.0,53.0,10,3.0,2.0,3.0,0.0,2.0,1.0,2.0,1,4,3.0,0.0,0.0,0.0,1977.0,2.0,10,0,2.0,0.0,3.0,14.0
6807,1,2,1445,1,2,1,8.0,7.0,53.0,10,3.0,2.0,3.0,0.0,2.0,1.0,2.0,4,4,3.0,0.0,0.0,0.0,2003.0,2.0,10,0,2.0,0.0,3.0,14.0
6808,1,9,930,1,1,1,5.0,6.0,451.0,10,3.0,2.0,2.0,0.0,1.0,3.0,2.0,1,1,4.0,0.0,0.0,0.0,1971.0,1.0,7,0,3.0,0.0,1.0,1.0
6809,1,9,930,1,1,1,5.0,6.0,451.0,10,3.0,2.0,2.0,0.0,1.0,3.0,2.0,4,1,4.0,0.0,0.0,0.0,1998.0,1.0,7,0,3.0,0.0,1.0,1.0
6810,1,13,1545,1,2,1,1.0,6.0,344.0,10,3.0,2.0,2.0,2.0,1.0,1.0,1.0,1,1,0.0,0.0,0.0,0.0,1948.0,1.0,7,0,0.0,1.0,1.0,1.0
6811,1,13,1545,1,2,1,1.0,6.0,344.0,10,3.0,2.0,2.0,2.0,1.0,1.0,1.0,3,1,0.0,3.0,3.0,4.0,1934.0,1.0,7,0,0.0,1.0,1.0,1.0
6812,1,13,1545,1,2,1,1.0,6.0,344.0,10,3.0,2.0,2.0,2.0,1.0,1.0,1.0,3,4,4.0,3.0,3.0,4.0,1950.0,1.0,7,0,0.0,1.0,1.0,1.0
6813,1,15,1650,2,2,3,4.0,6.0,53.0,10,4.0,2.0,1.0,2.0,1.0,1.0,5.0,3,4,4.0,0.0,4.0,4.0,2003.0,1.0,7,0,0.0,1.0,2.0,15.0
6814,1,18,1335,1,1,7,1.0,3.0,53.0,10,3.0,1.0,1.0,0.0,1.0,2.0,1.0,1,1,1.0,0.0,0.0,0.0,1966.0,2.0,1,0,0.0,2.0,7.0,1.0
6815,1,18,1335,1,1,7,1.0,3.0,53.0,10,3.0,1.0,1.0,0.0,1.0,2.0,1.0,1,1,1.0,0.0,0.0,0.0,1966.0,0.0,10,0,0.0,2.0,1.0,9.0
6816,1,18,1335,1,1,7,1.0,3.0,53.0,10,3.0,1.0,1.0,0.0,1.0,2.0,1.0,1,1,4.0,0.0,0.0,0.0,1933.0,2.0,1,0,0.0,2.0,7.0,1.0
6817,1,18,1335,1,1,7,1.0,3.0,53.0,10,3.0,1.0,1.0,0.0,1.0,2.0,1.0,1,1,4.0,0.0,0.0,0.0,1933.0,0.0,10,0,0.0,2.0,1.0,9.0
6818,1,20,1355,1,1,2,5.0,3.0,289.0,10,3.0,2.0,3.0,0.0,1.0,1.0,1.0,1,1,1.0,0.0,0.0,0.0,1992.0,1.0,7,0,0.0,2.0,1.0,1.0
6819,1,20,1355,1,1,2,5.0,3.0,289.0,10,3.0,2.0,3.0,0.0,1.0,1.0,1.0,1,1,1.0,0.0,0.0,0.0,1992.0,0.0,7,0,7.0,2.0,7.0,19.0
6820,1,20,1355,1,1,2,5.0,3.0,289.0,10,3.0,2.0,3.0,0.0,1.0,1.0,1.0,1,1,1.0,0.0,0.0,0.0,1968.0,1.0,7,0,0.0,2.0,1.0,1.0
6821,1,20,1355,1,1,2,5.0,3.0,289.0,10,3.0,2.0,3.0,0.0,1.0,1.0,1.0,1,1,1.0,0.0,0.0,0.0,1968.0,0.0,7,0,7.0,2.0,7.0,19.0
6822,1,21,1348,1,2,3,1.0,3.0,53.0,10,4.0,2.0,2.0,0.0,2.0,1.0,1.0,1,4,2.0,0.0,0.0,0.0,1984.0,0.0,7,0,0.0,2.0,2.0,15.0
6823,1,21,1348,1,2,3,1.0,3.0,53.0,10,4.0,2.0,2.0,0.0,2.0,1.0,1.0,1,4,2.0,0.0,0.0,0.0,1984.0,0.0,2,0,0.0,2.0,1.0,1.0
6824,1,21,1348,1,2,3,1.0,3.0,53.0,10,4.0,2.0,2.0,0.0,2.0,1.0,1.0,1,1,4.0,0.0,0.0,0.0,2000.0,0.0,7,0,0.0,2.0,2.0,15.0
6825,1,21,1348,1,2,3,1.0,3.0,53.0,10,4.0,2.0,2.0,0.0,2.0,1.0,1.0,1,1,4.0,0.0,0.0,0.0,2000.0,0.0,2,0,0.0,2.0,1.0,1.0
6826,2,10,1630,1,1,1,1.0,5.0,451.0,10,3.0,2.0,3.0,0.0,1.0,1.0,2.0,1,1,0.0,0.0,0.0,0.0,1992.0,1.0,7,0,0.0,2.0,0.0,0.0
6827,2,10,1630,1,1,1,1.0,5.0,451.0,10,3.0,2.0,3.0,0.0,1.0,1.0,2.0,1,1,0.0,0.0,0.0,0.0,1992.0,2.0,7,0,0.0,2.0,6.0,1.0
6828,2,10,1630,1,1,1,1.0,5.0,451.0,10,3.0,2.0,3.0,0.0,1.0,1.0,2.0,1,1,0.0,0.0,0.0,0.0,1992.0,2.0,7,0,0.0,2.0,1.0,0.0
6829,2,10,1630,1,1,1,1.0,5.0,451.0,10,3.0,2.0,3.0,0.0,1.0,1.0,2.0,1,4,4.0,0.0,0.0,0.0,1967.0,1.0,7,0,0.0,2.0,0.0,0.0
6830,2,10,1630,1,1,1,1.0,5.0,451.0,10,3.0,2.0,3.0,0.0,1.0,1.0,2.0,1,4,4.0,0.0,0.0,0.0,1967.0,2.0,7,0,0.0,2.0,6.0,1.0
6831,2,10,1630,1,1,1,1.0,5.0,451.0,10,3.0,2.0,3.0,0.0,1.0,1.0,2.0,1,4,4.0,0.0,0.0,0.0,1967.0,2.0,7,0,0.0,2.0,1.0,0.0
6832,2,10,1630,1,1,1,1.0,5.0,451.0,10,3.0,2.0,3.0,0.0,1.0,1.0,2.0,1,4,0.0,0.0,0.0,0.0,1960.0,1.0,7,0,0.0,2.0,0.0,0.0
6833,2,10,1630,1,1,1,1.0,5.0,451.0,10,3.0,2.0,3.0,0.0,1.0,1.0,2.0,1,4,0.0,0.0,0.0,0.0,1960.0,2.0,7,0,0.0,2.0,6.0,1.0
6834,2,10,1630,1,1,1,1.0,5.0,451.0,10,3.0,2.0,3.0,0.0,1.0,1.0,2.0,1,4,0.0,0.0,0.0,0.0,1960.0,2.0,7,0,0.0,2.0,1.0,0.0
6835,2,11,1510,1,2,6,8.0,1.0,53.0,10,3.0,2.0,2.0,2.0,1.0,1.0,1.0,1,1,2.0,0.0,0.0,0.0,1965.0,2.0,10,0,0.0,2.0,3.0,1.0
6836,2,11,1510,1,2,6,8.0,1.0,53.0,10,3.0,2.0,2.0,2.0,1.0,1.0,1.0,1,1,2.0,0.0,0.0,0.0,1965.0,1.0,7,0,12.0,2.0,3.0,19.0
6837,2,11,1510,1,2,6,8.0,1.0,53.0,10,3.0,2.0,2.0,2.0,1.0,1.0,1.0,4,1,2.0,0.0,0.0,0.0,1972.0,2.0,10,0,0.0,2.0,3.0,1.0
6838,2,11,1510,1,2,6,8.0,1.0,53.0,10,3.0,2.0,2.0,2.0,1.0,1.0,1.0,4,1,2.0,0.0,0.0,0.0,1972.0,1.0,7,0,12.0,2.0,3.0,19.0
6839,2,11,1510,1,2,6,8.0,1.0,53.0,10,3.0,2.0,2.0,2.0,1.0,1.0,1.0,1,4,4.0,0.0,0.0,0.0,1966.0,2.0,10,0,0.0,2.0,3.0,1.0
6840,2,11,1510,1,2,6,8.0,1.0,53.0,10,3.0,2.0,2.0,2.0,1.0,1.0,1.0,1,4,4.0,0.0,0.0,0.0,1966.0,1.0,7,0,12.0,2.0,3.0,19.0
6841,2,20,1150,1,2,6,8.0,6.0,53.0,10,3.0,2.0,4.0,0.0,1.0,1.0,2.0,1,1,4.0,0.0,0.0,0.0,1953.0,2.0,7,0,0.0,1.0,1.0,16.0
6842,2,20,1150,1,2,6,8.0,6.0,53.0,10,3.0,2.0,4.0,0.0,1.0,1.0,2.0,3,1,4.0,2.0,3.0,1.0,1947.0,2.0,7,0,0.0,1.0,1.0,16.0
6843,3,1,2230,5,2,2,2.0,3.0,53.0,10,3.0,2.0,0.0,0.0,1.0,1.0,2.0,1,4,1.0,0.0,0.0,0.0,1985.0,1.0,7,0,0.0,2.0,2.0,1.0
6844,3,1,2230,5,2,2,2.0,3.0,53.0,10,3.0,2.0,0.0,0.0,1.0,1.0,2.0,1,4,1.0,0.0,0.0,0.0,1985.0,2.0,7,0,0.0,2.0,5.0,0.0
6845,3,1,2230,5,2,2,2.0,3.0,53.0,10,3.0,2.0,0.0,0.0,1.0,1.0,2.0,1,4,0.0,0.0,0.0,0.0,1959.0,1.0,7,0,0.0,2.0,2.0,1.0
6846,3,1,2230,5,2,2,2.0,3.0,53.0,10,3.0,2.0,0.0,0.0,1.0,1.0,2.0,1,4,0.0,0.0,0.0,0.0,1959.0,2.0,7,0,0.0,2.0,5.0,0.0
6847,3,1,2230,5,2,2,2.0,3.0,53.0,10,3.0,2.0,0.0,0.0,1.0,1.0,2.0,4,1,0.0,0.0,0.0,0.0,1948.0,1.0,7,0,0.0,2.0,2.0,1.0
6848,3,1,2230,5,2,2,2.0,3.0,53.0,10,3.0,2.0,0.0,0.0,1.0,1.0,2.0,4,1,0.0,0.0,0.0,0.0,1948.0,2.0,7,0,0.0,2.0,5.0,0.0
6849,3,1,2230,5,2,2,2.0,3.0,53.0,10,3.0,2.0,0.0,0.0,1.0,1.0,2.0,4,4,0.0,0.0,0.0,0.0,1962.0,1.0,7,0,0.0,2.0,2.0,1.0
6850,3,1,2230,5,2,2,2.0,3.0,53.0,10,3.0,2.0,0.0,0.0,1.0,1.0,2.0,4,4,0.0,0.0,0.0,0.0,1962.0,2.0,7,0,0.0,2.0,5.0,0.0
6851,3,1,2230,5,2,2,2.0,3.0,53.0,10,3.0,2.0,0.0,0.0,1.0,1.0,2.0,4,4,0.0,0.0,0.0,0.0,1945.0,1.0,7,0,0.0,2.0,2.0,1.0
6852,3,1,2230,5,2,2,2.0,3.0,53.0,10,3.0,2.0,0.0,0.0,1.0,1.0,2.0,4,4,0.0,0.0,0.0,0.0,1945.0,2.0,7,0,0.0,2.0,5.0,0.0
6853,3,2,1615,1,2,2,1.0,3.0,53.0,10,4.0,2.0,3.0,2.0,4.0,1.0,2.0,1,1,4.0,0.0,0.0,0.0,1945.0,2.0,7,0,9.0,2.0,1.0,1.0
6854,3,2,1615,1,2,2,1.0,3.0,53.0,10,4.0,2.0,3.0,2.0,4.0,1.0,2.0,1,1,4.0,0.0,0.0,0.0,1945.0,1.0,7,0,9.0,2.0,7.0,15.0
6855,3,2,1615,1,2,2,1.0,3.0,53.0,10,4.0,2.0,3.0,2.0,4.0,1.0,2.0,1,4,0.0,0.0,0.0,0.0,1995.0,2.0,7,0,9.0,2.0,1.0,1.0
6856,3,2,1615,1,2,2,1.0,3.0,53.0,10,4.0,2.0,3.0,2.0,4.0,1.0,2.0,1,4,0.0,0.0,0.0,0.0,1995.0,1.0,7,0,9.0,2.0,7.0,15.0
6857,3,19,1940,5,2,3,1.0,3.0,53.0,10,3.0,3.0,4.0,0.0,1.0,1.0,1.0,1,1,4.0,0.0,0.0,0.0,1996.0,1.0,7,0,0.0,2.0,1.0,15.0
6858,3,19,1940,5,2,3,1.0,3.0,53.0,10,3.0,3.0,4.0,0.0,1.0,1.0,1.0,1,1,4.0,0.0,0.0,0.0,1996.0,2.0,33,0,0.0,2.0,1.0,1.0
6859,3,19,1940,5,2,3,1.0,3.0,53.0,10,3.0,3.0,4.0,0.0,1.0,1.0,1.0,1,1,4.0,0.0,0.0,0.0,1964.0,1.0,7,0,0.0,2.0,1.0,15.0
6860,3,19,1940,5,2,3,1.0,3.0,53.0,10,3.0,3.0,4.0,0.0,1.0,1.0,1.0,1,1,4.0,0.0,0.0,0.0,1964.0,2.0,33,0,0.0,2.0,1.0,1.0
6861,3,19,1940,5,2,3,1.0,3.0,53.0,10,3.0,3.0,4.0,0.0,1.0,1.0,1.0,4,1,4.0,0.0,0.0,0.0,1980.0,1.0,7,0,0.0,2.0,1.0,15.0
6862,3,19,1940,5,2,3,1.0,3.0,53.0,10,3.0,3.0,4.0,0.0,1.0,1.0,1.0,4,1,4.0,0.0,0.0,0.0,1980.0,2.0,33,0,0.0,2.0,1.0,1.0
6863,3,18,755,1,2,1,1.0,6.0,53.0,10,9.0,0.0,0.0,0.0,1.0,1.0,1.0,1,1,1.0,0.0,0.0,0.0,1987.0,1.0,7,0,0.0,1.0,2.0,0.0
6864,3,18,755,1,2,1,1.0,6.0,53.0,10,9.0,0.0,0.0,0.0,1.0,1.0,1.0,3,1,3.0,0.0,3.0,1.0,1946.0,1.0,7,0,0.0,1.0,2.0,0.0
6865,3,22,1715,1,2,6,1.0,3.0,451.0,10,3.0,2.0,2.0,2.0,1.0,4.0,1.0,1,1,4.0,0.0,0.0,0.0,1926.0,2.0,7,0,0.0,2.0,1.0,16.0
6866,3,22,1715,1,2,6,1.0,3.0,451.0,10,3.0,2.0,2.0,2.0,1.0,4.0,1.0,1,1,4.0,0.0,0.0,0.0,1926.0,2.0,1,0,0.0,2.0,8.0,1.0
6867,3,22,1715,1,2,6,1.0,3.0,451.0,10,3.0,2.0,2.0,2.0,1.0,4.0,1.0,1,1,1.0,0.0,0.0,0.0,1999.0,2.0,7,0,0.0,2.0,1.0,16.0
6868,3,22,1715,1,2,6,1.0,3.0,451.0,10,3.0,2.0,2.0,2.0,1.0,4.0,1.0,1,1,1.0,0.0,0.0,0.0,1999.0,2.0,1,0,0.0,2.0,8.0,1.0
6869,3,24,1655,1,2,1,1.0,3.0,53.0,10,4.0,2.0,1.0,0.0,1.0,1.0,1.0,1,1,1.0,0.0,0.0,0.0,1975.0,0.0,32,0,0.0,2.0,2.0,17.0
6870,3,24,1655,1,2,1,1.0,3.0,53.0,10,4.0,2.0,1.0,0.0,1.0,1.0,1.0,1,1,1.0,0.0,0.0,0.0,1975.0,0.0,7,0,0.0,2.0,3.0,15.0
6871,3,24,1655,1,2,1,1.0,3.0,53.0,10,4.0,2.0,1.0,0.0,1.0,1.0,1.0,1,1,1.0,0.0,0.0,0.0,1982.0,0.0,32,0,0.0,2.0,2.0,17.0
6872,3,24,1655,1,2,1,1.0,3.0,53.0,10,4.0,2.0,1.0,0.0,1.0,1.0,1.0,1,1,1.0,0.0,0.0,0.0,1982.0,0.0,7,0,0.0,2.0,3.0,15.0
6873,3,24,1655,1,2,1,1.0,3.0,53.0,10,4.0,2.0,1.0,0.0,1.0,1.0,1.0,4,1,0.0,0.0,0.0,0.0,1978.0,0.0,32,0,0.0,2.0,2.0,17.0
6874,3,24,1655,1,2,1,1.0,3.0,53.0,10,4.0,2.0,1.0,0.0,1.0,1.0,1.0,4,1,0.0,0.0,0.0,0.0,1978.0,0.0,7,0,0.0,2.0,3.0,15.0
6875,4,10,900,1,1,3,1.0,5.0,451.0,10,3.0,2.0,2.0,0.0,0.0,0.0,1.0,1,1,0.0,0.0,0.0,0.0,1929.0,1.0,7,0,0.0,2.0,2.0,15.0
6876,4,10,900,1,1,3,1.0,5.0,451.0,10,3.0,2.0,2.0,0.0,0.0,0.0,1.0,1,1,0.0,0.0,0.0,0.0,1929.0,2.0,33,0,0.0,2.0,1.0,1.0
6877,4,10,900,1,1,3,1.0,5.0,451.0,10,3.0,2.0,2.0,0.0,0.0,0.0,1.0,1,1,0.0,0.0,0.0,0.0,1929.0,2.0,33,0,0.0,2.0,1.0,1.0
6878,4,10,900,1,1,3,1.0,5.0,451.0,10,3.0,2.0,2.0,0.0,0.0,0.0,1.0,1,4,4.0,0.0,0.0,0.0,1969.0,1.0,7,0,0.0,2.0,2.0,15.0
6879,4,10,900,1,1,3,1.0,5.0,451.0,10,3.0,2.0,2.0,0.0,0.0,0.0,1.0,1,4,4.0,0.0,0.0,0.0,1969.0,2.0,33,0,0.0,2.0,1.0,1.0
6880,4,10,900,1,1,3,1.0,5.0,451.0,10,3.0,2.0,2.0,0.0,0.0,0.0,1.0,1,4,4.0,0.0,0.0,0.0,1969.0,2.0,33,0,0.0,2.0,1.0,1.0
6881,4,10,900,1,1,3,1.0,5.0,451.0,10,3.0,2.0,2.0,0.0,0.0,0.0,1.0,1,1,4.0,0.0,0.0,0.0,1989.0,1.0,7,0,0.0,2.0,2.0,15.0
6882,4,10,900,1,1,3,1.0,5.0,451.0,10,3.0,2.0,2.0,0.0,0.0,0.0,1.0,1,1,4.0,0.0,0.0,0.0,1989.0,2.0,33,0,0.0,2.0,1.0,1.0