,month,day,time,light,location,intersection,atmosphere,collision,municipality,department,road,traffic,nblanes,reslane,laneprofile,plan,surface,user,sex,route,pedlocation,pedaction,pedcondition,birth,dirtraffic,catvehicle,nboccupants,obstacle,movobstacle,impact,maneuver
6883,4,10,900,1,1,3,1.0,5.0,451.0,10,3.0,2.0,2.0,0.0,0.0,0.0,1.0,1,1,4.0,0.0,0.0,0.0,1989.0,2.0,33,0,0.0,2.0,1.0,1.0
6884,4,11,1215,1,1,1,1.0,2.0,451.0,10,2.0,2.0,3.0,0.0,1.0,1.0,1.0,1,1,0.0,0.0,0.0,0.0,1954.0,2.0,7,0,0.0,2.0,5.0,2.0
6885,4,11,1215,1,1,1,1.0,2.0,451.0,10,2.0,2.0,3.0,0.0,1.0,1.0,1.0,1,1,0.0,0.0,0.0,0.0,1954.0,2.0,31,0,0.0,2.0,1.0,2.0
6886,4,11,1215,1,1,1,1.0,2.0,451.0,10,2.0,2.0,3.0,0.0,1.0,1.0,1.0,1,1,4.0,0.0,0.0,0.0,1966.0,2.0,7,0,0.0,2.0,5.0,2.0
6887,4,11,1215,1,1,1,1.0,2.0,451.0,10,2.0,2.0,3.0,0.0,1.0,1.0,1.0,1,1,4.0,0.0,0.0,0.0,1966.0,2.0,31,0,0.0,2.0,1.0,2.0
6888,4,13,645,2,2,6,2.0,3.0,53.0,10,3.0,2.0,2.0,0.0,1.0,1.0,1.0,1,1,1.0,0.0,0.0,0.0,1978.0,2.0,7,0,0.0,2.0,1.0,9.0
6889,4,13,645,2,2,6,2.0,3.0,53.0,10,3.0,2.0,2.0,0.0,1.0,1.0,1.0,1,1,1.0,0.0,0.0,0.0,1978.0,1.0,1,0,0.0,2.0,7.0,1.0
6890,4,13,645,2,2,6,2.0,3.0,53.0,10,3.0,2.0,2.0,0.0,1.0,1.0,1.0,1,1,1.0,0.0,0.0,0.0,1979.0,2.0,7,0,0.0,2.0,1.0,9.0
6891,4,13,645,2,2,6,2.0,3.0,53.0,10,3.0,2.0,2.0,0.0,1.0,1.0,1.0,1,1,1.0,0.0,0.0,0.0,1979.0,1.0,1,0,0.0,2.0,7.0,1.0
6892,4,26,1835,1,2,1,2.0,6.0,289.0,10,4.0,1.0,1.0,0.0,1.0,1.0,2.0,1,4,1.0,0.0,0.0,0.0,1973.0,2.0,7,0,0.0,1.0,2.0,1.0
6893,4,26,1835,1,2,1,2.0,6.0,289.0,10,4.0,1.0,1.0,0.0,1.0,1.0,2.0,3,4,4.0,4.0,4.0,1.0,2006.0,2.0,7,0,0.0,1.0,2.0,1.0
6894,4,28,1705,1,2,2,1.0,3.0,451.0,10,3.0,2.0,2.0,0.0,2.0,1.0,1.0,1,1,1.0,0.0,0.0,0.0,1962.0,2.0,32,0,0.0,2.0,1.0,1.0
6895,4,28,1705,1,2,2,1.0,3.0,451.0,10,3.0,2.0,2.0,0.0,2.0,1.0,1.0,1,1,1.0,0.0,0.0,0.0,1962.0,1.0,7,0,0.0,2.0,8.0,19.0
6896,4,28,1705,1,2,2,1.0,3.0,451.0,10,3.0,2.0,2.0,0.0,2.0,1.0,1.0,1,1,2.0,0.0,0.0,0.0,1969.0,2.0,32,0,0.0,2.0,1.0,1.0
6897,4,28,1705,1,2,2,1.0,3.0,451.0,10,3.0,2.0,2.0,0.0,2.0,1.0,1.0,1,1,2.0,0.0,0.0,0.0,1969.0,1.0,7,0,0.0,2.0,8.0,19.0
6898,4,28,1745,1,2,2,1.0,1.0,53.0,10,4.0,2.0,2.0,0.0,1.0,1.0,1.0,1,1,0.0,0.0,0.0,0.0,1989.0,1.0,7,0,0.0,2.0,1.0,15.0
6899,4,28,1745,1,2,2,1.0,1.0,53.0,10,4.0,2.0,2.0,0.0,1.0,1.0,1.0,1,1,0.0,0.0,0.0,0.0,1989.0,2.0,2,0,0.0,2.0,1.0,1.0
6900,4,28,1745,1,2,2,1.0,1.0,53.0,10,4.0,2.0,2.0,0.0,1.0,1.0,1.0,1,1,4.0,0.0,0.0,0.0,1999.0,1.0,7,0,0.0,2.0,1.0,15.0
6901,4,28,1745,1,2,2,1.0,1.0,53.0,10,4.0,2.0,2.0,0.0,1.0,1.0,1.0,1,1,4.0,0.0,0.0,0.0,1999.0,2.0,2,0,0.0,2.0,1.0,1.0
6902,5,3,1730,1,1,4,1.0,3.0,289.0,10,4.0,2.0,2.0,0.0,1.0,1.0,1.0,1,1,1.0,0.0,0.0,0.0,1994.0,2.0,10,0,0.0,2.0,7.0,15.0
6903,5,3,1730,1,1,4,1.0,3.0,289.0,10,4.0,2.0,2.0,0.0,1.0,1.0,1.0,1,1,1.0,0.0,0.0,0.0,1994.0,2.0,33,0,0.0,2.0,1.0,0.0
6904,5,3,1730,1,1,4,1.0,3.0,289.0,10,4.0,2.0,2.0,0.0,1.0,1.0,1.0,1,1,2.0,0.0,0.0,0.0,1993.0,2.0,10,0,0.0,2.0,7.0,15.0
6905,5,3,1730,1,1,4,1.0,3.0,289.0,10,4.0,2.0,2.0,0.0,1.0,1.0,1.0,1,1,2.0,0.0,0.0,0.0,1993.0,2.0,33,0,0.0,2.0,1.0,0.0
6906,5,3,2250,3,1,2,1.0,3.0,451.0,10,3.0,2.0,2.0,0.0,1.0,1.0,1.0,1,4,4.0,0.0,0.0,0.0,1970.0,2.0,7,0,8.0,2.0,3.0,1.0
6907,5,3,2250,3,1,2,1.0,3.0,451.0,10,3.0,2.0,2.0,0.0,1.0,1.0,1.0,1,4,4.0,0.0,0.0,0.0,1970.0,1.0,7,0,8.0,2.0,1.0,1.0
6908,5,3,2250,3,1,2,1.0,3.0,451.0,10,3.0,2.0,2.0,0.0,1.0,1.0,1.0,4,1,4.0,0.0,0.0,0.0,1961.0,2.0,7,0,8.0,2.0,3.0,1.0
6909,5,3,2250,3,1,2,1.0,3.0,451.0,10,3.0,2.0,2.0,0.0,1.0,1.0,1.0,4,1,4.0,0.0,0.0,0.0,1961.0,1.0,7,0,8.0,2.0,1.0,1.0
6910,5,3,2250,3,1,2,1.0,3.0,451.0,10,3.0,2.0,2.0,0.0,1.0,1.0,1.0,1,4,0.0,0.0,0.0,0.0,1972.0,2.0,7,0,8.0,2.0,3.0,1.0
6911,5,3,2250,3,1,2,1.0,3.0,451.0,10,3.0,2.0,2.0,0.0,1.0,1.0,1.0,1,4,0.0,0.0,0.0,0.0,1972.0,1.0,7,0,8.0,2.0,1.0,1.0
6912,5,6,1200,1,2,2,1.0,2.0,451.0,10,3.0,3.0,1.0,0.0,0.0,0.0,0.0,1,4,9.0,0.0,0.0,0.0,1966.0,1.0,7,0,0.0,2.0,1.0,2.0
6913,5,6,1200,1,2,2,1.0,2.0,451.0,10,3.0,3.0,1.0,0.0,0.0,0.0,0.0,1,4,9.0,0.0,0.0,0.0,1966.0,1.0,7,0,0.0,2.0,4.0,23.0
6914,5,6,1200,1,2,2,1.0,2.0,451.0,10,3.0,3.0,1.0,0.0,0.0,0.0,0.0,1,4,9.0,0.0,0.0,0.0,1985.0,1.0,7,0,0.0,2.0,1.0,2.0
6915,5,6,1200,1,2,2,1.0,2.0,451.0,10,3.0,3.0,1.0,0.0,0.0,0.0,0.0,1,4,9.0,0.0,0.0,0.0,1985.0,1.0,7,0,0.0,2.0,4.0,23.0
6916,5,11,1510,1,1,1,8.0,3.0,451.0,10,3.0,2.0,1.0,0.0,1.0,1.0,8.0,1,4,0.0,0.0,0.0,0.0,1991.0,2.0,7,0,0.0,2.0,7.0,13.0
6917,5,11,1510,1,1,1,8.0,3.0,451.0,10,3.0,2.0,1.0,0.0,1.0,1.0,8.0,1,4,0.0,0.0,0.0,0.0,1991.0,1.0,7,0,0.0,2.0,1.0,1.0
6918,5,11,1510,1,1,1,8.0,3.0,451.0,10,3.0,2.0,1.0,0.0,1.0,1.0,8.0,4,4,0.0,0.0,0.0,0.0,1994.0,2.0,7,0,0.0,2.0,7.0,13.0
6919,5,11,1510,1,1,1,8.0,3.0,451.0,10,3.0,2.0,1.0,0.0,1.0,1.0,8.0,4,4,0.0,0.0,0.0,0.0,1994.0,1.0,7,0,0.0,2.0,1.0,1.0
6920,5,11,1510,1,1,1,8.0,3.0,451.0,10,3.0,2.0,1.0,0.0,1.0,1.0,8.0,1,1,9.0,0.0,0.0,0.0,1929.0,2.0,7,0,0.0,2.0,7.0,13.0
6921,5,11,1510,1,1,1,8.0,3.0,451.0,10,3.0,2.0,1.0,0.0,1.0,1.0,8.0,1,1,9.0,0.0,0.0,0.0,1929.0,1.0,7,0,0.0,2.0,1.0,1.0
6922,5,17,1730,1,2,1,1.0,3.0,53.0,10,4.0,2.0,2.0,0.0,1.0,1.0,1.0,1,1,0.0,0.0,0.0,0.0,1983.0,1.0,7,0,0.0,2.0,8.0,10.0
6923,5,17,1730,1,2,1,1.0,3.0,53.0,10,4.0,2.0,2.0,0.0,1.0,1.0,1.0,1,1,0.0,0.0,0.0,0.0,1983.0,2.0,2,0,0.0,2.0,1.0,1.0
6924,5,17,1730,1,2,1,1.0,3.0,53.0,10,4.0,2.0,2.0,0.0,1.0,1.0,1.0,1,1,4.0,0.0,0.0,0.0,1987.0,1.0,7,0,0.0,2.0,8.0,10.0
6925,5,17,1730,1,2,1,1.0,3.0,53.0,10,4.0,2.0,2.0,0.0,1.0,1.0,1.0,1,1,4.0,0.0,0.0,0.0,1987.0,2.0,2,0,0.0,2.0,1.0,1.0
6926,5,23,1330,1,2,3,2.0,3.0,53.0,10,4.0,2.0,2.0,2.0,1.0,1.0,2.0,1,4,1.0,0.0,0.0,0.0,1994.0,2.0,7,0,0.0,2.0,2.0,15.0
6927,5,23,1330,1,2,3,2.0,3.0,53.0,10,4.0,2.0,2.0,2.0,1.0,1.0,2.0,1,4,1.0,0.0,0.0,0.0,1994.0,1.0,1,0,0.0,2.0,8.0,1.0
6928,5,23,1330,1,2,3,2.0,3.0,53.0,10,4.0,2.0,2.0,2.0,1.0,1.0,2.0,1,1,1.0,0.0,0.0,0.0,1999.0,2.0,7,0,0.0,2.0,2.0,15.0
6929,5,23,1330,1,2,3,2.0,3.0,53.0,10,4.0,2.0,2.0,2.0,1.0,1.0,2.0,1,1,1.0,0.0,0.0,0.0,1999.0,1.0,1,0,0.0,2.0,8.0,1.0
6930,5,31,925,1,1,1,3.0,1.0,53.0,10,3.0,2.0,2.0,0.0,1.0,1.0,2.0,1,1,0.0,0.0,0.0,0.0,1987.0,1.0,7,0,0.0,2.0,3.0,13.0
6931,5,31,925,1,1,1,3.0,1.0,53.0,10,3.0,2.0,2.0,0.0,1.0,1.0,2.0,1,1,0.0,0.0,0.0,0.0,1987.0,2.0,15,0,0.0,2.0,3.0,1.0
6932,5,31,925,1,1,1,3.0,1.0,53.0,10,3.0,2.0,2.0,0.0,1.0,1.0,2.0,1,1,0.0,0.0,0.0,0.0,1971.0,1.0,7,0,0.0,2.0,3.0,13.0
6933,5,31,925,1,1,1,3.0,1.0,53.0,10,3.0,2.0,2.0,0.0,1.0,1.0,2.0,1,1,0.0,0.0,0.0,0.0,1971.0,2.0,15,0,0.0,2.0,3.0,1.0
6934,6,1,1225,1,2,1,1.0,6.0,53.0,10,4.0,2.0,2.0,0.0,1.0,1.0,1.0,1,1,2.0,0.0,0.0,0.0,1957.0,1.0,37,1,0.0,1.0,2.0,0.0
6935,6,1,1225,1,2,1,1.0,6.0,53.0,10,4.0,2.0,2.0,0.0,1.0,1.0,1.0,3,4,1.0,4.0,9.0,1.0,1965.0,1.0,37,1,0.0,1.0,2.0,0.0
6936,6,4,1100,1,1,1,2.0,1.0,53.0,10,3.0,2.0,2.0,0.0,2.0,1.0,2.0,1,1,4.0,0.0,0.0,0.0,1996.0,1.0,7,0,0.0,2.0,7.0,0.0
6937,6,4,1100,1,1,1,2.0,1.0,53.0,10,3.0,2.0,2.0,0.0,2.0,1.0,2.0,1,1,4.0,0.0,0.0,0.0,1996.0,1.0,7,0,0.0,2.0,1.0,1.0
6938,6,4,1100,1,1,1,2.0,1.0,53.0,10,3.0,2.0,2.0,0.0,2.0,1.0,2.0,4,1,0.0,0.0,0.0,0.0,1995.0,1.0,7,0,0.0,2.0,7.0,0.0
6939,6,4,1100,1,1,1,2.0,1.0,53.0,10,3.0,2.0,2.0,0.0,2.0,1.0,2.0,4,1,0.0,0.0,0.0,0.0,1995.0,1.0,7,0,0.0,2.0,1.0,1.0
6940,6,4,1100,1,1,1,2.0,1.0,53.0,10,3.0,2.0,2.0,0.0,2.0,1.0,2.0,1,1,4.0,0.0,0.0,0.0,1979.0,1.0,7,0,0.0,2.0,7.0,0.0
6941,6,4,1100,1,1,1,2.0,1.0,53.0,10,3.0,2.0,2.0,0.0,2.0,1.0,2.0,1,1,4.0,0.0,0.0,0.0,1979.0,1.0,7,0,0.0,2.0,1.0,1.0
6942,6,4,1100,1,1,1,2.0,1.0,53.0,10,3.0,2.0,2.0,0.0,2.0,1.0,2.0,4,4,4.0,0.0,0.0,0.0,1979.0,1.0,7,0,0.0,2.0,7.0,0.0
6943,6,4,1100,1,1,1,2.0,1.0,53.0,10,3.0,2.0,2.0,0.0,2.0,1.0,2.0,4,4,4.0,0.0,0.0,0.0,1979.0,1.0,7,0,0.0,2.0,1.0,1.0
6944,6,4,1100,1,1,1,2.0,1.0,53.0,10,3.0,2.0,2.0,0.0,2.0,1.0,2.0,4,1,4.0,0.0,0.0,0.0,2010.0,1.0,7,0,0.0,2.0,7.0,0.0
6945,6,4,1100,1,1,1,2.0,1.0,53.0,10,3.0,2.0,2.0,0.0,2.0,1.0,2.0,4,1,4.0,0.0,0.0,0.0,2010.0,1.0,7,0,0.0,2.0,1.0,1.0
6946,6,24,1625,1,2,3,1.0,3.0,53.0,10,4.0,2.0,2.0,0.0,1.0,1.0,1.0,1,1,4.0,0.0,0.0,0.0,1979.0,1.0,2,0,0.0,2.0,1.0,17.0
6947,6,24,1625,1,2,3,1.0,3.0,53.0,10,4.0,2.0,2.0,0.0,1.0,1.0,1.0,1,1,4.0,0.0,0.0,0.0,1979.0,1.0,7,0,0.0,2.0,3.0,15.0
6948,6,24,1625,1,2,3,1.0,3.0,53.0,10,4.0,2.0,2.0,0.0,1.0,1.0,1.0,1,4,4.0,0.0,0.0,0.0,1987.0,1.0,2,0,0.0,2.0,1.0,17.0
6949,6,24,1625,1,2,3,1.0,3.0,53.0,10,4.0,2.0,2.0,0.0,1.0,1.0,1.0,1,4,4.0,0.0,0.0,0.0,1987.0,1.0,7,0,0.0,2.0,3.0,15.0
6950,6,28,810,1,2,1,1.0,6.0,53.0,10,3.0,2.0,4.0,0.0,1.0,1.0,1.0,1,1,1.0,0.0,0.0,0.0,1988.0,1.0,7,0,0.0,1.0,3.0,1.0
6951,6,28,810,1,2,1,1.0,6.0,53.0,10,3.0,2.0,4.0,0.0,1.0,1.0,1.0,3,4,0.0,3.0,3.0,4.0,1966.0,1.0,7,0,0.0,1.0,3.0,1.0
6952,7,1,1700,1,2,1,1.0,7.0,344.0,10,4.0,2.0,2.0,0.0,1.0,2.0,1.0,1,1,4.0,0.0,0.0,0.0,1944.0,2.0,7,0,6.0,0.0,2.0,14.0
6953,7,1,1700,1,2,1,1.0,7.0,344.0,10,4.0,2.0,2.0,0.0,1.0,2.0,1.0,4,4,4.0,0.0,0.0,0.0,1949.0,2.0,7,0,6.0,0.0,2.0,14.0
6954,7,8,805,1,2,3,1.0,3.0,53.0,10,3.0,2.0,2.0,1.0,1.0,3.0,1.0,1,1,1.0,0.0,0.0,0.0,1998.0,2.0,2,0,0.0,2.0,1.0,1.0
6955,7,8,805,1,2,3,1.0,3.0,53.0,10,3.0,2.0,2.0,1.0,1.0,3.0,1.0,1,1,1.0,0.0,0.0,0.0,1998.0,2.0,7,0,0.0,2.0,2.0,0.0
6956,7,9,2050,1,1,1,1.0,3.0,289.0,10,3.0,2.0,2.0,0.0,2.0,3.0,1.0,1,4,4.0,0.0,0.0,0.0,1994.0,2.0,7,0,0.0,2.0,3.0,13.0
6957,7,9,2050,1,1,1,1.0,3.0,289.0,10,3.0,2.0,2.0,0.0,2.0,3.0,1.0,1,4,4.0,0.0,0.0,0.0,1994.0,1.0,7,0,7.0,2.0,8.0,1.0
6958,7,9,2050,1,1,1,1.0,3.0,289.0,10,3.0,2.0,2.0,0.0,2.0,3.0,1.0,1,1,4.0,0.0,0.0,0.0,1990.0,2.0,7,0,0.0,2.0,3.0,13.0
6959,7,9,2050,1,1,1,1.0,3.0,289.0,10,3.0,2.0,2.0,0.0,2.0,3.0,1.0,1,1,4.0,0.0,0.0,0.0,1990.0,1.0,7,0,7.0,2.0,8.0,1.0
6960,7,9,2050,1,1,1,1.0,3.0,289.0,10,3.0,2.0,2.0,0.0,2.0,3.0,1.0,4,1,4.0,0.0,0.0,0.0,1990.0,2.0,7,0,0.0,2.0,3.0,13.0
6961,7,9,2050,1,1,1,1.0,3.0,289.0,10,3.0,2.0,2.0,0.0,2.0,3.0,1.0,4,1,4.0,0.0,0.0,0.0,1990.0,1.0,7,0,7.0,2.0,8.0,1.0
6962,7,21,900,1,2,1,1.0,3.0,53.0,10,4.0,2.0,2.0,0.0,1.0,1.0,1.0,1,4,1.0,0.0,0.0,0.0,1974.0,0.0,1,0,11.0,2.0,1.0,2.0
6963,7,21,900,1,2,1,1.0,3.0,53.0,10,4.0,2.0,2.0,0.0,1.0,1.0,1.0,1,4,1.0,0.0,0.0,0.0,1974.0,0.0,7,0,0.0,2.0,2.0,2.0
6964,7,21,900,1,2,1,1.0,3.0,53.0,10,4.0,2.0,2.0,0.0,1.0,1.0,1.0,1,1,4.0,0.0,0.0,0.0,1950.0,0.0,1,0,11.0,2.0,1.0,2.0
6965,7,21,900,1,2,1,1.0,3.0,53.0,10,4.0,2.0,2.0,0.0,1.0,1.0,1.0,1,1,4.0,0.0,0.0,0.0,1950.0,0.0,7,0,0.0,2.0,2.0,2.0
6966,8,8,723,1,1,1,1.0,5.0,451.0,10,3.0,2.0,2.0,0.0,1.0,0.0,1.0,1,4,1.0,0.0,0.0,0.0,1989.0,2.0,7,0,0.0,2.0,3.0,0.0
6967,8,8,723,1,1,1,1.0,5.0,451.0,10,3.0,2.0,2.0,0.0,1.0,0.0,1.0,1,4,1.0,0.0,0.0,0.0,1989.0,1.0,15,0,0.0,2.0,8.0,0.0
6968,8,8,723,1,1,1,1.0,5.0,451.0,10,3.0,2.0,2.0,0.0,1.0,0.0,1.0,1,4,1.0,0.0,0.0,0.0,1989.0,1.0,7,0,0.0,2.0,1.0,1.0
6969,8,8,723,1,1,1,1.0,5.0,451.0,10,3.0,2.0,2.0,0.0,1.0,0.0,1.0,1,1,1.0,0.0,0.0,0.0,1991.0,2.0,7,0,0.0,2.0,3.0,0.0
6970,8,8,723,1,1,1,1.0,5.0,451.0,10,3.0,2.0,2.0,0.0,1.0,0.0,1.0,1,1,1.0,0.0,0.0,0.0,1991.0,1.0,15,0,0.0,2.0,8.0,0.0
6971,8,8,723,1,1,1,1.0,5.0,451.0,10,3.0,2.0,2.0,0.0,1.0,0.0,1.0,1,1,1.0,0.0,0.0,0.0,1991.0,1.0,7,0,0.0,2.0,1.0,1.0
6972,8,8,723,1,1,1,1.0,5.0,451.0,10,3.0,2.0,2.0,0.0,1.0,0.0,1.0,1,1,4.0,0.0,0.0,0.0,1990.0,2.0,7,0,0.0,2.0,3.0,0.0
6973,8,8,723,1,1,1,1.0,5.0,451.0,10,3.0,2.0,2.0,0.0,1.0,0.0,1.0,1,1,4.0,0.0,0.0,0.0,1990.0,1.0,15,0,0.0,2.0,8.0,0.0
6974,8,8,723,1,1,1,1.0,5.0,451.0,10,3.0,2.0,2.0,0.0,1.0,0.0,1.0,1,1,4.0,0.0,0.0,0.0,1990.0,1.0,7,0,0.0,2.0,1.0,1.0
6975,8,8,723,1,1,1,1.0,5.0,451.0,10,3.0,2.0,2.0,0.0,1.0,0.0,1.0,4,4,4.0,0.0,0.0,0.0,1990.0,2.0,7,0,0.0,2.0,3.0,0.0
6976,8,8,723,1,1,1,1.0,5.0,451.0,10,3.0,2.0,2.0,0.0,1.0,0.0,1.0,4,4,4.0,0.0,0.0,0.0,1990.0,1.0,15,0,0.0,2.0,8.0,0.0
6977,8,8,723,1,1,1,1.0,5.0,451.0,10,3.0,2.0,2.0,0.0,1.0,0.0,1.0,4,4,4.0,0.0,0.0,0.0,1990.0,1.0,7,0,0.0,2.0,1.0,1.0
6978,8,24,735,1,1,1,1.0,1.0,451.0,10,3.0,2.0,2.0,0.0,1.0,1.0,1.0,1,1,4.0,0.0,0.0,0.0,1970.0,2.0,7,0,0.0,2.0,1.0,13.0
6979,8,24,735,1,1,1,1.0,1.0,451.0,10,3.0,2.0,2.0,0.0,1.0,1.0,1.0,1,1,4.0,0.0,0.0,0.0,1970.0,1.0,7,0,0.0,2.0,1.0,1.0
6980,8,24,735,1,1,1,1.0,1.0,451.0,10,3.0,2.0,2.0,0.0,1.0,1.0,1.0,1,1,1.0,0.0,0.0,0.0,1962.0,2.0,7,0,0.0,2.0,1.0,13.0
6981,8,24,735,1,1,1,1.0,1.0,451.0,10,3.0,2.0,2.0,0.0,1.0,1.0,1.0,1,1,1.0,0.0,0.0,0.0,1962.0,1.0,7,0,0.0,2.0,1.0,1.0
6982,8,24,1545,1,1,2,1.0,3.0,289.0,10,3.0,2.0,2.0,0.0,1.0,1.0,1.0,1,1,4.0,0.0,0.0,0.0,1991.0,2.0,33,0,0.0,2.0,1.0,1.0
6983,8,24,1545,1,1,2,1.0,3.0,289.0,10,3.0,2.0,2.0,0.0,1.0,1.0,1.0,1,1,4.0,0.0,0.0,0.0,1991.0,2.0,7,0,7.0,2.0,3.0,19.0
6984,8,24,1545,1,1,2,1.0,3.0,289.0,10,3.0,2.0,2.0,0.0,1.0,1.0,1.0,4,1,4.0,0.0,0.0,0.0,1993.0,2.0,33,0,0.0,2.0,1.0,1.0
6985,8,24,1545,1,1,2,1.0,3.0,289.0,10,3.0,2.0,2.0,0.0,1.0,1.0,1.0,4,1,4.0,0.0,0.0,0.0,1993.0,2.0,7,0,7.0,2.0,3.0,19.0
6986,8,24,1545,1,1,2,1.0,3.0,289.0,10,3.0,2.0,2.0,0.0,1.0,1.0,1.0,1,4,4.0,0.0,0.0,0.0,1926.0,2.0,33,0,0.0,2.0,1.0,1.0
6987,8,24,1545,1,1,2,1.0,3.0,289.0,10,3.0,2.0,2.0,0.0,1.0,1.0,1.0,1,4,4.0,0.0,0.0,0.0,1926.0,2.0,7,0,7.0,2.0,3.0,19.0
6988,8,26,1730,1,1,3,1.0,3.0,344.0,10,3.0,2.0,3.0,0.0,1.0,1.0,1.0,1,1,4.0,0.0,0.0,0.0,1984.0,2.0,33,0,0.0,2.0,1.0,1.0
6989,8,26,1730,1,1,3,1.0,3.0,344.0,10,3.0,2.0,3.0,0.0,1.0,1.0,1.0,1,1,4.0,0.0,0.0,0.0,1984.0,1.0,7,0,0.0,2.0,3.0,15.0
6990,8,26,1730,1,1,3,1.0,3.0,344.0,10,3.0,2.0,3.0,0.0,1.0,1.0,1.0,1,4,3.0,0.0,0.0,0.0,1976.0,2.0,33,0,0.0,2.0,1.0,1.0
6991,8,26,1730,1,1,3,1.0,3.0,344.0,10,3.0,2.0,3.0,0.0,1.0,1.0,1.0,1,4,3.0,0.0,0.0,0.0,1976.0,1.0,7,0,0.0,2.0,3.0,15.0
6992,9,12,1900,1,1,1,1.0,1.0,289.0,10,4.0,2.0,2.0,0.0,1.0,2.0,1.0,1,1,1.0,0.0,0.0,0.0,1995.0,0.0,7,0,0.0,2.0,1.0,0.0
6993,9,12,1900,1,1,1,1.0,1.0,289.0,10,4.0,2.0,2.0,0.0,1.0,2.0,1.0,1,1,1.0,0.0,0.0,0.0,1995.0,0.0,7,0,0.0,2.0,2.0,0.0
6994,9,12,1900,1,1,1,1.0,1.0,289.0,10,4.0,2.0,2.0,0.0,1.0,2.0,1.0,1,1,0.0,0.0,0.0,0.0,1989.0,0.0,7,0,0.0,2.0,1.0,0.0
6995,9,12,1900,1,1,1,1.0,1.0,289.0,10,4.0,2.0,2.0,0.0,1.0,2.0,1.0,1,1,0.0,0.0,0.0,0.0,1989.0,0.0,7,0,0.0,2.0,2.0,0.0
6996,9,12,1900,1,1,1,1.0,1.0,289.0,10,4.0,2.0,2.0,0.0,1.0,2.0,1.0,4,4,4.0,0.0,0.0,0.0,1989.0,0.0,7,0,0.0,2.0,1.0,0.0
6997,9,12,1900,1,1,1,1.0,1.0,289.0,10,4.0,2.0,2.0,0.0,1.0,2.0,1.0,4,4,4.0,0.0,0.0,0.0,1989.0,0.0,7,0,0.0,2.0,2.0,0.0
6998,9,13,1633,1,2,2,1.0,3.0,53.0,10,3.0,2.0,4.0,0.0,1.0,1.0,1.0,1,1,3.0,0.0,0.0,0.0,1998.0,2.0,33,0,0.0,2.0,1.0,1.0
6999,9,13,1633,1,2,2,1.0,3.0,53.0,10,3.0,2.0,4.0,0.0,1.0,1.0,1.0,1,1,3.0,0.0,0.0,0.0,1998.0,2.0,7,0,0.0,2.0,7.0,15.0
7000,9,13,1633,1,2,2,1.0,3.0,53.0,10,3.0,2.0,4.0,0.0,1.0,1.0,1.0,1,1,0.0,0.0,0.0,0.0,1940.0,2.0,33,0,0.0,2.0,1.0,1.0
7001,9,13,1633,1,2,2,1.0,3.0,53.0,10,3.0,2.0,4.0,0.0,1.0,1.0,1.0,1,1,0.0,0.0,0.0,0.0,1940.0,2.0,7,0,0.0,2.0,7.0,15.0
7002,9,15,1735,1,2,1,1.0,4.0,289.0,10,3.0,2.0,2.0,0.0,1.0,1.0,1.0,1,1,1.0,0.0,0.0,0.0,1993.0,2.0,7,0,0.0,2.0,1.0,0.0
7003,9,15,1735,1,2,1,1.0,4.0,289.0,10,3.0,2.0,2.0,0.0,1.0,1.0,1.0,1,1,1.0,0.0,0.0,0.0,1993.0,2.0,7,0,0.0,2.0,4.0,2.0
7004,9,15,1735,1,2,1,1.0,4.0,289.0,10,3.0,2.0,2.0,0.0,1.0,1.0,1.0,1,1,1.0,0.0,0.0,0.0,1993.0,2.0,7,0,0.0,2.0,4.0,2.0
7005,9,15,1735,1,2,1,1.0,4.0,289.0,10,3.0,2.0,2.0,0.0,1.0,1.0,1.0,1,1,0.0,0.0,0.0,0.0,1946.0,2.0,7,0,0.0,2.0,1.0,0.0
7006,9,15,1735,1,2,1,1.0,4.0,289.0,10,3.0,2.0,2.0,0.0,1.0,1.0,1.0,1,1,0.0,0.0,0.0,0.0,1946.0,2.0,7,0,0.0,2.0,4.0,2.0
7007,9,15,1735,1,2,1,1.0,4.0,289.0,10,3.0,2.0,2.0,0.0,1.0,1.0,1.0,1,1,0.0,0.0,0.0,0.0,1946.0,2.0,7,0,0.0,2.0,4.0,2.0
7008,9,15,1735,1,2,1,1.0,4.0,289.0,10,3.0,2.0,2.0,0.0,1.0,1.0,1.0,1,1,0.0,0.0,0.0,0.0,1985.0,2.0,7,0,0.0,2.0,1.0,0.0
7009,9,15,1735,1,2,1,1.0,4.0,289.0,10,3.0,2.0,2.0,0.0,1.0,1.0,1.0,1,1,0.0,0.0,0.0,0.0,1985.0,2.0,7,0,0.0,2.0,4.0,2.0
7010,9,15,1735,1,2,1,1.0,4.0,289.0,10,3.0,2.0,2.0,0.0,1.0,1.0,1.0,1,1,0.0,0.0,0.0,0.0,1985.0,2.0,7,0,0.0,2.0,4.0,2.0
7011,9,15,1735,1,2,1,1.0,4.0,289.0,10,3.0,2.0,2.0,0.0,1.0,1.0,1.0,4,1,0.0,0.0,0.0,0.0,1987.0,2.0,7,0,0.0,2.0,1.0,0.0
7012,9,15,1735,1,2,1,1.0,4.0,289.0,10,3.0,2.0,2.0,0.0,1.0,1.0,1.0,4,1,0.0,0.0,0.0,0.0,1987.0,2.0,7,0,0.0,2.0,4.0,2.0
7013,9,15,1735,1,2,1,1.0,4.0,289.0,10,3.0,2.0,2.0,0.0,1.0,1.0,1.0,4,1,0.0,0.0,0.0,0.0,1987.0,2.0,7,0,0.0,2.0,4.0,2.0