,month,day,time,light,location,intersection,atmosphere,collision,municipality,department,road,traffic,nblanes,reslane,laneprofile,plan,surface,user,sex,route,pedlocation,pedaction,pedcondition,birth,dirtraffic,catvehicle,nboccupants,obstacle,movobstacle,impact,maneuver
7014,9,16,1715,1,2,2,1.0,3.0,53.0,10,4.0,2.0,3.0,1.0,1.0,1.0,2.0,1,1,0.0,0.0,0.0,0.0,1967.0,1.0,1,0,0.0,2.0,8.0,1.0
7015,9,16,1715,1,2,2,1.0,3.0,53.0,10,4.0,2.0,3.0,1.0,1.0,1.0,2.0,1,1,0.0,0.0,0.0,0.0,1967.0,1.0,7,0,0.0,2.0,7.0,16.0
7016,9,16,1715,1,2,2,1.0,3.0,53.0,10,4.0,2.0,3.0,1.0,1.0,1.0,2.0,1,1,3.0,0.0,0.0,0.0,1980.0,1.0,1,0,0.0,2.0,8.0,1.0
7017,9,16,1715,1,2,2,1.0,3.0,53.0,10,4.0,2.0,3.0,1.0,1.0,1.0,2.0,1,1,3.0,0.0,0.0,0.0,1980.0,1.0,7,0,0.0,2.0,7.0,16.0
7018,9,19,630,5,2,1,1.0,3.0,53.0,10,3.0,2.0,4.0,0.0,1.0,1.0,2.0,1,1,1.0,0.0,0.0,0.0,1960.0,2.0,7,0,0.0,2.0,1.0,0.0
7019,9,19,630,5,2,1,1.0,3.0,53.0,10,3.0,2.0,4.0,0.0,1.0,1.0,2.0,1,1,1.0,0.0,0.0,0.0,1960.0,1.0,7,0,0.0,2.0,1.0,0.0
7020,9,19,630,5,2,1,1.0,3.0,53.0,10,3.0,2.0,4.0,0.0,1.0,1.0,2.0,1,4,1.0,0.0,0.0,0.0,1961.0,2.0,7,0,0.0,2.0,1.0,0.0
7021,9,19,630,5,2,1,1.0,3.0,53.0,10,3.0,2.0,4.0,0.0,1.0,1.0,2.0,1,4,1.0,0.0,0.0,0.0,1961.0,1.0,7,0,0.0,2.0,1.0,0.0
7022,9,23,1759,1,2,1,1.0,3.0,53.0,10,4.0,2.0,2.0,0.0,1.0,1.0,1.0,1,1,4.0,0.0,0.0,0.0,2002.0,2.0,1,0,0.0,2.0,8.0,19.0
7023,9,23,1759,1,2,1,1.0,3.0,53.0,10,4.0,2.0,2.0,0.0,1.0,1.0,1.0,1,1,4.0,0.0,0.0,0.0,2002.0,2.0,7,0,0.0,2.0,1.0,1.0
7024,9,23,1759,1,2,1,1.0,3.0,53.0,10,4.0,2.0,2.0,0.0,1.0,1.0,1.0,1,1,4.0,0.0,0.0,0.0,1967.0,2.0,1,0,0.0,2.0,8.0,19.0
7025,9,23,1759,1,2,1,1.0,3.0,53.0,10,4.0,2.0,2.0,0.0,1.0,1.0,1.0,1,1,4.0,0.0,0.0,0.0,1967.0,2.0,7,0,0.0,2.0,1.0,1.0
7026,10,7,1400,1,1,1,1.0,6.0,451.0,10,6.0,1.0,1.0,0.0,1.0,1.0,1.0,1,1,2.0,0.0,0.0,0.0,1964.0,2.0,13,0,0.0,1.0,3.0,15.0
7027,10,7,1400,1,1,1,1.0,6.0,451.0,10,6.0,1.0,1.0,0.0,1.0,1.0,1.0,3,4,9.0,3.0,3.0,1.0,1934.0,2.0,13,0,0.0,1.0,3.0,15.0
7028,10,10,2035,5,1,2,1.0,3.0,344.0,10,3.0,0.0,2.0,0.0,0.0,0.0,0.0,1,1,3.0,0.0,0.0,0.0,1971.0,2.0,7,0,0.0,2.0,1.0,15.0
7029,10,10,2035,5,1,2,1.0,3.0,344.0,10,3.0,0.0,2.0,0.0,0.0,0.0,0.0,1,1,3.0,0.0,0.0,0.0,1971.0,1.0,7,0,0.0,2.0,3.0,0.0
7030,10,10,2035,5,1,2,1.0,3.0,344.0,10,3.0,0.0,2.0,0.0,0.0,0.0,0.0,1,1,1.0,0.0,0.0,0.0,1973.0,2.0,7,0,0.0,2.0,1.0,15.0
7031,10,10,2035,5,1,2,1.0,3.0,344.0,10,3.0,0.0,2.0,0.0,0.0,0.0,0.0,1,1,1.0,0.0,0.0,0.0,1973.0,1.0,7,0,0.0,2.0,3.0,0.0
7032,10,14,1040,1,2,1,2.0,6.0,53.0,10,3.0,2.0,2.0,0.0,1.0,1.0,2.0,1,1,9.0,0.0,0.0,0.0,1933.0,1.0,7,0,0.0,1.0,1.0,1.0
7033,10,14,1040,1,2,1,2.0,6.0,53.0,10,3.0,2.0,2.0,0.0,1.0,1.0,2.0,4,1,0.0,0.0,0.0,0.0,1939.0,1.0,7,0,0.0,1.0,1.0,1.0
7034,10,14,1040,1,2,1,2.0,6.0,53.0,10,3.0,2.0,2.0,0.0,1.0,1.0,2.0,3,1,3.0,4.0,3.0,1.0,1938.0,1.0,7,0,0.0,1.0,1.0,1.0
7035,10,17,720,5,2,9,8.0,3.0,344.0,10,3.0,2.0,2.0,0.0,1.0,1.0,1.0,1,1,1.0,0.0,0.0,0.0,1972.0,2.0,7,0,0.0,2.0,8.0,9.0
7036,10,17,720,5,2,9,8.0,3.0,344.0,10,3.0,2.0,2.0,0.0,1.0,1.0,1.0,1,1,1.0,0.0,0.0,0.0,1972.0,2.0,33,0,0.0,2.0,1.0,1.0
7037,10,17,720,5,2,9,8.0,3.0,344.0,10,3.0,2.0,2.0,0.0,1.0,1.0,1.0,1,1,1.0,0.0,0.0,0.0,1971.0,2.0,7,0,0.0,2.0,8.0,9.0
7038,10,17,720,5,2,9,8.0,3.0,344.0,10,3.0,2.0,2.0,0.0,1.0,1.0,1.0,1,1,1.0,0.0,0.0,0.0,1971.0,2.0,33,0,0.0,2.0,1.0,1.0
7039,10,22,2050,3,1,1,1.0,7.0,451.0,10,3.0,2.0,3.0,0.0,2.0,1.0,1.0,1,1,0.0,0.0,0.0,0.0,1993.0,2.0,7,0,13.0,0.0,1.0,14.0
7040,10,29,2100,5,2,2,8.0,3.0,53.0,10,3.0,2.0,4.0,0.0,1.0,1.0,1.0,1,1,2.0,0.0,0.0,0.0,1965.0,1.0,10,0,6.0,2.0,1.0,1.0
7041,10,29,2100,5,2,2,8.0,3.0,53.0,10,3.0,2.0,4.0,0.0,1.0,1.0,1.0,1,1,2.0,0.0,0.0,0.0,1965.0,1.0,7,0,6.0,2.0,8.0,1.0
7042,10,29,2100,5,2,2,8.0,3.0,53.0,10,3.0,2.0,4.0,0.0,1.0,1.0,1.0,4,1,2.0,0.0,0.0,0.0,1986.0,1.0,10,0,6.0,2.0,1.0,1.0
7043,10,29,2100,5,2,2,8.0,3.0,53.0,10,3.0,2.0,4.0,0.0,1.0,1.0,1.0,4,1,2.0,0.0,0.0,0.0,1986.0,1.0,7,0,6.0,2.0,8.0,1.0
7044,10,29,2100,5,2,2,8.0,3.0,53.0,10,3.0,2.0,4.0,0.0,1.0,1.0,1.0,4,1,2.0,0.0,0.0,0.0,1982.0,1.0,10,0,6.0,2.0,1.0,1.0
7045,10,29,2100,5,2,2,8.0,3.0,53.0,10,3.0,2.0,4.0,0.0,1.0,1.0,1.0,4,1,2.0,0.0,0.0,0.0,1982.0,1.0,7,0,6.0,2.0,8.0,1.0
7046,10,29,2100,5,2,2,8.0,3.0,53.0,10,3.0,2.0,4.0,0.0,1.0,1.0,1.0,4,1,9.0,0.0,0.0,0.0,1998.0,1.0,10,0,6.0,2.0,1.0,1.0
7047,10,29,2100,5,2,2,8.0,3.0,53.0,10,3.0,2.0,4.0,0.0,1.0,1.0,1.0,4,1,9.0,0.0,0.0,0.0,1998.0,1.0,7,0,6.0,2.0,8.0,1.0
7048,10,29,2100,5,2,2,8.0,3.0,53.0,10,3.0,2.0,4.0,0.0,1.0,1.0,1.0,1,1,4.0,0.0,0.0,0.0,1958.0,1.0,10,0,6.0,2.0,1.0,1.0
7049,10,29,2100,5,2,2,8.0,3.0,53.0,10,3.0,2.0,4.0,0.0,1.0,1.0,1.0,1,1,4.0,0.0,0.0,0.0,1958.0,1.0,7,0,6.0,2.0,8.0,1.0
7050,11,4,900,1,2,6,1.0,3.0,53.0,10,3.0,2.0,2.0,0.0,1.0,1.0,1.0,1,4,4.0,0.0,0.0,0.0,1975.0,1.0,7,0,0.0,2.0,1.0,1.0
7051,11,4,900,1,2,6,1.0,3.0,53.0,10,3.0,2.0,2.0,0.0,1.0,1.0,1.0,1,4,4.0,0.0,0.0,0.0,1975.0,2.0,2,0,0.0,2.0,2.0,1.0
7052,11,4,900,1,2,6,1.0,3.0,53.0,10,3.0,2.0,2.0,0.0,1.0,1.0,1.0,1,1,4.0,0.0,0.0,0.0,1961.0,1.0,7,0,0.0,2.0,1.0,1.0
7053,11,4,900,1,2,6,1.0,3.0,53.0,10,3.0,2.0,2.0,0.0,1.0,1.0,1.0,1,1,4.0,0.0,0.0,0.0,1961.0,2.0,2,0,0.0,2.0,2.0,1.0
7054,11,4,900,1,2,6,1.0,3.0,53.0,10,3.0,2.0,2.0,0.0,1.0,1.0,1.0,4,4,4.0,0.0,0.0,0.0,1998.0,1.0,7,0,0.0,2.0,1.0,1.0
7055,11,4,900,1,2,6,1.0,3.0,53.0,10,3.0,2.0,2.0,0.0,1.0,1.0,1.0,4,4,4.0,0.0,0.0,0.0,1998.0,2.0,2,0,0.0,2.0,2.0,1.0
7056,11,4,2330,3,1,1,2.0,6.0,289.0,10,3.0,2.0,2.0,0.0,1.0,1.0,2.0,1,4,4.0,0.0,0.0,0.0,1995.0,2.0,7,0,14.0,0.0,1.0,14.0
7057,11,18,830,1,2,2,2.0,3.0,53.0,10,4.0,2.0,2.0,3.0,2.0,1.0,2.0,1,4,1.0,0.0,0.0,0.0,1998.0,2.0,1,0,0.0,2.0,7.0,1.0
7058,11,18,830,1,2,2,2.0,3.0,53.0,10,4.0,2.0,2.0,3.0,2.0,1.0,2.0,1,4,1.0,0.0,0.0,0.0,1998.0,2.0,7,0,0.0,2.0,2.0,15.0
7059,11,18,830,1,2,2,2.0,3.0,53.0,10,4.0,2.0,2.0,3.0,2.0,1.0,2.0,1,4,1.0,0.0,0.0,0.0,1977.0,2.0,1,0,0.0,2.0,7.0,1.0
7060,11,18,830,1,2,2,2.0,3.0,53.0,10,4.0,2.0,2.0,3.0,2.0,1.0,2.0,1,4,1.0,0.0,0.0,0.0,1977.0,2.0,7,0,0.0,2.0,2.0,15.0
7061,11,18,935,2,1,1,2.0,5.0,344.0,10,3.0,2.0,2.0,0.0,1.0,2.0,2.0,1,4,4.0,0.0,0.0,0.0,1978.0,2.0,7,0,0.0,2.0,1.0,13.0
7062,11,18,935,2,1,1,2.0,5.0,344.0,10,3.0,2.0,2.0,0.0,1.0,2.0,2.0,1,4,4.0,0.0,0.0,0.0,1978.0,1.0,7,0,0.0,2.0,8.0,0.0
7063,11,18,935,2,1,1,2.0,5.0,344.0,10,3.0,2.0,2.0,0.0,1.0,2.0,2.0,1,4,4.0,0.0,0.0,0.0,1978.0,1.0,7,0,0.0,2.0,1.0,1.0
7064,11,18,935,2,1,1,2.0,5.0,344.0,10,3.0,2.0,2.0,0.0,1.0,2.0,2.0,1,1,4.0,0.0,0.0,0.0,1946.0,2.0,7,0,0.0,2.0,1.0,13.0
7065,11,18,935,2,1,1,2.0,5.0,344.0,10,3.0,2.0,2.0,0.0,1.0,2.0,2.0,1,1,4.0,0.0,0.0,0.0,1946.0,1.0,7,0,0.0,2.0,8.0,0.0
7066,11,18,935,2,1,1,2.0,5.0,344.0,10,3.0,2.0,2.0,0.0,1.0,2.0,2.0,1,1,4.0,0.0,0.0,0.0,1946.0,1.0,7,0,0.0,2.0,1.0,1.0
7067,11,18,935,2,1,1,2.0,5.0,344.0,10,3.0,2.0,2.0,0.0,1.0,2.0,2.0,1,1,2.0,0.0,0.0,0.0,1960.0,2.0,7,0,0.0,2.0,1.0,13.0
7068,11,18,935,2,1,1,2.0,5.0,344.0,10,3.0,2.0,2.0,0.0,1.0,2.0,2.0,1,1,2.0,0.0,0.0,0.0,1960.0,1.0,7,0,0.0,2.0,8.0,0.0
7069,11,18,935,2,1,1,2.0,5.0,344.0,10,3.0,2.0,2.0,0.0,1.0,2.0,2.0,1,1,2.0,0.0,0.0,0.0,1960.0,1.0,7,0,0.0,2.0,1.0,1.0
7070,11,20,1035,1,2,1,1.0,3.0,53.0,10,4.0,2.0,3.0,0.0,1.0,1.0,1.0,1,1,4.0,0.0,0.0,0.0,1952.0,1.0,33,0,0.0,2.0,7.0,17.0
7071,11,20,1035,1,2,1,1.0,3.0,53.0,10,4.0,2.0,3.0,0.0,1.0,1.0,1.0,1,1,4.0,0.0,0.0,0.0,1952.0,1.0,7,0,0.0,2.0,3.0,15.0
7072,11,20,1035,1,2,1,1.0,3.0,53.0,10,4.0,2.0,3.0,0.0,1.0,1.0,1.0,1,1,4.0,0.0,0.0,0.0,1947.0,1.0,33,0,0.0,2.0,7.0,17.0
7073,11,20,1035,1,2,1,1.0,3.0,53.0,10,4.0,2.0,3.0,0.0,1.0,1.0,1.0,1,1,4.0,0.0,0.0,0.0,1947.0,1.0,7,0,0.0,2.0,3.0,15.0
7074,11,21,1400,1,1,2,1.0,3.0,289.0,10,4.0,2.0,2.0,0.0,1.0,1.0,1.0,1,4,0.0,0.0,0.0,0.0,1986.0,0.0,7,0,0.0,2.0,1.0,1.0
7075,11,21,1400,1,1,2,1.0,3.0,289.0,10,4.0,2.0,2.0,0.0,1.0,1.0,1.0,1,4,0.0,0.0,0.0,0.0,1986.0,0.0,7,0,8.0,2.0,2.0,1.0
7076,11,21,1400,1,1,2,1.0,3.0,289.0,10,4.0,2.0,2.0,0.0,1.0,1.0,1.0,1,4,2.0,0.0,0.0,0.0,1968.0,0.0,7,0,0.0,2.0,1.0,1.0
7077,11,21,1400,1,1,2,1.0,3.0,289.0,10,4.0,2.0,2.0,0.0,1.0,1.0,1.0,1,4,2.0,0.0,0.0,0.0,1968.0,0.0,7,0,8.0,2.0,2.0,1.0
7078,11,21,1400,1,1,2,1.0,3.0,289.0,10,4.0,2.0,2.0,0.0,1.0,1.0,1.0,4,4,2.0,0.0,0.0,0.0,1963.0,0.0,7,0,0.0,2.0,1.0,1.0
7079,11,21,1400,1,1,2,1.0,3.0,289.0,10,4.0,2.0,2.0,0.0,1.0,1.0,1.0,4,4,2.0,0.0,0.0,0.0,1963.0,0.0,7,0,8.0,2.0,2.0,1.0
7080,11,21,1400,1,1,2,1.0,3.0,289.0,10,4.0,2.0,2.0,0.0,1.0,1.0,1.0,4,1,0.0,0.0,0.0,0.0,1997.0,0.0,7,0,0.0,2.0,1.0,1.0
7081,11,21,1400,1,1,2,1.0,3.0,289.0,10,4.0,2.0,2.0,0.0,1.0,1.0,1.0,4,1,0.0,0.0,0.0,0.0,1997.0,0.0,7,0,8.0,2.0,2.0,1.0
7082,11,26,2128,5,2,3,1.0,3.0,53.0,10,4.0,2.0,2.0,0.0,1.0,1.0,1.0,1,1,2.0,0.0,0.0,0.0,1981.0,1.0,7,0,0.0,2.0,1.0,15.0
7083,11,26,2128,5,2,3,1.0,3.0,53.0,10,4.0,2.0,2.0,0.0,1.0,1.0,1.0,1,1,2.0,0.0,0.0,0.0,1981.0,2.0,2,0,0.0,2.0,8.0,1.0
7084,11,26,2128,5,2,3,1.0,3.0,53.0,10,4.0,2.0,2.0,0.0,1.0,1.0,1.0,1,1,4.0,0.0,0.0,0.0,1986.0,1.0,7,0,0.0,2.0,1.0,15.0
7085,11,26,2128,5,2,3,1.0,3.0,53.0,10,4.0,2.0,2.0,0.0,1.0,1.0,1.0,1,1,4.0,0.0,0.0,0.0,1986.0,2.0,2,0,0.0,2.0,8.0,1.0
7086,11,30,908,1,2,2,1.0,3.0,53.0,10,4.0,2.0,2.0,0.0,0.0,0.0,0.0,1,4,4.0,0.0,0.0,0.0,1987.0,1.0,7,0,0.0,0.0,0.0,0.0
7087,11,30,908,1,2,2,1.0,3.0,53.0,10,4.0,2.0,2.0,0.0,0.0,0.0,0.0,1,4,4.0,0.0,0.0,0.0,1987.0,1.0,7,0,0.0,0.0,0.0,0.0
7088,11,30,908,1,2,2,1.0,3.0,53.0,10,4.0,2.0,2.0,0.0,0.0,0.0,0.0,4,4,4.0,0.0,0.0,0.0,2016.0,1.0,7,0,0.0,0.0,0.0,0.0
7089,11,30,908,1,2,2,1.0,3.0,53.0,10,4.0,2.0,2.0,0.0,0.0,0.0,0.0,4,4,4.0,0.0,0.0,0.0,2016.0,1.0,7,0,0.0,0.0,0.0,0.0
7090,11,30,908,1,2,2,1.0,3.0,53.0,10,4.0,2.0,2.0,0.0,0.0,0.0,0.0,4,1,9.0,0.0,0.0,0.0,2011.0,1.0,7,0,0.0,0.0,0.0,0.0
7091,11,30,908,1,2,2,1.0,3.0,53.0,10,4.0,2.0,2.0,0.0,0.0,0.0,0.0,4,1,9.0,0.0,0.0,0.0,2011.0,1.0,7,0,0.0,0.0,0.0,0.0
7092,11,30,908,1,2,2,1.0,3.0,53.0,10,4.0,2.0,2.0,0.0,0.0,0.0,0.0,1,1,1.0,0.0,0.0,0.0,1995.0,1.0,7,0,0.0,0.0,0.0,0.0
7093,11,30,908,1,2,2,1.0,3.0,53.0,10,4.0,2.0,2.0,0.0,0.0,0.0,0.0,1,1,1.0,0.0,0.0,0.0,1995.0,1.0,7,0,0.0,0.0,0.0,0.0
7094,12,1,2255,5,2,1,1.0,6.0,53.0,10,3.0,1.0,2.0,0.0,1.0,2.0,1.0,1,1,4.0,0.0,0.0,0.0,1996.0,1.0,7,0,4.0,0.0,7.0,14.0
7095,12,1,2255,5,2,1,1.0,6.0,53.0,10,3.0,1.0,2.0,0.0,1.0,2.0,1.0,4,1,4.0,0.0,0.0,0.0,1994.0,1.0,7,0,4.0,0.0,7.0,14.0
7096,11,24,1105,1,2,2,1.0,6.0,53.0,10,4.0,2.0,5.0,0.0,1.0,1.0,1.0,1,4,4.0,0.0,0.0,0.0,1985.0,1.0,7,0,0.0,1.0,0.0,0.0
7097,11,24,1105,1,2,2,1.0,6.0,53.0,10,4.0,2.0,5.0,0.0,1.0,1.0,1.0,3,4,0.0,0.0,0.0,0.0,1955.0,1.0,7,0,0.0,1.0,0.0,0.0
7098,12,12,850,1,2,1,8.0,6.0,53.0,10,4.0,2.0,2.0,0.0,1.0,1.0,1.0,1,4,4.0,0.0,0.0,0.0,1980.0,2.0,7,0,0.0,2.0,7.0,23.0
7099,12,12,850,1,2,1,8.0,6.0,53.0,10,4.0,2.0,2.0,0.0,1.0,1.0,1.0,1,4,4.0,0.0,0.0,0.0,1980.0,2.0,1,0,0.0,2.0,1.0,18.0
7100,12,12,850,1,2,1,8.0,6.0,53.0,10,4.0,2.0,2.0,0.0,1.0,1.0,1.0,4,1,4.0,0.0,0.0,0.0,2007.0,2.0,7,0,0.0,2.0,7.0,23.0
7101,12,12,850,1,2,1,8.0,6.0,53.0,10,4.0,2.0,2.0,0.0,1.0,1.0,1.0,4,1,4.0,0.0,0.0,0.0,2007.0,2.0,1,0,0.0,2.0,1.0,18.0
7102,12,12,850,1,2,1,8.0,6.0,53.0,10,4.0,2.0,2.0,0.0,1.0,1.0,1.0,1,1,4.0,0.0,0.0,0.0,1998.0,2.0,7,0,0.0,2.0,7.0,23.0
7103,12,12,850,1,2,1,8.0,6.0,53.0,10,4.0,2.0,2.0,0.0,1.0,1.0,1.0,1,1,4.0,0.0,0.0,0.0,1998.0,2.0,1,0,0.0,2.0,1.0,18.0
7104,12,15,1240,1,2,1,1.0,1.0,53.0,10,4.0,2.0,4.0,1.0,1.0,1.0,1.0,1,1,1.0,0.0,0.0,0.0,1960.0,1.0,2,0,0.0,2.0,8.0,16.0
7105,12,15,1240,1,2,1,1.0,1.0,53.0,10,4.0,2.0,4.0,1.0,1.0,1.0,1.0,1,1,1.0,0.0,0.0,0.0,1960.0,1.0,1,0,0.0,2.0,1.0,1.0
7106,1,8,2330,4,2,1,1.0,6.0,141.0,610,3.0,2.0,2.0,0.0,1.0,4.0,2.0,1,1,4.0,0.0,0.0,0.0,1985.0,2.0,31,0,1.0,0.0,1.0,1.0
7107,5,29,1230,1,1,3,2.0,2.0,182.0,610,2.0,3.0,4.0,0.0,4.0,1.0,2.0,1,1,4.0,0.0,0.0,0.0,1934.0,2.0,7,0,0.0,2.0,1.0,1.0
7108,5,29,1230,1,1,3,2.0,2.0,182.0,610,2.0,3.0,4.0,0.0,4.0,1.0,2.0,1,1,4.0,0.0,0.0,0.0,1934.0,2.0,7,0,0.0,2.0,4.0,15.0
7109,5,29,1230,1,1,3,2.0,2.0,182.0,610,2.0,3.0,4.0,0.0,4.0,1.0,2.0,4,4,0.0,0.0,0.0,0.0,1931.0,2.0,7,0,0.0,2.0,1.0,1.0
7110,5,29,1230,1,1,3,2.0,2.0,182.0,610,2.0,3.0,4.0,0.0,4.0,1.0,2.0,4,4,0.0,0.0,0.0,0.0,1931.0,2.0,7,0,0.0,2.0,4.0,15.0
7111,5,29,1230,1,1,3,2.0,2.0,182.0,610,2.0,3.0,4.0,0.0,4.0,1.0,2.0,1,1,4.0,0.0,0.0,0.0,1939.0,2.0,7,0,0.0,2.0,1.0,1.0
7112,5,29,1230,1,1,3,2.0,2.0,182.0,610,2.0,3.0,4.0,0.0,4.0,1.0,2.0,1,1,4.0,0.0,0.0,0.0,1939.0,2.0,7,0,0.0,2.0,4.0,15.0
7113,5,29,1230,1,1,3,2.0,2.0,182.0,610,2.0,3.0,4.0,0.0,4.0,1.0,2.0,4,4,0.0,0.0,0.0,0.0,1941.0,2.0,7,0,0.0,2.0,1.0,1.0
7114,5,29,1230,1,1,3,2.0,2.0,182.0,610,2.0,3.0,4.0,0.0,4.0,1.0,2.0,4,4,0.0,0.0,0.0,0.0,1941.0,2.0,7,0,0.0,2.0,4.0,15.0
7115,10,13,800,1,1,1,1.0,6.0,172.0,610,3.0,2.0,2.0,0.0,2.0,3.0,1.0,1,1,2.0,0.0,0.0,0.0,1973.0,2.0,10,0,13.0,,1.0,14.0
7116,11,24,1700,1,1,1,1.0,6.0,357.0,610,3.0,2.0,2.0,0.0,1.0,1.0,1.0,1,1,4.0,0.0,0.0,0.0,1964.0,1.0,31,0,13.0,0.0,7.0,1.0
7117,2,4,1545,1,1,1,2.0,1.0,215.0,610,3.0,2.0,2.0,0.0,1.0,3.0,2.0,1,1,4.0,0.0,0.0,0.0,1969.0,1.0,7,0,0.0,2.0,1.0,1.0
7118,2,4,1545,1,1,1,2.0,1.0,215.0,610,3.0,2.0,2.0,0.0,1.0,3.0,2.0,1,1,4.0,0.0,0.0,0.0,1969.0,2.0,7,0,0.0,2.0,3.0,13.0
7119,2,4,1545,1,1,1,2.0,1.0,215.0,610,3.0,2.0,2.0,0.0,1.0,3.0,2.0,4,1,0.0,0.0,0.0,0.0,2010.0,1.0,7,0,0.0,2.0,1.0,1.0
7120,2,4,1545,1,1,1,2.0,1.0,215.0,610,3.0,2.0,2.0,0.0,1.0,3.0,2.0,4,1,0.0,0.0,0.0,0.0,2010.0,2.0,7,0,0.0,2.0,3.0,13.0
7121,2,4,1545,1,1,1,2.0,1.0,215.0,610,3.0,2.0,2.0,0.0,1.0,3.0,2.0,1,1,4.0,0.0,0.0,0.0,1988.0,1.0,7,0,0.0,2.0,1.0,1.0
7122,2,4,1545,1,1,1,2.0,1.0,215.0,610,3.0,2.0,2.0,0.0,1.0,3.0,2.0,1,1,4.0,0.0,0.0,0.0,1988.0,2.0,7,0,0.0,2.0,3.0,13.0
7123,6,9,1215,1,1,1,1.0,1.0,98.0,610,4.0,2.0,2.0,0.0,1.0,1.0,1.0,1,1,2.0,0.0,0.0,0.0,1991.0,1.0,7,0,0.0,2.0,3.0,1.0
7124,6,9,1215,1,1,1,1.0,1.0,98.0,610,4.0,2.0,2.0,0.0,1.0,1.0,1.0,1,1,2.0,0.0,0.0,0.0,1991.0,2.0,7,0,0.0,2.0,3.0,1.0
7125,6,9,1215,1,1,1,1.0,1.0,98.0,610,4.0,2.0,2.0,0.0,1.0,1.0,1.0,4,1,0.0,0.0,0.0,0.0,1930.0,1.0,7,0,0.0,2.0,3.0,1.0
7126,6,9,1215,1,1,1,1.0,1.0,98.0,610,4.0,2.0,2.0,0.0,1.0,1.0,1.0,4,1,0.0,0.0,0.0,0.0,1930.0,2.0,7,0,0.0,2.0,3.0,1.0
7127,6,9,1215,1,1,1,1.0,1.0,98.0,610,4.0,2.0,2.0,0.0,1.0,1.0,1.0,1,1,9.0,0.0,0.0,0.0,1981.0,1.0,7,0,0.0,2.0,3.0,1.0
7128,6,9,1215,1,1,1,1.0,1.0,98.0,610,4.0,2.0,2.0,0.0,1.0,1.0,1.0,1,1,9.0,0.0,0.0,0.0,1981.0,2.0,7,0,0.0,2.0,3.0,1.0
7129,7,12,1000,1,2,6,1.0,6.0,464.0,610,3.0,2.0,2.0,0.0,1.0,3.0,1.0,1,1,2.0,0.0,0.0,0.0,1983.0,1.0,10,0,0.0,1.0,1.0,9.0
7130,7,12,1000,1,2,6,1.0,6.0,464.0,610,3.0,2.0,2.0,0.0,1.0,3.0,1.0,3,4,3.0,4.0,3.0,1.0,1929.0,1.0,10,0,0.0,1.0,1.0,9.0
7131,9,3,2130,3,1,6,1.0,6.0,284.0,610,3.0,2.0,2.0,0.0,1.0,1.0,1.0,1,1,4.0,0.0,0.0,0.0,1955.0,2.0,99,0,7.0,0.0,1.0,1.0
7132,10,15,945,1,2,3,2.0,6.0,464.0,610,3.0,2.0,2.0,0.0,1.0,1.0,2.0,1,4,3.0,0.0,0.0,0.0,1944.0,1.0,7,0,0.0,1.0,2.0,1.0
7133,10,15,945,1,2,3,2.0,6.0,464.0,610,3.0,2.0,2.0,0.0,1.0,1.0,2.0,3,1,3.0,2.0,3.0,1.0,1959.0,1.0,7,0,0.0,1.0,2.0,1.0
7134,11,15,1845,3,1,1,5.0,7.0,64.0,610,3.0,2.0,2.0,0.0,1.0,1.0,2.0,1,4,1.0,0.0,0.0,0.0,1995.0,2.0,7,0,16.0,0.0,2.0,1.0
7135,1,9,2115,5,2,3,2.0,6.0,308.0,610,3.0,2.0,2.0,0.0,1.0,1.0,2.0,1,1,1.0,0.0,0.0,0.0,1985.0,2.0,7,0,6.0,0.0,3.0,21.0
7136,4,12,745,1,1,1,7.0,2.0,314.0,610,3.0,2.0,2.0,0.0,2.0,1.0,1.0,1,1,2.0,0.0,0.0,0.0,1964.0,2.0,10,0,0.0,2.0,1.0,1.0
7137,4,12,745,1,1,1,7.0,2.0,314.0,610,3.0,2.0,2.0,0.0,2.0,1.0,1.0,1,1,2.0,0.0,0.0,0.0,1964.0,2.0,20,0,0.0,1.0,4.0,23.0
7138,4,12,745,1,1,1,7.0,2.0,314.0,610,3.0,2.0,2.0,0.0,2.0,1.0,1.0,1,1,2.0,0.0,0.0,0.0,1974.0,2.0,10,0,0.0,2.0,1.0,1.0
7139,4,12,745,1,1,1,7.0,2.0,314.0,610,3.0,2.0,2.0,0.0,2.0,1.0,1.0,1,1,2.0,0.0,0.0,0.0,1974.0,2.0,20,0,0.0,1.0,4.0,23.0
7140,4,12,745,1,1,1,7.0,2.0,314.0,610,3.0,2.0,2.0,0.0,2.0,1.0,1.0,3,1,2.0,1.0,9.0,1.0,1961.0,2.0,10,0,0.0,2.0,1.0,1.0
7141,4,12,745,1,1,1,7.0,2.0,314.0,610,3.0,2.0,2.0,0.0,2.0,1.0,1.0,3,1,2.0,1.0,9.0,1.0,1961.0,2.0,20,0,0.0,1.0,4.0,23.0
7142,5,5,645,2,1,1,7.0,6.0,474.0,610,3.0,2.0,2.0,0.0,1.0,2.0,2.0,1,1,4.0,0.0,0.0,0.0,1990.0,2.0,7,0,13.0,0.0,1.0,1.0
7143,7,8,1930,1,1,1,1.0,6.0,106.0,610,3.0,2.0,2.0,0.0,1.0,1.0,1.0,1,1,3.0,0.0,0.0,0.0,1957.0,2.0,7,0,0.0,6.0,3.0,1.0