,month,day,time,light,location,intersection,atmosphere,collision,municipality,department,road,traffic,nblanes,reslane,laneprofile,plan,surface,user,sex,route,pedlocation,pedaction,pedcondition,birth,dirtraffic,catvehicle,nboccupants,obstacle,movobstacle,impact,maneuver
7144,7,9,1800,1,1,2,1.0,3.0,9.0,610,3.0,2.0,2.0,0.0,1.0,1.0,1.0,1,1,4.0,0.0,0.0,0.0,1991.0,1.0,7,0,0.0,2.0,2.0,1.0
7145,7,9,1800,1,1,2,1.0,3.0,9.0,610,3.0,2.0,2.0,0.0,1.0,1.0,1.0,1,1,4.0,0.0,0.0,0.0,1991.0,1.0,7,0,0.0,2.0,3.0,19.0
7146,7,9,1800,1,1,2,1.0,3.0,9.0,610,3.0,2.0,2.0,0.0,1.0,1.0,1.0,1,4,4.0,0.0,0.0,0.0,1943.0,1.0,7,0,0.0,2.0,2.0,1.0
7147,7,9,1800,1,1,2,1.0,3.0,9.0,610,3.0,2.0,2.0,0.0,1.0,1.0,1.0,1,4,4.0,0.0,0.0,0.0,1943.0,1.0,7,0,0.0,2.0,3.0,19.0
7148,8,12,1430,1,1,2,1.0,3.0,210.0,610,3.0,2.0,2.0,0.0,1.0,1.0,1.0,1,4,4.0,0.0,0.0,0.0,1934.0,1.0,7,0,0.0,2.0,2.0,1.0
7149,8,12,1430,1,1,2,1.0,3.0,210.0,610,3.0,2.0,2.0,0.0,1.0,1.0,1.0,1,4,4.0,0.0,0.0,0.0,1934.0,2.0,7,0,0.0,2.0,3.0,19.0
7150,8,12,1430,1,1,2,1.0,3.0,210.0,610,3.0,2.0,2.0,0.0,1.0,1.0,1.0,1,1,4.0,0.0,0.0,0.0,1973.0,1.0,7,0,0.0,2.0,2.0,1.0
7151,8,12,1430,1,1,2,1.0,3.0,210.0,610,3.0,2.0,2.0,0.0,1.0,1.0,1.0,1,1,4.0,0.0,0.0,0.0,1973.0,2.0,7,0,0.0,2.0,3.0,19.0
7152,8,12,1430,1,1,2,1.0,3.0,210.0,610,3.0,2.0,2.0,0.0,1.0,1.0,1.0,4,1,0.0,0.0,0.0,0.0,2005.0,1.0,7,0,0.0,2.0,2.0,1.0
7153,8,12,1430,1,1,2,1.0,3.0,210.0,610,3.0,2.0,2.0,0.0,1.0,1.0,1.0,4,1,0.0,0.0,0.0,0.0,2005.0,2.0,7,0,0.0,2.0,3.0,19.0
7154,8,12,1430,1,1,2,1.0,3.0,210.0,610,3.0,2.0,2.0,0.0,1.0,1.0,1.0,4,4,0.0,0.0,0.0,0.0,2006.0,1.0,7,0,0.0,2.0,2.0,1.0
7155,8,12,1430,1,1,2,1.0,3.0,210.0,610,3.0,2.0,2.0,0.0,1.0,1.0,1.0,4,4,0.0,0.0,0.0,0.0,2006.0,2.0,7,0,0.0,2.0,3.0,19.0
7156,8,12,1430,1,1,2,1.0,3.0,210.0,610,3.0,2.0,2.0,0.0,1.0,1.0,1.0,4,4,0.0,0.0,0.0,0.0,2010.0,1.0,7,0,0.0,2.0,2.0,1.0
7157,8,12,1430,1,1,2,1.0,3.0,210.0,610,3.0,2.0,2.0,0.0,1.0,1.0,1.0,4,4,0.0,0.0,0.0,0.0,2010.0,2.0,7,0,0.0,2.0,3.0,19.0
7158,8,17,1515,1,1,1,1.0,6.0,179.0,610,3.0,2.0,2.0,0.0,1.0,3.0,1.0,1,1,4.0,0.0,0.0,0.0,1986.0,1.0,7,0,13.0,0.0,9.0,1.0
7159,8,19,1030,1,1,1,1.0,6.0,9.0,610,4.0,2.0,2.0,0.0,1.0,1.0,1.0,1,1,4.0,0.0,0.0,0.0,1982.0,0.0,2,0,8.0,0.0,1.0,14.0
7160,11,20,1945,3,1,1,3.0,6.0,473.0,610,3.0,2.0,2.0,0.0,1.0,3.0,2.0,1,1,3.0,0.0,0.0,0.0,1986.0,2.0,7,0,3.0,0.0,1.0,1.0
7161,12,17,2345,3,1,1,5.0,1.0,472.0,610,3.0,2.0,2.0,0.0,1.0,3.0,2.0,1,4,4.0,0.0,0.0,0.0,1994.0,1.0,7,0,0.0,2.0,5.0,13.0
7162,12,17,2345,3,1,1,5.0,1.0,472.0,610,3.0,2.0,2.0,0.0,1.0,3.0,2.0,1,4,4.0,0.0,0.0,0.0,1994.0,2.0,7,0,0.0,2.0,1.0,1.0
7163,12,17,2345,3,1,1,5.0,1.0,472.0,610,3.0,2.0,2.0,0.0,1.0,3.0,2.0,4,1,0.0,0.0,0.0,0.0,1980.0,1.0,7,0,0.0,2.0,5.0,13.0
7164,12,17,2345,3,1,1,5.0,1.0,472.0,610,3.0,2.0,2.0,0.0,1.0,3.0,2.0,4,1,0.0,0.0,0.0,0.0,1980.0,2.0,7,0,0.0,2.0,1.0,1.0
7165,12,17,2345,3,1,1,5.0,1.0,472.0,610,3.0,2.0,2.0,0.0,1.0,3.0,2.0,4,4,0.0,0.0,0.0,0.0,2013.0,1.0,7,0,0.0,2.0,5.0,13.0
7166,12,17,2345,3,1,1,5.0,1.0,472.0,610,3.0,2.0,2.0,0.0,1.0,3.0,2.0,4,4,0.0,0.0,0.0,0.0,2013.0,2.0,7,0,0.0,2.0,1.0,1.0
7167,12,17,2345,3,1,1,5.0,1.0,472.0,610,3.0,2.0,2.0,0.0,1.0,3.0,2.0,4,1,0.0,0.0,0.0,0.0,2014.0,1.0,7,0,0.0,2.0,5.0,13.0
7168,12,17,2345,3,1,1,5.0,1.0,472.0,610,3.0,2.0,2.0,0.0,1.0,3.0,2.0,4,1,0.0,0.0,0.0,0.0,2014.0,2.0,7,0,0.0,2.0,1.0,1.0
7169,12,17,2345,3,1,1,5.0,1.0,472.0,610,3.0,2.0,2.0,0.0,1.0,3.0,2.0,1,4,4.0,0.0,0.0,0.0,1959.0,1.0,7,0,0.0,2.0,5.0,13.0
7170,12,17,2345,3,1,1,5.0,1.0,472.0,610,3.0,2.0,2.0,0.0,1.0,3.0,2.0,1,4,4.0,0.0,0.0,0.0,1959.0,2.0,7,0,0.0,2.0,1.0,1.0
7171,12,17,2345,3,1,1,5.0,1.0,472.0,610,3.0,2.0,2.0,0.0,1.0,3.0,2.0,4,1,0.0,0.0,0.0,0.0,1955.0,1.0,7,0,0.0,2.0,5.0,13.0
7172,12,17,2345,3,1,1,5.0,1.0,472.0,610,3.0,2.0,2.0,0.0,1.0,3.0,2.0,4,1,0.0,0.0,0.0,0.0,1955.0,2.0,7,0,0.0,2.0,1.0,1.0
7173,12,17,2345,3,1,1,5.0,1.0,472.0,610,3.0,2.0,2.0,0.0,1.0,3.0,2.0,4,1,0.0,0.0,0.0,0.0,2010.0,1.0,7,0,0.0,2.0,5.0,13.0
7174,12,17,2345,3,1,1,5.0,1.0,472.0,610,3.0,2.0,2.0,0.0,1.0,3.0,2.0,4,1,0.0,0.0,0.0,0.0,2010.0,2.0,7,0,0.0,2.0,1.0,1.0
7175,2,11,800,1,1,1,1.0,1.0,310.0,610,3.0,2.0,0.0,0.0,1.0,1.0,7.0,1,1,1.0,0.0,0.0,0.0,1994.0,1.0,10,0,0.0,2.0,8.0,13.0
7176,2,11,800,1,1,1,1.0,1.0,310.0,610,3.0,2.0,0.0,0.0,1.0,1.0,7.0,1,1,1.0,0.0,0.0,0.0,1994.0,2.0,15,0,0.0,2.0,1.0,23.0
7177,2,11,800,1,1,1,1.0,1.0,310.0,610,3.0,2.0,0.0,0.0,1.0,1.0,7.0,1,1,2.0,0.0,0.0,0.0,1962.0,1.0,10,0,0.0,2.0,8.0,13.0
7178,2,11,800,1,1,1,1.0,1.0,310.0,610,3.0,2.0,0.0,0.0,1.0,1.0,7.0,1,1,2.0,0.0,0.0,0.0,1962.0,2.0,15,0,0.0,2.0,1.0,23.0
7179,2,11,1215,1,1,1,1.0,1.0,188.0,610,3.0,2.0,0.0,0.0,1.0,3.0,2.0,1,1,9.0,0.0,0.0,0.0,1990.0,2.0,7,0,0.0,2.0,3.0,1.0
7180,2,11,1215,1,1,1,1.0,1.0,188.0,610,3.0,2.0,0.0,0.0,1.0,3.0,2.0,1,1,9.0,0.0,0.0,0.0,1990.0,1.0,10,0,0.0,2.0,8.0,1.0
7181,2,11,1215,1,1,1,1.0,1.0,188.0,610,3.0,2.0,0.0,0.0,1.0,3.0,2.0,4,4,0.0,0.0,0.0,0.0,1998.0,2.0,7,0,0.0,2.0,3.0,1.0
7182,2,11,1215,1,1,1,1.0,1.0,188.0,610,3.0,2.0,0.0,0.0,1.0,3.0,2.0,4,4,0.0,0.0,0.0,0.0,1998.0,1.0,10,0,0.0,2.0,8.0,1.0
7183,2,11,1215,1,1,1,1.0,1.0,188.0,610,3.0,2.0,0.0,0.0,1.0,3.0,2.0,1,1,1.0,0.0,0.0,0.0,1990.0,2.0,7,0,0.0,2.0,3.0,1.0
7184,2,11,1215,1,1,1,1.0,1.0,188.0,610,3.0,2.0,0.0,0.0,1.0,3.0,2.0,1,1,1.0,0.0,0.0,0.0,1990.0,1.0,10,0,0.0,2.0,8.0,1.0
7185,4,6,1400,1,1,1,2.0,3.0,393.0,610,3.0,2.0,0.0,0.0,1.0,1.0,2.0,1,1,1.0,0.0,0.0,0.0,1977.0,2.0,7,0,0.0,2.0,8.0,15.0
7186,4,6,1400,1,1,1,2.0,3.0,393.0,610,3.0,2.0,0.0,0.0,1.0,1.0,2.0,1,1,1.0,0.0,0.0,0.0,1977.0,2.0,33,0,0.0,2.0,7.0,17.0
7187,4,6,1400,1,1,1,2.0,3.0,393.0,610,3.0,2.0,0.0,0.0,1.0,1.0,2.0,1,1,4.0,0.0,0.0,0.0,1953.0,2.0,7,0,0.0,2.0,8.0,15.0
7188,4,6,1400,1,1,1,2.0,3.0,393.0,610,3.0,2.0,0.0,0.0,1.0,1.0,2.0,1,1,4.0,0.0,0.0,0.0,1953.0,2.0,33,0,0.0,2.0,7.0,17.0
7189,4,6,1400,1,1,1,2.0,3.0,393.0,610,3.0,2.0,0.0,0.0,1.0,1.0,2.0,4,4,0.0,0.0,0.0,0.0,1953.0,2.0,7,0,0.0,2.0,8.0,15.0
7190,4,6,1400,1,1,1,2.0,3.0,393.0,610,3.0,2.0,0.0,0.0,1.0,1.0,2.0,4,4,0.0,0.0,0.0,0.0,1953.0,2.0,33,0,0.0,2.0,7.0,17.0
7191,5,28,1700,1,1,1,1.0,6.0,19.0,610,3.0,2.0,2.0,0.0,1.0,2.0,1.0,1,1,4.0,0.0,0.0,0.0,1941.0,2.0,7,0,8.0,0.0,1.0,14.0
7192,5,28,1700,1,1,1,1.0,6.0,19.0,610,3.0,2.0,2.0,0.0,1.0,2.0,1.0,4,1,4.0,0.0,0.0,0.0,1939.0,2.0,7,0,8.0,0.0,1.0,14.0
7193,6,20,1700,1,1,1,2.0,6.0,315.0,610,3.0,2.0,2.0,0.0,2.0,3.0,2.0,1,1,4.0,0.0,0.0,0.0,1987.0,1.0,7,0,8.0,0.0,7.0,13.0
7194,6,20,1700,1,1,1,2.0,6.0,315.0,610,3.0,2.0,2.0,0.0,2.0,3.0,2.0,4,1,0.0,0.0,0.0,0.0,1982.0,1.0,7,0,8.0,0.0,7.0,13.0
7195,7,12,1300,1,1,1,1.0,6.0,347.0,610,3.0,2.0,2.0,0.0,3.0,2.0,1.0,1,1,9.0,0.0,0.0,0.0,1962.0,1.0,7,0,13.0,0.0,1.0,14.0
7196,8,9,1915,1,1,1,1.0,1.0,389.0,610,3.0,2.0,2.0,0.0,2.0,1.0,1.0,1,4,0.0,0.0,0.0,0.0,1964.0,1.0,7,0,0.0,2.0,3.0,21.0
7197,8,9,1915,1,1,1,1.0,1.0,389.0,610,3.0,2.0,2.0,0.0,2.0,1.0,1.0,1,4,0.0,0.0,0.0,0.0,1964.0,2.0,33,0,0.0,2.0,8.0,1.0
7198,8,9,1915,1,1,1,1.0,1.0,389.0,610,3.0,2.0,2.0,0.0,2.0,1.0,1.0,4,4,0.0,0.0,0.0,0.0,1997.0,1.0,7,0,0.0,2.0,3.0,21.0
7199,8,9,1915,1,1,1,1.0,1.0,389.0,610,3.0,2.0,2.0,0.0,2.0,1.0,1.0,4,4,0.0,0.0,0.0,0.0,1997.0,2.0,33,0,0.0,2.0,8.0,1.0
7200,8,9,1915,1,1,1,1.0,1.0,389.0,610,3.0,2.0,2.0,0.0,2.0,1.0,1.0,4,4,0.0,0.0,0.0,0.0,1943.0,1.0,7,0,0.0,2.0,3.0,21.0
7201,8,9,1915,1,1,1,1.0,1.0,389.0,610,3.0,2.0,2.0,0.0,2.0,1.0,1.0,4,4,0.0,0.0,0.0,0.0,1943.0,2.0,33,0,0.0,2.0,8.0,1.0
7202,8,9,1915,1,1,1,1.0,1.0,389.0,610,3.0,2.0,2.0,0.0,2.0,1.0,1.0,1,1,0.0,0.0,0.0,0.0,1987.0,1.0,7,0,0.0,2.0,3.0,21.0
7203,8,9,1915,1,1,1,1.0,1.0,389.0,610,3.0,2.0,2.0,0.0,2.0,1.0,1.0,1,1,0.0,0.0,0.0,0.0,1987.0,2.0,33,0,0.0,2.0,8.0,1.0
7204,9,27,1615,1,1,1,1.0,1.0,138.0,610,3.0,2.0,2.0,0.0,4.0,1.0,1.0,1,1,0.0,0.0,0.0,0.0,1992.0,1.0,7,0,0.0,2.0,3.0,1.0
7205,9,27,1615,1,1,1,1.0,1.0,138.0,610,3.0,2.0,2.0,0.0,4.0,1.0,1.0,1,1,0.0,0.0,0.0,0.0,1992.0,2.0,10,0,0.0,2.0,3.0,17.0
7206,9,27,1615,1,1,1,1.0,1.0,138.0,610,3.0,2.0,2.0,0.0,4.0,1.0,1.0,1,1,2.0,0.0,0.0,0.0,1995.0,1.0,7,0,0.0,2.0,3.0,1.0
7207,9,27,1615,1,1,1,1.0,1.0,138.0,610,3.0,2.0,2.0,0.0,4.0,1.0,1.0,1,1,2.0,0.0,0.0,0.0,1995.0,2.0,10,0,0.0,2.0,3.0,17.0
7208,1,10,215,3,1,1,1.0,6.0,102.0,610,3.0,2.0,2.0,0.0,2.0,2.0,1.0,1,1,4.0,0.0,0.0,0.0,1963.0,1.0,10,0,2.0,0.0,1.0,14.0
7209,1,22,830,2,2,1,3.0,6.0,145.0,610,3.0,2.0,2.0,0.0,1.0,1.0,2.0,1,1,4.0,0.0,0.0,0.0,1957.0,1.0,10,0,0.0,1.0,1.0,1.0
7210,1,22,830,2,2,1,3.0,6.0,145.0,610,3.0,2.0,2.0,0.0,1.0,1.0,2.0,4,4,0.0,0.0,0.0,0.0,1951.0,1.0,10,0,0.0,1.0,1.0,1.0
7211,1,22,830,2,2,1,3.0,6.0,145.0,610,3.0,2.0,2.0,0.0,1.0,1.0,2.0,3,4,3.0,2.0,3.0,1.0,1962.0,1.0,10,0,0.0,1.0,1.0,1.0
7212,2,26,400,3,1,1,1.0,7.0,387.0,610,3.0,2.0,2.0,0.0,4.0,3.0,1.0,1,1,9.0,0.0,0.0,0.0,1936.0,2.0,7,0,13.0,0.0,9.0,13.0
7213,3,20,715,2,1,1,1.0,6.0,149.0,610,3.0,2.0,2.0,0.0,2.0,1.0,1.0,1,1,4.0,0.0,0.0,0.0,1997.0,2.0,2,0,8.0,0.0,2.0,13.0
7214,4,12,1400,1,2,1,1.0,1.0,278.0,610,3.0,2.0,2.0,0.0,2.0,3.0,1.0,1,4,4.0,0.0,0.0,0.0,1938.0,2.0,7,0,0.0,2.0,3.0,1.0
7215,4,12,1400,1,2,1,1.0,1.0,278.0,610,3.0,2.0,2.0,0.0,2.0,3.0,1.0,1,4,4.0,0.0,0.0,0.0,1938.0,1.0,33,0,0.0,2.0,1.0,17.0
7216,4,12,1400,1,2,1,1.0,1.0,278.0,610,3.0,2.0,2.0,0.0,2.0,3.0,1.0,4,4,0.0,0.0,0.0,0.0,1939.0,2.0,7,0,0.0,2.0,3.0,1.0
7217,4,12,1400,1,2,1,1.0,1.0,278.0,610,3.0,2.0,2.0,0.0,2.0,3.0,1.0,4,4,0.0,0.0,0.0,0.0,1939.0,1.0,33,0,0.0,2.0,1.0,17.0
7218,4,12,1400,1,2,1,1.0,1.0,278.0,610,3.0,2.0,2.0,0.0,2.0,3.0,1.0,1,1,4.0,0.0,0.0,0.0,1977.0,2.0,7,0,0.0,2.0,3.0,1.0
7219,4,12,1400,1,2,1,1.0,1.0,278.0,610,3.0,2.0,2.0,0.0,2.0,3.0,1.0,1,1,4.0,0.0,0.0,0.0,1977.0,1.0,33,0,0.0,2.0,1.0,17.0
7220,5,8,1800,1,1,1,1.0,6.0,387.0,610,3.0,2.0,2.0,0.0,3.0,1.0,1.0,1,1,4.0,0.0,0.0,0.0,1983.0,1.0,7,0,13.0,0.0,1.0,13.0
7221,5,18,1530,1,2,1,1.0,6.0,145.0,610,3.0,2.0,2.0,0.0,1.0,1.0,2.0,1,4,4.0,0.0,0.0,0.0,1964.0,1.0,7,0,0.0,1.0,2.0,1.0
7222,5,18,1530,1,2,1,1.0,6.0,145.0,610,3.0,2.0,2.0,0.0,1.0,1.0,2.0,3,1,4.0,2.0,3.0,1.0,1925.0,1.0,7,0,0.0,1.0,2.0,1.0
7223,6,12,1745,1,1,1,1.0,6.0,75.0,610,3.0,2.0,2.0,0.0,1.0,1.0,1.0,1,1,4.0,0.0,0.0,0.0,1988.0,2.0,7,0,2.0,0.0,3.0,13.0
7224,6,12,1745,1,1,1,1.0,6.0,75.0,610,3.0,2.0,2.0,0.0,1.0,1.0,1.0,4,4,0.0,0.0,0.0,0.0,1989.0,2.0,7,0,2.0,0.0,3.0,13.0
7225,6,12,1745,1,1,1,1.0,6.0,75.0,610,3.0,2.0,2.0,0.0,1.0,1.0,1.0,4,1,0.0,0.0,0.0,0.0,2012.0,2.0,7,0,2.0,0.0,3.0,13.0
7226,6,12,1745,1,1,1,1.0,6.0,75.0,610,3.0,2.0,2.0,0.0,1.0,1.0,1.0,4,1,0.0,0.0,0.0,0.0,2010.0,2.0,7,0,2.0,0.0,3.0,13.0
7227,7,18,1700,1,1,1,1.0,1.0,91.0,610,3.0,2.0,2.0,0.0,2.0,1.0,1.0,1,1,4.0,0.0,0.0,0.0,1935.0,1.0,7,0,,2.0,3.0,1.0
7228,7,18,1700,1,1,1,1.0,1.0,91.0,610,3.0,2.0,2.0,0.0,2.0,1.0,1.0,1,1,4.0,0.0,0.0,0.0,1935.0,2.0,7,0,0.0,2.0,3.0,13.0
7229,7,18,1700,1,1,1,1.0,1.0,91.0,610,3.0,2.0,2.0,0.0,2.0,1.0,1.0,4,4,0.0,0.0,0.0,0.0,1941.0,1.0,7,0,,2.0,3.0,1.0
7230,7,18,1700,1,1,1,1.0,1.0,91.0,610,3.0,2.0,2.0,0.0,2.0,1.0,1.0,4,4,0.0,0.0,0.0,0.0,1941.0,2.0,7,0,0.0,2.0,3.0,13.0
7231,7,18,1700,1,1,1,1.0,1.0,91.0,610,3.0,2.0,2.0,0.0,2.0,1.0,1.0,1,1,4.0,0.0,0.0,0.0,1982.0,1.0,7,0,,2.0,3.0,1.0
7232,7,18,1700,1,1,1,1.0,1.0,91.0,610,3.0,2.0,2.0,0.0,2.0,1.0,1.0,1,1,4.0,0.0,0.0,0.0,1982.0,2.0,7,0,0.0,2.0,3.0,13.0
7233,7,18,1700,1,1,1,1.0,1.0,91.0,610,3.0,2.0,2.0,0.0,2.0,1.0,1.0,4,1,0.0,0.0,0.0,0.0,2004.0,1.0,7,0,,2.0,3.0,1.0
7234,7,18,1700,1,1,1,1.0,1.0,91.0,610,3.0,2.0,2.0,0.0,2.0,1.0,1.0,4,1,0.0,0.0,0.0,0.0,2004.0,2.0,7,0,0.0,2.0,3.0,13.0
7235,9,4,1745,1,1,1,1.0,7.0,201.0,610,3.0,2.0,2.0,0.0,1.0,1.0,1.0,1,1,4.0,0.0,0.0,0.0,1986.0,2.0,30,0,16.0,0.0,0.0,1.0
7236,1,9,1445,1,2,1,1.0,6.0,168.0,610,3.0,3.0,2.0,0.0,1.0,1.0,1.0,1,1,1.0,0.0,0.0,0.0,1955.0,2.0,7,0,1.0,1.0,2.0,1.0
7237,1,9,1445,1,2,1,1.0,6.0,168.0,610,3.0,3.0,2.0,0.0,1.0,1.0,1.0,3,1,4.0,4.0,9.0,1.0,1986.0,2.0,7,0,1.0,1.0,2.0,1.0
7238,1,29,915,3,1,1,1.0,6.0,135.0,610,3.0,2.0,2.0,0.0,2.0,1.0,1.0,1,1,1.0,0.0,0.0,0.0,1990.0,1.0,7,0,8.0,0.0,3.0,13.0
7239,4,18,1930,1,1,1,1.0,6.0,512.0,610,3.0,2.0,2.0,0.0,2.0,1.0,1.0,1,1,4.0,0.0,0.0,0.0,1997.0,1.0,7,0,2.0,0.0,7.0,0.0
7240,4,18,1930,1,1,1,1.0,6.0,512.0,610,3.0,2.0,2.0,0.0,2.0,1.0,1.0,4,1,0.0,0.0,0.0,0.0,1998.0,1.0,7,0,2.0,0.0,7.0,0.0
7241,4,18,1930,1,1,1,1.0,6.0,512.0,610,3.0,2.0,2.0,0.0,2.0,1.0,1.0,4,4,0.0,0.0,0.0,0.0,1998.0,1.0,7,0,2.0,0.0,7.0,0.0
7242,1,17,1815,3,2,4,1.0,6.0,78.0,610,3.0,2.0,2.0,0.0,2.0,2.0,1.0,1,1,4.0,0.0,0.0,0.0,1980.0,2.0,7,0,0.0,1.0,8.0,9.0
7243,1,17,1815,3,2,4,1.0,6.0,78.0,610,3.0,2.0,2.0,0.0,2.0,2.0,1.0,3,1,4.0,1.0,3.0,1.0,1968.0,2.0,7,0,0.0,1.0,8.0,9.0
7244,1,29,1615,1,1,2,1.0,5.0,486.0,610,3.0,2.0,2.0,0.0,2.0,3.0,1.0,1,1,4.0,0.0,0.0,0.0,1948.0,2.0,7,0,0.0,2.0,1.0,13.0
7245,1,29,1615,1,1,2,1.0,5.0,486.0,610,3.0,2.0,2.0,0.0,2.0,3.0,1.0,1,1,4.0,0.0,0.0,0.0,1948.0,1.0,7,0,0.0,2.0,1.0,1.0
7246,1,29,1615,1,1,2,1.0,5.0,486.0,610,3.0,2.0,2.0,0.0,2.0,3.0,1.0,1,1,4.0,0.0,0.0,0.0,1948.0,1.0,7,0,0.0,2.0,8.0,1.0
7247,1,29,1615,1,1,2,1.0,5.0,486.0,610,3.0,2.0,2.0,0.0,2.0,3.0,1.0,4,4,0.0,0.0,0.0,0.0,2001.0,2.0,7,0,0.0,2.0,1.0,13.0
7248,1,29,1615,1,1,2,1.0,5.0,486.0,610,3.0,2.0,2.0,0.0,2.0,3.0,1.0,4,4,0.0,0.0,0.0,0.0,2001.0,1.0,7,0,0.0,2.0,1.0,1.0
7249,1,29,1615,1,1,2,1.0,5.0,486.0,610,3.0,2.0,2.0,0.0,2.0,3.0,1.0,4,4,0.0,0.0,0.0,0.0,2001.0,1.0,7,0,0.0,2.0,8.0,1.0
7250,1,29,1615,1,1,2,1.0,5.0,486.0,610,3.0,2.0,2.0,0.0,2.0,3.0,1.0,1,1,1.0,0.0,0.0,0.0,1994.0,2.0,7,0,0.0,2.0,1.0,13.0
7251,1,29,1615,1,1,2,1.0,5.0,486.0,610,3.0,2.0,2.0,0.0,2.0,3.0,1.0,1,1,1.0,0.0,0.0,0.0,1994.0,1.0,7,0,0.0,2.0,1.0,1.0
7252,1,29,1615,1,1,2,1.0,5.0,486.0,610,3.0,2.0,2.0,0.0,2.0,3.0,1.0,1,1,1.0,0.0,0.0,0.0,1994.0,1.0,7,0,0.0,2.0,8.0,1.0
7253,1,29,1615,1,1,2,1.0,5.0,486.0,610,3.0,2.0,2.0,0.0,2.0,3.0,1.0,1,4,4.0,0.0,0.0,0.0,1974.0,2.0,7,0,0.0,2.0,1.0,13.0
7254,1,29,1615,1,1,2,1.0,5.0,486.0,610,3.0,2.0,2.0,0.0,2.0,3.0,1.0,1,4,4.0,0.0,0.0,0.0,1974.0,1.0,7,0,0.0,2.0,1.0,1.0
7255,1,29,1615,1,1,2,1.0,5.0,486.0,610,3.0,2.0,2.0,0.0,2.0,3.0,1.0,1,4,4.0,0.0,0.0,0.0,1974.0,1.0,7,0,0.0,2.0,8.0,1.0
7256,4,22,1430,1,1,2,2.0,3.0,376.0,610,3.0,2.0,2.0,0.0,3.0,1.0,2.0,1,1,4.0,0.0,0.0,0.0,1976.0,1.0,33,0,0.0,2.0,1.0,1.0
7257,4,22,1430,1,1,2,2.0,3.0,376.0,610,3.0,2.0,2.0,0.0,3.0,1.0,2.0,1,1,4.0,0.0,0.0,0.0,1976.0,2.0,7,0,0.0,2.0,8.0,19.0
7258,4,22,1430,1,1,2,2.0,3.0,376.0,610,3.0,2.0,2.0,0.0,3.0,1.0,2.0,1,4,4.0,0.0,0.0,0.0,1979.0,1.0,33,0,0.0,2.0,1.0,1.0
7259,4,22,1430,1,1,2,2.0,3.0,376.0,610,3.0,2.0,2.0,0.0,3.0,1.0,2.0,1,4,4.0,0.0,0.0,0.0,1979.0,2.0,7,0,0.0,2.0,8.0,19.0
7260,6,5,200,3,1,1,5.0,7.0,486.0,610,3.0,2.0,2.0,0.0,4.0,2.0,1.0,1,1,4.0,0.0,0.0,0.0,1997.0,1.0,7,0,0.0,0.0,9.0,1.0
7261,6,5,200,3,1,1,5.0,7.0,486.0,610,3.0,2.0,2.0,0.0,4.0,2.0,1.0,4,1,0.0,0.0,0.0,0.0,1998.0,1.0,7,0,0.0,0.0,9.0,1.0
7262,6,5,200,3,1,1,5.0,7.0,486.0,610,3.0,2.0,2.0,0.0,4.0,2.0,1.0,4,1,0.0,0.0,0.0,0.0,1997.0,1.0,7,0,0.0,0.0,9.0,1.0
7263,6,5,200,3,1,1,5.0,7.0,486.0,610,3.0,2.0,2.0,0.0,4.0,2.0,1.0,4,4,0.0,0.0,0.0,0.0,1998.0,1.0,7,0,0.0,0.0,9.0,1.0
7264,7,6,1830,1,1,3,1.0,3.0,73.0,610,3.0,2.0,2.0,0.0,1.0,1.0,1.0,1,1,4.0,0.0,0.0,0.0,1947.0,1.0,7,0,0.0,2.0,2.0,15.0
7265,7,6,1830,1,1,3,1.0,3.0,73.0,610,3.0,2.0,2.0,0.0,1.0,1.0,1.0,1,1,4.0,0.0,0.0,0.0,1947.0,2.0,33,0,0.0,2.0,1.0,1.0
7266,7,6,1830,1,1,3,1.0,3.0,73.0,610,3.0,2.0,2.0,0.0,1.0,1.0,1.0,1,1,1.0,0.0,0.0,0.0,1967.0,1.0,7,0,0.0,2.0,2.0,15.0
7267,7,6,1830,1,1,3,1.0,3.0,73.0,610,3.0,2.0,2.0,0.0,1.0,1.0,1.0,1,1,1.0,0.0,0.0,0.0,1967.0,2.0,33,0,0.0,2.0,1.0,1.0
7268,7,13,1030,1,1,2,1.0,3.0,94.0,610,3.0,2.0,2.0,0.0,1.0,1.0,1.0,1,4,3.0,0.0,0.0,0.0,1927.0,1.0,7,0,,2.0,7.0,1.0
7269,7,13,1030,1,1,2,1.0,3.0,94.0,610,3.0,2.0,2.0,0.0,1.0,1.0,1.0,1,4,3.0,0.0,0.0,0.0,1927.0,2.0,7,0,,2.0,2.0,19.0
7270,7,13,1030,1,1,2,1.0,3.0,94.0,610,3.0,2.0,2.0,0.0,1.0,1.0,1.0,1,4,4.0,0.0,0.0,0.0,1936.0,1.0,7,0,,2.0,7.0,1.0
7271,7,13,1030,1,1,2,1.0,3.0,94.0,610,3.0,2.0,2.0,0.0,1.0,1.0,1.0,1,4,4.0,0.0,0.0,0.0,1936.0,2.0,7,0,,2.0,2.0,19.0
7272,7,13,1030,1,1,2,1.0,3.0,94.0,610,3.0,2.0,2.0,0.0,1.0,1.0,1.0,4,1,0.0,0.0,0.0,0.0,1928.0,1.0,7,0,,2.0,7.0,1.0
7273,7,13,1030,1,1,2,1.0,3.0,94.0,610,3.0,2.0,2.0,0.0,1.0,1.0,1.0,4,1,0.0,0.0,0.0,0.0,1928.0,2.0,7,0,,2.0,2.0,19.0