,month,day,time,light,location,intersection,atmosphere,collision,municipality,department,road,traffic,nblanes,reslane,laneprofile,plan,surface,user,sex,route,pedlocation,pedaction,pedcondition,birth,dirtraffic,catvehicle,nboccupants,obstacle,movobstacle,impact,maneuver
7274,7,13,1030,1,1,2,1.0,3.0,94.0,610,3.0,2.0,2.0,0.0,1.0,1.0,1.0,4,1,0.0,0.0,0.0,0.0,2003.0,1.0,7,0,,2.0,7.0,1.0
7275,7,13,1030,1,1,2,1.0,3.0,94.0,610,3.0,2.0,2.0,0.0,1.0,1.0,1.0,4,1,0.0,0.0,0.0,0.0,2003.0,2.0,7,0,,2.0,2.0,19.0
7276,7,13,1030,1,1,2,1.0,3.0,94.0,610,3.0,2.0,2.0,0.0,1.0,1.0,1.0,4,1,0.0,0.0,0.0,0.0,2009.0,1.0,7,0,,2.0,7.0,1.0
7277,7,13,1030,1,1,2,1.0,3.0,94.0,610,3.0,2.0,2.0,0.0,1.0,1.0,1.0,4,1,0.0,0.0,0.0,0.0,2009.0,2.0,7,0,,2.0,2.0,19.0
7278,7,13,1030,1,1,2,1.0,3.0,94.0,610,3.0,2.0,2.0,0.0,1.0,1.0,1.0,4,1,0.0,0.0,0.0,0.0,2007.0,1.0,7,0,,2.0,7.0,1.0
7279,7,13,1030,1,1,2,1.0,3.0,94.0,610,3.0,2.0,2.0,0.0,1.0,1.0,1.0,4,1,0.0,0.0,0.0,0.0,2007.0,2.0,7,0,,2.0,2.0,19.0
7280,7,17,1815,1,2,1,7.0,6.0,292.0,610,3.0,2.0,2.0,0.0,1.0,3.0,1.0,1,4,4.0,0.0,0.0,0.0,1928.0,1.0,7,0,10.0,0.0,1.0,1.0
7281,10,2,330,3,1,1,1.0,6.0,7.0,610,3.0,2.0,2.0,0.0,1.0,3.0,1.0,1,1,4.0,0.0,0.0,0.0,1996.0,1.0,7,0,12.0,0.0,1.0,1.0
7282,10,2,330,3,1,1,1.0,6.0,7.0,610,3.0,2.0,2.0,0.0,1.0,3.0,1.0,4,4,4.0,0.0,0.0,0.0,1998.0,1.0,7,0,12.0,0.0,1.0,1.0
7283,10,17,2115,3,1,1,1.0,6.0,407.0,610,3.0,2.0,2.0,0.0,1.0,3.0,1.0,1,1,1.0,0.0,0.0,0.0,1995.0,2.0,7,0,0.0,6.0,1.0,1.0
7284,10,23,1115,1,1,2,1.0,3.0,222.0,610,3.0,2.0,2.0,0.0,2.0,2.0,1.0,1,1,4.0,0.0,0.0,0.0,1989.0,2.0,7,0,0.0,2.0,1.0,1.0
7285,10,23,1115,1,1,2,1.0,3.0,222.0,610,3.0,2.0,2.0,0.0,2.0,2.0,1.0,1,1,4.0,0.0,0.0,0.0,1989.0,1.0,31,0,0.0,2.0,8.0,16.0
7286,10,23,1115,1,1,2,1.0,3.0,222.0,610,3.0,2.0,2.0,0.0,2.0,2.0,1.0,1,1,4.0,0.0,0.0,0.0,1965.0,2.0,7,0,0.0,2.0,1.0,1.0
7287,10,23,1115,1,1,2,1.0,3.0,222.0,610,3.0,2.0,2.0,0.0,2.0,2.0,1.0,1,1,4.0,0.0,0.0,0.0,1965.0,1.0,31,0,0.0,2.0,8.0,16.0
7288,10,30,1045,1,1,2,1.0,3.0,376.0,610,3.0,2.0,2.0,0.0,3.0,1.0,1.0,1,1,4.0,0.0,0.0,0.0,1931.0,2.0,7,0,0.0,2.0,8.0,1.0
7289,10,30,1045,1,1,2,1.0,3.0,376.0,610,3.0,2.0,2.0,0.0,3.0,1.0,1.0,1,1,4.0,0.0,0.0,0.0,1931.0,2.0,7,0,0.0,2.0,1.0,19.0
7290,10,30,1045,1,1,2,1.0,3.0,376.0,610,3.0,2.0,2.0,0.0,3.0,1.0,1.0,4,4,0.0,0.0,0.0,0.0,1931.0,2.0,7,0,0.0,2.0,8.0,1.0
7291,10,30,1045,1,1,2,1.0,3.0,376.0,610,3.0,2.0,2.0,0.0,3.0,1.0,1.0,4,4,0.0,0.0,0.0,0.0,1931.0,2.0,7,0,0.0,2.0,1.0,19.0
7292,10,30,1045,1,1,2,1.0,3.0,376.0,610,3.0,2.0,2.0,0.0,3.0,1.0,1.0,1,1,4.0,0.0,0.0,0.0,1965.0,2.0,7,0,0.0,2.0,8.0,1.0
7293,10,30,1045,1,1,2,1.0,3.0,376.0,610,3.0,2.0,2.0,0.0,3.0,1.0,1.0,1,1,4.0,0.0,0.0,0.0,1965.0,2.0,7,0,0.0,2.0,1.0,19.0
7294,10,30,1045,1,1,2,1.0,3.0,376.0,610,3.0,2.0,2.0,0.0,3.0,1.0,1.0,4,4,4.0,0.0,0.0,0.0,1961.0,2.0,7,0,0.0,2.0,8.0,1.0
7295,10,30,1045,1,1,2,1.0,3.0,376.0,610,3.0,2.0,2.0,0.0,3.0,1.0,1.0,4,4,4.0,0.0,0.0,0.0,1961.0,2.0,7,0,0.0,2.0,1.0,19.0
7296,10,30,1045,1,1,2,1.0,3.0,376.0,610,3.0,2.0,2.0,0.0,3.0,1.0,1.0,4,1,4.0,0.0,0.0,0.0,2005.0,2.0,7,0,0.0,2.0,8.0,1.0
7297,10,30,1045,1,1,2,1.0,3.0,376.0,610,3.0,2.0,2.0,0.0,3.0,1.0,1.0,4,1,4.0,0.0,0.0,0.0,2005.0,2.0,7,0,0.0,2.0,1.0,19.0
7298,11,8,800,2,1,1,1.0,7.0,93.0,610,3.0,2.0,2.0,0.0,2.0,2.0,7.0,1,1,1.0,0.0,0.0,0.0,1961.0,2.0,7,0,16.0,0.0,9.0,1.0
7299,11,17,1930,3,1,2,8.0,1.0,95.0,610,3.0,2.0,2.0,0.0,1.0,1.0,2.0,1,1,1.0,0.0,0.0,0.0,1947.0,2.0,7,0,0.0,2.0,7.0,19.0
7300,11,17,1930,3,1,2,8.0,1.0,95.0,610,3.0,2.0,2.0,0.0,1.0,1.0,2.0,1,1,1.0,0.0,0.0,0.0,1947.0,2.0,7,0,0.0,2.0,1.0,1.0
7301,11,17,1930,3,1,2,8.0,1.0,95.0,610,3.0,2.0,2.0,0.0,1.0,1.0,2.0,1,4,3.0,0.0,0.0,0.0,1961.0,2.0,7,0,0.0,2.0,7.0,19.0
7302,11,17,1930,3,1,2,8.0,1.0,95.0,610,3.0,2.0,2.0,0.0,1.0,1.0,2.0,1,4,3.0,0.0,0.0,0.0,1961.0,2.0,7,0,0.0,2.0,1.0,1.0
7303,8,3,1445,1,2,1,1.0,6.0,145.0,610,3.0,2.0,2.0,0.0,2.0,1.0,1.0,1,1,3.0,0.0,0.0,0.0,1947.0,1.0,7,0,0.0,1.0,1.0,1.0
7304,8,3,1445,1,2,1,1.0,6.0,145.0,610,3.0,2.0,2.0,0.0,2.0,1.0,1.0,3,4,3.0,2.0,3.0,1.0,1937.0,1.0,7,0,0.0,1.0,1.0,1.0
7305,10,18,1445,1,2,1,1.0,3.0,145.0,610,3.0,2.0,2.0,0.0,1.0,1.0,1.0,1,1,2.0,0.0,0.0,0.0,1954.0,1.0,7,0,0.0,2.0,8.0,20.0
7306,10,18,1445,1,2,1,1.0,3.0,145.0,610,3.0,2.0,2.0,0.0,1.0,1.0,1.0,1,1,2.0,0.0,0.0,0.0,1954.0,1.0,7,0,0.0,2.0,2.0,1.0
7307,10,18,1445,1,2,1,1.0,3.0,145.0,610,3.0,2.0,2.0,0.0,1.0,1.0,1.0,1,4,4.0,0.0,0.0,0.0,1948.0,1.0,7,0,0.0,2.0,8.0,20.0
7308,10,18,1445,1,2,1,1.0,3.0,145.0,610,3.0,2.0,2.0,0.0,1.0,1.0,1.0,1,4,4.0,0.0,0.0,0.0,1948.0,1.0,7,0,0.0,2.0,2.0,1.0
7309,11,12,345,3,1,1,1.0,6.0,201.0,610,3.0,2.0,2.0,0.0,2.0,2.0,1.0,1,1,4.0,0.0,0.0,0.0,1993.0,1.0,33,0,3.0,0.0,1.0,1.0
7310,12,1,2330,4,2,1,1.0,6.0,362.0,610,3.0,2.0,2.0,0.0,1.0,1.0,2.0,1,1,4.0,0.0,0.0,0.0,1994.0,1.0,30,0,7.0,0.0,1.0,1.0
7311,12,15,1815,3,2,1,5.0,6.0,163.0,610,3.0,2.0,2.0,0.0,2.0,3.0,2.0,1,1,9.0,0.0,0.0,0.0,1966.0,1.0,7,0,2.0,0.0,8.0,13.0
7312,12,17,1930,5,2,1,1.0,6.0,145.0,610,4.0,2.0,2.0,0.0,2.0,1.0,1.0,1,1,4.0,0.0,0.0,0.0,1965.0,0.0,7,0,0.0,1.0,3.0,1.0
7313,12,17,1930,5,2,1,1.0,6.0,145.0,610,4.0,2.0,2.0,0.0,2.0,1.0,1.0,3,4,4.0,2.0,3.0,1.0,1972.0,0.0,7,0,0.0,1.0,3.0,1.0
7314,2,5,1745,2,1,1,1.0,6.0,381.0,610,3.0,2.0,2.0,0.0,4.0,1.0,2.0,1,1,4.0,0.0,0.0,0.0,1957.0,2.0,7,0,6.0,0.0,1.0,1.0
7315,5,11,1445,1,2,1,1.0,7.0,121.0,610,3.0,2.0,2.0,0.0,2.0,2.0,1.0,1,4,4.0,0.0,0.0,0.0,1934.0,2.0,1,0,16.0,0.0,7.0,1.0
7316,7,7,1900,1,1,3,1.0,1.0,327.0,610,3.0,2.0,2.0,0.0,1.0,1.0,1.0,1,1,4.0,0.0,0.0,0.0,1926.0,1.0,7,0,0.0,2.0,1.0,15.0
7317,7,7,1900,1,1,3,1.0,1.0,327.0,610,3.0,2.0,2.0,0.0,1.0,1.0,1.0,1,1,4.0,0.0,0.0,0.0,1926.0,2.0,7,0,0.0,2.0,1.0,1.0
7318,7,7,1900,1,1,3,1.0,1.0,327.0,610,3.0,2.0,2.0,0.0,1.0,1.0,1.0,1,4,4.0,0.0,0.0,0.0,1958.0,1.0,7,0,0.0,2.0,1.0,15.0
7319,7,7,1900,1,1,3,1.0,1.0,327.0,610,3.0,2.0,2.0,0.0,1.0,1.0,1.0,1,4,4.0,0.0,0.0,0.0,1958.0,2.0,7,0,0.0,2.0,1.0,1.0
7320,11,5,1945,3,1,1,1.0,2.0,381.0,610,3.0,2.0,2.0,0.0,1.0,1.0,1.0,1,4,4.0,0.0,0.0,0.0,1972.0,2.0,7,0,0.0,2.0,2.0,1.0
7321,11,5,1945,3,1,1,1.0,2.0,381.0,610,3.0,2.0,2.0,0.0,1.0,1.0,1.0,1,4,4.0,0.0,0.0,0.0,1972.0,2.0,2,0,0.0,2.0,4.0,2.0
7322,11,5,1945,3,1,1,1.0,2.0,381.0,610,3.0,2.0,2.0,0.0,1.0,1.0,1.0,1,1,0.0,0.0,0.0,0.0,1999.0,2.0,7,0,0.0,2.0,2.0,1.0
7323,11,5,1945,3,1,1,1.0,2.0,381.0,610,3.0,2.0,2.0,0.0,1.0,1.0,1.0,1,1,0.0,0.0,0.0,0.0,1999.0,2.0,2,0,0.0,2.0,4.0,2.0
7324,11,18,1630,1,2,4,1.0,3.0,293.0,610,3.0,2.0,2.0,0.0,1.0,1.0,1.0,1,1,4.0,0.0,0.0,0.0,1994.0,2.0,33,0,0.0,2.0,1.0,1.0
7325,11,18,1630,1,2,4,1.0,3.0,293.0,610,3.0,2.0,2.0,0.0,1.0,1.0,1.0,1,1,4.0,0.0,0.0,0.0,1994.0,0.0,3,0,0.0,2.0,3.0,15.0
7326,11,18,1630,1,2,4,1.0,3.0,293.0,610,3.0,2.0,2.0,0.0,1.0,1.0,1.0,1,1,3.0,0.0,0.0,0.0,1937.0,2.0,33,0,0.0,2.0,1.0,1.0
7327,11,18,1630,1,2,4,1.0,3.0,293.0,610,3.0,2.0,2.0,0.0,1.0,1.0,1.0,1,1,3.0,0.0,0.0,0.0,1937.0,0.0,3,0,0.0,2.0,3.0,15.0
7328,11,27,1545,1,1,2,1.0,1.0,118.0,610,3.0,2.0,2.0,0.0,2.0,1.0,1.0,1,1,4.0,0.0,0.0,0.0,1938.0,2.0,7,0,0.0,2.0,7.0,15.0
7329,11,27,1545,1,1,2,1.0,1.0,118.0,610,3.0,2.0,2.0,0.0,2.0,1.0,1.0,1,1,4.0,0.0,0.0,0.0,1938.0,1.0,7,0,0.0,2.0,2.0,1.0
7330,11,27,1545,1,1,2,1.0,1.0,118.0,610,3.0,2.0,2.0,0.0,2.0,1.0,1.0,1,1,4.0,0.0,0.0,0.0,1987.0,2.0,7,0,0.0,2.0,7.0,15.0
7331,11,27,1545,1,1,2,1.0,1.0,118.0,610,3.0,2.0,2.0,0.0,2.0,1.0,1.0,1,1,4.0,0.0,0.0,0.0,1987.0,1.0,7,0,0.0,2.0,2.0,1.0
7332,11,27,1545,1,1,2,1.0,1.0,118.0,610,3.0,2.0,2.0,0.0,2.0,1.0,1.0,4,4,0.0,0.0,0.0,0.0,1995.0,2.0,7,0,0.0,2.0,7.0,15.0
7333,11,27,1545,1,1,2,1.0,1.0,118.0,610,3.0,2.0,2.0,0.0,2.0,1.0,1.0,4,4,0.0,0.0,0.0,0.0,1995.0,1.0,7,0,0.0,2.0,2.0,1.0
7334,2,11,1300,1,1,1,1.0,2.0,79.0,610,3.0,2.0,2.0,0.0,1.0,1.0,1.0,1,1,3.0,0.0,0.0,0.0,1975.0,2.0,30,0,1.0,0.0,1.0,20.0
7335,2,11,1300,1,1,1,1.0,2.0,79.0,610,3.0,2.0,2.0,0.0,1.0,1.0,1.0,1,1,3.0,0.0,0.0,0.0,1975.0,2.0,15,0,0.0,2.0,4.0,24.0
7336,2,11,1300,1,1,1,1.0,2.0,79.0,610,3.0,2.0,2.0,0.0,1.0,1.0,1.0,1,1,0.0,0.0,0.0,0.0,1962.0,2.0,30,0,1.0,0.0,1.0,20.0
7337,2,11,1300,1,1,1,1.0,2.0,79.0,610,3.0,2.0,2.0,0.0,1.0,1.0,1.0,1,1,0.0,0.0,0.0,0.0,1962.0,2.0,15,0,0.0,2.0,4.0,24.0
7338,6,26,315,3,1,1,1.0,6.0,379.0,610,4.0,2.0,2.0,0.0,1.0,3.0,1.0,1,1,9.0,0.0,0.0,0.0,1997.0,0.0,7,0,2.0,0.0,1.0,13.0
7339,6,28,1230,1,1,2,1.0,2.0,246.0,610,3.0,2.0,2.0,0.0,2.0,1.0,1.0,1,1,1.0,0.0,0.0,0.0,1977.0,2.0,33,0,0.0,2.0,1.0,1.0
7340,6,28,1230,1,1,2,1.0,2.0,246.0,610,3.0,2.0,2.0,0.0,2.0,1.0,1.0,1,1,1.0,0.0,0.0,0.0,1977.0,1.0,7,0,0.0,2.0,4.0,15.0
7341,6,28,1230,1,1,2,1.0,2.0,246.0,610,3.0,2.0,2.0,0.0,2.0,1.0,1.0,1,1,2.0,0.0,0.0,0.0,1966.0,2.0,33,0,0.0,2.0,1.0,1.0
7342,6,28,1230,1,1,2,1.0,2.0,246.0,610,3.0,2.0,2.0,0.0,2.0,1.0,1.0,1,1,2.0,0.0,0.0,0.0,1966.0,1.0,7,0,0.0,2.0,4.0,15.0
7343,8,25,800,1,2,9,1.0,3.0,394.0,610,3.0,2.0,2.0,0.0,3.0,1.0,1.0,1,1,1.0,0.0,0.0,0.0,1984.0,1.0,33,0,0.0,2.0,2.0,1.0
7344,8,25,800,1,2,9,1.0,3.0,394.0,610,3.0,2.0,2.0,0.0,3.0,1.0,1.0,1,1,1.0,0.0,0.0,0.0,1984.0,0.0,21,0,0.0,2.0,3.0,23.0
7345,8,25,800,1,2,9,1.0,3.0,394.0,610,3.0,2.0,2.0,0.0,3.0,1.0,1.0,1,1,2.0,0.0,0.0,0.0,1964.0,1.0,33,0,0.0,2.0,2.0,1.0
7346,8,25,800,1,2,9,1.0,3.0,394.0,610,3.0,2.0,2.0,0.0,3.0,1.0,1.0,1,1,2.0,0.0,0.0,0.0,1964.0,0.0,21,0,0.0,2.0,3.0,23.0
7347,8,28,830,1,1,1,1.0,6.0,112.0,610,3.0,2.0,2.0,0.0,3.0,2.0,1.0,1,1,4.0,0.0,0.0,0.0,1996.0,1.0,10,0,8.0,0.0,9.0,14.0
7348,1,10,1100,1,1,1,1.0,7.0,140.0,610,3.0,2.0,2.0,0.0,1.0,3.0,2.0,1,1,4.0,0.0,0.0,0.0,1996.0,1.0,7,0,16.0,0.0,9.0,18.0
7349,2,5,2015,3,1,1,1.0,5.0,432.0,610,3.0,2.0,2.0,0.0,1.0,1.0,2.0,1,1,0.0,0.0,0.0,0.0,1960.0,0.0,7,0,0.0,2.0,3.0,11.0
7350,2,5,2015,3,1,1,1.0,5.0,432.0,610,3.0,2.0,2.0,0.0,1.0,1.0,2.0,1,1,0.0,0.0,0.0,0.0,1960.0,0.0,10,0,0.0,2.0,3.0,1.0
7351,2,5,2015,3,1,1,1.0,5.0,432.0,610,3.0,2.0,2.0,0.0,1.0,1.0,2.0,1,1,0.0,0.0,0.0,0.0,1960.0,0.0,7,0,14.0,0.0,1.0,1.0
7352,2,5,2015,3,1,1,1.0,5.0,432.0,610,3.0,2.0,2.0,0.0,1.0,1.0,2.0,1,1,0.0,0.0,0.0,0.0,1960.0,0.0,7,0,14.0,0.0,1.0,1.0
7353,2,5,2015,3,1,1,1.0,5.0,432.0,610,3.0,2.0,2.0,0.0,1.0,1.0,2.0,1,1,2.0,0.0,0.0,0.0,1983.0,0.0,7,0,0.0,2.0,3.0,11.0
7354,2,5,2015,3,1,1,1.0,5.0,432.0,610,3.0,2.0,2.0,0.0,1.0,1.0,2.0,1,1,2.0,0.0,0.0,0.0,1983.0,0.0,10,0,0.0,2.0,3.0,1.0
7355,2,5,2015,3,1,1,1.0,5.0,432.0,610,3.0,2.0,2.0,0.0,1.0,1.0,2.0,1,1,2.0,0.0,0.0,0.0,1983.0,0.0,7,0,14.0,0.0,1.0,1.0
7356,2,5,2015,3,1,1,1.0,5.0,432.0,610,3.0,2.0,2.0,0.0,1.0,1.0,2.0,1,1,2.0,0.0,0.0,0.0,1983.0,0.0,7,0,14.0,0.0,1.0,1.0
7357,2,5,2015,3,1,1,1.0,5.0,432.0,610,3.0,2.0,2.0,0.0,1.0,1.0,2.0,4,4,0.0,0.0,0.0,0.0,2011.0,0.0,7,0,0.0,2.0,3.0,11.0
7358,2,5,2015,3,1,1,1.0,5.0,432.0,610,3.0,2.0,2.0,0.0,1.0,1.0,2.0,4,4,0.0,0.0,0.0,0.0,2011.0,0.0,10,0,0.0,2.0,3.0,1.0
7359,2,5,2015,3,1,1,1.0,5.0,432.0,610,3.0,2.0,2.0,0.0,1.0,1.0,2.0,4,4,0.0,0.0,0.0,0.0,2011.0,0.0,7,0,14.0,0.0,1.0,1.0
7360,2,5,2015,3,1,1,1.0,5.0,432.0,610,3.0,2.0,2.0,0.0,1.0,1.0,2.0,4,4,0.0,0.0,0.0,0.0,2011.0,0.0,7,0,14.0,0.0,1.0,1.0
7361,2,5,2015,3,1,1,1.0,5.0,432.0,610,3.0,2.0,2.0,0.0,1.0,1.0,2.0,1,1,0.0,0.0,0.0,0.0,1983.0,0.0,7,0,0.0,2.0,3.0,11.0
7362,2,5,2015,3,1,1,1.0,5.0,432.0,610,3.0,2.0,2.0,0.0,1.0,1.0,2.0,1,1,0.0,0.0,0.0,0.0,1983.0,0.0,10,0,0.0,2.0,3.0,1.0
7363,2,5,2015,3,1,1,1.0,5.0,432.0,610,3.0,2.0,2.0,0.0,1.0,1.0,2.0,1,1,0.0,0.0,0.0,0.0,1983.0,0.0,7,0,14.0,0.0,1.0,1.0
7364,2,5,2015,3,1,1,1.0,5.0,432.0,610,3.0,2.0,2.0,0.0,1.0,1.0,2.0,1,1,0.0,0.0,0.0,0.0,1983.0,0.0,7,0,14.0,0.0,1.0,1.0
7365,2,5,2015,3,1,1,1.0,5.0,432.0,610,3.0,2.0,2.0,0.0,1.0,1.0,2.0,1,1,0.0,0.0,0.0,0.0,1964.0,0.0,7,0,0.0,2.0,3.0,11.0
7366,2,5,2015,3,1,1,1.0,5.0,432.0,610,3.0,2.0,2.0,0.0,1.0,1.0,2.0,1,1,0.0,0.0,0.0,0.0,1964.0,0.0,10,0,0.0,2.0,3.0,1.0
7367,2,5,2015,3,1,1,1.0,5.0,432.0,610,3.0,2.0,2.0,0.0,1.0,1.0,2.0,1,1,0.0,0.0,0.0,0.0,1964.0,0.0,7,0,14.0,0.0,1.0,1.0
7368,2,5,2015,3,1,1,1.0,5.0,432.0,610,3.0,2.0,2.0,0.0,1.0,1.0,2.0,1,1,0.0,0.0,0.0,0.0,1964.0,0.0,7,0,14.0,0.0,1.0,1.0
7369,2,5,2015,3,1,1,1.0,5.0,432.0,610,3.0,2.0,2.0,0.0,1.0,1.0,2.0,4,4,0.0,0.0,0.0,0.0,1960.0,0.0,7,0,0.0,2.0,3.0,11.0
7370,2,5,2015,3,1,1,1.0,5.0,432.0,610,3.0,2.0,2.0,0.0,1.0,1.0,2.0,4,4,0.0,0.0,0.0,0.0,1960.0,0.0,10,0,0.0,2.0,3.0,1.0
7371,2,5,2015,3,1,1,1.0,5.0,432.0,610,3.0,2.0,2.0,0.0,1.0,1.0,2.0,4,4,0.0,0.0,0.0,0.0,1960.0,0.0,7,0,14.0,0.0,1.0,1.0
7372,2,5,2015,3,1,1,1.0,5.0,432.0,610,3.0,2.0,2.0,0.0,1.0,1.0,2.0,4,4,0.0,0.0,0.0,0.0,1960.0,0.0,7,0,14.0,0.0,1.0,1.0
7373,4,17,2245,3,1,1,1.0,1.0,136.0,610,3.0,2.0,2.0,0.0,1.0,1.0,1.0,1,4,9.0,0.0,0.0,0.0,1987.0,1.0,7,0,0.0,2.0,1.0,13.0
7374,4,17,2245,3,1,1,1.0,1.0,136.0,610,3.0,2.0,2.0,0.0,1.0,1.0,1.0,1,4,9.0,0.0,0.0,0.0,1987.0,2.0,7,0,0.0,2.0,1.0,1.0
7375,4,17,2245,3,1,1,1.0,1.0,136.0,610,3.0,2.0,2.0,0.0,1.0,1.0,1.0,1,1,9.0,0.0,0.0,0.0,1990.0,1.0,7,0,0.0,2.0,1.0,13.0
7376,4,17,2245,3,1,1,1.0,1.0,136.0,610,3.0,2.0,2.0,0.0,1.0,1.0,1.0,1,1,9.0,0.0,0.0,0.0,1990.0,2.0,7,0,0.0,2.0,1.0,1.0
7377,5,14,2200,3,2,1,1.0,6.0,432.0,610,4.0,2.0,2.0,0.0,1.0,1.0,1.0,1,1,4.0,0.0,0.0,0.0,1986.0,0.0,33,0,15.0,0.0,3.0,1.0
7378,6,22,745,1,1,1,1.0,3.0,244.0,610,4.0,2.0,2.0,0.0,4.0,4.0,1.0,1,1,1.0,0.0,0.0,0.0,1998.0,1.0,30,0,0.0,2.0,7.0,13.0
7379,6,22,745,1,1,1,1.0,3.0,244.0,610,4.0,2.0,2.0,0.0,4.0,4.0,1.0,1,1,1.0,0.0,0.0,0.0,1998.0,2.0,10,0,0.0,2.0,7.0,21.0
7380,6,22,745,1,1,1,1.0,3.0,244.0,610,4.0,2.0,2.0,0.0,4.0,4.0,1.0,1,1,1.0,0.0,0.0,0.0,1963.0,1.0,30,0,0.0,2.0,7.0,13.0
7381,6,22,745,1,1,1,1.0,3.0,244.0,610,4.0,2.0,2.0,0.0,4.0,4.0,1.0,1,1,1.0,0.0,0.0,0.0,1963.0,2.0,10,0,0.0,2.0,7.0,21.0
7382,7,7,1615,1,2,1,1.0,7.0,191.0,610,4.0,2.0,2.0,0.0,1.0,2.0,1.0,1,1,4.0,0.0,0.0,0.0,1974.0,0.0,7,0,12.0,0.0,0.0,14.0
7383,7,7,1615,1,2,1,1.0,7.0,191.0,610,4.0,2.0,2.0,0.0,1.0,2.0,1.0,4,1,4.0,0.0,0.0,0.0,2003.0,0.0,7,0,12.0,0.0,0.0,14.0
7384,7,7,1615,1,2,1,1.0,7.0,191.0,610,4.0,2.0,2.0,0.0,1.0,2.0,1.0,4,1,4.0,0.0,0.0,0.0,2003.0,0.0,7,0,12.0,0.0,0.0,14.0
7385,9,19,2230,3,1,1,1.0,6.0,342.0,610,4.0,2.0,2.0,0.0,1.0,3.0,1.0,1,1,4.0,0.0,0.0,0.0,1965.0,0.0,7,0,13.0,0.0,1.0,1.0
7386,3,13,2030,5,2,7,1.0,1.0,491.0,610,3.0,2.0,2.0,0.0,1.0,1.0,1.0,1,1,4.0,0.0,0.0,0.0,1990.0,2.0,99,0,0.0,2.0,1.0,1.0
7387,3,13,2030,5,2,7,1.0,1.0,491.0,610,3.0,2.0,2.0,0.0,1.0,1.0,1.0,1,1,4.0,0.0,0.0,0.0,1990.0,1.0,10,0,0.0,2.0,1.0,15.0
7388,3,13,2030,5,2,7,1.0,1.0,491.0,610,3.0,2.0,2.0,0.0,1.0,1.0,1.0,4,4,0.0,0.0,0.0,0.0,1998.0,2.0,99,0,0.0,2.0,1.0,1.0
7389,3,13,2030,5,2,7,1.0,1.0,491.0,610,3.0,2.0,2.0,0.0,1.0,1.0,1.0,4,4,0.0,0.0,0.0,0.0,1998.0,1.0,10,0,0.0,2.0,1.0,15.0
7390,3,13,2030,5,2,7,1.0,1.0,491.0,610,3.0,2.0,2.0,0.0,1.0,1.0,1.0,1,1,3.0,0.0,0.0,0.0,1973.0,2.0,99,0,0.0,2.0,1.0,1.0
7391,3,13,2030,5,2,7,1.0,1.0,491.0,610,3.0,2.0,2.0,0.0,1.0,1.0,1.0,1,1,3.0,0.0,0.0,0.0,1973.0,1.0,10,0,0.0,2.0,1.0,15.0
7392,5,3,1500,1,1,1,1.0,1.0,395.0,610,3.0,2.0,2.0,0.0,1.0,1.0,1.0,1,1,3.0,0.0,0.0,0.0,1956.0,1.0,7,0,0.0,2.0,1.0,21.0
7393,5,3,1500,1,1,1,1.0,1.0,395.0,610,3.0,2.0,2.0,0.0,1.0,1.0,1.0,1,1,3.0,0.0,0.0,0.0,1956.0,2.0,7,0,0.0,2.0,1.0,13.0
7394,5,3,1500,1,1,1,1.0,1.0,395.0,610,3.0,2.0,2.0,0.0,1.0,1.0,1.0,1,4,0.0,0.0,0.0,0.0,1985.0,1.0,7,0,0.0,2.0,1.0,21.0
7395,5,3,1500,1,1,1,1.0,1.0,395.0,610,3.0,2.0,2.0,0.0,1.0,1.0,1.0,1,4,0.0,0.0,0.0,0.0,1985.0,2.0,7,0,0.0,2.0,1.0,13.0
7396,5,16,1545,1,1,1,8.0,3.0,491.0,610,2.0,3.0,3.0,0.0,1.0,1.0,1.0,1,4,9.0,0.0,0.0,0.0,1956.0,1.0,7,0,0.0,2.0,2.0,17.0
7397,5,16,1545,1,1,1,8.0,3.0,491.0,610,2.0,3.0,3.0,0.0,1.0,1.0,1.0,1,4,9.0,0.0,0.0,0.0,1956.0,1.0,30,0,0.0,2.0,3.0,2.0
7398,5,16,1545,1,1,1,8.0,3.0,491.0,610,2.0,3.0,3.0,0.0,1.0,1.0,1.0,1,4,0.0,0.0,0.0,0.0,1978.0,1.0,7,0,0.0,2.0,2.0,17.0
7399,5,16,1545,1,1,1,8.0,3.0,491.0,610,2.0,3.0,3.0,0.0,1.0,1.0,1.0,1,4,0.0,0.0,0.0,0.0,1978.0,1.0,30,0,0.0,2.0,3.0,2.0
7400,5,20,1215,1,1,1,1.0,1.0,230.0,610,3.0,2.0,2.0,0.0,1.0,2.0,1.0,1,4,3.0,0.0,0.0,0.0,1935.0,1.0,7,0,0.0,2.0,3.0,13.0
7401,5,20,1215,1,1,1,1.0,1.0,230.0,610,3.0,2.0,2.0,0.0,1.0,2.0,1.0,1,4,3.0,0.0,0.0,0.0,1935.0,2.0,15,0,0.0,2.0,3.0,1.0
7402,5,20,1215,1,1,1,1.0,1.0,230.0,610,3.0,2.0,2.0,0.0,1.0,2.0,1.0,1,1,2.0,0.0,0.0,0.0,1963.0,1.0,7,0,0.0,2.0,3.0,13.0