,month,day,time,light,location,intersection,atmosphere,collision,municipality,department,road,traffic,nblanes,reslane,laneprofile,plan,surface,user,sex,route,pedlocation,pedaction,pedcondition,birth,dirtraffic,catvehicle,nboccupants,obstacle,movobstacle,impact,maneuver
7403,5,20,1215,1,1,1,1.0,1.0,230.0,610,3.0,2.0,2.0,0.0,1.0,2.0,1.0,1,1,2.0,0.0,0.0,0.0,1963.0,2.0,15,0,0.0,2.0,3.0,1.0
7404,9,13,840,1,2,1,1.0,6.0,116.0,610,3.0,2.0,2.0,0.0,1.0,1.0,1.0,1,1,4.0,0.0,0.0,0.0,1973.0,1.0,7,0,0.0,1.0,4.0,20.0
7405,9,13,840,1,2,1,1.0,6.0,116.0,610,3.0,2.0,2.0,0.0,1.0,1.0,1.0,4,4,0.0,0.0,0.0,0.0,1994.0,1.0,7,0,0.0,1.0,4.0,20.0
7406,9,13,840,1,2,1,1.0,6.0,116.0,610,3.0,2.0,2.0,0.0,1.0,1.0,1.0,4,4,0.0,0.0,0.0,0.0,2001.0,1.0,7,0,0.0,1.0,4.0,20.0
7407,9,13,840,1,2,1,1.0,6.0,116.0,610,3.0,2.0,2.0,0.0,1.0,1.0,1.0,3,4,4.0,4.0,3.0,1.0,1931.0,1.0,7,0,0.0,1.0,4.0,20.0
7408,11,2,1215,1,1,1,1.0,6.0,116.0,610,3.0,2.0,2.0,0.0,1.0,2.0,1.0,1,4,4.0,0.0,0.0,0.0,1991.0,1.0,7,0,2.0,0.0,1.0,21.0
7409,11,2,1215,1,1,1,1.0,6.0,116.0,610,3.0,2.0,2.0,0.0,1.0,2.0,1.0,4,4,0.0,0.0,0.0,0.0,1993.0,1.0,7,0,2.0,0.0,1.0,21.0
7410,11,2,1215,1,1,1,1.0,6.0,116.0,610,3.0,2.0,2.0,0.0,1.0,2.0,1.0,4,1,0.0,0.0,0.0,0.0,2013.0,1.0,7,0,2.0,0.0,1.0,21.0
7411,11,2,1215,1,1,1,1.0,6.0,116.0,610,3.0,2.0,2.0,0.0,1.0,2.0,1.0,4,4,0.0,0.0,0.0,0.0,2011.0,1.0,7,0,2.0,0.0,1.0,21.0
7412,11,17,2145,3,1,1,2.0,6.0,230.0,610,3.0,2.0,2.0,0.0,1.0,4.0,2.0,1,1,4.0,0.0,0.0,0.0,1997.0,1.0,7,0,13.0,0.0,1.0,13.0
7413,11,17,2145,3,1,1,2.0,6.0,230.0,610,3.0,2.0,2.0,0.0,1.0,4.0,2.0,4,1,4.0,0.0,0.0,0.0,1995.0,1.0,7,0,13.0,0.0,1.0,13.0
7414,12,2,700,3,1,1,1.0,7.0,61.0,610,3.0,2.0,2.0,0.0,1.0,1.0,2.0,1,4,1.0,0.0,0.0,0.0,1985.0,2.0,7,0,13.0,0.0,2.0,14.0
7415,12,11,2000,3,1,1,5.0,6.0,241.0,610,3.0,2.0,2.0,0.0,1.0,1.0,2.0,1,4,0.0,0.0,0.0,0.0,1997.0,1.0,7,0,6.0,0.0,2.0,1.0
7416,4,19,1730,1,1,1,1.0,3.0,204.0,440,3.0,2.0,3.0,0.0,1.0,1.0,1.0,1,1,4.0,0.0,0.0,0.0,1966.0,2.0,1,0,0.0,2.0,3.0,13.0
7417,4,19,1730,1,1,1,1.0,3.0,204.0,440,3.0,2.0,3.0,0.0,1.0,1.0,1.0,1,1,4.0,0.0,0.0,0.0,1966.0,2.0,14,0,0.0,2.0,7.0,17.0
7418,4,19,1730,1,1,1,1.0,3.0,204.0,440,3.0,2.0,3.0,0.0,1.0,1.0,1.0,1,1,2.0,0.0,0.0,0.0,1991.0,2.0,1,0,0.0,2.0,3.0,13.0
7419,4,19,1730,1,1,1,1.0,3.0,204.0,440,3.0,2.0,3.0,0.0,1.0,1.0,1.0,1,1,2.0,0.0,0.0,0.0,1991.0,2.0,14,0,0.0,2.0,7.0,17.0
7420,4,20,2030,2,2,1,2.0,6.0,172.0,440,4.0,2.0,1.0,0.0,1.0,1.0,1.0,1,1,4.0,0.0,0.0,0.0,1982.0,0.0,7,0,8.0,0.0,3.0,1.0
7421,7,12,1245,1,2,1,1.0,1.0,172.0,440,9.0,2.0,0.0,2.0,1.0,1.0,1.0,1,1,1.0,0.0,0.0,0.0,1961.0,0.0,1,0,1.0,0.0,1.0,1.0
7422,7,12,1245,1,2,1,1.0,1.0,172.0,440,9.0,2.0,0.0,2.0,1.0,1.0,1.0,1,1,1.0,0.0,0.0,0.0,1961.0,0.0,17,0,0.0,2.0,3.0,0.0
7423,7,12,1245,1,2,1,1.0,1.0,172.0,440,9.0,2.0,0.0,2.0,1.0,1.0,1.0,1,1,2.0,0.0,0.0,0.0,1961.0,0.0,1,0,1.0,0.0,1.0,1.0
7424,7,12,1245,1,2,1,1.0,1.0,172.0,440,9.0,2.0,0.0,2.0,1.0,1.0,1.0,1,1,2.0,0.0,0.0,0.0,1961.0,0.0,17,0,0.0,2.0,3.0,0.0
7425,10,26,1900,1,2,1,1.0,6.0,172.0,440,3.0,2.0,2.0,0.0,1.0,1.0,1.0,1,1,1.0,0.0,0.0,0.0,1985.0,1.0,7,0,0.0,1.0,3.0,1.0
7426,10,26,1900,1,2,1,1.0,6.0,172.0,440,3.0,2.0,2.0,0.0,1.0,1.0,1.0,4,1,1.0,0.0,0.0,0.0,1970.0,1.0,7,0,0.0,1.0,3.0,1.0
7427,10,26,1900,1,2,1,1.0,6.0,172.0,440,3.0,2.0,2.0,0.0,1.0,1.0,1.0,3,1,3.0,2.0,3.0,1.0,1957.0,1.0,7,0,0.0,1.0,3.0,1.0
7428,7,12,730,1,1,1,1.0,3.0,26.0,440,3.0,2.0,2.0,0.0,1.0,1.0,1.0,1,1,1.0,0.0,0.0,0.0,1974.0,2.0,33,0,0.0,2.0,1.0,17.0
7429,7,12,730,1,1,1,1.0,3.0,26.0,440,3.0,2.0,2.0,0.0,1.0,1.0,1.0,1,1,1.0,0.0,0.0,0.0,1974.0,2.0,7,0,0.0,0.0,6.0,15.0
7430,7,12,730,1,1,1,1.0,3.0,26.0,440,3.0,2.0,2.0,0.0,1.0,1.0,1.0,1,1,1.0,0.0,0.0,0.0,1996.0,2.0,33,0,0.0,2.0,1.0,17.0
7431,7,12,730,1,1,1,1.0,3.0,26.0,440,3.0,2.0,2.0,0.0,1.0,1.0,1.0,1,1,1.0,0.0,0.0,0.0,1996.0,2.0,7,0,0.0,0.0,6.0,15.0
7432,9,4,2015,1,1,1,1.0,6.0,26.0,440,4.0,0.0,2.0,0.0,0.0,1.0,1.0,1,1,4.0,0.0,0.0,0.0,1994.0,0.0,7,0,9.0,0.0,3.0,1.0
7433,9,4,2015,1,1,1,1.0,6.0,26.0,440,4.0,0.0,2.0,0.0,0.0,1.0,1.0,4,1,0.0,0.0,0.0,0.0,1996.0,0.0,7,0,9.0,0.0,3.0,1.0
7434,9,20,1615,1,1,1,1.0,1.0,26.0,440,3.0,2.0,2.0,0.0,0.0,1.0,1.0,1,1,4.0,0.0,0.0,0.0,1950.0,1.0,1,0,0.0,0.0,4.0,2.0
7435,9,20,1615,1,1,1,1.0,1.0,26.0,440,3.0,2.0,2.0,0.0,0.0,1.0,1.0,1,1,4.0,0.0,0.0,0.0,1950.0,1.0,1,0,0.0,2.0,1.0,2.0
7436,9,20,1615,1,1,1,1.0,1.0,26.0,440,3.0,2.0,2.0,0.0,0.0,1.0,1.0,1,1,4.0,0.0,0.0,0.0,1951.0,1.0,1,0,0.0,0.0,4.0,2.0
7437,9,20,1615,1,1,1,1.0,1.0,26.0,440,3.0,2.0,2.0,0.0,0.0,1.0,1.0,1,1,4.0,0.0,0.0,0.0,1951.0,1.0,1,0,0.0,2.0,1.0,2.0
7438,11,15,2025,5,2,1,1.0,1.0,26.0,440,4.0,2.0,2.0,0.0,1.0,3.0,1.0,1,4,1.0,0.0,0.0,0.0,1973.0,2.0,7,0,0.0,2.0,1.0,1.0
7439,11,15,2025,5,2,1,1.0,1.0,26.0,440,4.0,2.0,2.0,0.0,1.0,3.0,1.0,1,4,1.0,0.0,0.0,0.0,1973.0,0.0,34,0,0.0,2.0,0.0,2.0
7440,11,15,2025,5,2,1,1.0,1.0,26.0,440,4.0,2.0,2.0,0.0,1.0,3.0,1.0,1,1,4.0,0.0,0.0,0.0,1990.0,2.0,7,0,0.0,2.0,1.0,1.0
7441,11,15,2025,5,2,1,1.0,1.0,26.0,440,4.0,2.0,2.0,0.0,1.0,3.0,1.0,1,1,4.0,0.0,0.0,0.0,1990.0,0.0,34,0,0.0,2.0,0.0,2.0
7442,1,27,1430,1,1,1,1.0,5.0,64.0,440,3.0,0.0,2.0,0.0,2.0,2.0,1.0,1,1,1.0,0.0,0.0,0.0,1968.0,1.0,7,0,0.0,2.0,1.0,0.0
7443,1,27,1430,1,1,1,1.0,5.0,64.0,440,3.0,0.0,2.0,0.0,2.0,2.0,1.0,1,1,1.0,0.0,0.0,0.0,1968.0,2.0,7,0,0.0,2.0,7.0,13.0
7444,1,27,1430,1,1,1,1.0,5.0,64.0,440,3.0,0.0,2.0,0.0,2.0,2.0,1.0,1,1,1.0,0.0,0.0,0.0,1968.0,1.0,7,0,0.0,2.0,1.0,1.0
7445,1,27,1430,1,1,1,1.0,5.0,64.0,440,3.0,0.0,2.0,0.0,2.0,2.0,1.0,1,4,4.0,0.0,0.0,0.0,1984.0,1.0,7,0,0.0,2.0,1.0,0.0
7446,1,27,1430,1,1,1,1.0,5.0,64.0,440,3.0,0.0,2.0,0.0,2.0,2.0,1.0,1,4,4.0,0.0,0.0,0.0,1984.0,2.0,7,0,0.0,2.0,7.0,13.0
7447,1,27,1430,1,1,1,1.0,5.0,64.0,440,3.0,0.0,2.0,0.0,2.0,2.0,1.0,1,4,4.0,0.0,0.0,0.0,1984.0,1.0,7,0,0.0,2.0,1.0,1.0
7448,1,27,1430,1,1,1,1.0,5.0,64.0,440,3.0,0.0,2.0,0.0,2.0,2.0,1.0,4,1,0.0,0.0,0.0,0.0,2013.0,1.0,7,0,0.0,2.0,1.0,0.0
7449,1,27,1430,1,1,1,1.0,5.0,64.0,440,3.0,0.0,2.0,0.0,2.0,2.0,1.0,4,1,0.0,0.0,0.0,0.0,2013.0,2.0,7,0,0.0,2.0,7.0,13.0
7450,1,27,1430,1,1,1,1.0,5.0,64.0,440,3.0,0.0,2.0,0.0,2.0,2.0,1.0,4,1,0.0,0.0,0.0,0.0,2013.0,1.0,7,0,0.0,2.0,1.0,1.0
7451,1,27,1430,1,1,1,1.0,5.0,64.0,440,3.0,0.0,2.0,0.0,2.0,2.0,1.0,4,1,0.0,0.0,0.0,0.0,2010.0,1.0,7,0,0.0,2.0,1.0,0.0
7452,1,27,1430,1,1,1,1.0,5.0,64.0,440,3.0,0.0,2.0,0.0,2.0,2.0,1.0,4,1,0.0,0.0,0.0,0.0,2010.0,2.0,7,0,0.0,2.0,7.0,13.0
7453,1,27,1430,1,1,1,1.0,5.0,64.0,440,3.0,0.0,2.0,0.0,2.0,2.0,1.0,4,1,0.0,0.0,0.0,0.0,2010.0,1.0,7,0,0.0,2.0,1.0,1.0
7454,1,27,1430,1,1,1,1.0,5.0,64.0,440,3.0,0.0,2.0,0.0,2.0,2.0,1.0,4,1,0.0,0.0,0.0,0.0,2004.0,1.0,7,0,0.0,2.0,1.0,0.0
7455,1,27,1430,1,1,1,1.0,5.0,64.0,440,3.0,0.0,2.0,0.0,2.0,2.0,1.0,4,1,0.0,0.0,0.0,0.0,2004.0,2.0,7,0,0.0,2.0,7.0,13.0
7456,1,27,1430,1,1,1,1.0,5.0,64.0,440,3.0,0.0,2.0,0.0,2.0,2.0,1.0,4,1,0.0,0.0,0.0,0.0,2004.0,1.0,7,0,0.0,2.0,1.0,1.0
7457,1,27,1430,1,1,1,1.0,5.0,64.0,440,3.0,0.0,2.0,0.0,2.0,2.0,1.0,1,1,4.0,0.0,0.0,0.0,1963.0,1.0,7,0,0.0,2.0,1.0,0.0
7458,1,27,1430,1,1,1,1.0,5.0,64.0,440,3.0,0.0,2.0,0.0,2.0,2.0,1.0,1,1,4.0,0.0,0.0,0.0,1963.0,2.0,7,0,0.0,2.0,7.0,13.0
7459,1,27,1430,1,1,1,1.0,5.0,64.0,440,3.0,0.0,2.0,0.0,2.0,2.0,1.0,1,1,4.0,0.0,0.0,0.0,1963.0,1.0,7,0,0.0,2.0,1.0,1.0
7460,1,27,1430,1,1,1,1.0,5.0,64.0,440,3.0,0.0,2.0,0.0,2.0,2.0,1.0,4,4,0.0,0.0,0.0,0.0,1960.0,1.0,7,0,0.0,2.0,1.0,0.0
7461,1,27,1430,1,1,1,1.0,5.0,64.0,440,3.0,0.0,2.0,0.0,2.0,2.0,1.0,4,4,0.0,0.0,0.0,0.0,1960.0,2.0,7,0,0.0,2.0,7.0,13.0
7462,1,27,1430,1,1,1,1.0,5.0,64.0,440,3.0,0.0,2.0,0.0,2.0,2.0,1.0,4,4,0.0,0.0,0.0,0.0,1960.0,1.0,7,0,0.0,2.0,1.0,1.0
7463,3,13,2100,3,1,1,2.0,2.0,102.0,440,3.0,0.0,2.0,0.0,1.0,1.0,2.0,1,1,4.0,0.0,0.0,0.0,1991.0,1.0,10,0,0.0,0.0,6.0,1.0
7464,3,13,2100,3,1,1,2.0,2.0,102.0,440,3.0,0.0,2.0,0.0,1.0,1.0,2.0,1,1,4.0,0.0,0.0,0.0,1991.0,1.0,33,0,0.0,2.0,1.0,1.0
7465,3,13,2100,3,1,1,2.0,2.0,102.0,440,3.0,0.0,2.0,0.0,1.0,1.0,2.0,1,1,4.0,0.0,0.0,0.0,1992.0,1.0,10,0,0.0,0.0,6.0,1.0
7466,3,13,2100,3,1,1,2.0,2.0,102.0,440,3.0,0.0,2.0,0.0,1.0,1.0,2.0,1,1,4.0,0.0,0.0,0.0,1992.0,1.0,33,0,0.0,2.0,1.0,1.0
7467,5,22,900,1,2,1,2.0,1.0,64.0,440,4.0,2.0,2.0,0.0,1.0,2.0,2.0,1,4,1.0,0.0,0.0,0.0,1988.0,0.0,7,0,0.0,2.0,3.0,1.0
7468,5,22,900,1,2,1,2.0,1.0,64.0,440,4.0,2.0,2.0,0.0,1.0,2.0,2.0,1,4,1.0,0.0,0.0,0.0,1988.0,0.0,7,0,0.0,2.0,3.0,0.0
7469,5,22,900,1,2,1,2.0,1.0,64.0,440,4.0,2.0,2.0,0.0,1.0,2.0,2.0,1,1,4.0,0.0,0.0,0.0,1932.0,0.0,7,0,0.0,2.0,3.0,1.0
7470,5,22,900,1,2,1,2.0,1.0,64.0,440,4.0,2.0,2.0,0.0,1.0,2.0,2.0,1,1,4.0,0.0,0.0,0.0,1932.0,0.0,7,0,0.0,2.0,3.0,0.0
7471,5,22,900,1,2,1,2.0,1.0,64.0,440,4.0,2.0,2.0,0.0,1.0,2.0,2.0,4,4,0.0,0.0,0.0,0.0,1936.0,0.0,7,0,0.0,2.0,3.0,1.0
7472,5,22,900,1,2,1,2.0,1.0,64.0,440,4.0,2.0,2.0,0.0,1.0,2.0,2.0,4,4,0.0,0.0,0.0,0.0,1936.0,0.0,7,0,0.0,2.0,3.0,0.0
7473,7,20,1515,1,1,1,1.0,1.0,14.0,440,3.0,2.0,0.0,0.0,1.0,1.0,1.0,1,1,4.0,0.0,0.0,0.0,1975.0,1.0,7,0,0.0,2.0,3.0,13.0
7474,7,20,1515,1,1,1,1.0,1.0,14.0,440,3.0,2.0,0.0,0.0,1.0,1.0,1.0,1,1,4.0,0.0,0.0,0.0,1975.0,2.0,17,0,0.0,2.0,3.0,1.0
7475,7,20,1515,1,1,1,1.0,1.0,14.0,440,3.0,2.0,0.0,0.0,1.0,1.0,1.0,1,1,2.0,0.0,0.0,0.0,1983.0,1.0,7,0,0.0,2.0,3.0,13.0
7476,7,20,1515,1,1,1,1.0,1.0,14.0,440,3.0,2.0,0.0,0.0,1.0,1.0,1.0,1,1,2.0,0.0,0.0,0.0,1983.0,2.0,17,0,0.0,2.0,3.0,1.0
7477,7,23,1800,1,1,1,1.0,1.0,14.0,440,3.0,2.0,2.0,0.0,3.0,3.0,1.0,1,1,4.0,0.0,0.0,0.0,1994.0,1.0,7,0,0.0,2.0,1.0,0.0
7478,7,23,1800,1,1,1,1.0,1.0,14.0,440,3.0,2.0,2.0,0.0,3.0,3.0,1.0,1,1,4.0,0.0,0.0,0.0,1994.0,2.0,30,0,0.0,2.0,1.0,1.0
7479,7,23,1800,1,1,1,1.0,1.0,14.0,440,3.0,2.0,2.0,0.0,3.0,3.0,1.0,1,1,0.0,0.0,0.0,0.0,1994.0,1.0,7,0,0.0,2.0,1.0,0.0
7480,7,23,1800,1,1,1,1.0,1.0,14.0,440,3.0,2.0,2.0,0.0,3.0,3.0,1.0,1,1,0.0,0.0,0.0,0.0,1994.0,2.0,30,0,0.0,2.0,1.0,1.0
7481,9,3,715,2,1,1,5.0,1.0,14.0,440,3.0,2.0,1.0,0.0,1.0,1.0,1.0,1,1,4.0,0.0,0.0,0.0,1992.0,2.0,7,0,0.0,2.0,1.0,1.0
7482,9,3,715,2,1,1,5.0,1.0,14.0,440,3.0,2.0,1.0,0.0,1.0,1.0,1.0,1,1,4.0,0.0,0.0,0.0,1992.0,1.0,7,0,0.0,2.0,1.0,1.0
7483,9,3,715,2,1,1,5.0,1.0,14.0,440,3.0,2.0,1.0,0.0,1.0,1.0,1.0,1,1,1.0,0.0,0.0,0.0,1971.0,2.0,7,0,0.0,2.0,1.0,1.0
7484,9,3,715,2,1,1,5.0,1.0,14.0,440,3.0,2.0,1.0,0.0,1.0,1.0,1.0,1,1,1.0,0.0,0.0,0.0,1971.0,1.0,7,0,0.0,2.0,1.0,1.0
7485,2,1,2045,3,1,1,9.0,7.0,188.0,440,3.0,3.0,2.0,0.0,1.0,3.0,2.0,1,1,1.0,0.0,0.0,0.0,1987.0,1.0,33,0,0.0,0.0,0.0,17.0
7486,4,26,1330,1,1,1,1.0,5.0,41.0,440,3.0,0.0,0.0,0.0,1.0,1.0,1.0,1,1,1.0,0.0,0.0,0.0,1978.0,1.0,7,0,0.0,2.0,3.0,1.0
7487,4,26,1330,1,1,1,1.0,5.0,41.0,440,3.0,0.0,0.0,0.0,1.0,1.0,1.0,1,1,1.0,0.0,0.0,0.0,1978.0,2.0,7,0,0.0,2.0,3.0,5.0
7488,4,26,1330,1,1,1,1.0,5.0,41.0,440,3.0,0.0,0.0,0.0,1.0,1.0,1.0,1,1,1.0,0.0,0.0,0.0,1978.0,2.0,7,0,0.0,2.0,1.0,2.0
7489,4,26,1330,1,1,1,1.0,5.0,41.0,440,3.0,0.0,0.0,0.0,1.0,1.0,1.0,1,1,1.0,0.0,0.0,0.0,1940.0,1.0,7,0,0.0,2.0,3.0,1.0
7490,4,26,1330,1,1,1,1.0,5.0,41.0,440,3.0,0.0,0.0,0.0,1.0,1.0,1.0,1,1,1.0,0.0,0.0,0.0,1940.0,2.0,7,0,0.0,2.0,3.0,5.0
7491,4,26,1330,1,1,1,1.0,5.0,41.0,440,3.0,0.0,0.0,0.0,1.0,1.0,1.0,1,1,1.0,0.0,0.0,0.0,1940.0,2.0,7,0,0.0,2.0,1.0,2.0
7492,4,26,1330,1,1,1,1.0,5.0,41.0,440,3.0,0.0,0.0,0.0,1.0,1.0,1.0,1,4,4.0,0.0,0.0,0.0,1995.0,1.0,7,0,0.0,2.0,3.0,1.0
7493,4,26,1330,1,1,1,1.0,5.0,41.0,440,3.0,0.0,0.0,0.0,1.0,1.0,1.0,1,4,4.0,0.0,0.0,0.0,1995.0,2.0,7,0,0.0,2.0,3.0,5.0
7494,4,26,1330,1,1,1,1.0,5.0,41.0,440,3.0,0.0,0.0,0.0,1.0,1.0,1.0,1,4,4.0,0.0,0.0,0.0,1995.0,2.0,7,0,0.0,2.0,1.0,2.0
7495,5,6,1615,1,1,1,1.0,1.0,156.0,440,3.0,2.0,2.0,0.0,0.0,2.0,1.0,1,1,4.0,0.0,0.0,0.0,1991.0,1.0,33,0,0.0,2.0,1.0,13.0
7496,5,6,1615,1,1,1,1.0,1.0,156.0,440,3.0,2.0,2.0,0.0,0.0,2.0,1.0,1,1,4.0,0.0,0.0,0.0,1991.0,2.0,33,0,0.0,2.0,1.0,1.0
7497,5,6,1615,1,1,1,1.0,1.0,156.0,440,3.0,2.0,2.0,0.0,0.0,2.0,1.0,1,1,4.0,0.0,0.0,0.0,1991.0,1.0,33,0,0.0,2.0,1.0,13.0
7498,5,6,1615,1,1,1,1.0,1.0,156.0,440,3.0,2.0,2.0,0.0,0.0,2.0,1.0,1,1,4.0,0.0,0.0,0.0,1991.0,2.0,33,0,0.0,2.0,1.0,1.0
7499,5,13,1330,1,2,1,2.0,6.0,188.0,440,3.0,2.0,2.0,0.0,0.0,1.0,2.0,1,4,3.0,0.0,0.0,0.0,1935.0,1.0,7,0,6.0,0.0,2.0,14.0
7500,5,13,1330,1,2,1,2.0,6.0,188.0,440,3.0,2.0,2.0,0.0,0.0,1.0,2.0,4,1,0.0,0.0,0.0,0.0,1925.0,1.0,7,0,6.0,0.0,2.0,14.0
7501,4,27,1130,1,1,1,1.0,3.0,212.0,440,2.0,3.0,4.0,0.0,0.0,1.0,1.0,1,4,4.0,0.0,0.0,0.0,1989.0,1.0,7,0,0.0,2.0,5.0,17.0
7502,4,27,1130,1,1,1,1.0,3.0,212.0,440,2.0,3.0,4.0,0.0,0.0,1.0,1.0,1,4,4.0,0.0,0.0,0.0,1989.0,1.0,7,0,0.0,2.0,6.0,1.0
7503,4,27,1130,1,1,1,1.0,3.0,212.0,440,2.0,3.0,4.0,0.0,0.0,1.0,1.0,4,4,0.0,0.0,0.0,0.0,2012.0,1.0,7,0,0.0,2.0,5.0,17.0
7504,4,27,1130,1,1,1,1.0,3.0,212.0,440,2.0,3.0,4.0,0.0,0.0,1.0,1.0,4,4,0.0,0.0,0.0,0.0,2012.0,1.0,7,0,0.0,2.0,6.0,1.0
7505,4,27,1130,1,1,1,1.0,3.0,212.0,440,2.0,3.0,4.0,0.0,0.0,1.0,1.0,4,4,0.0,0.0,0.0,0.0,2011.0,1.0,7,0,0.0,2.0,5.0,17.0
7506,4,27,1130,1,1,1,1.0,3.0,212.0,440,2.0,3.0,4.0,0.0,0.0,1.0,1.0,4,4,0.0,0.0,0.0,0.0,2011.0,1.0,7,0,0.0,2.0,6.0,1.0
7507,4,27,1130,1,1,1,1.0,3.0,212.0,440,2.0,3.0,4.0,0.0,0.0,1.0,1.0,1,4,1.0,0.0,0.0,0.0,1979.0,1.0,7,0,0.0,2.0,5.0,17.0
7508,4,27,1130,1,1,1,1.0,3.0,212.0,440,2.0,3.0,4.0,0.0,0.0,1.0,1.0,1,4,1.0,0.0,0.0,0.0,1979.0,1.0,7,0,0.0,2.0,6.0,1.0
7509,8,20,1000,1,2,1,1.0,6.0,212.0,440,4.0,2.0,2.0,0.0,0.0,1.0,1.0,1,1,3.0,0.0,0.0,0.0,1979.0,0.0,10,0,0.0,1.0,4.0,4.0
7510,8,20,1000,1,2,1,1.0,6.0,212.0,440,4.0,2.0,2.0,0.0,0.0,1.0,1.0,3,4,4.0,4.0,0.0,1.0,1943.0,0.0,10,0,0.0,1.0,4.0,4.0
7511,2,15,1530,1,1,1,1.0,1.0,198.0,440,4.0,2.0,0.0,0.0,0.0,1.0,1.0,1,1,4.0,0.0,0.0,0.0,1997.0,0.0,7,0,0.0,2.0,3.0,1.0
7512,2,15,1530,1,1,1,1.0,1.0,198.0,440,4.0,2.0,0.0,0.0,0.0,1.0,1.0,1,1,4.0,0.0,0.0,0.0,1997.0,0.0,30,0,0.0,2.0,1.0,15.0
7513,2,15,1530,1,1,1,1.0,1.0,198.0,440,4.0,2.0,0.0,0.0,0.0,1.0,1.0,1,1,4.0,0.0,0.0,0.0,1999.0,0.0,7,0,0.0,2.0,3.0,1.0
7514,2,15,1530,1,1,1,1.0,1.0,198.0,440,4.0,2.0,0.0,0.0,0.0,1.0,1.0,1,1,4.0,0.0,0.0,0.0,1999.0,0.0,30,0,0.0,2.0,1.0,15.0
7515,2,27,1545,1,1,1,1.0,7.0,198.0,440,3.0,2.0,0.0,0.0,1.0,0.0,1.0,1,1,4.0,0.0,0.0,0.0,1970.0,1.0,33,0,0.0,0.0,7.0,1.0
7516,2,27,1545,1,1,1,1.0,7.0,198.0,440,3.0,2.0,0.0,0.0,1.0,0.0,1.0,4,4,0.0,0.0,0.0,0.0,1975.0,1.0,33,0,0.0,0.0,7.0,1.0
7517,3,17,1715,1,2,1,1.0,6.0,215.0,440,3.0,2.0,2.0,0.0,1.0,1.0,1.0,1,1,3.0,0.0,0.0,0.0,1936.0,1.0,7,0,0.0,1.0,1.0,1.0
7518,3,17,1715,1,2,1,1.0,6.0,215.0,440,3.0,2.0,2.0,0.0,1.0,1.0,1.0,3,1,9.0,2.0,3.0,1.0,1955.0,1.0,7,0,0.0,1.0,1.0,1.0
7519,3,25,1715,1,1,1,1.0,4.0,198.0,440,1.0,3.0,0.0,0.0,2.0,0.0,1.0,1,1,0.0,0.0,0.0,0.0,1995.0,2.0,7,0,0.0,0.0,4.0,0.0
7520,3,25,1715,1,1,1,1.0,4.0,198.0,440,1.0,3.0,0.0,0.0,2.0,0.0,1.0,1,1,0.0,0.0,0.0,0.0,1995.0,2.0,7,0,0.0,0.0,4.0,0.0
7521,3,25,1715,1,1,1,1.0,4.0,198.0,440,1.0,3.0,0.0,0.0,2.0,0.0,1.0,1,1,0.0,0.0,0.0,0.0,1995.0,2.0,7,0,0.0,0.0,1.0,1.0
7522,3,25,1715,1,1,1,1.0,4.0,198.0,440,1.0,3.0,0.0,0.0,2.0,0.0,1.0,1,1,1.0,0.0,0.0,0.0,1991.0,2.0,7,0,0.0,0.0,4.0,0.0
7523,3,25,1715,1,1,1,1.0,4.0,198.0,440,1.0,3.0,0.0,0.0,2.0,0.0,1.0,1,1,1.0,0.0,0.0,0.0,1991.0,2.0,7,0,0.0,0.0,4.0,0.0
7524,3,25,1715,1,1,1,1.0,4.0,198.0,440,1.0,3.0,0.0,0.0,2.0,0.0,1.0,1,1,1.0,0.0,0.0,0.0,1991.0,2.0,7,0,0.0,0.0,1.0,1.0
7525,3,25,1715,1,1,1,1.0,4.0,198.0,440,1.0,3.0,0.0,0.0,2.0,0.0,1.0,4,4,0.0,0.0,0.0,0.0,1961.0,2.0,7,0,0.0,0.0,4.0,0.0
7526,3,25,1715,1,1,1,1.0,4.0,198.0,440,1.0,3.0,0.0,0.0,2.0,0.0,1.0,4,4,0.0,0.0,0.0,0.0,1961.0,2.0,7,0,0.0,0.0,4.0,0.0
7527,3,25,1715,1,1,1,1.0,4.0,198.0,440,1.0,3.0,0.0,0.0,2.0,0.0,1.0,4,4,0.0,0.0,0.0,0.0,1961.0,2.0,7,0,0.0,0.0,1.0,1.0
7528,3,25,1715,1,1,1,1.0,4.0,198.0,440,1.0,3.0,0.0,0.0,2.0,0.0,1.0,1,1,0.0,0.0,0.0,0.0,1937.0,2.0,7,0,0.0,0.0,4.0,0.0
7529,3,25,1715,1,1,1,1.0,4.0,198.0,440,1.0,3.0,0.0,0.0,2.0,0.0,1.0,1,1,0.0,0.0,0.0,0.0,1937.0,2.0,7,0,0.0,0.0,4.0,0.0
7530,3,25,1715,1,1,1,1.0,4.0,198.0,440,1.0,3.0,0.0,0.0,2.0,0.0,1.0,1,1,0.0,0.0,0.0,0.0,1937.0,2.0,7,0,0.0,0.0,1.0,1.0
7531,4,19,1715,1,2,6,1.0,1.0,215.0,440,3.0,1.0,0.0,0.0,1.0,2.0,1.0,1,1,4.0,0.0,0.0,0.0,1959.0,1.0,1,0,0.0,2.0,0.0,2.0
7532,4,19,1715,1,2,6,1.0,1.0,215.0,440,3.0,1.0,0.0,0.0,1.0,2.0,1.0,1,1,4.0,0.0,0.0,0.0,1959.0,1.0,7,0,0.0,2.0,0.0,2.0