,month,day,time,light,location,intersection,atmosphere,collision,municipality,department,road,traffic,nblanes,reslane,laneprofile,plan,surface,user,sex,route,pedlocation,pedaction,pedcondition,birth,dirtraffic,catvehicle,nboccupants,obstacle,movobstacle,impact,maneuver
7533,4,19,1715,1,2,6,1.0,1.0,215.0,440,3.0,1.0,0.0,0.0,1.0,2.0,1.0,1,4,3.0,0.0,0.0,0.0,1947.0,1.0,1,0,0.0,2.0,0.0,2.0
7534,4,19,1715,1,2,6,1.0,1.0,215.0,440,3.0,1.0,0.0,0.0,1.0,2.0,1.0,1,4,3.0,0.0,0.0,0.0,1947.0,1.0,7,0,0.0,2.0,0.0,2.0
7535,5,19,1800,1,1,1,1.0,3.0,198.0,440,3.0,2.0,2.0,0.0,1.0,1.0,1.0,1,4,1.0,0.0,0.0,0.0,1961.0,2.0,7,0,0.0,2.0,3.0,15.0
7536,5,19,1800,1,1,1,1.0,3.0,198.0,440,3.0,2.0,2.0,0.0,1.0,1.0,1.0,1,4,1.0,0.0,0.0,0.0,1961.0,1.0,33,0,0.0,2.0,7.0,1.0
7537,5,19,1800,1,1,1,1.0,3.0,198.0,440,3.0,2.0,2.0,0.0,1.0,1.0,1.0,1,1,4.0,0.0,0.0,0.0,1953.0,2.0,7,0,0.0,2.0,3.0,15.0
7538,5,19,1800,1,1,1,1.0,3.0,198.0,440,3.0,2.0,2.0,0.0,1.0,1.0,1.0,1,1,4.0,0.0,0.0,0.0,1953.0,1.0,33,0,0.0,2.0,7.0,1.0
7539,7,11,1700,1,1,1,1.0,2.0,215.0,440,3.0,2.0,0.0,0.0,1.0,1.0,1.0,1,1,4.0,0.0,0.0,0.0,1952.0,2.0,33,0,0.0,2.0,1.0,2.0
7540,7,11,1700,1,1,1,1.0,2.0,215.0,440,3.0,2.0,0.0,0.0,1.0,1.0,1.0,1,1,4.0,0.0,0.0,0.0,1952.0,2.0,10,0,0.0,2.0,6.0,23.0
7541,7,11,1700,1,1,1,1.0,2.0,215.0,440,3.0,2.0,0.0,0.0,1.0,1.0,1.0,1,1,2.0,0.0,0.0,0.0,1971.0,2.0,33,0,0.0,2.0,1.0,2.0
7542,7,11,1700,1,1,1,1.0,2.0,215.0,440,3.0,2.0,0.0,0.0,1.0,1.0,1.0,1,1,2.0,0.0,0.0,0.0,1971.0,2.0,10,0,0.0,2.0,6.0,23.0
7543,8,12,1245,1,1,1,1.0,3.0,198.0,440,3.0,2.0,0.0,0.0,2.0,3.0,1.0,1,1,0.0,0.0,0.0,0.0,1996.0,1.0,7,0,0.0,0.0,3.0,19.0
7544,8,12,1245,1,1,1,1.0,3.0,198.0,440,3.0,2.0,0.0,0.0,2.0,3.0,1.0,1,1,0.0,0.0,0.0,0.0,1996.0,1.0,33,0,0.0,0.0,1.0,1.0
7545,8,12,1245,1,1,1,1.0,3.0,198.0,440,3.0,2.0,0.0,0.0,2.0,3.0,1.0,1,1,1.0,0.0,0.0,0.0,1990.0,1.0,7,0,0.0,0.0,3.0,19.0
7546,8,12,1245,1,1,1,1.0,3.0,198.0,440,3.0,2.0,0.0,0.0,2.0,3.0,1.0,1,1,1.0,0.0,0.0,0.0,1990.0,1.0,33,0,0.0,0.0,1.0,1.0
7547,9,13,2145,3,1,1,3.0,6.0,198.0,440,1.0,3.0,4.0,0.0,1.0,1.0,2.0,1,1,4.0,0.0,0.0,0.0,1981.0,1.0,33,0,11.0,0.0,1.0,0.0
7548,12,10,1700,5,2,1,5.0,6.0,215.0,440,4.0,2.0,2.0,0.0,1.0,1.0,2.0,1,1,4.0,0.0,0.0,0.0,1997.0,0.0,7,0,1.0,2.0,3.0,17.0
7549,12,10,1700,5,2,1,5.0,6.0,215.0,440,4.0,2.0,2.0,0.0,1.0,1.0,2.0,1,1,4.0,0.0,0.0,0.0,1997.0,0.0,7,0,0.0,2.0,3.0,1.0
7550,12,10,1700,5,2,1,5.0,6.0,215.0,440,4.0,2.0,2.0,0.0,1.0,1.0,2.0,4,1,4.0,0.0,0.0,0.0,1998.0,0.0,7,0,1.0,2.0,3.0,17.0
7551,12,10,1700,5,2,1,5.0,6.0,215.0,440,4.0,2.0,2.0,0.0,1.0,1.0,2.0,4,1,4.0,0.0,0.0,0.0,1998.0,0.0,7,0,0.0,2.0,3.0,1.0
7552,12,10,1700,5,2,1,5.0,6.0,215.0,440,4.0,2.0,2.0,0.0,1.0,1.0,2.0,4,1,4.0,0.0,0.0,0.0,1998.0,0.0,7,0,1.0,2.0,3.0,17.0
7553,12,10,1700,5,2,1,5.0,6.0,215.0,440,4.0,2.0,2.0,0.0,1.0,1.0,2.0,4,1,4.0,0.0,0.0,0.0,1998.0,0.0,7,0,0.0,2.0,3.0,1.0
7554,12,10,1700,5,2,1,5.0,6.0,215.0,440,4.0,2.0,2.0,0.0,1.0,1.0,2.0,4,1,4.0,0.0,0.0,0.0,1998.0,0.0,7,0,1.0,2.0,3.0,17.0
7555,12,10,1700,5,2,1,5.0,6.0,215.0,440,4.0,2.0,2.0,0.0,1.0,1.0,2.0,4,1,4.0,0.0,0.0,0.0,1998.0,0.0,7,0,0.0,2.0,3.0,1.0
7556,12,10,1700,5,2,1,5.0,6.0,215.0,440,4.0,2.0,2.0,0.0,1.0,1.0,2.0,1,1,4.0,0.0,0.0,0.0,1989.0,0.0,7,0,1.0,2.0,3.0,17.0
7557,12,10,1700,5,2,1,5.0,6.0,215.0,440,4.0,2.0,2.0,0.0,1.0,1.0,2.0,1,1,4.0,0.0,0.0,0.0,1989.0,0.0,7,0,0.0,2.0,3.0,1.0
7558,12,27,1750,5,2,4,1.0,6.0,215.0,440,4.0,2.0,2.0,0.0,1.0,0.0,1.0,1,1,0.0,0.0,0.0,0.0,1976.0,0.0,7,0,0.0,1.0,3.0,1.0
7559,12,27,1750,5,2,4,1.0,6.0,215.0,440,4.0,2.0,2.0,0.0,1.0,0.0,1.0,3,4,4.0,3.0,3.0,1.0,1930.0,0.0,7,0,0.0,1.0,3.0,1.0
7560,3,20,400,3,1,1,1.0,6.0,28.0,440,3.0,2.0,2.0,0.0,1.0,1.0,1.0,1,1,4.0,0.0,0.0,0.0,1995.0,2.0,7,0,12.0,0.0,2.0,1.0
7561,5,14,845,1,1,1,1.0,6.0,213.0,440,3.0,2.0,2.0,0.0,1.0,1.0,1.0,1,1,0.0,0.0,0.0,0.0,1987.0,1.0,7,0,2.0,0.0,0.0,1.0
7562,7,16,30,3,1,1,1.0,6.0,213.0,440,4.0,2.0,1.0,0.0,1.0,3.0,1.0,1,1,4.0,0.0,0.0,0.0,1997.0,0.0,7,0,2.0,0.0,3.0,16.0
7563,7,16,30,3,1,1,1.0,6.0,213.0,440,4.0,2.0,1.0,0.0,1.0,3.0,1.0,4,1,0.0,0.0,0.0,0.0,1961.0,0.0,7,0,2.0,0.0,3.0,16.0
7564,9,6,800,1,1,1,1.0,1.0,96.0,440,4.0,2.0,2.0,0.0,3.0,1.0,1.0,1,1,1.0,0.0,0.0,0.0,1960.0,2.0,33,0,0.0,2.0,1.0,17.0
7565,9,6,800,1,1,1,1.0,1.0,96.0,440,4.0,2.0,2.0,0.0,3.0,1.0,1.0,1,1,1.0,0.0,0.0,0.0,1960.0,2.0,7,0,0.0,2.0,2.0,15.0
7566,9,6,800,1,1,1,1.0,1.0,96.0,440,4.0,2.0,2.0,0.0,3.0,1.0,1.0,1,1,1.0,0.0,0.0,0.0,1958.0,2.0,33,0,0.0,2.0,1.0,17.0
7567,9,6,800,1,1,1,1.0,1.0,96.0,440,4.0,2.0,2.0,0.0,3.0,1.0,1.0,1,1,1.0,0.0,0.0,0.0,1958.0,2.0,7,0,0.0,2.0,2.0,15.0
7568,1,13,1215,1,1,1,1.0,1.0,169.0,440,4.0,2.0,0.0,0.0,1.0,1.0,1.0,1,1,4.0,0.0,0.0,0.0,2000.0,0.0,30,0,0.0,0.0,0.0,17.0
7569,1,13,1215,1,1,1,1.0,1.0,169.0,440,4.0,2.0,0.0,0.0,1.0,1.0,1.0,1,1,4.0,0.0,0.0,0.0,2000.0,0.0,21,0,0.0,0.0,0.0,15.0
7570,1,13,1215,1,1,1,1.0,1.0,169.0,440,4.0,2.0,0.0,0.0,1.0,1.0,1.0,1,1,2.0,0.0,0.0,0.0,1985.0,0.0,30,0,0.0,0.0,0.0,17.0
7571,1,13,1215,1,1,1,1.0,1.0,169.0,440,4.0,2.0,0.0,0.0,1.0,1.0,1.0,1,1,2.0,0.0,0.0,0.0,1985.0,0.0,21,0,0.0,0.0,0.0,15.0
7572,6,9,2245,3,1,1,1.0,1.0,212.0,440,3.0,2.0,2.0,0.0,0.0,2.0,1.0,1,1,4.0,0.0,0.0,0.0,1989.0,1.0,7,0,0.0,2.0,2.0,1.0
7573,6,9,2245,3,1,1,1.0,1.0,212.0,440,3.0,2.0,2.0,0.0,0.0,2.0,1.0,1,1,4.0,0.0,0.0,0.0,1989.0,2.0,7,0,0.0,2.0,2.0,1.0
7574,6,9,2245,3,1,1,1.0,1.0,212.0,440,3.0,2.0,2.0,0.0,0.0,2.0,1.0,1,4,4.0,0.0,0.0,0.0,1991.0,1.0,7,0,0.0,2.0,2.0,1.0
7575,6,9,2245,3,1,1,1.0,1.0,212.0,440,3.0,2.0,2.0,0.0,0.0,2.0,1.0,1,4,4.0,0.0,0.0,0.0,1991.0,2.0,7,0,0.0,2.0,2.0,1.0
7576,8,30,1500,1,1,1,1.0,5.0,169.0,440,3.0,2.0,2.0,0.0,1.0,1.0,1.0,1,4,4.0,0.0,0.0,0.0,1982.0,1.0,7,0,0.0,2.0,1.0,1.0
7577,8,30,1500,1,1,1,1.0,5.0,169.0,440,3.0,2.0,2.0,0.0,1.0,1.0,1.0,1,4,4.0,0.0,0.0,0.0,1982.0,1.0,21,0,0.0,2.0,1.0,1.0
7578,8,30,1500,1,1,1,1.0,5.0,169.0,440,3.0,2.0,2.0,0.0,1.0,1.0,1.0,1,4,4.0,0.0,0.0,0.0,1982.0,2.0,7,0,0.0,2.0,1.0,1.0
7579,8,30,1500,1,1,1,1.0,5.0,169.0,440,3.0,2.0,2.0,0.0,1.0,1.0,1.0,1,1,2.0,0.0,0.0,0.0,1950.0,1.0,7,0,0.0,2.0,1.0,1.0
7580,8,30,1500,1,1,1,1.0,5.0,169.0,440,3.0,2.0,2.0,0.0,1.0,1.0,1.0,1,1,2.0,0.0,0.0,0.0,1950.0,1.0,21,0,0.0,2.0,1.0,1.0
7581,8,30,1500,1,1,1,1.0,5.0,169.0,440,3.0,2.0,2.0,0.0,1.0,1.0,1.0,1,1,2.0,0.0,0.0,0.0,1950.0,2.0,7,0,0.0,2.0,1.0,1.0
7582,8,30,1500,1,1,1,1.0,5.0,169.0,440,3.0,2.0,2.0,0.0,1.0,1.0,1.0,1,1,4.0,0.0,0.0,0.0,1938.0,1.0,7,0,0.0,2.0,1.0,1.0
7583,8,30,1500,1,1,1,1.0,5.0,169.0,440,3.0,2.0,2.0,0.0,1.0,1.0,1.0,1,1,4.0,0.0,0.0,0.0,1938.0,1.0,21,0,0.0,2.0,1.0,1.0
7584,8,30,1500,1,1,1,1.0,5.0,169.0,440,3.0,2.0,2.0,0.0,1.0,1.0,1.0,1,1,4.0,0.0,0.0,0.0,1938.0,2.0,7,0,0.0,2.0,1.0,1.0
7585,1,15,800,5,2,9,1.0,3.0,115.0,440,3.0,2.0,2.0,0.0,2.0,1.0,1.0,1,4,4.0,0.0,0.0,0.0,1983.0,2.0,7,0,0.0,2.0,3.0,15.0
7586,1,15,800,5,2,9,1.0,3.0,115.0,440,3.0,2.0,2.0,0.0,2.0,1.0,1.0,1,4,4.0,0.0,0.0,0.0,1983.0,1.0,33,0,0.0,2.0,8.0,1.0
7587,1,15,800,5,2,9,1.0,3.0,115.0,440,3.0,2.0,2.0,0.0,2.0,1.0,1.0,4,1,0.0,0.0,0.0,0.0,2007.0,2.0,7,0,0.0,2.0,3.0,15.0
7588,1,15,800,5,2,9,1.0,3.0,115.0,440,3.0,2.0,2.0,0.0,2.0,1.0,1.0,4,1,0.0,0.0,0.0,0.0,2007.0,1.0,33,0,0.0,2.0,8.0,1.0
7589,1,15,800,5,2,9,1.0,3.0,115.0,440,3.0,2.0,2.0,0.0,2.0,1.0,1.0,4,4,0.0,0.0,0.0,0.0,2009.0,2.0,7,0,0.0,2.0,3.0,15.0
7590,1,15,800,5,2,9,1.0,3.0,115.0,440,3.0,2.0,2.0,0.0,2.0,1.0,1.0,4,4,0.0,0.0,0.0,0.0,2009.0,1.0,33,0,0.0,2.0,8.0,1.0
7591,1,15,800,5,2,9,1.0,3.0,115.0,440,3.0,2.0,2.0,0.0,2.0,1.0,1.0,4,1,0.0,0.0,0.0,0.0,2012.0,2.0,7,0,0.0,2.0,3.0,15.0
7592,1,15,800,5,2,9,1.0,3.0,115.0,440,3.0,2.0,2.0,0.0,2.0,1.0,1.0,4,1,0.0,0.0,0.0,0.0,2012.0,1.0,33,0,0.0,2.0,8.0,1.0
7593,1,15,800,5,2,9,1.0,3.0,115.0,440,3.0,2.0,2.0,0.0,2.0,1.0,1.0,1,1,1.0,0.0,0.0,0.0,1996.0,2.0,7,0,0.0,2.0,3.0,15.0
7594,1,15,800,5,2,9,1.0,3.0,115.0,440,3.0,2.0,2.0,0.0,2.0,1.0,1.0,1,1,1.0,0.0,0.0,0.0,1996.0,1.0,33,0,0.0,2.0,8.0,1.0
7595,1,22,2045,3,1,2,5.0,3.0,77.0,440,3.0,2.0,2.0,0.0,1.0,1.0,2.0,1,4,1.0,0.0,0.0,0.0,1981.0,2.0,7,0,0.0,2.0,8.0,1.0
7596,1,22,2045,3,1,2,5.0,3.0,77.0,440,3.0,2.0,2.0,0.0,1.0,1.0,2.0,1,4,1.0,0.0,0.0,0.0,1981.0,1.0,7,0,0.0,2.0,1.0,1.0
7597,1,22,2045,3,1,2,5.0,3.0,77.0,440,3.0,2.0,2.0,0.0,1.0,1.0,2.0,1,1,4.0,0.0,0.0,0.0,1949.0,2.0,7,0,0.0,2.0,8.0,1.0
7598,1,22,2045,3,1,2,5.0,3.0,77.0,440,3.0,2.0,2.0,0.0,1.0,1.0,2.0,1,1,4.0,0.0,0.0,0.0,1949.0,1.0,7,0,0.0,2.0,1.0,1.0
7599,8,26,2145,3,1,1,1.0,6.0,77.0,440,3.0,2.0,2.0,0.0,3.0,1.0,1.0,1,1,4.0,0.0,0.0,0.0,1967.0,1.0,7,0,2.0,0.0,1.0,0.0
7600,2,24,1700,1,1,1,3.0,5.0,118.0,440,3.0,2.0,2.0,0.0,1.0,3.0,2.0,1,1,1.0,0.0,0.0,0.0,1993.0,2.0,7,0,0.0,2.0,8.0,1.0
7601,2,24,1700,1,1,1,3.0,5.0,118.0,440,3.0,2.0,2.0,0.0,1.0,3.0,2.0,1,1,1.0,0.0,0.0,0.0,1993.0,1.0,7,0,0.0,2.0,8.0,1.0
7602,2,24,1700,1,1,1,3.0,5.0,118.0,440,3.0,2.0,2.0,0.0,1.0,3.0,2.0,1,1,1.0,0.0,0.0,0.0,1993.0,1.0,99,0,0.0,2.0,8.0,1.0
7603,2,24,1700,1,1,1,3.0,5.0,118.0,440,3.0,2.0,2.0,0.0,1.0,3.0,2.0,1,1,2.0,0.0,0.0,0.0,1982.0,2.0,7,0,0.0,2.0,8.0,1.0
7604,2,24,1700,1,1,1,3.0,5.0,118.0,440,3.0,2.0,2.0,0.0,1.0,3.0,2.0,1,1,2.0,0.0,0.0,0.0,1982.0,1.0,7,0,0.0,2.0,8.0,1.0
7605,2,24,1700,1,1,1,3.0,5.0,118.0,440,3.0,2.0,2.0,0.0,1.0,3.0,2.0,1,1,2.0,0.0,0.0,0.0,1982.0,1.0,99,0,0.0,2.0,8.0,1.0
7606,2,24,1700,1,1,1,3.0,5.0,118.0,440,3.0,2.0,2.0,0.0,1.0,3.0,2.0,1,1,2.0,0.0,0.0,0.0,1982.0,2.0,7,0,0.0,2.0,8.0,1.0
7607,2,24,1700,1,1,1,3.0,5.0,118.0,440,3.0,2.0,2.0,0.0,1.0,3.0,2.0,1,1,2.0,0.0,0.0,0.0,1982.0,1.0,7,0,0.0,2.0,8.0,1.0
7608,2,24,1700,1,1,1,3.0,5.0,118.0,440,3.0,2.0,2.0,0.0,1.0,3.0,2.0,1,1,2.0,0.0,0.0,0.0,1982.0,1.0,99,0,0.0,2.0,8.0,1.0
7609,1,16,100,5,2,1,9.0,6.0,62.0,440,4.0,2.0,0.0,0.0,1.0,1.0,7.0,1,1,4.0,0.0,0.0,0.0,1993.0,0.0,7,0,6.0,0.0,2.0,13.0
7610,2,16,2030,3,1,1,1.0,6.0,128.0,440,3.0,2.0,2.0,0.0,0.0,3.0,1.0,1,1,4.0,0.0,0.0,0.0,1945.0,2.0,7,0,2.0,0.0,1.0,16.0
7611,3,15,1200,1,1,2,1.0,3.0,128.0,440,3.0,0.0,2.0,0.0,0.0,1.0,1.0,1,1,4.0,0.0,0.0,0.0,1940.0,1.0,10,0,0.0,2.0,8.0,1.0
7612,3,15,1200,1,1,2,1.0,3.0,128.0,440,3.0,0.0,2.0,0.0,0.0,1.0,1.0,1,1,4.0,0.0,0.0,0.0,1940.0,0.0,10,0,0.0,2.0,1.0,1.0
7613,3,15,1200,1,1,2,1.0,3.0,128.0,440,3.0,0.0,2.0,0.0,0.0,1.0,1.0,4,4,0.0,0.0,0.0,0.0,1943.0,1.0,10,0,0.0,2.0,8.0,1.0
7614,3,15,1200,1,1,2,1.0,3.0,128.0,440,3.0,0.0,2.0,0.0,0.0,1.0,1.0,4,4,0.0,0.0,0.0,0.0,1943.0,0.0,10,0,0.0,2.0,1.0,1.0
7615,3,15,1200,1,1,2,1.0,3.0,128.0,440,3.0,0.0,2.0,0.0,0.0,1.0,1.0,1,1,1.0,0.0,0.0,0.0,1979.0,1.0,10,0,0.0,2.0,8.0,1.0
7616,3,15,1200,1,1,2,1.0,3.0,128.0,440,3.0,0.0,2.0,0.0,0.0,1.0,1.0,1,1,1.0,0.0,0.0,0.0,1979.0,0.0,10,0,0.0,2.0,1.0,1.0
7617,4,28,1730,1,1,1,2.0,3.0,128.0,440,3.0,2.0,0.0,0.0,0.0,1.0,1.0,1,1,4.0,0.0,0.0,0.0,2000.0,1.0,30,0,0.0,2.0,2.0,1.0
7618,4,28,1730,1,1,1,2.0,3.0,128.0,440,3.0,2.0,0.0,0.0,0.0,1.0,1.0,1,1,4.0,0.0,0.0,0.0,2000.0,2.0,30,0,0.0,2.0,3.0,9.0
7619,4,28,1730,1,1,1,2.0,3.0,128.0,440,3.0,2.0,0.0,0.0,0.0,1.0,1.0,1,4,4.0,0.0,0.0,0.0,1997.0,1.0,30,0,0.0,2.0,2.0,1.0
7620,4,28,1730,1,1,1,2.0,3.0,128.0,440,3.0,2.0,0.0,0.0,0.0,1.0,1.0,1,4,4.0,0.0,0.0,0.0,1997.0,2.0,30,0,0.0,2.0,3.0,9.0
7621,6,1,1145,1,2,2,1.0,3.0,111.0,440,3.0,2.0,1.0,0.0,0.0,1.0,1.0,1,1,0.0,0.0,0.0,0.0,1965.0,1.0,30,0,0.0,0.0,7.0,21.0
7622,6,1,1145,1,2,2,1.0,3.0,111.0,440,3.0,2.0,1.0,0.0,0.0,1.0,1.0,1,1,0.0,0.0,0.0,0.0,1965.0,0.0,7,0,0.0,0.0,1.0,19.0
7623,6,1,1145,1,2,2,1.0,3.0,111.0,440,3.0,2.0,1.0,0.0,0.0,1.0,1.0,1,1,0.0,0.0,0.0,0.0,1946.0,1.0,30,0,0.0,0.0,7.0,21.0
7624,6,1,1145,1,2,2,1.0,3.0,111.0,440,3.0,2.0,1.0,0.0,0.0,1.0,1.0,1,1,0.0,0.0,0.0,0.0,1946.0,0.0,7,0,0.0,0.0,1.0,19.0
7625,6,29,1600,1,1,2,1.0,1.0,7.0,440,3.0,2.0,2.0,0.0,1.0,1.0,1.0,1,4,4.0,0.0,0.0,0.0,1980.0,2.0,7,0,0.0,2.0,1.0,1.0
7626,6,29,1600,1,1,2,1.0,1.0,7.0,440,3.0,2.0,2.0,0.0,1.0,1.0,1.0,1,4,4.0,0.0,0.0,0.0,1980.0,1.0,7,0,0.0,2.0,3.0,9.0
7627,6,29,1600,1,1,2,1.0,1.0,7.0,440,3.0,2.0,2.0,0.0,1.0,1.0,1.0,4,4,0.0,0.0,0.0,0.0,1951.0,2.0,7,0,0.0,2.0,1.0,1.0
7628,6,29,1600,1,1,2,1.0,1.0,7.0,440,3.0,2.0,2.0,0.0,1.0,1.0,1.0,4,4,0.0,0.0,0.0,0.0,1951.0,1.0,7,0,0.0,2.0,3.0,9.0
7629,6,29,1600,1,1,2,1.0,1.0,7.0,440,3.0,2.0,2.0,0.0,1.0,1.0,1.0,4,1,0.0,0.0,0.0,0.0,2010.0,2.0,7,0,0.0,2.0,1.0,1.0
7630,6,29,1600,1,1,2,1.0,1.0,7.0,440,3.0,2.0,2.0,0.0,1.0,1.0,1.0,4,1,0.0,0.0,0.0,0.0,2010.0,1.0,7,0,0.0,2.0,3.0,9.0
7631,6,29,1600,1,1,2,1.0,1.0,7.0,440,3.0,2.0,2.0,0.0,1.0,1.0,1.0,4,4,0.0,0.0,0.0,0.0,2012.0,2.0,7,0,0.0,2.0,1.0,1.0
7632,6,29,1600,1,1,2,1.0,1.0,7.0,440,3.0,2.0,2.0,0.0,1.0,1.0,1.0,4,4,0.0,0.0,0.0,0.0,2012.0,1.0,7,0,0.0,2.0,3.0,9.0
7633,6,29,1600,1,1,2,1.0,1.0,7.0,440,3.0,2.0,2.0,0.0,1.0,1.0,1.0,1,4,4.0,0.0,0.0,0.0,1983.0,2.0,7,0,0.0,2.0,1.0,1.0
7634,6,29,1600,1,1,2,1.0,1.0,7.0,440,3.0,2.0,2.0,0.0,1.0,1.0,1.0,1,4,4.0,0.0,0.0,0.0,1983.0,1.0,7,0,0.0,2.0,3.0,9.0
7635,6,29,1600,1,1,2,1.0,1.0,7.0,440,3.0,2.0,2.0,0.0,1.0,1.0,1.0,4,4,0.0,0.0,0.0,0.0,2014.0,2.0,7,0,0.0,2.0,1.0,1.0
7636,6,29,1600,1,1,2,1.0,1.0,7.0,440,3.0,2.0,2.0,0.0,1.0,1.0,1.0,4,4,0.0,0.0,0.0,0.0,2014.0,1.0,7,0,0.0,2.0,3.0,9.0
7637,8,29,1800,1,1,1,1.0,6.0,15.0,440,3.0,2.0,2.0,0.0,1.0,2.0,1.0,1,1,4.0,0.0,0.0,0.0,1986.0,1.0,31,0,13.0,0.0,1.0,15.0
7638,9,30,2200,3,1,4,1.0,3.0,15.0,440,3.0,2.0,2.0,0.0,1.0,1.0,2.0,1,1,4.0,0.0,0.0,0.0,1976.0,1.0,31,0,0.0,2.0,2.0,16.0
7639,9,30,2200,3,1,4,1.0,3.0,15.0,440,3.0,2.0,2.0,0.0,1.0,1.0,2.0,1,1,4.0,0.0,0.0,0.0,1976.0,2.0,7,0,0.0,2.0,3.0,15.0
7640,9,30,2200,3,1,4,1.0,3.0,15.0,440,3.0,2.0,2.0,0.0,1.0,1.0,2.0,1,1,4.0,0.0,0.0,0.0,1973.0,1.0,31,0,0.0,2.0,2.0,16.0
7641,9,30,2200,3,1,4,1.0,3.0,15.0,440,3.0,2.0,2.0,0.0,1.0,1.0,2.0,1,1,4.0,0.0,0.0,0.0,1973.0,2.0,7,0,0.0,2.0,3.0,15.0
7642,1,8,2030,3,1,1,1.0,1.0,73.0,440,3.0,2.0,2.0,0.0,0.0,3.0,2.0,1,1,1.0,0.0,0.0,0.0,1961.0,1.0,7,0,0.0,2.0,3.0,0.0
7643,1,8,2030,3,1,1,1.0,1.0,73.0,440,3.0,2.0,2.0,0.0,0.0,3.0,2.0,1,1,1.0,0.0,0.0,0.0,1961.0,2.0,7,0,0.0,2.0,3.0,13.0
7644,1,8,2030,3,1,1,1.0,1.0,73.0,440,3.0,2.0,2.0,0.0,0.0,3.0,2.0,1,1,4.0,0.0,0.0,0.0,1990.0,1.0,7,0,0.0,2.0,3.0,0.0
7645,1,8,2030,3,1,1,1.0,1.0,73.0,440,3.0,2.0,2.0,0.0,0.0,3.0,2.0,1,1,4.0,0.0,0.0,0.0,1990.0,2.0,7,0,0.0,2.0,3.0,13.0
7646,1,9,1345,1,1,2,1.0,3.0,73.0,440,3.0,2.0,2.0,0.0,1.0,1.0,1.0,1,1,0.0,0.0,0.0,0.0,1981.0,1.0,33,0,0.0,2.0,1.0,1.0
7647,1,9,1345,1,1,2,1.0,3.0,73.0,440,3.0,2.0,2.0,0.0,1.0,1.0,1.0,1,1,0.0,0.0,0.0,0.0,1981.0,1.0,7,0,0.0,2.0,7.0,19.0
7648,1,9,1345,1,1,2,1.0,3.0,73.0,440,3.0,2.0,2.0,0.0,1.0,1.0,1.0,1,1,4.0,0.0,0.0,0.0,1986.0,1.0,33,0,0.0,2.0,1.0,1.0
7649,1,9,1345,1,1,2,1.0,3.0,73.0,440,3.0,2.0,2.0,0.0,1.0,1.0,1.0,1,1,4.0,0.0,0.0,0.0,1986.0,1.0,7,0,0.0,2.0,7.0,19.0
7650,3,19,1200,1,1,1,1.0,1.0,27.0,440,4.0,0.0,0.0,0.0,1.0,1.0,1.0,1,1,4.0,0.0,0.0,0.0,2001.0,0.0,2,0,0.0,2.0,1.0,1.0
7651,3,19,1200,1,1,1,1.0,1.0,27.0,440,4.0,0.0,0.0,0.0,1.0,1.0,1.0,1,1,4.0,0.0,0.0,0.0,2001.0,0.0,7,0,0.0,2.0,1.0,16.0
7652,3,19,1200,1,1,1,1.0,1.0,27.0,440,4.0,0.0,0.0,0.0,1.0,1.0,1.0,1,4,4.0,0.0,0.0,0.0,1991.0,0.0,2,0,0.0,2.0,1.0,1.0
7653,3,19,1200,1,1,1,1.0,1.0,27.0,440,4.0,0.0,0.0,0.0,1.0,1.0,1.0,1,4,4.0,0.0,0.0,0.0,1991.0,0.0,7,0,0.0,2.0,1.0,16.0
7654,4,8,2100,2,2,1,1.0,2.0,179.0,440,3.0,2.0,2.0,0.0,0.0,1.0,1.0,1,1,4.0,0.0,0.0,0.0,1975.0,2.0,7,0,0.0,0.0,4.0,1.0
7655,4,8,2100,2,2,1,1.0,2.0,179.0,440,3.0,2.0,2.0,0.0,0.0,1.0,1.0,1,1,4.0,0.0,0.0,0.0,1975.0,2.0,7,0,0.0,2.0,1.0,1.0
7656,4,8,2100,2,2,1,1.0,2.0,179.0,440,3.0,2.0,2.0,0.0,0.0,1.0,1.0,1,1,0.0,0.0,0.0,0.0,1995.0,2.0,7,0,0.0,0.0,4.0,1.0
7657,4,8,2100,2,2,1,1.0,2.0,179.0,440,3.0,2.0,2.0,0.0,0.0,1.0,1.0,1,1,0.0,0.0,0.0,0.0,1995.0,2.0,7,0,0.0,2.0,1.0,1.0
7658,6,12,100,3,1,1,8.0,2.0,73.0,440,3.0,2.0,0.0,0.0,1.0,1.0,1.0,1,1,4.0,0.0,0.0,0.0,2000.0,2.0,2,0,0.0,2.0,4.0,1.0
7659,6,12,100,3,1,1,8.0,2.0,73.0,440,3.0,2.0,0.0,0.0,1.0,1.0,1.0,1,1,4.0,0.0,0.0,0.0,2000.0,2.0,7,0,0.0,2.0,2.0,1.0
7660,6,12,100,3,1,1,8.0,2.0,73.0,440,3.0,2.0,0.0,0.0,1.0,1.0,1.0,4,1,0.0,0.0,0.0,0.0,2000.0,2.0,2,0,0.0,2.0,4.0,1.0
7661,6,12,100,3,1,1,8.0,2.0,73.0,440,3.0,2.0,0.0,0.0,1.0,1.0,1.0,4,1,0.0,0.0,0.0,0.0,2000.0,2.0,7,0,0.0,2.0,2.0,1.0