,month,day,time,light,location,intersection,atmosphere,collision,municipality,department,road,traffic,nblanes,reslane,laneprofile,plan,surface,user,sex,route,pedlocation,pedaction,pedcondition,birth,dirtraffic,catvehicle,nboccupants,obstacle,movobstacle,impact,maneuver
7662,6,12,100,3,1,1,8.0,2.0,73.0,440,3.0,2.0,0.0,0.0,1.0,1.0,1.0,1,1,4.0,0.0,0.0,0.0,1994.0,2.0,2,0,0.0,2.0,4.0,1.0
7663,6,12,100,3,1,1,8.0,2.0,73.0,440,3.0,2.0,0.0,0.0,1.0,1.0,1.0,1,1,4.0,0.0,0.0,0.0,1994.0,2.0,7,0,0.0,2.0,2.0,1.0
7664,6,12,100,3,1,1,8.0,2.0,73.0,440,3.0,2.0,0.0,0.0,1.0,1.0,1.0,4,1,0.0,0.0,0.0,0.0,1997.0,2.0,2,0,0.0,2.0,4.0,1.0
7665,6,12,100,3,1,1,8.0,2.0,73.0,440,3.0,2.0,0.0,0.0,1.0,1.0,1.0,4,1,0.0,0.0,0.0,0.0,1997.0,2.0,7,0,0.0,2.0,2.0,1.0
7666,6,18,1945,1,1,1,1.0,5.0,110.0,440,3.0,2.0,0.0,0.0,0.0,3.0,1.0,1,1,4.0,0.0,0.0,0.0,1993.0,2.0,7,0,0.0,2.0,1.0,1.0
7667,6,18,1945,1,1,1,1.0,5.0,110.0,440,3.0,2.0,0.0,0.0,0.0,3.0,1.0,1,1,4.0,0.0,0.0,0.0,1993.0,2.0,7,0,0.0,2.0,8.0,1.0
7668,6,18,1945,1,1,1,1.0,5.0,110.0,440,3.0,2.0,0.0,0.0,0.0,3.0,1.0,1,1,4.0,0.0,0.0,0.0,1993.0,1.0,7,0,0.0,2.0,1.0,13.0
7669,6,18,1945,1,1,1,1.0,5.0,110.0,440,3.0,2.0,0.0,0.0,0.0,3.0,1.0,1,4,4.0,0.0,0.0,0.0,1992.0,2.0,7,0,0.0,2.0,1.0,1.0
7670,6,18,1945,1,1,1,1.0,5.0,110.0,440,3.0,2.0,0.0,0.0,0.0,3.0,1.0,1,4,4.0,0.0,0.0,0.0,1992.0,2.0,7,0,0.0,2.0,8.0,1.0
7671,6,18,1945,1,1,1,1.0,5.0,110.0,440,3.0,2.0,0.0,0.0,0.0,3.0,1.0,1,4,4.0,0.0,0.0,0.0,1992.0,1.0,7,0,0.0,2.0,1.0,13.0
7672,6,18,1945,1,1,1,1.0,5.0,110.0,440,3.0,2.0,0.0,0.0,0.0,3.0,1.0,4,1,0.0,0.0,0.0,0.0,1988.0,2.0,7,0,0.0,2.0,1.0,1.0
7673,6,18,1945,1,1,1,1.0,5.0,110.0,440,3.0,2.0,0.0,0.0,0.0,3.0,1.0,4,1,0.0,0.0,0.0,0.0,1988.0,2.0,7,0,0.0,2.0,8.0,1.0
7674,6,18,1945,1,1,1,1.0,5.0,110.0,440,3.0,2.0,0.0,0.0,0.0,3.0,1.0,4,1,0.0,0.0,0.0,0.0,1988.0,1.0,7,0,0.0,2.0,1.0,13.0
7675,6,18,1945,1,1,1,1.0,5.0,110.0,440,3.0,2.0,0.0,0.0,0.0,3.0,1.0,1,4,1.0,0.0,0.0,0.0,1983.0,2.0,7,0,0.0,2.0,1.0,1.0
7676,6,18,1945,1,1,1,1.0,5.0,110.0,440,3.0,2.0,0.0,0.0,0.0,3.0,1.0,1,4,1.0,0.0,0.0,0.0,1983.0,2.0,7,0,0.0,2.0,8.0,1.0
7677,6,18,1945,1,1,1,1.0,5.0,110.0,440,3.0,2.0,0.0,0.0,0.0,3.0,1.0,1,4,1.0,0.0,0.0,0.0,1983.0,1.0,7,0,0.0,2.0,1.0,13.0
7678,6,17,830,1,1,1,1.0,4.0,27.0,440,3.0,2.0,2.0,0.0,1.0,1.0,1.0,1,4,1.0,0.0,0.0,0.0,1956.0,1.0,7,0,0.0,2.0,1.0,1.0
7679,6,17,830,1,1,1,1.0,4.0,27.0,440,3.0,2.0,2.0,0.0,1.0,1.0,1.0,1,4,1.0,0.0,0.0,0.0,1956.0,1.0,7,0,0.0,2.0,1.0,1.0
7680,6,17,830,1,1,1,1.0,4.0,27.0,440,3.0,2.0,2.0,0.0,1.0,1.0,1.0,1,4,1.0,0.0,0.0,0.0,1956.0,2.0,7,0,0.0,2.0,4.0,13.0
7681,6,17,830,1,1,1,1.0,4.0,27.0,440,3.0,2.0,2.0,0.0,1.0,1.0,1.0,1,4,1.0,0.0,0.0,0.0,1975.0,1.0,7,0,0.0,2.0,1.0,1.0
7682,6,17,830,1,1,1,1.0,4.0,27.0,440,3.0,2.0,2.0,0.0,1.0,1.0,1.0,1,4,1.0,0.0,0.0,0.0,1975.0,1.0,7,0,0.0,2.0,1.0,1.0
7683,6,17,830,1,1,1,1.0,4.0,27.0,440,3.0,2.0,2.0,0.0,1.0,1.0,1.0,1,4,1.0,0.0,0.0,0.0,1975.0,2.0,7,0,0.0,2.0,4.0,13.0
7684,6,17,830,1,1,1,1.0,4.0,27.0,440,3.0,2.0,2.0,0.0,1.0,1.0,1.0,1,1,1.0,0.0,0.0,0.0,1994.0,1.0,7,0,0.0,2.0,1.0,1.0
7685,6,17,830,1,1,1,1.0,4.0,27.0,440,3.0,2.0,2.0,0.0,1.0,1.0,1.0,1,1,1.0,0.0,0.0,0.0,1994.0,1.0,7,0,0.0,2.0,1.0,1.0
7686,6,17,830,1,1,1,1.0,4.0,27.0,440,3.0,2.0,2.0,0.0,1.0,1.0,1.0,1,1,1.0,0.0,0.0,0.0,1994.0,2.0,7,0,0.0,2.0,4.0,13.0
7687,11,8,1925,3,1,1,2.0,2.0,73.0,440,3.0,2.0,2.0,0.0,1.0,1.0,2.0,1,1,0.0,0.0,0.0,0.0,1965.0,1.0,7,0,0.0,2.0,1.0,1.0
7688,11,8,1925,3,1,1,2.0,2.0,73.0,440,3.0,2.0,2.0,0.0,1.0,1.0,2.0,1,1,0.0,0.0,0.0,0.0,1965.0,1.0,7,0,8.0,0.0,1.0,1.0
7689,11,8,1925,3,1,1,2.0,2.0,73.0,440,3.0,2.0,2.0,0.0,1.0,1.0,2.0,1,1,0.0,0.0,0.0,0.0,1969.0,1.0,7,0,0.0,2.0,1.0,1.0
7690,11,8,1925,3,1,1,2.0,2.0,73.0,440,3.0,2.0,2.0,0.0,1.0,1.0,2.0,1,1,0.0,0.0,0.0,0.0,1969.0,1.0,7,0,8.0,0.0,1.0,1.0
7691,11,22,1815,5,2,1,1.0,6.0,110.0,440,3.0,2.0,2.0,0.0,1.0,1.0,2.0,1,1,1.0,0.0,0.0,0.0,1989.0,1.0,7,0,0.0,1.0,1.0,1.0
7692,11,22,1815,5,2,1,1.0,6.0,110.0,440,3.0,2.0,2.0,0.0,1.0,1.0,2.0,3,4,4.0,3.0,3.0,4.0,1966.0,1.0,7,0,0.0,1.0,1.0,1.0
7693,11,22,1815,5,2,1,1.0,6.0,110.0,440,3.0,2.0,2.0,0.0,1.0,1.0,2.0,3,4,4.0,3.0,3.0,4.0,2008.0,1.0,7,0,0.0,1.0,1.0,1.0
7694,12,10,1315,1,1,1,5.0,3.0,110.0,440,3.0,2.0,2.0,0.0,1.0,1.0,2.0,1,1,4.0,0.0,0.0,0.0,1998.0,1.0,7,0,0.0,2.0,7.0,13.0
7695,12,10,1315,1,1,1,5.0,3.0,110.0,440,3.0,2.0,2.0,0.0,1.0,1.0,2.0,1,1,4.0,0.0,0.0,0.0,1998.0,2.0,7,0,0.0,0.0,2.0,1.0
7696,12,10,1315,1,1,1,5.0,3.0,110.0,440,3.0,2.0,2.0,0.0,1.0,1.0,2.0,1,1,0.0,0.0,0.0,0.0,1951.0,1.0,7,0,0.0,2.0,7.0,13.0
7697,12,10,1315,1,1,1,5.0,3.0,110.0,440,3.0,2.0,2.0,0.0,1.0,1.0,2.0,1,1,0.0,0.0,0.0,0.0,1951.0,2.0,7,0,0.0,0.0,2.0,1.0
7698,12,10,1315,1,1,1,5.0,3.0,110.0,440,3.0,2.0,2.0,0.0,1.0,1.0,2.0,4,1,0.0,0.0,0.0,0.0,1978.0,1.0,7,0,0.0,2.0,7.0,13.0
7699,12,10,1315,1,1,1,5.0,3.0,110.0,440,3.0,2.0,2.0,0.0,1.0,1.0,2.0,4,1,0.0,0.0,0.0,0.0,1978.0,2.0,7,0,0.0,0.0,2.0,1.0
7700,12,12,1730,3,1,1,2.0,6.0,73.0,440,3.0,2.0,2.0,0.0,1.0,0.0,1.0,1,4,1.0,0.0,0.0,0.0,1990.0,2.0,7,0,0.0,1.0,1.0,1.0
7701,12,12,1730,3,1,1,2.0,6.0,73.0,440,3.0,2.0,2.0,0.0,1.0,0.0,1.0,3,4,4.0,1.0,3.0,1.0,1998.0,2.0,7,0,0.0,1.0,1.0,1.0
7702,1,24,1400,1,1,2,1.0,3.0,193.0,440,3.0,2.0,2.0,0.0,1.0,1.0,1.0,1,1,0.0,0.0,0.0,0.0,1995.0,1.0,7,0,0.0,0.0,1.0,1.0
7703,1,24,1400,1,1,2,1.0,3.0,193.0,440,3.0,2.0,2.0,0.0,1.0,1.0,1.0,1,1,0.0,0.0,0.0,0.0,1995.0,0.0,7,0,0.0,0.0,8.0,19.0
7704,1,24,1400,1,1,2,1.0,3.0,193.0,440,3.0,2.0,2.0,0.0,1.0,1.0,1.0,1,1,0.0,0.0,0.0,0.0,1953.0,1.0,7,0,0.0,0.0,1.0,1.0
7705,1,24,1400,1,1,2,1.0,3.0,193.0,440,3.0,2.0,2.0,0.0,1.0,1.0,1.0,1,1,0.0,0.0,0.0,0.0,1953.0,0.0,7,0,0.0,0.0,8.0,19.0
7706,1,27,2015,3,1,1,2.0,6.0,197.0,440,3.0,2.0,2.0,0.0,1.0,1.0,2.0,1,4,4.0,0.0,0.0,0.0,1972.0,1.0,7,0,6.0,0.0,1.0,1.0
7707,1,27,2015,3,1,1,2.0,6.0,197.0,440,3.0,2.0,2.0,0.0,1.0,1.0,2.0,4,1,0.0,0.0,0.0,0.0,1978.0,1.0,7,0,6.0,0.0,1.0,1.0
7708,7,3,915,1,1,3,2.0,6.0,149.0,440,3.0,2.0,1.0,0.0,1.0,1.0,2.0,1,4,4.0,0.0,0.0,0.0,1986.0,1.0,7,0,0.0,9.0,1.0,0.0
7709,7,3,915,1,1,3,2.0,6.0,149.0,440,3.0,2.0,1.0,0.0,1.0,1.0,2.0,1,4,4.0,0.0,0.0,0.0,1986.0,0.0,1,0,0.0,2.0,1.0,1.0
7710,7,3,915,1,1,3,2.0,6.0,149.0,440,3.0,2.0,1.0,0.0,1.0,1.0,2.0,1,1,4.0,0.0,0.0,0.0,1979.0,1.0,7,0,0.0,9.0,1.0,0.0
7711,7,3,915,1,1,3,2.0,6.0,149.0,440,3.0,2.0,1.0,0.0,1.0,1.0,2.0,1,1,4.0,0.0,0.0,0.0,1979.0,0.0,1,0,0.0,2.0,1.0,1.0
7712,1,6,145,3,2,1,2.0,6.0,171.0,440,3.0,2.0,2.0,0.0,1.0,1.0,2.0,1,1,9.0,0.0,0.0,0.0,1976.0,1.0,7,0,2.0,0.0,1.0,14.0
7713,2,14,300,3,1,1,8.0,3.0,171.0,440,3.0,3.0,0.0,0.0,1.0,1.0,2.0,1,4,4.0,0.0,0.0,0.0,1976.0,1.0,7,0,0.0,2.0,3.0,1.0
7714,2,14,300,3,1,1,8.0,3.0,171.0,440,3.0,3.0,0.0,0.0,1.0,1.0,2.0,1,4,4.0,0.0,0.0,0.0,1976.0,1.0,7,0,4.0,2.0,2.0,13.0
7715,2,14,300,3,1,1,8.0,3.0,171.0,440,3.0,3.0,0.0,0.0,1.0,1.0,2.0,4,1,0.0,0.0,0.0,0.0,1975.0,1.0,7,0,0.0,2.0,3.0,1.0
7716,2,14,300,3,1,1,8.0,3.0,171.0,440,3.0,3.0,0.0,0.0,1.0,1.0,2.0,4,1,0.0,0.0,0.0,0.0,1975.0,1.0,7,0,4.0,2.0,2.0,13.0
7717,2,14,300,3,1,1,8.0,3.0,171.0,440,3.0,3.0,0.0,0.0,1.0,1.0,2.0,1,1,1.0,0.0,0.0,0.0,1996.0,1.0,7,0,0.0,2.0,3.0,1.0
7718,2,14,300,3,1,1,8.0,3.0,171.0,440,3.0,3.0,0.0,0.0,1.0,1.0,2.0,1,1,1.0,0.0,0.0,0.0,1996.0,1.0,7,0,4.0,2.0,2.0,13.0
7719,3,24,745,1,1,1,1.0,6.0,18.0,440,4.0,2.0,2.0,0.0,1.0,1.0,1.0,1,4,1.0,0.0,0.0,0.0,1971.0,0.0,7,0,0.0,1.0,7.0,1.0
7720,3,24,745,1,1,1,1.0,6.0,18.0,440,4.0,2.0,2.0,0.0,1.0,1.0,1.0,3,1,4.0,4.0,3.0,1.0,2003.0,0.0,7,0,0.0,1.0,7.0,1.0
7721,5,10,600,2,1,1,1.0,5.0,130.0,440,3.0,2.0,2.0,0.0,1.0,1.0,1.0,1,1,1.0,0.0,0.0,0.0,1966.0,1.0,7,0,0.0,2.0,1.0,13.0
7722,5,10,600,2,1,1,1.0,5.0,130.0,440,3.0,2.0,2.0,0.0,1.0,1.0,1.0,1,1,1.0,0.0,0.0,0.0,1966.0,2.0,7,0,0.0,2.0,3.0,1.0
7723,5,10,600,2,1,1,1.0,5.0,130.0,440,3.0,2.0,2.0,0.0,1.0,1.0,1.0,1,1,1.0,0.0,0.0,0.0,1966.0,2.0,7,0,0.0,2.0,3.0,1.0
7724,5,10,600,2,1,1,1.0,5.0,130.0,440,3.0,2.0,2.0,0.0,1.0,1.0,1.0,1,4,1.0,0.0,0.0,0.0,1966.0,1.0,7,0,0.0,2.0,1.0,13.0
7725,5,10,600,2,1,1,1.0,5.0,130.0,440,3.0,2.0,2.0,0.0,1.0,1.0,1.0,1,4,1.0,0.0,0.0,0.0,1966.0,2.0,7,0,0.0,2.0,3.0,1.0
7726,5,10,600,2,1,1,1.0,5.0,130.0,440,3.0,2.0,2.0,0.0,1.0,1.0,1.0,1,4,1.0,0.0,0.0,0.0,1966.0,2.0,7,0,0.0,2.0,3.0,1.0
7727,5,10,600,2,1,1,1.0,5.0,130.0,440,3.0,2.0,2.0,0.0,1.0,1.0,1.0,1,1,1.0,0.0,0.0,0.0,1996.0,1.0,7,0,0.0,2.0,1.0,13.0
7728,5,10,600,2,1,1,1.0,5.0,130.0,440,3.0,2.0,2.0,0.0,1.0,1.0,1.0,1,1,1.0,0.0,0.0,0.0,1996.0,2.0,7,0,0.0,2.0,3.0,1.0
7729,5,10,600,2,1,1,1.0,5.0,130.0,440,3.0,2.0,2.0,0.0,1.0,1.0,1.0,1,1,1.0,0.0,0.0,0.0,1996.0,2.0,7,0,0.0,2.0,3.0,1.0
7730,6,4,30,4,1,2,1.0,3.0,130.0,440,3.0,0.0,1.0,0.0,1.0,1.0,1.0,1,1,4.0,0.0,0.0,0.0,1990.0,1.0,7,0,0.0,2.0,2.0,1.0
7731,6,4,30,4,1,2,1.0,3.0,130.0,440,3.0,0.0,1.0,0.0,1.0,1.0,1.0,1,1,4.0,0.0,0.0,0.0,1990.0,0.0,10,0,0.0,2.0,3.0,19.0
7732,6,4,30,4,1,2,1.0,3.0,130.0,440,3.0,0.0,1.0,0.0,1.0,1.0,1.0,4,4,0.0,0.0,0.0,0.0,1991.0,1.0,7,0,0.0,2.0,2.0,1.0
7733,6,4,30,4,1,2,1.0,3.0,130.0,440,3.0,0.0,1.0,0.0,1.0,1.0,1.0,4,4,0.0,0.0,0.0,0.0,1991.0,0.0,10,0,0.0,2.0,3.0,19.0
7734,6,4,30,4,1,2,1.0,3.0,130.0,440,3.0,0.0,1.0,0.0,1.0,1.0,1.0,1,1,9.0,0.0,0.0,0.0,1986.0,1.0,7,0,0.0,2.0,2.0,1.0
7735,6,4,30,4,1,2,1.0,3.0,130.0,440,3.0,0.0,1.0,0.0,1.0,1.0,1.0,1,1,9.0,0.0,0.0,0.0,1986.0,0.0,10,0,0.0,2.0,3.0,19.0
7736,6,7,1245,1,2,1,1.0,6.0,130.0,440,3.0,2.0,2.0,0.0,1.0,1.0,1.0,1,1,4.0,0.0,0.0,0.0,1994.0,1.0,10,0,6.0,0.0,3.0,13.0
7737,6,7,1245,1,2,1,1.0,6.0,130.0,440,3.0,2.0,2.0,0.0,1.0,1.0,1.0,4,4,0.0,0.0,0.0,0.0,1995.0,1.0,10,0,6.0,0.0,3.0,13.0
7738,6,16,1215,1,2,6,1.0,3.0,18.0,440,3.0,2.0,2.0,0.0,0.0,0.0,1.0,1,1,4.0,0.0,0.0,0.0,1945.0,1.0,7,0,0.0,2.0,3.0,1.0
7739,6,16,1215,1,2,6,1.0,3.0,18.0,440,3.0,2.0,2.0,0.0,0.0,0.0,1.0,1,1,4.0,0.0,0.0,0.0,1945.0,2.0,1,0,0.0,2.0,7.0,1.0
7740,6,16,1215,1,2,6,1.0,3.0,18.0,440,3.0,2.0,2.0,0.0,0.0,0.0,1.0,1,1,2.0,0.0,0.0,0.0,1996.0,1.0,7,0,0.0,2.0,3.0,1.0
7741,6,16,1215,1,2,6,1.0,3.0,18.0,440,3.0,2.0,2.0,0.0,0.0,0.0,1.0,1,1,2.0,0.0,0.0,0.0,1996.0,2.0,1,0,0.0,2.0,7.0,1.0
7742,6,21,715,1,1,1,2.0,1.0,120.0,440,3.0,2.0,0.0,0.0,1.0,3.0,2.0,1,1,1.0,0.0,0.0,0.0,1988.0,2.0,7,0,0.0,2.0,3.0,1.0
7743,6,21,715,1,1,1,2.0,1.0,120.0,440,3.0,2.0,0.0,0.0,1.0,3.0,2.0,1,1,1.0,0.0,0.0,0.0,1988.0,1.0,7,0,0.0,2.0,3.0,13.0
7744,6,21,715,1,1,1,2.0,1.0,120.0,440,3.0,2.0,0.0,0.0,1.0,3.0,2.0,1,4,1.0,0.0,0.0,0.0,1977.0,2.0,7,0,0.0,2.0,3.0,1.0
7745,6,21,715,1,1,1,2.0,1.0,120.0,440,3.0,2.0,0.0,0.0,1.0,3.0,2.0,1,4,1.0,0.0,0.0,0.0,1977.0,1.0,7,0,0.0,2.0,3.0,13.0
7746,8,15,1730,1,1,1,1.0,7.0,18.0,440,3.0,2.0,2.0,0.0,0.0,3.0,1.0,1,1,4.0,0.0,0.0,0.0,1979.0,1.0,33,0,16.0,0.0,1.0,1.0
7747,8,15,1730,1,1,1,1.0,7.0,18.0,440,3.0,2.0,2.0,0.0,0.0,3.0,1.0,4,1,0.0,0.0,0.0,0.0,1981.0,1.0,33,0,16.0,0.0,1.0,1.0
7748,9,10,1800,1,2,1,1.0,1.0,24.0,440,4.0,3.0,2.0,0.0,0.0,1.0,1.0,1,1,0.0,0.0,0.0,0.0,2006.0,0.0,1,0,0.0,2.0,1.0,5.0
7749,9,10,1800,1,2,1,1.0,1.0,24.0,440,4.0,3.0,2.0,0.0,0.0,1.0,1.0,1,1,0.0,0.0,0.0,0.0,2006.0,0.0,10,0,0.0,0.0,0.0,1.0
7750,9,10,1800,1,2,1,1.0,1.0,24.0,440,4.0,3.0,2.0,0.0,0.0,1.0,1.0,1,4,0.0,0.0,0.0,0.0,1976.0,0.0,1,0,0.0,2.0,1.0,5.0
7751,9,10,1800,1,2,1,1.0,1.0,24.0,440,4.0,3.0,2.0,0.0,0.0,1.0,1.0,1,4,0.0,0.0,0.0,0.0,1976.0,0.0,10,0,0.0,0.0,0.0,1.0
7752,9,18,230,5,2,1,1.0,6.0,130.0,440,3.0,2.0,2.0,0.0,1.0,1.0,1.0,1,1,4.0,0.0,0.0,0.0,1995.0,1.0,7,0,0.0,2.0,4.0,2.0
7753,9,18,230,5,2,1,1.0,6.0,130.0,440,3.0,2.0,2.0,0.0,1.0,1.0,1.0,1,1,4.0,0.0,0.0,0.0,1995.0,1.0,7,0,12.0,1.0,1.0,2.0
7754,9,18,230,5,2,1,1.0,6.0,130.0,440,3.0,2.0,2.0,0.0,1.0,1.0,1.0,3,1,0.0,4.0,1.0,1.0,1991.0,1.0,7,0,0.0,2.0,4.0,2.0
7755,9,18,230,5,2,1,1.0,6.0,130.0,440,3.0,2.0,2.0,0.0,1.0,1.0,1.0,3,1,0.0,4.0,1.0,1.0,1991.0,1.0,7,0,12.0,1.0,1.0,2.0
7756,9,18,230,5,2,1,1.0,6.0,130.0,440,3.0,2.0,2.0,0.0,1.0,1.0,1.0,1,1,4.0,0.0,0.0,0.0,1995.0,1.0,7,0,0.0,2.0,4.0,2.0
7757,9,18,230,5,2,1,1.0,6.0,130.0,440,3.0,2.0,2.0,0.0,1.0,1.0,1.0,1,1,4.0,0.0,0.0,0.0,1995.0,1.0,7,0,12.0,1.0,1.0,2.0
7758,5,1,1830,1,2,6,1.0,1.0,126.0,440,3.0,0.0,0.0,0.0,0.0,0.0,0.0,1,4,4.0,0.0,0.0,0.0,1975.0,2.0,1,0,0.0,2.0,2.0,9.0
7759,5,1,1830,1,2,6,1.0,1.0,126.0,440,3.0,0.0,0.0,0.0,0.0,0.0,0.0,1,4,4.0,0.0,0.0,0.0,1975.0,0.0,7,0,0.0,6.0,8.0,9.0
7760,5,1,1830,1,2,6,1.0,1.0,126.0,440,3.0,0.0,0.0,0.0,0.0,0.0,0.0,1,4,4.0,0.0,0.0,0.0,1938.0,2.0,1,0,0.0,2.0,2.0,9.0
7761,5,1,1830,1,2,6,1.0,1.0,126.0,440,3.0,0.0,0.0,0.0,0.0,0.0,0.0,1,4,4.0,0.0,0.0,0.0,1938.0,0.0,7,0,0.0,6.0,8.0,9.0
7762,6,18,1615,1,2,1,1.0,1.0,21.0,440,4.0,2.0,0.0,0.0,0.0,0.0,1.0,1,1,4.0,0.0,0.0,0.0,1984.0,0.0,33,0,0.0,2.0,1.0,0.0
7763,6,18,1615,1,2,1,1.0,1.0,21.0,440,4.0,2.0,0.0,0.0,0.0,0.0,1.0,1,1,4.0,0.0,0.0,0.0,1984.0,0.0,7,0,0.0,2.0,3.0,15.0
7764,6,18,1615,1,2,1,1.0,1.0,21.0,440,4.0,2.0,0.0,0.0,0.0,0.0,1.0,1,1,4.0,0.0,0.0,0.0,1982.0,0.0,33,0,0.0,2.0,1.0,0.0
7765,6,18,1615,1,2,1,1.0,1.0,21.0,440,4.0,2.0,0.0,0.0,0.0,0.0,1.0,1,1,4.0,0.0,0.0,0.0,1982.0,0.0,7,0,0.0,2.0,3.0,15.0
7766,6,18,1615,1,2,1,1.0,1.0,21.0,440,4.0,2.0,0.0,0.0,0.0,0.0,1.0,4,4,0.0,0.0,0.0,0.0,1994.0,0.0,33,0,0.0,2.0,1.0,0.0
7767,6,18,1615,1,2,1,1.0,1.0,21.0,440,4.0,2.0,0.0,0.0,0.0,0.0,1.0,4,4,0.0,0.0,0.0,0.0,1994.0,0.0,7,0,0.0,2.0,3.0,15.0
7768,6,22,1200,1,1,2,1.0,3.0,164.0,440,3.0,2.0,2.0,0.0,1.0,1.0,2.0,1,4,1.0,0.0,0.0,0.0,1967.0,2.0,7,0,0.0,2.0,2.0,1.0
7769,6,22,1200,1,1,2,1.0,3.0,164.0,440,3.0,2.0,2.0,0.0,1.0,1.0,2.0,1,4,1.0,0.0,0.0,0.0,1967.0,1.0,1,0,0.0,2.0,3.0,19.0
7770,6,22,1200,1,1,2,1.0,3.0,164.0,440,3.0,2.0,2.0,0.0,1.0,1.0,2.0,1,1,4.0,0.0,0.0,0.0,1930.0,2.0,7,0,0.0,2.0,2.0,1.0
7771,6,22,1200,1,1,2,1.0,3.0,164.0,440,3.0,2.0,2.0,0.0,1.0,1.0,2.0,1,1,4.0,0.0,0.0,0.0,1930.0,1.0,1,0,0.0,2.0,3.0,19.0
7772,6,22,1900,1,1,1,8.0,1.0,5.0,440,3.0,2.0,2.0,0.0,1.0,1.0,2.0,1,1,0.0,0.0,0.0,0.0,1957.0,2.0,7,0,0.0,2.0,3.0,13.0
7773,6,22,1900,1,1,1,8.0,1.0,5.0,440,3.0,2.0,2.0,0.0,1.0,1.0,2.0,1,1,0.0,0.0,0.0,0.0,1957.0,1.0,7,0,0.0,2.0,2.0,13.0
7774,6,22,1900,1,1,1,8.0,1.0,5.0,440,3.0,2.0,2.0,0.0,1.0,1.0,2.0,1,1,4.0,0.0,0.0,0.0,2000.0,2.0,7,0,0.0,2.0,3.0,13.0
7775,6,22,1900,1,1,1,8.0,1.0,5.0,440,3.0,2.0,2.0,0.0,1.0,1.0,2.0,1,1,4.0,0.0,0.0,0.0,2000.0,1.0,7,0,0.0,2.0,2.0,13.0
7776,6,22,1900,1,1,1,8.0,1.0,5.0,440,3.0,2.0,2.0,0.0,1.0,1.0,2.0,4,4,0.0,0.0,0.0,0.0,1970.0,2.0,7,0,0.0,2.0,3.0,13.0
7777,6,22,1900,1,1,1,8.0,1.0,5.0,440,3.0,2.0,2.0,0.0,1.0,1.0,2.0,4,4,0.0,0.0,0.0,0.0,1970.0,1.0,7,0,0.0,2.0,2.0,13.0
7778,7,14,1215,1,1,1,1.0,4.0,12.0,440,3.0,2.0,0.0,0.0,1.0,1.0,1.0,1,1,4.0,0.0,0.0,0.0,1955.0,1.0,10,0,0.0,2.0,8.0,1.0
7779,7,14,1215,1,1,1,1.0,4.0,12.0,440,3.0,2.0,0.0,0.0,1.0,1.0,1.0,1,1,4.0,0.0,0.0,0.0,1955.0,1.0,7,0,0.0,2.0,8.0,1.0
7780,7,14,1215,1,1,1,1.0,4.0,12.0,440,3.0,2.0,0.0,0.0,1.0,1.0,1.0,1,1,4.0,0.0,0.0,0.0,1955.0,2.0,7,0,0.0,2.0,3.0,13.0
7781,7,14,1215,1,1,1,1.0,4.0,12.0,440,3.0,2.0,0.0,0.0,1.0,1.0,1.0,4,4,0.0,0.0,0.0,0.0,1960.0,1.0,10,0,0.0,2.0,8.0,1.0
7782,7,14,1215,1,1,1,1.0,4.0,12.0,440,3.0,2.0,0.0,0.0,1.0,1.0,1.0,4,4,0.0,0.0,0.0,0.0,1960.0,1.0,7,0,0.0,2.0,8.0,1.0
7783,7,14,1215,1,1,1,1.0,4.0,12.0,440,3.0,2.0,0.0,0.0,1.0,1.0,1.0,4,4,0.0,0.0,0.0,0.0,1960.0,2.0,7,0,0.0,2.0,3.0,13.0
7784,7,14,1215,1,1,1,1.0,4.0,12.0,440,3.0,2.0,0.0,0.0,1.0,1.0,1.0,4,4,0.0,0.0,0.0,0.0,2012.0,1.0,10,0,0.0,2.0,8.0,1.0
7785,7,14,1215,1,1,1,1.0,4.0,12.0,440,3.0,2.0,0.0,0.0,1.0,1.0,1.0,4,4,0.0,0.0,0.0,0.0,2012.0,1.0,7,0,0.0,2.0,8.0,1.0
7786,7,14,1215,1,1,1,1.0,4.0,12.0,440,3.0,2.0,0.0,0.0,1.0,1.0,1.0,4,4,0.0,0.0,0.0,0.0,2012.0,2.0,7,0,0.0,2.0,3.0,13.0
7787,7,14,1215,1,1,1,1.0,4.0,12.0,440,3.0,2.0,0.0,0.0,1.0,1.0,1.0,4,1,0.0,0.0,0.0,0.0,2015.0,1.0,10,0,0.0,2.0,8.0,1.0
7788,7,14,1215,1,1,1,1.0,4.0,12.0,440,3.0,2.0,0.0,0.0,1.0,1.0,1.0,4,1,0.0,0.0,0.0,0.0,2015.0,1.0,7,0,0.0,2.0,8.0,1.0
7789,7,14,1215,1,1,1,1.0,4.0,12.0,440,3.0,2.0,0.0,0.0,1.0,1.0,1.0,4,1,0.0,0.0,0.0,0.0,2015.0,2.0,7,0,0.0,2.0,3.0,13.0
7790,7,14,1215,1,1,1,1.0,4.0,12.0,440,3.0,2.0,0.0,0.0,1.0,1.0,1.0,1,1,4.0,0.0,0.0,0.0,1978.0,1.0,10,0,0.0,2.0,8.0,1.0
7791,7,14,1215,1,1,1,1.0,4.0,12.0,440,3.0,2.0,0.0,0.0,1.0,1.0,1.0,1,1,4.0,0.0,0.0,0.0,1978.0,1.0,7,0,0.0,2.0,8.0,1.0
7792,7,14,1215,1,1,1,1.0,4.0,12.0,440,3.0,2.0,0.0,0.0,1.0,1.0,1.0,1,1,4.0,0.0,0.0,0.0,1978.0,2.0,7,0,0.0,2.0,3.0,13.0