,month,day,time,light,location,intersection,atmosphere,collision,municipality,department,road,traffic,nblanes,reslane,laneprofile,plan,surface,user,sex,route,pedlocation,pedaction,pedcondition,birth,dirtraffic,catvehicle,nboccupants,obstacle,movobstacle,impact,maneuver
7793,7,14,1215,1,1,1,1.0,4.0,12.0,440,3.0,2.0,0.0,0.0,1.0,1.0,1.0,4,4,0.0,0.0,0.0,0.0,1978.0,1.0,10,0,0.0,2.0,8.0,1.0
7794,7,14,1215,1,1,1,1.0,4.0,12.0,440,3.0,2.0,0.0,0.0,1.0,1.0,1.0,4,4,0.0,0.0,0.0,0.0,1978.0,1.0,7,0,0.0,2.0,8.0,1.0
7795,7,14,1215,1,1,1,1.0,4.0,12.0,440,3.0,2.0,0.0,0.0,1.0,1.0,1.0,4,4,0.0,0.0,0.0,0.0,1978.0,2.0,7,0,0.0,2.0,3.0,13.0
7796,7,14,1215,1,1,1,1.0,4.0,12.0,440,3.0,2.0,0.0,0.0,1.0,1.0,1.0,1,1,4.0,0.0,0.0,0.0,1968.0,1.0,10,0,0.0,2.0,8.0,1.0
7797,7,14,1215,1,1,1,1.0,4.0,12.0,440,3.0,2.0,0.0,0.0,1.0,1.0,1.0,1,1,4.0,0.0,0.0,0.0,1968.0,1.0,7,0,0.0,2.0,8.0,1.0
7798,7,14,1215,1,1,1,1.0,4.0,12.0,440,3.0,2.0,0.0,0.0,1.0,1.0,1.0,1,1,4.0,0.0,0.0,0.0,1968.0,2.0,7,0,0.0,2.0,3.0,13.0
7799,7,14,1215,1,1,1,1.0,4.0,12.0,440,3.0,2.0,0.0,0.0,1.0,1.0,1.0,4,4,0.0,0.0,0.0,0.0,1969.0,1.0,10,0,0.0,2.0,8.0,1.0
7800,7,14,1215,1,1,1,1.0,4.0,12.0,440,3.0,2.0,0.0,0.0,1.0,1.0,1.0,4,4,0.0,0.0,0.0,0.0,1969.0,1.0,7,0,0.0,2.0,8.0,1.0
7801,7,14,1215,1,1,1,1.0,4.0,12.0,440,3.0,2.0,0.0,0.0,1.0,1.0,1.0,4,4,0.0,0.0,0.0,0.0,1969.0,2.0,7,0,0.0,2.0,3.0,13.0
7802,8,22,1400,1,1,1,1.0,5.0,164.0,440,3.0,2.0,2.0,0.0,0.0,1.0,1.0,1,1,4.0,0.0,0.0,0.0,1967.0,1.0,7,0,0.0,2.0,1.0,1.0
7803,8,22,1400,1,1,1,1.0,5.0,164.0,440,3.0,2.0,2.0,0.0,0.0,1.0,1.0,1,1,4.0,0.0,0.0,0.0,1967.0,1.0,7,0,0.0,2.0,8.0,1.0
7804,8,22,1400,1,1,1,1.0,5.0,164.0,440,3.0,2.0,2.0,0.0,0.0,1.0,1.0,1,1,4.0,0.0,0.0,0.0,1967.0,1.0,7,0,0.0,2.0,8.0,1.0
7805,8,22,1400,1,1,1,1.0,5.0,164.0,440,3.0,2.0,2.0,0.0,0.0,1.0,1.0,1,1,4.0,0.0,0.0,0.0,1967.0,2.0,7,0,0.0,2.0,9.0,13.0
7806,8,22,1400,1,1,1,1.0,5.0,164.0,440,3.0,2.0,2.0,0.0,0.0,1.0,1.0,1,4,4.0,0.0,0.0,0.0,1951.0,1.0,7,0,0.0,2.0,1.0,1.0
7807,8,22,1400,1,1,1,1.0,5.0,164.0,440,3.0,2.0,2.0,0.0,0.0,1.0,1.0,1,4,4.0,0.0,0.0,0.0,1951.0,1.0,7,0,0.0,2.0,8.0,1.0
7808,8,22,1400,1,1,1,1.0,5.0,164.0,440,3.0,2.0,2.0,0.0,0.0,1.0,1.0,1,4,4.0,0.0,0.0,0.0,1951.0,1.0,7,0,0.0,2.0,8.0,1.0
7809,8,22,1400,1,1,1,1.0,5.0,164.0,440,3.0,2.0,2.0,0.0,0.0,1.0,1.0,1,4,4.0,0.0,0.0,0.0,1951.0,2.0,7,0,0.0,2.0,9.0,13.0
7810,8,22,1400,1,1,1,1.0,5.0,164.0,440,3.0,2.0,2.0,0.0,0.0,1.0,1.0,4,4,0.0,0.0,0.0,0.0,1973.0,1.0,7,0,0.0,2.0,1.0,1.0
7811,8,22,1400,1,1,1,1.0,5.0,164.0,440,3.0,2.0,2.0,0.0,0.0,1.0,1.0,4,4,0.0,0.0,0.0,0.0,1973.0,1.0,7,0,0.0,2.0,8.0,1.0
7812,8,22,1400,1,1,1,1.0,5.0,164.0,440,3.0,2.0,2.0,0.0,0.0,1.0,1.0,4,4,0.0,0.0,0.0,0.0,1973.0,1.0,7,0,0.0,2.0,8.0,1.0
7813,8,22,1400,1,1,1,1.0,5.0,164.0,440,3.0,2.0,2.0,0.0,0.0,1.0,1.0,4,4,0.0,0.0,0.0,0.0,1973.0,2.0,7,0,0.0,2.0,9.0,13.0
7814,8,22,1400,1,1,1,1.0,5.0,164.0,440,3.0,2.0,2.0,0.0,0.0,1.0,1.0,1,1,4.0,0.0,0.0,0.0,1991.0,1.0,7,0,0.0,2.0,1.0,1.0
7815,8,22,1400,1,1,1,1.0,5.0,164.0,440,3.0,2.0,2.0,0.0,0.0,1.0,1.0,1,1,4.0,0.0,0.0,0.0,1991.0,1.0,7,0,0.0,2.0,8.0,1.0
7816,8,22,1400,1,1,1,1.0,5.0,164.0,440,3.0,2.0,2.0,0.0,0.0,1.0,1.0,1,1,4.0,0.0,0.0,0.0,1991.0,1.0,7,0,0.0,2.0,8.0,1.0
7817,8,22,1400,1,1,1,1.0,5.0,164.0,440,3.0,2.0,2.0,0.0,0.0,1.0,1.0,1,1,4.0,0.0,0.0,0.0,1991.0,2.0,7,0,0.0,2.0,9.0,13.0
7818,8,22,1400,1,1,1,1.0,5.0,164.0,440,3.0,2.0,2.0,0.0,0.0,1.0,1.0,1,4,0.0,0.0,0.0,0.0,1944.0,1.0,7,0,0.0,2.0,1.0,1.0
7819,8,22,1400,1,1,1,1.0,5.0,164.0,440,3.0,2.0,2.0,0.0,0.0,1.0,1.0,1,4,0.0,0.0,0.0,0.0,1944.0,1.0,7,0,0.0,2.0,8.0,1.0
7820,8,22,1400,1,1,1,1.0,5.0,164.0,440,3.0,2.0,2.0,0.0,0.0,1.0,1.0,1,4,0.0,0.0,0.0,0.0,1944.0,1.0,7,0,0.0,2.0,8.0,1.0
7821,8,22,1400,1,1,1,1.0,5.0,164.0,440,3.0,2.0,2.0,0.0,0.0,1.0,1.0,1,4,0.0,0.0,0.0,0.0,1944.0,2.0,7,0,0.0,2.0,9.0,13.0
7822,3,13,1645,1,2,1,1.0,1.0,192.0,440,4.0,2.0,2.0,0.0,1.0,1.0,1.0,1,1,4.0,0.0,0.0,0.0,1993.0,0.0,7,0,0.0,2.0,2.0,1.0
7823,3,13,1645,1,2,1,1.0,1.0,192.0,440,4.0,2.0,2.0,0.0,1.0,1.0,1.0,1,1,4.0,0.0,0.0,0.0,1993.0,0.0,30,0,0.0,2.0,1.0,13.0
7824,3,13,1645,1,2,1,1.0,1.0,192.0,440,4.0,2.0,2.0,0.0,1.0,1.0,1.0,1,1,4.0,0.0,0.0,0.0,1996.0,0.0,7,0,0.0,2.0,2.0,1.0
7825,3,13,1645,1,2,1,1.0,1.0,192.0,440,4.0,2.0,2.0,0.0,1.0,1.0,1.0,1,1,4.0,0.0,0.0,0.0,1996.0,0.0,30,0,0.0,2.0,1.0,13.0
7826,6,11,730,1,1,1,1.0,6.0,38.0,440,3.0,2.0,2.0,0.0,1.0,3.0,1.0,1,1,4.0,0.0,0.0,0.0,1996.0,1.0,7,0,0.0,9.0,3.0,1.0
7827,6,15,1800,1,1,1,1.0,1.0,46.0,440,3.0,2.0,2.0,0.0,1.0,2.0,1.0,1,4,4.0,0.0,0.0,0.0,1971.0,1.0,7,0,0.0,2.0,3.0,1.0
7828,6,15,1800,1,1,1,1.0,1.0,46.0,440,3.0,2.0,2.0,0.0,1.0,2.0,1.0,1,4,4.0,0.0,0.0,0.0,1971.0,2.0,30,0,0.0,2.0,1.0,13.0
7829,6,15,1800,1,1,1,1.0,1.0,46.0,440,3.0,2.0,2.0,0.0,1.0,2.0,1.0,1,1,1.0,0.0,0.0,0.0,1960.0,1.0,7,0,0.0,2.0,3.0,1.0
7830,6,15,1800,1,1,1,1.0,1.0,46.0,440,3.0,2.0,2.0,0.0,1.0,2.0,1.0,1,1,1.0,0.0,0.0,0.0,1960.0,2.0,30,0,0.0,2.0,1.0,13.0
7831,7,13,2015,2,2,6,1.0,2.0,116.0,440,3.0,2.0,4.0,0.0,0.0,0.0,1.0,1,4,4.0,0.0,0.0,0.0,1981.0,0.0,7,0,0.0,0.0,5.0,1.0
7832,7,13,2015,2,2,6,1.0,2.0,116.0,440,3.0,2.0,4.0,0.0,0.0,0.0,1.0,1,4,4.0,0.0,0.0,0.0,1981.0,1.0,33,0,0.0,2.0,1.0,9.0
7833,7,13,2015,2,2,6,1.0,2.0,116.0,440,3.0,2.0,4.0,0.0,0.0,0.0,1.0,1,1,1.0,0.0,0.0,0.0,1975.0,0.0,7,0,0.0,0.0,5.0,1.0
7834,7,13,2015,2,2,6,1.0,2.0,116.0,440,3.0,2.0,4.0,0.0,0.0,0.0,1.0,1,1,1.0,0.0,0.0,0.0,1975.0,1.0,33,0,0.0,2.0,1.0,9.0
7835,8,17,1245,1,1,1,1.0,2.0,154.0,440,3.0,1.0,0.0,0.0,0.0,1.0,1.0,1,1,4.0,0.0,0.0,0.0,1978.0,1.0,7,0,0.0,2.0,6.0,1.0
7836,8,17,1245,1,1,1,1.0,2.0,154.0,440,3.0,1.0,0.0,0.0,0.0,1.0,1.0,1,1,4.0,0.0,0.0,0.0,1978.0,1.0,33,0,0.0,2.0,1.0,1.0
7837,8,17,1245,1,1,1,1.0,2.0,154.0,440,3.0,1.0,0.0,0.0,0.0,1.0,1.0,1,1,0.0,0.0,0.0,0.0,1990.0,1.0,7,0,0.0,2.0,6.0,1.0
7838,8,17,1245,1,1,1,1.0,2.0,154.0,440,3.0,1.0,0.0,0.0,0.0,1.0,1.0,1,1,0.0,0.0,0.0,0.0,1990.0,1.0,33,0,0.0,2.0,1.0,1.0
7839,8,21,400,5,2,1,1.0,6.0,154.0,440,4.0,2.0,0.0,0.0,2.0,1.0,1.0,1,1,4.0,0.0,0.0,0.0,1995.0,0.0,7,0,6.0,0.0,1.0,13.0
7840,9,5,2130,3,1,1,1.0,3.0,154.0,440,3.0,2.0,2.0,0.0,0.0,1.0,1.0,1,1,4.0,0.0,0.0,0.0,1994.0,2.0,7,0,0.0,2.0,3.0,15.0
7841,9,5,2130,3,1,1,1.0,3.0,154.0,440,3.0,2.0,2.0,0.0,0.0,1.0,1.0,1,1,4.0,0.0,0.0,0.0,1994.0,2.0,33,0,0.0,2.0,1.0,17.0
7842,9,5,2130,3,1,1,1.0,3.0,154.0,440,3.0,2.0,2.0,0.0,0.0,1.0,1.0,1,1,1.0,0.0,0.0,0.0,1993.0,2.0,7,0,0.0,2.0,3.0,15.0
7843,9,5,2130,3,1,1,1.0,3.0,154.0,440,3.0,2.0,2.0,0.0,0.0,1.0,1.0,1,1,1.0,0.0,0.0,0.0,1993.0,2.0,33,0,0.0,2.0,1.0,17.0
7844,1,9,930,1,2,6,1.0,3.0,87.0,440,3.0,2.0,2.0,2.0,1.0,0.0,1.0,1,1,3.0,0.0,0.0,0.0,1921.0,1.0,7,0,0.0,0.0,3.0,9.0
7845,1,9,930,1,2,6,1.0,3.0,87.0,440,3.0,2.0,2.0,2.0,1.0,0.0,1.0,1,1,3.0,0.0,0.0,0.0,1921.0,1.0,1,0,0.0,0.0,0.0,1.0
7846,1,9,930,1,2,6,1.0,3.0,87.0,440,3.0,2.0,2.0,2.0,1.0,0.0,1.0,1,4,3.0,0.0,0.0,0.0,1934.0,1.0,7,0,0.0,0.0,3.0,9.0
7847,1,9,930,1,2,6,1.0,3.0,87.0,440,3.0,2.0,2.0,2.0,1.0,0.0,1.0,1,4,3.0,0.0,0.0,0.0,1934.0,1.0,1,0,0.0,0.0,0.0,1.0
7848,4,17,1730,1,1,1,1.0,6.0,145.0,440,3.0,2.0,2.0,0.0,1.0,3.0,1.0,1,1,4.0,0.0,0.0,0.0,1973.0,2.0,36,0,2.0,0.0,1.0,1.0
7849,4,17,1730,1,1,1,1.0,6.0,145.0,440,3.0,2.0,2.0,0.0,1.0,3.0,1.0,4,1,0.0,0.0,0.0,0.0,1970.0,2.0,36,0,2.0,0.0,1.0,1.0
7850,5,5,1730,1,1,1,1.0,6.0,157.0,440,4.0,2.0,1.0,0.0,1.0,0.0,1.0,1,4,4.0,0.0,0.0,0.0,1971.0,0.0,31,0,0.0,0.0,1.0,1.0
7851,7,11,1100,1,1,1,1.0,6.0,145.0,440,4.0,2.0,0.0,0.0,1.0,1.0,1.0,1,1,4.0,0.0,0.0,0.0,1955.0,0.0,3,0,8.0,0.0,3.0,1.0
7852,7,11,1100,1,1,1,1.0,6.0,145.0,440,4.0,2.0,0.0,0.0,1.0,1.0,1.0,4,4,0.0,0.0,0.0,0.0,1939.0,0.0,3,0,8.0,0.0,3.0,1.0
7853,7,11,1145,1,1,1,1.0,6.0,186.0,440,3.0,2.0,2.0,0.0,0.0,1.0,1.0,1,1,4.0,0.0,0.0,0.0,1941.0,2.0,7,0,0.0,1.0,2.0,1.0
7854,7,11,1145,1,1,1,1.0,6.0,186.0,440,3.0,2.0,2.0,0.0,0.0,1.0,1.0,3,4,4.0,6.0,3.0,3.0,2004.0,2.0,7,0,0.0,1.0,2.0,1.0
7855,7,11,1145,1,1,1,1.0,6.0,186.0,440,3.0,2.0,2.0,0.0,0.0,1.0,1.0,3,4,4.0,6.0,3.0,3.0,2004.0,2.0,7,0,0.0,1.0,2.0,1.0
7856,7,12,2245,3,1,1,1.0,6.0,178.0,440,3.0,2.0,2.0,0.0,1.0,1.0,1.0,1,4,4.0,0.0,0.0,0.0,1974.0,1.0,7,0,0.0,1.0,2.0,1.0
7857,7,12,2245,3,1,1,1.0,6.0,178.0,440,3.0,2.0,2.0,0.0,1.0,1.0,1.0,3,1,4.0,0.0,9.0,1.0,1961.0,1.0,7,0,0.0,1.0,2.0,1.0
7858,7,23,1145,1,2,6,1.0,3.0,186.0,440,3.0,2.0,2.0,0.0,0.0,2.0,1.0,1,1,4.0,0.0,0.0,0.0,1953.0,1.0,30,0,0.0,2.0,7.0,1.0
7859,7,23,1145,1,2,6,1.0,3.0,186.0,440,3.0,2.0,2.0,0.0,0.0,2.0,1.0,1,1,4.0,0.0,0.0,0.0,1953.0,0.0,10,0,0.0,2.0,3.0,9.0
7860,7,23,1145,1,2,6,1.0,3.0,186.0,440,3.0,2.0,2.0,0.0,0.0,2.0,1.0,1,1,4.0,0.0,0.0,0.0,1994.0,1.0,30,0,0.0,2.0,7.0,1.0
7861,7,23,1145,1,2,6,1.0,3.0,186.0,440,3.0,2.0,2.0,0.0,0.0,2.0,1.0,1,1,4.0,0.0,0.0,0.0,1994.0,0.0,10,0,0.0,2.0,3.0,9.0
7862,8,29,1400,1,1,1,1.0,3.0,119.0,440,4.0,2.0,0.0,0.0,0.0,1.0,1.0,1,1,4.0,0.0,0.0,0.0,2001.0,0.0,30,0,0.0,2.0,1.0,1.0
7863,8,29,1400,1,1,1,1.0,3.0,119.0,440,4.0,2.0,0.0,0.0,0.0,1.0,1.0,1,1,4.0,0.0,0.0,0.0,2001.0,0.0,7,0,0.0,2.0,3.0,1.0
7864,8,29,1400,1,1,1,1.0,3.0,119.0,440,4.0,2.0,0.0,0.0,0.0,1.0,1.0,1,1,1.0,0.0,0.0,0.0,1988.0,0.0,30,0,0.0,2.0,1.0,1.0
7865,8,29,1400,1,1,1,1.0,3.0,119.0,440,4.0,2.0,0.0,0.0,0.0,1.0,1.0,1,1,1.0,0.0,0.0,0.0,1988.0,0.0,7,0,0.0,2.0,3.0,1.0
7866,10,3,1500,1,1,3,1.0,3.0,157.0,440,4.0,2.0,0.0,0.0,1.0,1.0,1.0,1,1,3.0,0.0,0.0,0.0,1997.0,0.0,7,0,0.0,2.0,1.0,1.0
7867,10,3,1500,1,1,3,1.0,3.0,157.0,440,4.0,2.0,0.0,0.0,1.0,1.0,1.0,1,1,3.0,0.0,0.0,0.0,1997.0,0.0,7,0,0.0,2.0,8.0,1.0
7868,10,3,1500,1,1,3,1.0,3.0,157.0,440,4.0,2.0,0.0,0.0,1.0,1.0,1.0,1,4,4.0,0.0,0.0,0.0,1969.0,0.0,7,0,0.0,2.0,1.0,1.0
7869,10,3,1500,1,1,3,1.0,3.0,157.0,440,4.0,2.0,0.0,0.0,1.0,1.0,1.0,1,4,4.0,0.0,0.0,0.0,1969.0,0.0,7,0,0.0,2.0,8.0,1.0
7870,10,3,1500,1,1,3,1.0,3.0,157.0,440,4.0,2.0,0.0,0.0,1.0,1.0,1.0,4,4,0.0,0.0,0.0,0.0,2014.0,0.0,7,0,0.0,2.0,1.0,1.0
7871,10,3,1500,1,1,3,1.0,3.0,157.0,440,4.0,2.0,0.0,0.0,1.0,1.0,1.0,4,4,0.0,0.0,0.0,0.0,2014.0,0.0,7,0,0.0,2.0,8.0,1.0
7872,10,3,1500,1,1,3,1.0,3.0,157.0,440,4.0,2.0,0.0,0.0,1.0,1.0,1.0,4,4,0.0,0.0,0.0,0.0,2011.0,0.0,7,0,0.0,2.0,1.0,1.0
7873,10,3,1500,1,1,3,1.0,3.0,157.0,440,4.0,2.0,0.0,0.0,1.0,1.0,1.0,4,4,0.0,0.0,0.0,0.0,2011.0,0.0,7,0,0.0,2.0,8.0,1.0
7874,6,30,1430,1,2,1,1.0,6.0,47.0,440,3.0,2.0,2.0,0.0,1.0,1.0,1.0,1,1,4.0,0.0,0.0,0.0,1996.0,1.0,7,0,0.0,1.0,3.0,1.0
7875,6,30,1430,1,2,1,1.0,6.0,47.0,440,3.0,2.0,2.0,0.0,1.0,1.0,1.0,3,1,9.0,4.0,3.0,1.0,2000.0,1.0,7,0,0.0,1.0,3.0,1.0
7876,7,3,1645,1,1,1,1.0,3.0,47.0,440,3.0,2.0,2.0,0.0,1.0,1.0,1.0,1,4,1.0,0.0,0.0,0.0,1970.0,0.0,7,0,0.0,0.0,7.0,1.0
7877,7,3,1645,1,1,1,1.0,3.0,47.0,440,3.0,2.0,2.0,0.0,1.0,1.0,1.0,1,4,1.0,0.0,0.0,0.0,1970.0,0.0,7,0,0.0,0.0,1.0,9.0
7878,7,3,1645,1,1,1,1.0,3.0,47.0,440,3.0,2.0,2.0,0.0,1.0,1.0,1.0,4,1,0.0,0.0,0.0,0.0,1957.0,0.0,7,0,0.0,0.0,7.0,1.0
7879,7,3,1645,1,1,1,1.0,3.0,47.0,440,3.0,2.0,2.0,0.0,1.0,1.0,1.0,4,1,0.0,0.0,0.0,0.0,1957.0,0.0,7,0,0.0,0.0,1.0,9.0
7880,7,3,1645,1,1,1,1.0,3.0,47.0,440,3.0,2.0,2.0,0.0,1.0,1.0,1.0,1,4,4.0,0.0,0.0,0.0,1977.0,0.0,7,0,0.0,0.0,7.0,1.0
7881,7,3,1645,1,1,1,1.0,3.0,47.0,440,3.0,2.0,2.0,0.0,1.0,1.0,1.0,1,4,4.0,0.0,0.0,0.0,1977.0,0.0,7,0,0.0,0.0,1.0,9.0
7882,9,26,915,1,1,1,1.0,1.0,47.0,440,4.0,2.0,2.0,0.0,1.0,1.0,1.0,1,1,1.0,0.0,0.0,0.0,1989.0,0.0,7,0,0.0,2.0,1.0,15.0
7883,9,26,915,1,1,1,1.0,1.0,47.0,440,4.0,2.0,2.0,0.0,1.0,1.0,1.0,1,1,1.0,0.0,0.0,0.0,1989.0,0.0,33,0,0.0,2.0,1.0,1.0
7884,9,26,915,1,1,1,1.0,1.0,47.0,440,4.0,2.0,2.0,0.0,1.0,1.0,1.0,1,1,1.0,0.0,0.0,0.0,1983.0,0.0,7,0,0.0,2.0,1.0,15.0
7885,9,26,915,1,1,1,1.0,1.0,47.0,440,4.0,2.0,2.0,0.0,1.0,1.0,1.0,1,1,1.0,0.0,0.0,0.0,1983.0,0.0,33,0,0.0,2.0,1.0,1.0
7886,11,25,2000,3,1,1,1.0,1.0,74.0,440,3.0,2.0,2.0,0.0,1.0,1.0,1.0,1,1,4.0,0.0,0.0,0.0,1983.0,1.0,7,0,0.0,2.0,3.0,1.0
7887,11,25,2000,3,1,1,1.0,1.0,74.0,440,3.0,2.0,2.0,0.0,1.0,1.0,1.0,1,1,4.0,0.0,0.0,0.0,1983.0,2.0,7,0,0.0,2.0,3.0,13.0
7888,11,25,2000,3,1,1,1.0,1.0,74.0,440,3.0,2.0,2.0,0.0,1.0,1.0,1.0,1,1,4.0,0.0,0.0,0.0,1976.0,1.0,7,0,0.0,2.0,3.0,1.0
7889,11,25,2000,3,1,1,1.0,1.0,74.0,440,3.0,2.0,2.0,0.0,1.0,1.0,1.0,1,1,4.0,0.0,0.0,0.0,1976.0,2.0,7,0,0.0,2.0,3.0,13.0
7890,1,6,900,1,2,1,1.0,1.0,30.0,440,4.0,2.0,2.0,0.0,0.0,1.0,1.0,1,1,4.0,0.0,0.0,0.0,1946.0,0.0,7,0,0.0,2.0,1.0,1.0
7891,1,6,900,1,2,1,1.0,1.0,30.0,440,4.0,2.0,2.0,0.0,0.0,1.0,1.0,1,1,4.0,0.0,0.0,0.0,1946.0,0.0,1,0,0.0,2.0,7.0,1.0
7892,1,6,900,1,2,1,1.0,1.0,30.0,440,4.0,2.0,2.0,0.0,0.0,1.0,1.0,1,4,4.0,0.0,0.0,0.0,1935.0,0.0,7,0,0.0,2.0,1.0,1.0
7893,1,6,900,1,2,1,1.0,1.0,30.0,440,4.0,2.0,2.0,0.0,0.0,1.0,1.0,1,4,4.0,0.0,0.0,0.0,1935.0,0.0,1,0,0.0,2.0,7.0,1.0
7894,1,13,1600,1,2,1,1.0,2.0,211.0,440,3.0,2.0,2.0,0.0,1.0,1.0,2.0,1,4,3.0,0.0,0.0,0.0,1935.0,1.0,7,0,0.0,2.0,7.0,17.0
7895,1,13,1600,1,2,1,1.0,2.0,211.0,440,3.0,2.0,2.0,0.0,1.0,1.0,2.0,1,4,3.0,0.0,0.0,0.0,1935.0,1.0,99,0,0.0,2.0,8.0,2.0
7896,1,13,1600,1,2,1,1.0,2.0,211.0,440,3.0,2.0,2.0,0.0,1.0,1.0,2.0,1,1,4.0,0.0,0.0,0.0,1950.0,1.0,7,0,0.0,2.0,7.0,17.0
7897,1,13,1600,1,2,1,1.0,2.0,211.0,440,3.0,2.0,2.0,0.0,1.0,1.0,2.0,1,1,4.0,0.0,0.0,0.0,1950.0,1.0,99,0,0.0,2.0,8.0,2.0
7898,1,27,1900,1,1,1,1.0,1.0,151.0,440,3.0,2.0,2.0,0.0,0.0,0.0,2.0,1,4,1.0,0.0,0.0,0.0,1962.0,1.0,7,0,0.0,2.0,3.0,13.0
7899,1,27,1900,1,1,1,1.0,1.0,151.0,440,3.0,2.0,2.0,0.0,0.0,0.0,2.0,1,4,1.0,0.0,0.0,0.0,1962.0,2.0,7,0,0.0,2.0,1.0,0.0
7900,1,27,1900,1,1,1,1.0,1.0,151.0,440,3.0,2.0,2.0,0.0,0.0,0.0,2.0,1,1,4.0,0.0,0.0,0.0,1964.0,1.0,7,0,0.0,2.0,3.0,13.0
7901,1,27,1900,1,1,1,1.0,1.0,151.0,440,3.0,2.0,2.0,0.0,0.0,0.0,2.0,1,1,4.0,0.0,0.0,0.0,1964.0,2.0,7,0,0.0,2.0,1.0,0.0
7902,1,27,1900,1,1,1,1.0,1.0,151.0,440,3.0,2.0,2.0,0.0,0.0,0.0,2.0,4,4,0.0,0.0,0.0,0.0,1965.0,1.0,7,0,0.0,2.0,3.0,13.0
7903,1,27,1900,1,1,1,1.0,1.0,151.0,440,3.0,2.0,2.0,0.0,0.0,0.0,2.0,4,4,0.0,0.0,0.0,0.0,1965.0,2.0,7,0,0.0,2.0,1.0,0.0
7904,3,14,900,1,2,1,7.0,6.0,69.0,440,4.0,0.0,0.0,0.0,1.0,1.0,1.0,1,1,0.0,0.0,0.0,0.0,1978.0,0.0,7,0,0.0,1.0,1.0,15.0
7905,3,14,900,1,2,1,7.0,6.0,69.0,440,4.0,0.0,0.0,0.0,1.0,1.0,1.0,3,4,0.0,3.0,3.0,1.0,1954.0,0.0,7,0,0.0,1.0,1.0,15.0
7906,3,26,2100,3,1,1,2.0,6.0,72.0,440,3.0,2.0,0.0,0.0,0.0,1.0,2.0,1,1,4.0,0.0,0.0,0.0,1988.0,1.0,7,0,2.0,0.0,1.0,1.0
7907,3,26,2100,3,1,1,2.0,6.0,72.0,440,3.0,2.0,0.0,0.0,0.0,1.0,2.0,4,1,0.0,0.0,0.0,0.0,1989.0,1.0,7,0,2.0,0.0,1.0,1.0
7908,3,31,1200,1,2,1,1.0,3.0,30.0,440,4.0,2.0,2.0,0.0,1.0,2.0,1.0,1,1,4.0,0.0,0.0,0.0,1967.0,1.0,7,0,0.0,2.0,3.0,9.0
7909,3,31,1200,1,2,1,1.0,3.0,30.0,440,4.0,2.0,2.0,0.0,1.0,2.0,1.0,1,1,4.0,0.0,0.0,0.0,1967.0,1.0,1,0,0.0,2.0,7.0,1.0
7910,3,31,1200,1,2,1,1.0,3.0,30.0,440,4.0,2.0,2.0,0.0,1.0,2.0,1.0,1,4,4.0,0.0,0.0,0.0,1958.0,1.0,7,0,0.0,2.0,3.0,9.0
7911,3,31,1200,1,2,1,1.0,3.0,30.0,440,4.0,2.0,2.0,0.0,1.0,2.0,1.0,1,4,4.0,0.0,0.0,0.0,1958.0,1.0,1,0,0.0,2.0,7.0,1.0
7912,4,8,1845,1,2,6,1.0,3.0,72.0,440,3.0,2.0,2.0,0.0,1.0,2.0,1.0,1,1,4.0,0.0,0.0,0.0,2000.0,1.0,30,0,0.0,2.0,7.0,1.0
7913,4,8,1845,1,2,6,1.0,3.0,72.0,440,3.0,2.0,2.0,0.0,1.0,2.0,1.0,1,1,4.0,0.0,0.0,0.0,2000.0,0.0,7,0,0.0,2.0,3.0,9.0
7914,4,8,1845,1,2,6,1.0,3.0,72.0,440,3.0,2.0,2.0,0.0,1.0,2.0,1.0,1,4,4.0,0.0,0.0,0.0,1954.0,1.0,30,0,0.0,2.0,7.0,1.0
7915,4,8,1845,1,2,6,1.0,3.0,72.0,440,3.0,2.0,2.0,0.0,1.0,2.0,1.0,1,4,4.0,0.0,0.0,0.0,1954.0,0.0,7,0,0.0,2.0,3.0,9.0
7916,4,17,1700,1,2,1,1.0,6.0,49.0,440,4.0,2.0,2.0,0.0,1.0,1.0,1.0,1,4,4.0,0.0,0.0,0.0,1991.0,0.0,7,0,0.0,1.0,2.0,1.0
7917,4,17,1700,1,2,1,1.0,6.0,49.0,440,4.0,2.0,2.0,0.0,1.0,1.0,1.0,3,4,4.0,2.0,3.0,1.0,2005.0,0.0,7,0,0.0,1.0,2.0,1.0
7918,4,21,1200,1,2,1,1.0,7.0,30.0,440,3.0,2.0,0.0,0.0,0.0,1.0,1.0,1,1,4.0,0.0,0.0,0.0,1965.0,1.0,30,0,6.0,0.0,5.0,1.0
7919,4,19,1930,1,1,1,1.0,6.0,69.0,440,3.0,2.0,2.0,0.0,0.0,2.0,1.0,1,1,4.0,0.0,0.0,0.0,1960.0,2.0,33,0,13.0,0.0,1.0,1.0
7920,5,28,1100,1,1,1,1.0,1.0,211.0,440,4.0,2.0,2.0,0.0,0.0,3.0,1.0,1,1,0.0,0.0,0.0,0.0,1948.0,0.0,1,0,0.0,2.0,1.0,1.0
7921,5,28,1100,1,1,1,1.0,1.0,211.0,440,4.0,2.0,2.0,0.0,0.0,3.0,1.0,1,1,0.0,0.0,0.0,0.0,1948.0,0.0,7,0,0.0,2.0,1.0,1.0