,month,day,time,light,location,intersection,atmosphere,collision,municipality,department,road,traffic,nblanes,reslane,laneprofile,plan,surface,user,sex,route,pedlocation,pedaction,pedcondition,birth,dirtraffic,catvehicle,nboccupants,obstacle,movobstacle,impact,maneuver
7922,5,28,1100,1,1,1,1.0,1.0,211.0,440,4.0,2.0,2.0,0.0,0.0,3.0,1.0,1,4,0.0,0.0,0.0,0.0,1990.0,0.0,1,0,0.0,2.0,1.0,1.0
7923,5,28,1100,1,1,1,1.0,1.0,211.0,440,4.0,2.0,2.0,0.0,0.0,3.0,1.0,1,4,0.0,0.0,0.0,0.0,1990.0,0.0,7,0,0.0,2.0,1.0,1.0
7924,5,30,1830,1,2,1,1.0,6.0,49.0,440,3.0,1.0,0.0,0.0,0.0,3.0,1.0,1,1,0.0,0.0,0.0,0.0,1992.0,1.0,33,0,0.0,1.0,1.0,0.0
7925,5,30,1830,1,2,1,1.0,6.0,49.0,440,3.0,1.0,0.0,0.0,0.0,3.0,1.0,3,4,0.0,2.0,3.0,1.0,1934.0,1.0,33,0,0.0,1.0,1.0,0.0
7926,6,4,615,1,1,1,1.0,7.0,151.0,440,3.0,2.0,0.0,0.0,0.0,2.0,1.0,1,1,4.0,0.0,0.0,0.0,1991.0,2.0,7,0,13.0,0.0,1.0,1.0
7927,6,4,615,1,1,1,1.0,7.0,151.0,440,3.0,2.0,0.0,0.0,0.0,2.0,1.0,4,1,0.0,0.0,0.0,0.0,1995.0,2.0,7,0,13.0,0.0,1.0,1.0
7928,6,4,615,1,1,1,1.0,7.0,151.0,440,3.0,2.0,0.0,0.0,0.0,2.0,1.0,4,1,0.0,0.0,0.0,0.0,1998.0,2.0,7,0,13.0,0.0,1.0,1.0
7929,6,7,1045,1,2,6,1.0,3.0,69.0,440,4.0,2.0,4.0,0.0,1.0,1.0,1.0,1,1,3.0,0.0,0.0,0.0,1956.0,0.0,32,0,0.0,2.0,7.0,15.0
7930,6,7,1045,1,2,6,1.0,3.0,69.0,440,4.0,2.0,4.0,0.0,1.0,1.0,1.0,1,1,3.0,0.0,0.0,0.0,1956.0,0.0,7,0,0.0,2.0,1.0,1.0
7931,6,7,1045,1,2,6,1.0,3.0,69.0,440,4.0,2.0,4.0,0.0,1.0,1.0,1.0,4,4,0.0,0.0,0.0,0.0,1964.0,0.0,32,0,0.0,2.0,7.0,15.0
7932,6,7,1045,1,2,6,1.0,3.0,69.0,440,4.0,2.0,4.0,0.0,1.0,1.0,1.0,4,4,0.0,0.0,0.0,0.0,1964.0,0.0,7,0,0.0,2.0,1.0,1.0
7933,6,7,1045,1,2,6,1.0,3.0,69.0,440,4.0,2.0,4.0,0.0,1.0,1.0,1.0,1,4,3.0,0.0,0.0,0.0,1953.0,0.0,32,0,0.0,2.0,7.0,15.0
7934,6,7,1045,1,2,6,1.0,3.0,69.0,440,4.0,2.0,4.0,0.0,1.0,1.0,1.0,1,4,3.0,0.0,0.0,0.0,1953.0,0.0,7,0,0.0,2.0,1.0,1.0
7935,6,26,130,3,1,9,1.0,6.0,69.0,440,3.0,4.0,3.0,0.0,0.0,1.0,1.0,1,1,4.0,0.0,0.0,0.0,1992.0,2.0,7,0,4.0,0.0,3.0,12.0
7936,7,13,2030,1,1,1,1.0,1.0,69.0,440,3.0,2.0,2.0,0.0,0.0,0.0,0.0,1,1,0.0,0.0,0.0,0.0,1963.0,1.0,30,0,0.0,2.0,1.0,1.0
7937,7,13,2030,1,1,1,1.0,1.0,69.0,440,3.0,2.0,2.0,0.0,0.0,0.0,0.0,1,1,0.0,0.0,0.0,0.0,1963.0,2.0,7,0,0.0,2.0,2.0,1.0
7938,7,13,2030,1,1,1,1.0,1.0,69.0,440,3.0,2.0,2.0,0.0,0.0,0.0,0.0,1,4,0.0,0.0,0.0,0.0,1997.0,1.0,30,0,0.0,2.0,1.0,1.0
7939,7,13,2030,1,1,1,1.0,1.0,69.0,440,3.0,2.0,2.0,0.0,0.0,0.0,0.0,1,4,0.0,0.0,0.0,0.0,1997.0,2.0,7,0,0.0,2.0,2.0,1.0
7940,7,20,1415,1,1,1,1.0,1.0,30.0,440,3.0,2.0,2.0,0.0,1.0,3.0,1.0,1,1,4.0,0.0,0.0,0.0,1973.0,2.0,7,0,0.0,2.0,8.0,1.0
7941,7,20,1415,1,1,1,1.0,1.0,30.0,440,3.0,2.0,2.0,0.0,1.0,3.0,1.0,1,1,4.0,0.0,0.0,0.0,1973.0,1.0,33,0,0.0,2.0,6.0,17.0
7942,7,20,1415,1,1,1,1.0,1.0,30.0,440,3.0,2.0,2.0,0.0,1.0,3.0,1.0,1,1,9.0,0.0,0.0,0.0,1992.0,2.0,7,0,0.0,2.0,8.0,1.0
7943,7,20,1415,1,1,1,1.0,1.0,30.0,440,3.0,2.0,2.0,0.0,1.0,3.0,1.0,1,1,9.0,0.0,0.0,0.0,1992.0,1.0,33,0,0.0,2.0,6.0,17.0
7944,7,22,1730,1,2,1,1.0,2.0,69.0,440,4.0,0.0,0.0,0.0,2.0,1.0,1.0,1,1,4.0,0.0,0.0,0.0,1984.0,0.0,7,0,0.0,2.0,5.0,15.0
7945,7,22,1730,1,2,1,1.0,2.0,69.0,440,4.0,0.0,0.0,0.0,2.0,1.0,1.0,1,1,4.0,0.0,0.0,0.0,1984.0,0.0,33,0,0.0,2.0,1.0,1.0
7946,7,22,1730,1,2,1,1.0,2.0,69.0,440,4.0,0.0,0.0,0.0,2.0,1.0,1.0,1,1,1.0,0.0,0.0,0.0,1994.0,0.0,7,0,0.0,2.0,5.0,15.0
7947,7,22,1730,1,2,1,1.0,2.0,69.0,440,4.0,0.0,0.0,0.0,2.0,1.0,1.0,1,1,1.0,0.0,0.0,0.0,1994.0,0.0,33,0,0.0,2.0,1.0,1.0
7948,7,22,1530,1,1,1,1.0,2.0,69.0,440,3.0,0.0,2.0,0.0,1.0,1.0,1.0,1,1,0.0,0.0,0.0,0.0,1950.0,2.0,7,0,0.0,2.0,5.0,1.0
7949,7,22,1530,1,1,1,1.0,2.0,69.0,440,3.0,0.0,2.0,0.0,1.0,1.0,1.0,1,1,0.0,0.0,0.0,0.0,1950.0,2.0,2,0,0.0,2.0,1.0,2.0
7950,7,22,1530,1,1,1,1.0,2.0,69.0,440,3.0,0.0,2.0,0.0,1.0,1.0,1.0,1,1,1.0,0.0,0.0,0.0,1989.0,2.0,7,0,0.0,2.0,5.0,1.0
7951,7,22,1530,1,1,1,1.0,2.0,69.0,440,3.0,0.0,2.0,0.0,1.0,1.0,1.0,1,1,1.0,0.0,0.0,0.0,1989.0,2.0,2,0,0.0,2.0,1.0,2.0
7952,7,25,1500,1,1,1,1.0,3.0,6.0,440,3.0,2.0,2.0,0.0,1.0,1.0,1.0,1,1,4.0,0.0,0.0,0.0,2003.0,2.0,1,0,0.0,2.0,8.0,1.0
7953,7,25,1500,1,1,1,1.0,3.0,6.0,440,3.0,2.0,2.0,0.0,1.0,1.0,1.0,1,1,4.0,0.0,0.0,0.0,2003.0,1.0,7,0,0.0,9.0,1.0,1.0
7954,7,25,1500,1,1,1,1.0,3.0,6.0,440,3.0,2.0,2.0,0.0,1.0,1.0,1.0,1,1,4.0,0.0,0.0,0.0,1952.0,2.0,1,0,0.0,2.0,8.0,1.0
7955,7,25,1500,1,1,1,1.0,3.0,6.0,440,3.0,2.0,2.0,0.0,1.0,1.0,1.0,1,1,4.0,0.0,0.0,0.0,1952.0,1.0,7,0,0.0,9.0,1.0,1.0
7956,8,2,1800,1,1,1,1.0,3.0,69.0,440,4.0,2.0,2.0,0.0,0.0,1.0,1.0,1,4,4.0,0.0,0.0,0.0,1968.0,1.0,7,0,0.0,2.0,1.0,1.0
7957,8,2,1800,1,1,1,1.0,3.0,69.0,440,4.0,2.0,2.0,0.0,0.0,1.0,1.0,1,4,4.0,0.0,0.0,0.0,1968.0,0.0,1,0,0.0,0.0,0.0,0.0
7958,8,2,1800,1,1,1,1.0,3.0,69.0,440,4.0,2.0,2.0,0.0,0.0,1.0,1.0,1,4,4.0,0.0,0.0,0.0,1955.0,1.0,7,0,0.0,2.0,1.0,1.0
7959,8,2,1800,1,1,1,1.0,3.0,69.0,440,4.0,2.0,2.0,0.0,0.0,1.0,1.0,1,4,4.0,0.0,0.0,0.0,1955.0,0.0,1,0,0.0,0.0,0.0,0.0
7960,8,2,1845,1,1,6,1.0,1.0,69.0,440,3.0,0.0,0.0,0.0,0.0,1.0,1.0,1,4,0.0,0.0,0.0,0.0,1966.0,2.0,2,0,0.0,0.0,0.0,0.0
7961,8,2,1845,1,1,6,1.0,1.0,69.0,440,3.0,0.0,0.0,0.0,0.0,1.0,1.0,1,4,0.0,0.0,0.0,0.0,1966.0,1.0,7,0,0.0,0.0,0.0,0.0
7962,8,2,1845,1,1,6,1.0,1.0,69.0,440,3.0,0.0,0.0,0.0,0.0,1.0,1.0,1,1,0.0,0.0,0.0,0.0,1964.0,2.0,2,0,0.0,0.0,0.0,0.0
7963,8,2,1845,1,1,6,1.0,1.0,69.0,440,3.0,0.0,0.0,0.0,0.0,1.0,1.0,1,1,0.0,0.0,0.0,0.0,1964.0,1.0,7,0,0.0,0.0,0.0,0.0
7964,8,5,1215,1,1,1,1.0,5.0,69.0,440,3.0,3.0,4.0,0.0,1.0,1.0,1.0,1,4,4.0,0.0,0.0,0.0,1940.0,1.0,7,0,0.0,2.0,1.0,10.0
7965,8,5,1215,1,1,1,1.0,5.0,69.0,440,3.0,3.0,4.0,0.0,1.0,1.0,1.0,1,4,4.0,0.0,0.0,0.0,1940.0,1.0,7,0,0.0,2.0,3.0,1.0
7966,8,5,1215,1,1,1,1.0,5.0,69.0,440,3.0,3.0,4.0,0.0,1.0,1.0,1.0,1,4,4.0,0.0,0.0,0.0,1940.0,1.0,7,0,0.0,2.0,1.0,1.0
7967,8,5,1215,1,1,1,1.0,5.0,69.0,440,3.0,3.0,4.0,0.0,1.0,1.0,1.0,1,4,4.0,0.0,0.0,0.0,1955.0,1.0,7,0,0.0,2.0,1.0,10.0
7968,8,5,1215,1,1,1,1.0,5.0,69.0,440,3.0,3.0,4.0,0.0,1.0,1.0,1.0,1,4,4.0,0.0,0.0,0.0,1955.0,1.0,7,0,0.0,2.0,3.0,1.0
7969,8,5,1215,1,1,1,1.0,5.0,69.0,440,3.0,3.0,4.0,0.0,1.0,1.0,1.0,1,4,4.0,0.0,0.0,0.0,1955.0,1.0,7,0,0.0,2.0,1.0,1.0
7970,8,5,1215,1,1,1,1.0,5.0,69.0,440,3.0,3.0,4.0,0.0,1.0,1.0,1.0,4,4,0.0,0.0,0.0,0.0,1933.0,1.0,7,0,0.0,2.0,1.0,10.0
7971,8,5,1215,1,1,1,1.0,5.0,69.0,440,3.0,3.0,4.0,0.0,1.0,1.0,1.0,4,4,0.0,0.0,0.0,0.0,1933.0,1.0,7,0,0.0,2.0,3.0,1.0
7972,8,5,1215,1,1,1,1.0,5.0,69.0,440,3.0,3.0,4.0,0.0,1.0,1.0,1.0,4,4,0.0,0.0,0.0,0.0,1933.0,1.0,7,0,0.0,2.0,1.0,1.0
7973,8,5,1215,1,1,1,1.0,5.0,69.0,440,3.0,3.0,4.0,0.0,1.0,1.0,1.0,1,1,4.0,0.0,0.0,0.0,1942.0,1.0,7,0,0.0,2.0,1.0,10.0
7974,8,5,1215,1,1,1,1.0,5.0,69.0,440,3.0,3.0,4.0,0.0,1.0,1.0,1.0,1,1,4.0,0.0,0.0,0.0,1942.0,1.0,7,0,0.0,2.0,3.0,1.0
7975,8,5,1215,1,1,1,1.0,5.0,69.0,440,3.0,3.0,4.0,0.0,1.0,1.0,1.0,1,1,4.0,0.0,0.0,0.0,1942.0,1.0,7,0,0.0,2.0,1.0,1.0
7976,8,5,1215,1,1,1,1.0,5.0,69.0,440,3.0,3.0,4.0,0.0,1.0,1.0,1.0,4,4,0.0,0.0,0.0,0.0,1941.0,1.0,7,0,0.0,2.0,1.0,10.0
7977,8,5,1215,1,1,1,1.0,5.0,69.0,440,3.0,3.0,4.0,0.0,1.0,1.0,1.0,4,4,0.0,0.0,0.0,0.0,1941.0,1.0,7,0,0.0,2.0,3.0,1.0
7978,8,5,1215,1,1,1,1.0,5.0,69.0,440,3.0,3.0,4.0,0.0,1.0,1.0,1.0,4,4,0.0,0.0,0.0,0.0,1941.0,1.0,7,0,0.0,2.0,1.0,1.0
7979,8,7,1615,1,1,1,1.0,3.0,175.0,440,3.0,2.0,2.0,0.0,2.0,1.0,1.0,1,1,4.0,0.0,0.0,0.0,1996.0,1.0,7,0,0.0,2.0,1.0,1.0
7980,8,7,1615,1,1,1,1.0,3.0,175.0,440,3.0,2.0,2.0,0.0,2.0,1.0,1.0,1,1,4.0,0.0,0.0,0.0,1996.0,2.0,7,0,0.0,2.0,7.0,15.0
7981,8,7,1615,1,1,1,1.0,3.0,175.0,440,3.0,2.0,2.0,0.0,2.0,1.0,1.0,1,1,4.0,0.0,0.0,0.0,1939.0,1.0,7,0,0.0,2.0,1.0,1.0
7982,8,7,1615,1,1,1,1.0,3.0,175.0,440,3.0,2.0,2.0,0.0,2.0,1.0,1.0,1,1,4.0,0.0,0.0,0.0,1939.0,2.0,7,0,0.0,2.0,7.0,15.0
7983,8,7,1615,1,1,1,1.0,3.0,175.0,440,3.0,2.0,2.0,0.0,2.0,1.0,1.0,4,1,0.0,0.0,0.0,0.0,1945.0,1.0,7,0,0.0,2.0,1.0,1.0
7984,8,7,1615,1,1,1,1.0,3.0,175.0,440,3.0,2.0,2.0,0.0,2.0,1.0,1.0,4,1,0.0,0.0,0.0,0.0,1945.0,2.0,7,0,0.0,2.0,7.0,15.0
7985,8,7,1615,1,1,1,1.0,3.0,175.0,440,3.0,2.0,2.0,0.0,2.0,1.0,1.0,4,4,0.0,0.0,0.0,0.0,1944.0,1.0,7,0,0.0,2.0,1.0,1.0
7986,8,7,1615,1,1,1,1.0,3.0,175.0,440,3.0,2.0,2.0,0.0,2.0,1.0,1.0,4,4,0.0,0.0,0.0,0.0,1944.0,2.0,7,0,0.0,2.0,7.0,15.0
7987,8,7,1615,1,1,1,1.0,3.0,175.0,440,3.0,2.0,2.0,0.0,2.0,1.0,1.0,4,4,0.0,0.0,0.0,0.0,1948.0,1.0,7,0,0.0,2.0,1.0,1.0
7988,8,7,1615,1,1,1,1.0,3.0,175.0,440,3.0,2.0,2.0,0.0,2.0,1.0,1.0,4,4,0.0,0.0,0.0,0.0,1948.0,2.0,7,0,0.0,2.0,7.0,15.0
7989,8,15,1130,1,2,1,1.0,1.0,125.0,440,3.0,2.0,2.0,3.0,0.0,1.0,1.0,1,1,4.0,0.0,0.0,0.0,1948.0,2.0,1,0,0.0,1.0,1.0,1.0
7990,8,15,1130,1,2,1,1.0,1.0,125.0,440,3.0,2.0,2.0,3.0,0.0,1.0,1.0,1,1,4.0,0.0,0.0,0.0,1948.0,2.0,1,0,0.0,1.0,1.0,1.0
7991,8,15,1130,1,2,1,1.0,1.0,125.0,440,3.0,2.0,2.0,3.0,0.0,1.0,1.0,3,4,4.0,1.0,1.0,1.0,1954.0,2.0,1,0,0.0,1.0,1.0,1.0
7992,8,15,1130,1,2,1,1.0,1.0,125.0,440,3.0,2.0,2.0,3.0,0.0,1.0,1.0,3,4,4.0,1.0,1.0,1.0,1954.0,2.0,1,0,0.0,1.0,1.0,1.0
7993,8,15,1130,1,2,1,1.0,1.0,125.0,440,3.0,2.0,2.0,3.0,0.0,1.0,1.0,1,1,4.0,0.0,0.0,0.0,1989.0,2.0,1,0,0.0,1.0,1.0,1.0
7994,8,15,1130,1,2,1,1.0,1.0,125.0,440,3.0,2.0,2.0,3.0,0.0,1.0,1.0,1,1,4.0,0.0,0.0,0.0,1989.0,2.0,1,0,0.0,1.0,1.0,1.0
7995,8,24,915,1,2,9,1.0,6.0,49.0,440,6.0,0.0,0.0,0.0,1.0,0.0,1.0,1,4,9.0,0.0,0.0,0.0,1946.0,0.0,7,0,0.0,1.0,4.0,20.0
7996,8,24,915,1,2,9,1.0,6.0,49.0,440,6.0,0.0,0.0,0.0,1.0,0.0,1.0,3,4,9.0,0.0,3.0,1.0,1935.0,0.0,7,0,0.0,1.0,4.0,20.0
7997,8,16,1200,1,1,1,1.0,3.0,10.0,440,3.0,2.0,0.0,0.0,0.0,1.0,1.0,1,1,4.0,0.0,0.0,0.0,1936.0,2.0,7,0,0.0,2.0,7.0,2.0
7998,8,16,1200,1,1,1,1.0,3.0,10.0,440,3.0,2.0,0.0,0.0,0.0,1.0,1.0,1,1,4.0,0.0,0.0,0.0,1936.0,2.0,1,0,0.0,0.0,8.0,2.0
7999,8,16,1200,1,1,1,1.0,3.0,10.0,440,3.0,2.0,0.0,0.0,0.0,1.0,1.0,1,4,4.0,0.0,0.0,0.0,1954.0,2.0,7,0,0.0,2.0,7.0,2.0
8000,8,16,1200,1,1,1,1.0,3.0,10.0,440,3.0,2.0,0.0,0.0,0.0,1.0,1.0,1,4,4.0,0.0,0.0,0.0,1954.0,2.0,1,0,0.0,0.0,8.0,2.0
8001,9,26,1800,1,1,2,1.0,3.0,175.0,440,3.0,2.0,2.0,0.0,1.0,1.0,1.0,1,1,4.0,0.0,0.0,0.0,1946.0,2.0,7,0,0.0,2.0,2.0,19.0
8002,9,26,1800,1,1,2,1.0,3.0,175.0,440,3.0,2.0,2.0,0.0,1.0,1.0,1.0,1,1,4.0,0.0,0.0,0.0,1946.0,2.0,1,0,0.0,2.0,3.0,1.0
8003,9,26,1800,1,1,2,1.0,3.0,175.0,440,3.0,2.0,2.0,0.0,1.0,1.0,1.0,1,1,4.0,0.0,0.0,0.0,1980.0,2.0,7,0,0.0,2.0,2.0,19.0
8004,9,26,1800,1,1,2,1.0,3.0,175.0,440,3.0,2.0,2.0,0.0,1.0,1.0,1.0,1,1,4.0,0.0,0.0,0.0,1980.0,2.0,1,0,0.0,2.0,3.0,1.0
8005,2,21,1915,3,2,1,1.0,2.0,210.0,440,4.0,0.0,0.0,0.0,1.0,2.0,1.0,1,4,4.0,0.0,0.0,0.0,1996.0,0.0,7,0,0.0,2.0,2.0,1.0
8006,2,21,1915,3,2,1,1.0,2.0,210.0,440,4.0,0.0,0.0,0.0,1.0,2.0,1.0,1,4,4.0,0.0,0.0,0.0,1996.0,0.0,1,0,0.0,0.0,4.0,1.0
8007,2,21,1915,3,2,1,1.0,2.0,210.0,440,4.0,0.0,0.0,0.0,1.0,2.0,1.0,1,1,4.0,0.0,0.0,0.0,1968.0,0.0,7,0,0.0,2.0,2.0,1.0
8008,2,21,1915,3,2,1,1.0,2.0,210.0,440,4.0,0.0,0.0,0.0,1.0,2.0,1.0,1,1,4.0,0.0,0.0,0.0,1968.0,0.0,1,0,0.0,0.0,4.0,1.0
8009,3,5,1600,1,1,1,1.0,3.0,52.0,440,3.0,2.0,2.0,0.0,1.0,1.0,1.0,1,1,4.0,0.0,0.0,0.0,1956.0,2.0,33,0,0.0,2.0,7.0,10.0
8010,3,5,1600,1,1,1,1.0,3.0,52.0,440,3.0,2.0,2.0,0.0,1.0,1.0,1.0,1,1,4.0,0.0,0.0,0.0,1956.0,1.0,7,0,0.0,2.0,1.0,1.0
8011,3,5,1600,1,1,1,1.0,3.0,52.0,440,3.0,2.0,2.0,0.0,1.0,1.0,1.0,1,4,9.0,0.0,0.0,0.0,1963.0,2.0,33,0,0.0,2.0,7.0,10.0
8012,3,5,1600,1,1,1,1.0,3.0,52.0,440,3.0,2.0,2.0,0.0,1.0,1.0,1.0,1,4,9.0,0.0,0.0,0.0,1963.0,1.0,7,0,0.0,2.0,1.0,1.0
8013,3,25,1545,1,2,1,1.0,7.0,168.0,440,3.0,2.0,0.0,0.0,0.0,1.0,1.0,1,1,4.0,0.0,0.0,0.0,1997.0,1.0,30,0,0.0,0.0,9.0,1.0
8014,8,24,230,4,2,1,1.0,6.0,103.0,440,4.0,2.0,2.0,0.0,1.0,1.0,1.0,1,1,4.0,0.0,0.0,0.0,1997.0,0.0,30,0,0.0,1.0,1.0,1.0
8015,8,24,230,4,2,1,1.0,6.0,103.0,440,4.0,2.0,2.0,0.0,1.0,1.0,1.0,3,1,9.0,4.0,1.0,1.0,1997.0,0.0,30,0,0.0,1.0,1.0,1.0
8016,8,25,1700,1,1,1,1.0,6.0,103.0,440,3.0,2.0,0.0,0.0,1.0,1.0,1.0,1,1,1.0,0.0,0.0,0.0,1975.0,2.0,1,0,0.0,2.0,1.0,1.0
8017,8,25,1700,1,1,1,1.0,6.0,103.0,440,3.0,2.0,0.0,0.0,1.0,1.0,1.0,1,1,1.0,0.0,0.0,0.0,1975.0,1.0,7,0,0.0,2.0,1.0,1.0
8018,8,25,1700,1,1,1,1.0,6.0,103.0,440,3.0,2.0,0.0,0.0,1.0,1.0,1.0,1,1,9.0,0.0,0.0,0.0,1979.0,2.0,1,0,0.0,2.0,1.0,1.0
8019,8,25,1700,1,1,1,1.0,6.0,103.0,440,3.0,2.0,0.0,0.0,1.0,1.0,1.0,1,1,9.0,0.0,0.0,0.0,1979.0,1.0,7,0,0.0,2.0,1.0,1.0
8020,10,4,1825,1,1,1,1.0,6.0,52.0,440,4.0,2.0,2.0,0.0,1.0,1.0,1.0,1,4,4.0,0.0,0.0,0.0,1990.0,0.0,7,0,0.0,1.0,7.0,17.0
8021,10,4,1825,1,1,1,1.0,6.0,52.0,440,4.0,2.0,2.0,0.0,1.0,1.0,1.0,2,1,4.0,6.0,1.0,3.0,2002.0,0.0,7,0,0.0,1.0,7.0,17.0
8022,11,5,335,3,1,1,1.0,6.0,168.0,440,3.0,2.0,2.0,0.0,1.0,2.0,2.0,1,1,4.0,0.0,0.0,0.0,1997.0,1.0,7,0,8.0,0.0,2.0,1.0
8023,11,5,335,3,1,1,1.0,6.0,168.0,440,3.0,2.0,2.0,0.0,1.0,2.0,2.0,4,1,4.0,0.0,0.0,0.0,1999.0,1.0,7,0,8.0,0.0,2.0,1.0
8024,3,30,1630,1,1,1,2.0,7.0,139.0,440,3.0,2.0,2.0,0.0,0.0,3.0,2.0,1,1,9.0,0.0,0.0,0.0,1958.0,2.0,7,0,13.0,0.0,3.0,5.0
8025,6,29,1745,1,2,1,7.0,7.0,189.0,440,3.0,0.0,0.0,0.0,0.0,0.0,0.0,1,1,0.0,0.0,0.0,0.0,1992.0,1.0,33,0,0.0,0.0,0.0,0.0
8026,7,15,900,1,2,6,1.0,3.0,129.0,440,3.0,1.0,1.0,0.0,1.0,0.0,1.0,1,4,3.0,0.0,0.0,0.0,1955.0,2.0,7,0,0.0,2.0,3.0,1.0
8027,7,15,900,1,2,6,1.0,3.0,129.0,440,3.0,1.0,1.0,0.0,1.0,0.0,1.0,1,4,3.0,0.0,0.0,0.0,1955.0,2.0,1,0,0.0,2.0,1.0,0.0
8028,7,15,900,1,2,6,1.0,3.0,129.0,440,3.0,1.0,1.0,0.0,1.0,0.0,1.0,1,1,4.0,0.0,0.0,0.0,1956.0,2.0,7,0,0.0,2.0,3.0,1.0
8029,7,15,900,1,2,6,1.0,3.0,129.0,440,3.0,1.0,1.0,0.0,1.0,0.0,1.0,1,1,4.0,0.0,0.0,0.0,1956.0,2.0,1,0,0.0,2.0,1.0,0.0
8030,8,1,1500,1,1,1,1.0,5.0,196.0,440,3.0,2.0,1.0,0.0,1.0,1.0,1.0,1,4,4.0,0.0,0.0,0.0,1984.0,1.0,7,0,0.0,2.0,1.0,1.0
8031,8,1,1500,1,1,1,1.0,5.0,196.0,440,3.0,2.0,1.0,0.0,1.0,1.0,1.0,1,4,4.0,0.0,0.0,0.0,1984.0,1.0,7,0,0.0,2.0,8.0,1.0
8032,8,1,1500,1,1,1,1.0,5.0,196.0,440,3.0,2.0,1.0,0.0,1.0,1.0,1.0,1,4,4.0,0.0,0.0,0.0,1984.0,2.0,7,0,0.0,2.0,3.0,13.0
8033,8,1,1500,1,1,1,1.0,5.0,196.0,440,3.0,2.0,1.0,0.0,1.0,1.0,1.0,1,1,0.0,0.0,0.0,0.0,1967.0,1.0,7,0,0.0,2.0,1.0,1.0
8034,8,1,1500,1,1,1,1.0,5.0,196.0,440,3.0,2.0,1.0,0.0,1.0,1.0,1.0,1,1,0.0,0.0,0.0,0.0,1967.0,1.0,7,0,0.0,2.0,8.0,1.0
8035,8,1,1500,1,1,1,1.0,5.0,196.0,440,3.0,2.0,1.0,0.0,1.0,1.0,1.0,1,1,0.0,0.0,0.0,0.0,1967.0,2.0,7,0,0.0,2.0,3.0,13.0
8036,8,1,1500,1,1,1,1.0,5.0,196.0,440,3.0,2.0,1.0,0.0,1.0,1.0,1.0,1,1,4.0,0.0,0.0,0.0,1983.0,1.0,7,0,0.0,2.0,1.0,1.0
8037,8,1,1500,1,1,1,1.0,5.0,196.0,440,3.0,2.0,1.0,0.0,1.0,1.0,1.0,1,1,4.0,0.0,0.0,0.0,1983.0,1.0,7,0,0.0,2.0,8.0,1.0
8038,8,1,1500,1,1,1,1.0,5.0,196.0,440,3.0,2.0,1.0,0.0,1.0,1.0,1.0,1,1,4.0,0.0,0.0,0.0,1983.0,2.0,7,0,0.0,2.0,3.0,13.0
8039,8,16,1915,1,2,1,1.0,6.0,129.0,440,4.0,2.0,0.0,0.0,0.0,0.0,0.0,1,4,1.0,0.0,0.0,0.0,1974.0,0.0,7,0,0.0,1.0,1.0,0.0
8040,8,16,1915,1,2,1,1.0,6.0,129.0,440,4.0,2.0,0.0,0.0,0.0,0.0,0.0,3,4,2.0,4.0,3.0,1.0,1957.0,0.0,7,0,0.0,1.0,1.0,0.0
8041,3,13,915,1,1,1,1.0,6.0,217.0,440,3.0,2.0,0.0,0.0,0.0,1.0,1.0,1,1,1.0,0.0,0.0,0.0,1984.0,2.0,33,0,8.0,0.0,1.0,1.0
8042,7,17,1430,1,1,1,1.0,7.0,158.0,440,3.0,2.0,2.0,0.0,1.0,1.0,1.0,1,1,9.0,0.0,0.0,0.0,1984.0,2.0,17,0,13.0,0.0,2.0,14.0
8043,6,11,600,2,1,1,1.0,6.0,25.0,440,3.0,2.0,0.0,0.0,1.0,2.0,1.0,1,1,4.0,0.0,0.0,0.0,1997.0,2.0,7,0,2.0,0.0,1.0,1.0
8044,11,25,1850,3,1,1,8.0,6.0,195.0,440,2.0,2.0,2.0,0.0,1.0,1.0,2.0,1,1,1.0,0.0,0.0,0.0,1989.0,2.0,10,0,2.0,0.0,2.0,11.0
8045,6,28,1600,1,2,1,1.0,1.0,278.0,490,4.0,2.0,2.0,0.0,1.0,1.0,1.0,1,1,4.0,0.0,0.0,0.0,1988.0,0.0,33,0,0.0,2.0,1.0,1.0
8046,6,28,1600,1,2,1,1.0,1.0,278.0,490,4.0,2.0,2.0,0.0,1.0,1.0,1.0,1,1,4.0,0.0,0.0,0.0,1988.0,0.0,7,0,0.0,2.0,3.0,1.0
8047,6,28,1600,1,2,1,1.0,1.0,278.0,490,4.0,2.0,2.0,0.0,1.0,1.0,1.0,1,4,4.0,0.0,0.0,0.0,1995.0,0.0,33,0,0.0,2.0,1.0,1.0
8048,6,28,1600,1,2,1,1.0,1.0,278.0,490,4.0,2.0,2.0,0.0,1.0,1.0,1.0,1,4,4.0,0.0,0.0,0.0,1995.0,0.0,7,0,0.0,2.0,3.0,1.0
8049,7,13,1115,1,2,1,1.0,6.0,214.0,490,4.0,2.0,2.0,0.0,1.0,1.0,1.0,1,1,4.0,0.0,0.0,0.0,1949.0,0.0,7,0,0.0,1.0,2.0,1.0
8050,7,13,1115,1,2,1,1.0,6.0,214.0,490,4.0,2.0,2.0,0.0,1.0,1.0,1.0,3,1,3.0,2.0,3.0,1.0,1930.0,0.0,7,0,0.0,1.0,2.0,1.0
8051,7,15,1200,1,2,1,1.0,1.0,35.0,490,3.0,2.0,2.0,0.0,1.0,1.0,1.0,1,4,2.0,0.0,0.0,0.0,1962.0,2.0,3,0,0.0,2.0,3.0,13.0
8052,7,15,1200,1,2,1,1.0,1.0,35.0,490,3.0,2.0,2.0,0.0,1.0,1.0,1.0,1,4,2.0,0.0,0.0,0.0,1962.0,1.0,7,0,0.0,2.0,3.0,1.0