,month,day,time,light,location,intersection,atmosphere,collision,municipality,department,road,traffic,nblanes,reslane,laneprofile,plan,surface,user,sex,route,pedlocation,pedaction,pedcondition,birth,dirtraffic,catvehicle,nboccupants,obstacle,movobstacle,impact,maneuver
8053,7,15,1200,1,2,1,1.0,1.0,35.0,490,3.0,2.0,2.0,0.0,1.0,1.0,1.0,1,4,4.0,0.0,0.0,0.0,1956.0,2.0,3,0,0.0,2.0,3.0,13.0
8054,7,15,1200,1,2,1,1.0,1.0,35.0,490,3.0,2.0,2.0,0.0,1.0,1.0,1.0,1,4,4.0,0.0,0.0,0.0,1956.0,1.0,7,0,0.0,2.0,3.0,1.0
8055,8,1,2100,1,1,1,1.0,6.0,278.0,490,3.0,2.0,2.0,0.0,1.0,1.0,1.0,1,1,4.0,0.0,0.0,0.0,1982.0,0.0,7,0,2.0,0.0,5.0,1.0
8056,6,23,1745,1,1,1,1.0,6.0,194.0,490,3.0,2.0,2.0,0.0,1.0,1.0,1.0,1,1,2.0,0.0,0.0,0.0,1964.0,2.0,21,0,0.0,1.0,5.0,17.0
8057,6,23,1745,1,1,1,1.0,6.0,194.0,490,3.0,2.0,2.0,0.0,1.0,1.0,1.0,3,4,4.0,6.0,1.0,1.0,1980.0,2.0,21,0,0.0,1.0,5.0,17.0
8058,7,1,700,1,1,1,1.0,1.0,194.0,490,3.0,2.0,2.0,0.0,1.0,2.0,1.0,1,1,2.0,0.0,0.0,0.0,1971.0,1.0,20,0,6.0,2.0,7.0,14.0
8059,7,1,700,1,1,1,1.0,1.0,194.0,490,3.0,2.0,2.0,0.0,1.0,2.0,1.0,1,1,2.0,0.0,0.0,0.0,1971.0,2.0,7,0,0.0,2.0,1.0,23.0
8060,7,1,700,1,1,1,1.0,1.0,194.0,490,3.0,2.0,2.0,0.0,1.0,2.0,1.0,1,1,1.0,0.0,0.0,0.0,1988.0,1.0,20,0,6.0,2.0,7.0,14.0
8061,7,1,700,1,1,1,1.0,1.0,194.0,490,3.0,2.0,2.0,0.0,1.0,2.0,1.0,1,1,1.0,0.0,0.0,0.0,1988.0,2.0,7,0,0.0,2.0,1.0,23.0
8062,7,7,1330,1,1,1,1.0,7.0,194.0,490,3.0,2.0,2.0,0.0,1.0,1.0,1.0,1,4,4.0,0.0,0.0,0.0,1952.0,1.0,7,0,13.0,0.0,3.0,13.0
8063,7,7,1330,1,1,1,1.0,7.0,194.0,490,3.0,2.0,2.0,0.0,1.0,1.0,1.0,4,4,0.0,0.0,0.0,0.0,2006.0,1.0,7,0,13.0,0.0,3.0,13.0
8064,7,23,2030,1,2,1,1.0,3.0,139.0,490,3.0,2.0,2.0,0.0,0.0,1.0,1.0,1,1,4.0,0.0,0.0,0.0,1995.0,2.0,33,0,6.0,2.0,7.0,17.0
8065,7,23,2030,1,2,1,1.0,3.0,139.0,490,3.0,2.0,2.0,0.0,0.0,1.0,1.0,1,1,4.0,0.0,0.0,0.0,1995.0,2.0,7,0,0.0,2.0,8.0,15.0
8066,7,23,2030,1,2,1,1.0,3.0,139.0,490,3.0,2.0,2.0,0.0,0.0,1.0,1.0,1,4,4.0,0.0,0.0,0.0,1977.0,2.0,33,0,6.0,2.0,7.0,17.0
8067,7,23,2030,1,2,1,1.0,3.0,139.0,490,3.0,2.0,2.0,0.0,0.0,1.0,1.0,1,4,4.0,0.0,0.0,0.0,1977.0,2.0,7,0,0.0,2.0,8.0,15.0
8068,9,9,1745,1,1,2,1.0,2.0,21.0,490,3.0,2.0,2.0,0.0,1.0,1.0,1.0,1,1,0.0,0.0,0.0,0.0,1930.0,2.0,7,0,0.0,2.0,1.0,1.0
8069,9,9,1745,1,1,2,1.0,2.0,21.0,490,3.0,2.0,2.0,0.0,1.0,1.0,1.0,1,1,0.0,0.0,0.0,0.0,1930.0,2.0,7,0,0.0,2.0,4.0,15.0
8070,9,9,1745,1,1,2,1.0,2.0,21.0,490,3.0,2.0,2.0,0.0,1.0,1.0,1.0,1,1,0.0,0.0,0.0,0.0,1975.0,2.0,7,0,0.0,2.0,1.0,1.0
8071,9,9,1745,1,1,2,1.0,2.0,21.0,490,3.0,2.0,2.0,0.0,1.0,1.0,1.0,1,1,0.0,0.0,0.0,0.0,1975.0,2.0,7,0,0.0,2.0,4.0,15.0
8072,9,21,1530,1,1,1,1.0,6.0,194.0,490,3.0,2.0,2.0,0.0,1.0,1.0,1.0,1,4,3.0,0.0,0.0,0.0,1937.0,2.0,7,0,0.0,1.0,2.0,1.0
8073,9,21,1530,1,1,1,1.0,6.0,194.0,490,3.0,2.0,2.0,0.0,1.0,1.0,1.0,3,4,4.0,1.0,3.0,1.0,1997.0,2.0,7,0,0.0,1.0,2.0,1.0
8074,10,20,445,3,1,1,1.0,6.0,201.0,490,3.0,2.0,2.0,0.0,1.0,1.0,1.0,1,1,1.0,0.0,0.0,0.0,1981.0,2.0,30,0,0.0,1.0,1.0,1.0
8075,10,20,445,3,1,1,1.0,6.0,201.0,490,3.0,2.0,2.0,0.0,1.0,1.0,1.0,3,1,4.0,1.0,1.0,1.0,1986.0,2.0,30,0,0.0,1.0,1.0,1.0
8076,12,20,1645,1,1,1,1.0,7.0,138.0,490,4.0,2.0,2.0,0.0,1.0,1.0,1.0,1,1,4.0,0.0,0.0,0.0,1994.0,2.0,30,0,8.0,0.0,7.0,1.0
8077,12,26,1745,3,1,1,1.0,1.0,147.0,490,3.0,2.0,2.0,0.0,1.0,1.0,1.0,1,1,4.0,0.0,0.0,0.0,1998.0,2.0,7,0,0.0,2.0,1.0,1.0
8078,12,26,1745,3,1,1,1.0,1.0,147.0,490,3.0,2.0,2.0,0.0,1.0,1.0,1.0,1,1,4.0,0.0,0.0,0.0,1998.0,1.0,7,0,0.0,2.0,1.0,0.0
8079,12,26,1745,3,1,1,1.0,1.0,147.0,490,3.0,2.0,2.0,0.0,1.0,1.0,1.0,4,4,0.0,0.0,0.0,0.0,1997.0,2.0,7,0,0.0,2.0,1.0,1.0
8080,12,26,1745,3,1,1,1.0,1.0,147.0,490,3.0,2.0,2.0,0.0,1.0,1.0,1.0,4,4,0.0,0.0,0.0,0.0,1997.0,1.0,7,0,0.0,2.0,1.0,0.0
8081,12,26,1745,3,1,1,1.0,1.0,147.0,490,3.0,2.0,2.0,0.0,1.0,1.0,1.0,1,1,4.0,0.0,0.0,0.0,1976.0,2.0,7,0,0.0,2.0,1.0,1.0
8082,12,26,1745,3,1,1,1.0,1.0,147.0,490,3.0,2.0,2.0,0.0,1.0,1.0,1.0,1,1,4.0,0.0,0.0,0.0,1976.0,1.0,7,0,0.0,2.0,1.0,0.0
8083,12,26,1745,3,1,1,1.0,1.0,147.0,490,3.0,2.0,2.0,0.0,1.0,1.0,1.0,4,4,0.0,0.0,0.0,0.0,1973.0,2.0,7,0,0.0,2.0,1.0,1.0
8084,12,26,1745,3,1,1,1.0,1.0,147.0,490,3.0,2.0,2.0,0.0,1.0,1.0,1.0,4,4,0.0,0.0,0.0,0.0,1973.0,1.0,7,0,0.0,2.0,1.0,0.0
8085,12,26,1745,3,1,1,1.0,1.0,147.0,490,3.0,2.0,2.0,0.0,1.0,1.0,1.0,4,4,0.0,0.0,0.0,0.0,2006.0,2.0,7,0,0.0,2.0,1.0,1.0
8086,12,26,1745,3,1,1,1.0,1.0,147.0,490,3.0,2.0,2.0,0.0,1.0,1.0,1.0,4,4,0.0,0.0,0.0,0.0,2006.0,1.0,7,0,0.0,2.0,1.0,0.0
8087,12,26,1745,3,1,1,1.0,1.0,147.0,490,3.0,2.0,2.0,0.0,1.0,1.0,1.0,4,4,0.0,0.0,0.0,0.0,2005.0,2.0,7,0,0.0,2.0,1.0,1.0
8088,12,26,1745,3,1,1,1.0,1.0,147.0,490,3.0,2.0,2.0,0.0,1.0,1.0,1.0,4,4,0.0,0.0,0.0,0.0,2005.0,1.0,7,0,0.0,2.0,1.0,0.0
8089,3,9,1515,1,2,1,2.0,3.0,134.0,490,3.0,0.0,0.0,0.0,0.0,0.0,2.0,1,1,1.0,0.0,0.0,0.0,1999.0,0.0,30,0,0.0,2.0,0.0,1.0
8090,3,9,1515,1,2,1,2.0,3.0,134.0,490,3.0,0.0,0.0,0.0,0.0,0.0,2.0,1,1,1.0,0.0,0.0,0.0,1999.0,0.0,7,0,0.0,2.0,2.0,1.0
8091,3,9,1515,1,2,1,2.0,3.0,134.0,490,3.0,0.0,0.0,0.0,0.0,0.0,2.0,1,4,4.0,0.0,0.0,0.0,1978.0,0.0,30,0,0.0,2.0,0.0,1.0
8092,3,9,1515,1,2,1,2.0,3.0,134.0,490,3.0,0.0,0.0,0.0,0.0,0.0,2.0,1,4,4.0,0.0,0.0,0.0,1978.0,0.0,7,0,0.0,2.0,2.0,1.0
8093,3,10,1715,1,1,1,1.0,6.0,363.0,490,3.0,2.0,2.0,0.0,1.0,2.0,1.0,1,1,1.0,0.0,0.0,0.0,1961.0,2.0,7,0,6.0,0.0,1.0,1.0
8094,3,15,1315,1,2,1,1.0,1.0,50.0,490,4.0,2.0,2.0,0.0,1.0,1.0,1.0,1,1,1.0,0.0,0.0,0.0,1978.0,1.0,7,0,0.0,1.0,1.0,1.0
8095,3,15,1315,1,2,1,1.0,1.0,50.0,490,4.0,2.0,2.0,0.0,1.0,1.0,1.0,1,1,1.0,0.0,0.0,0.0,1978.0,1.0,10,0,0.0,0.0,4.0,1.0
8096,3,15,1315,1,2,1,1.0,1.0,50.0,490,4.0,2.0,2.0,0.0,1.0,1.0,1.0,3,4,4.0,2.0,3.0,1.0,1987.0,1.0,7,0,0.0,1.0,1.0,1.0
8097,3,15,1315,1,2,1,1.0,1.0,50.0,490,4.0,2.0,2.0,0.0,1.0,1.0,1.0,3,4,4.0,2.0,3.0,1.0,1987.0,1.0,10,0,0.0,0.0,4.0,1.0
8098,3,15,1315,1,2,1,1.0,1.0,50.0,490,4.0,2.0,2.0,0.0,1.0,1.0,1.0,1,1,1.0,0.0,0.0,0.0,1987.0,1.0,7,0,0.0,1.0,1.0,1.0
8099,3,15,1315,1,2,1,1.0,1.0,50.0,490,4.0,2.0,2.0,0.0,1.0,1.0,1.0,1,1,1.0,0.0,0.0,0.0,1987.0,1.0,10,0,0.0,0.0,4.0,1.0
8100,4,1,2230,3,1,1,1.0,6.0,222.0,490,3.0,2.0,0.0,0.0,1.0,1.0,1.0,1,1,4.0,0.0,0.0,0.0,1961.0,1.0,33,0,0.0,6.0,1.0,1.0
8101,5,6,2315,3,1,1,1.0,6.0,223.0,490,3.0,2.0,2.0,0.0,1.0,3.0,1.0,1,1,4.0,0.0,0.0,0.0,1984.0,2.0,7,0,13.0,0.0,3.0,2.0
8102,6,6,945,1,1,1,1.0,3.0,86.0,490,3.0,2.0,2.0,0.0,1.0,1.0,1.0,1,1,4.0,0.0,0.0,0.0,1938.0,1.0,7,0,0.0,2.0,1.0,13.0
8103,6,6,945,1,1,1,1.0,3.0,86.0,490,3.0,2.0,2.0,0.0,1.0,1.0,1.0,1,1,4.0,0.0,0.0,0.0,1938.0,2.0,7,0,0.0,2.0,3.0,1.0
8104,6,6,945,1,1,1,1.0,3.0,86.0,490,3.0,2.0,2.0,0.0,1.0,1.0,1.0,1,4,4.0,0.0,0.0,0.0,1947.0,1.0,7,0,0.0,2.0,1.0,13.0
8105,6,6,945,1,1,1,1.0,3.0,86.0,490,3.0,2.0,2.0,0.0,1.0,1.0,1.0,1,4,4.0,0.0,0.0,0.0,1947.0,2.0,7,0,0.0,2.0,3.0,1.0
8106,7,12,1300,1,1,1,3.0,6.0,153.0,490,3.0,2.0,2.0,0.0,2.0,4.0,2.0,1,4,4.0,0.0,0.0,0.0,1975.0,2.0,7,0,2.0,0.0,8.0,1.0
8107,7,12,1300,1,1,1,3.0,6.0,153.0,490,3.0,2.0,2.0,0.0,2.0,4.0,2.0,4,4,0.0,0.0,0.0,0.0,2000.0,2.0,7,0,2.0,0.0,8.0,1.0
8108,7,12,1300,1,1,1,3.0,6.0,153.0,490,3.0,2.0,2.0,0.0,2.0,4.0,2.0,4,4,0.0,0.0,0.0,0.0,2015.0,2.0,7,0,2.0,0.0,8.0,1.0
8109,7,12,1300,1,1,1,3.0,6.0,153.0,490,3.0,2.0,2.0,0.0,2.0,4.0,2.0,4,4,0.0,0.0,0.0,0.0,2013.0,2.0,7,0,2.0,0.0,8.0,1.0
8110,7,12,1300,1,1,1,3.0,6.0,153.0,490,3.0,2.0,2.0,0.0,2.0,4.0,2.0,4,1,0.0,0.0,0.0,0.0,2010.0,2.0,7,0,2.0,0.0,8.0,1.0
8111,8,1,1945,1,1,6,1.0,3.0,50.0,490,3.0,2.0,2.0,0.0,1.0,1.0,1.0,1,1,4.0,0.0,0.0,0.0,1991.0,1.0,7,0,0.0,2.0,1.0,9.0
8112,8,1,1945,1,1,6,1.0,3.0,50.0,490,3.0,2.0,2.0,0.0,1.0,1.0,1.0,1,1,4.0,0.0,0.0,0.0,1991.0,1.0,30,0,0.0,2.0,7.0,1.0
8113,8,1,1945,1,1,6,1.0,3.0,50.0,490,3.0,2.0,2.0,0.0,1.0,1.0,1.0,1,1,4.0,0.0,0.0,0.0,2000.0,1.0,7,0,0.0,2.0,1.0,9.0
8114,8,1,1945,1,1,6,1.0,3.0,50.0,490,3.0,2.0,2.0,0.0,1.0,1.0,1.0,1,1,4.0,0.0,0.0,0.0,2000.0,1.0,30,0,0.0,2.0,7.0,1.0
8115,8,6,915,3,1,1,2.0,7.0,223.0,490,3.0,2.0,2.0,0.0,0.0,2.0,2.0,1,4,0.0,0.0,0.0,0.0,1995.0,1.0,7,0,13.0,0.0,9.0,1.0
8116,8,28,1915,1,1,1,1.0,1.0,50.0,490,3.0,2.0,2.0,0.0,2.0,1.0,1.0,1,1,4.0,0.0,0.0,0.0,1958.0,2.0,7,0,3.0,2.0,1.0,1.0
8117,8,28,1915,1,1,1,1.0,1.0,50.0,490,3.0,2.0,2.0,0.0,2.0,1.0,1.0,1,1,4.0,0.0,0.0,0.0,1958.0,1.0,7,0,0.0,2.0,1.0,1.0
8118,8,28,1915,1,1,1,1.0,1.0,50.0,490,3.0,2.0,2.0,0.0,2.0,1.0,1.0,1,1,4.0,0.0,0.0,0.0,1984.0,2.0,7,0,3.0,2.0,1.0,1.0
8119,8,28,1915,1,1,1,1.0,1.0,50.0,490,3.0,2.0,2.0,0.0,2.0,1.0,1.0,1,1,4.0,0.0,0.0,0.0,1984.0,1.0,7,0,0.0,2.0,1.0,1.0
8120,8,28,1915,1,1,1,1.0,1.0,50.0,490,3.0,2.0,2.0,0.0,2.0,1.0,1.0,4,4,0.0,0.0,0.0,0.0,1985.0,2.0,7,0,3.0,2.0,1.0,1.0
8121,8,28,1915,1,1,1,1.0,1.0,50.0,490,3.0,2.0,2.0,0.0,2.0,1.0,1.0,4,4,0.0,0.0,0.0,0.0,1985.0,1.0,7,0,0.0,2.0,1.0,1.0
8122,8,28,1915,1,1,1,1.0,1.0,50.0,490,3.0,2.0,2.0,0.0,2.0,1.0,1.0,4,4,0.0,0.0,0.0,0.0,2015.0,2.0,7,0,3.0,2.0,1.0,1.0
8123,8,28,1915,1,1,1,1.0,1.0,50.0,490,3.0,2.0,2.0,0.0,2.0,1.0,1.0,4,4,0.0,0.0,0.0,0.0,2015.0,1.0,7,0,0.0,2.0,1.0,1.0
8124,10,7,1000,1,1,1,1.0,6.0,167.0,490,3.0,3.0,4.0,0.0,1.0,3.0,1.0,1,4,2.0,0.0,0.0,0.0,1984.0,1.0,7,0,13.0,0.0,9.0,1.0
8125,10,22,1530,1,1,1,7.0,2.0,71.0,490,3.0,2.0,2.0,0.0,0.0,1.0,1.0,1,1,4.0,0.0,0.0,0.0,1994.0,1.0,33,0,0.0,2.0,1.0,1.0
8126,10,22,1530,1,1,1,7.0,2.0,71.0,490,3.0,2.0,2.0,0.0,0.0,1.0,1.0,1,1,4.0,0.0,0.0,0.0,1994.0,1.0,7,0,0.0,0.0,4.0,15.0
8127,10,22,1530,1,1,1,7.0,2.0,71.0,490,3.0,2.0,2.0,0.0,0.0,1.0,1.0,1,1,4.0,0.0,0.0,0.0,1967.0,1.0,33,0,0.0,2.0,1.0,1.0
8128,10,22,1530,1,1,1,7.0,2.0,71.0,490,3.0,2.0,2.0,0.0,0.0,1.0,1.0,1,1,4.0,0.0,0.0,0.0,1967.0,1.0,7,0,0.0,0.0,4.0,15.0
8129,5,27,2345,3,2,1,2.0,6.0,196.0,490,3.0,2.0,2.0,0.0,1.0,2.0,2.0,1,1,4.0,0.0,0.0,0.0,1991.0,1.0,7,0,13.0,0.0,1.0,1.0
8130,6,12,815,1,1,6,1.0,6.0,377.0,490,3.0,2.0,2.0,0.0,1.0,2.0,0.0,1,1,4.0,0.0,0.0,0.0,1992.0,2.0,7,0,2.0,0.0,5.0,5.0
8131,9,18,1030,1,2,1,7.0,6.0,19.0,490,3.0,2.0,2.0,0.0,1.0,1.0,1.0,1,4,4.0,0.0,0.0,0.0,1974.0,1.0,7,0,0.0,1.0,2.0,1.0
8132,9,18,1030,1,2,1,7.0,6.0,19.0,490,3.0,2.0,2.0,0.0,1.0,1.0,1.0,3,1,4.0,2.0,3.0,1.0,1977.0,1.0,7,0,0.0,1.0,2.0,1.0
8133,3,20,1715,1,2,2,1.0,3.0,63.0,490,3.0,2.0,2.0,0.0,2.0,1.0,1.0,1,1,4.0,0.0,0.0,0.0,1963.0,2.0,33,0,0.0,0.0,7.0,1.0
8134,3,20,1715,1,2,2,1.0,3.0,63.0,490,3.0,2.0,2.0,0.0,2.0,1.0,1.0,1,1,4.0,0.0,0.0,0.0,1963.0,0.0,7,0,0.0,2.0,6.0,19.0
8135,3,20,1715,1,2,2,1.0,3.0,63.0,490,3.0,2.0,2.0,0.0,2.0,1.0,1.0,4,4,0.0,0.0,0.0,0.0,1956.0,2.0,33,0,0.0,0.0,7.0,1.0
8136,3,20,1715,1,2,2,1.0,3.0,63.0,490,3.0,2.0,2.0,0.0,2.0,1.0,1.0,4,4,0.0,0.0,0.0,0.0,1956.0,0.0,7,0,0.0,2.0,6.0,19.0
8137,3,20,1715,1,2,2,1.0,3.0,63.0,490,3.0,2.0,2.0,0.0,2.0,1.0,1.0,1,1,4.0,0.0,0.0,0.0,1935.0,2.0,33,0,0.0,0.0,7.0,1.0
8138,3,20,1715,1,2,2,1.0,3.0,63.0,490,3.0,2.0,2.0,0.0,2.0,1.0,1.0,1,1,4.0,0.0,0.0,0.0,1935.0,0.0,7,0,0.0,2.0,6.0,19.0
8139,4,16,1915,2,1,1,1.0,2.0,160.0,490,3.0,2.0,0.0,0.0,0.0,1.0,1.0,1,4,0.0,0.0,0.0,0.0,1997.0,1.0,7,0,0.0,2.0,1.0,2.0
8140,4,16,1915,2,1,1,1.0,2.0,160.0,490,3.0,2.0,0.0,0.0,0.0,1.0,1.0,1,4,0.0,0.0,0.0,0.0,1997.0,1.0,3,0,0.0,2.0,4.0,1.0
8141,4,16,1915,2,1,1,1.0,2.0,160.0,490,3.0,2.0,0.0,0.0,0.0,1.0,1.0,1,4,4.0,0.0,0.0,0.0,1945.0,1.0,7,0,0.0,2.0,1.0,2.0
8142,4,16,1915,2,1,1,1.0,2.0,160.0,490,3.0,2.0,0.0,0.0,0.0,1.0,1.0,1,4,4.0,0.0,0.0,0.0,1945.0,1.0,3,0,0.0,2.0,4.0,1.0
8143,4,16,1915,2,1,1,1.0,2.0,160.0,490,3.0,2.0,0.0,0.0,0.0,1.0,1.0,4,4,0.0,0.0,0.0,0.0,1963.0,1.0,7,0,0.0,2.0,1.0,2.0
8144,4,16,1915,2,1,1,1.0,2.0,160.0,490,3.0,2.0,0.0,0.0,0.0,1.0,1.0,4,4,0.0,0.0,0.0,0.0,1963.0,1.0,3,0,0.0,2.0,4.0,1.0
8145,4,3,1415,1,2,1,1.0,3.0,163.0,490,3.0,2.0,0.0,0.0,2.0,1.0,1.0,1,4,4.0,0.0,0.0,0.0,1969.0,0.0,7,0,0.0,2.0,2.0,2.0
8146,4,3,1415,1,2,1,1.0,3.0,163.0,490,3.0,2.0,0.0,0.0,2.0,1.0,1.0,1,4,4.0,0.0,0.0,0.0,1969.0,1.0,33,0,0.0,2.0,3.0,20.0
8147,4,3,1415,1,2,1,1.0,3.0,163.0,490,3.0,2.0,0.0,0.0,2.0,1.0,1.0,1,1,4.0,0.0,0.0,0.0,1976.0,0.0,7,0,0.0,2.0,2.0,2.0
8148,4,3,1415,1,2,1,1.0,3.0,163.0,490,3.0,2.0,0.0,0.0,2.0,1.0,1.0,1,1,4.0,0.0,0.0,0.0,1976.0,1.0,33,0,0.0,2.0,3.0,20.0
8149,4,3,1415,1,2,1,1.0,3.0,163.0,490,3.0,2.0,0.0,0.0,2.0,1.0,1.0,4,1,0.0,0.0,0.0,0.0,2001.0,0.0,7,0,0.0,2.0,2.0,2.0
8150,4,3,1415,1,2,1,1.0,3.0,163.0,490,3.0,2.0,0.0,0.0,2.0,1.0,1.0,4,1,0.0,0.0,0.0,0.0,2001.0,1.0,33,0,0.0,2.0,3.0,20.0
8151,6,14,1745,1,1,2,1.0,3.0,127.0,490,3.0,2.0,2.0,0.0,1.0,1.0,1.0,1,4,1.0,0.0,0.0,0.0,1981.0,2.0,7,0,0.0,2.0,7.0,19.0
8152,6,14,1745,1,1,2,1.0,3.0,127.0,490,3.0,2.0,2.0,0.0,1.0,1.0,1.0,1,4,1.0,0.0,0.0,0.0,1981.0,1.0,31,0,0.0,2.0,1.0,1.0
8153,6,14,1745,1,1,2,1.0,3.0,127.0,490,3.0,2.0,2.0,0.0,1.0,1.0,1.0,1,4,4.0,0.0,0.0,0.0,1962.0,2.0,7,0,0.0,2.0,7.0,19.0
8154,6,14,1745,1,1,2,1.0,3.0,127.0,490,3.0,2.0,2.0,0.0,1.0,1.0,1.0,1,4,4.0,0.0,0.0,0.0,1962.0,1.0,31,0,0.0,2.0,1.0,1.0
8155,8,1,1915,1,2,2,1.0,1.0,333.0,490,3.0,2.0,2.0,0.0,1.0,1.0,1.0,1,1,0.0,0.0,0.0,0.0,1970.0,2.0,7,0,0.0,2.0,3.0,15.0
8156,8,1,1915,1,2,2,1.0,1.0,333.0,490,3.0,2.0,2.0,0.0,1.0,1.0,1.0,1,1,0.0,0.0,0.0,0.0,1970.0,2.0,34,0,0.0,2.0,2.0,1.0
8157,8,1,1915,1,2,2,1.0,1.0,333.0,490,3.0,2.0,2.0,0.0,1.0,1.0,1.0,1,1,1.0,0.0,0.0,0.0,1979.0,2.0,7,0,0.0,2.0,3.0,15.0
8158,8,1,1915,1,2,2,1.0,1.0,333.0,490,3.0,2.0,2.0,0.0,1.0,1.0,1.0,1,1,1.0,0.0,0.0,0.0,1979.0,2.0,34,0,0.0,2.0,2.0,1.0
8159,8,30,1345,1,1,2,1.0,3.0,333.0,490,3.0,2.0,2.0,0.0,2.0,1.0,0.0,1,4,4.0,0.0,0.0,0.0,1958.0,1.0,7,0,0.0,2.0,7.0,19.0
8160,8,30,1345,1,1,2,1.0,3.0,333.0,490,3.0,2.0,2.0,0.0,2.0,1.0,0.0,1,4,4.0,0.0,0.0,0.0,1958.0,1.0,7,0,0.0,2.0,1.0,1.0
8161,8,30,1345,1,1,2,1.0,3.0,333.0,490,3.0,2.0,2.0,0.0,2.0,1.0,0.0,1,1,4.0,0.0,0.0,0.0,1951.0,1.0,7,0,0.0,2.0,7.0,19.0
8162,8,30,1345,1,1,2,1.0,3.0,333.0,490,3.0,2.0,2.0,0.0,2.0,1.0,0.0,1,1,4.0,0.0,0.0,0.0,1951.0,1.0,7,0,0.0,2.0,1.0,1.0
8163,12,24,1300,1,1,6,1.0,7.0,188.0,490,3.0,2.0,2.0,0.0,1.0,1.0,2.0,1,4,4.0,0.0,0.0,0.0,1993.0,2.0,30,0,16.0,0.0,7.0,1.0
8164,7,19,1930,1,1,1,1.0,3.0,151.0,490,3.0,2.0,2.0,0.0,1.0,1.0,1.0,1,4,9.0,0.0,0.0,0.0,1995.0,2.0,7,0,0.0,2.0,2.0,17.0
8165,7,19,1930,1,1,1,1.0,3.0,151.0,490,3.0,2.0,2.0,0.0,1.0,1.0,1.0,1,4,9.0,0.0,0.0,0.0,1995.0,2.0,2,0,0.0,2.0,3.0,15.0
8166,7,19,1930,1,1,1,1.0,3.0,151.0,490,3.0,2.0,2.0,0.0,1.0,1.0,1.0,1,1,0.0,0.0,0.0,0.0,1998.0,2.0,7,0,0.0,2.0,2.0,17.0
8167,7,19,1930,1,1,1,1.0,3.0,151.0,490,3.0,2.0,2.0,0.0,1.0,1.0,1.0,1,1,0.0,0.0,0.0,0.0,1998.0,2.0,2,0,0.0,2.0,3.0,15.0
8168,1,12,1715,2,1,1,1.0,1.0,225.0,490,3.0,2.0,2.0,0.0,0.0,2.0,1.0,1,4,1.0,0.0,0.0,0.0,1992.0,2.0,7,0,0.0,2.0,3.0,13.0
8169,1,12,1715,2,1,1,1.0,1.0,225.0,490,3.0,2.0,2.0,0.0,0.0,2.0,1.0,1,4,1.0,0.0,0.0,0.0,1992.0,1.0,7,0,0.0,2.0,3.0,1.0
8170,1,12,1715,2,1,1,1.0,1.0,225.0,490,3.0,2.0,2.0,0.0,0.0,2.0,1.0,1,1,1.0,0.0,0.0,0.0,1978.0,2.0,7,0,0.0,2.0,3.0,13.0
8171,1,12,1715,2,1,1,1.0,1.0,225.0,490,3.0,2.0,2.0,0.0,0.0,2.0,1.0,1,1,1.0,0.0,0.0,0.0,1978.0,1.0,7,0,0.0,2.0,3.0,1.0
8172,1,12,1715,2,1,1,1.0,1.0,225.0,490,3.0,2.0,2.0,0.0,0.0,2.0,1.0,4,1,0.0,0.0,0.0,0.0,2000.0,2.0,7,0,0.0,2.0,3.0,13.0
8173,1,12,1715,2,1,1,1.0,1.0,225.0,490,3.0,2.0,2.0,0.0,0.0,2.0,1.0,4,1,0.0,0.0,0.0,0.0,2000.0,1.0,7,0,0.0,2.0,3.0,1.0
8174,1,12,1715,2,1,1,1.0,1.0,225.0,490,3.0,2.0,2.0,0.0,0.0,2.0,1.0,4,1,0.0,0.0,0.0,0.0,2009.0,2.0,7,0,0.0,2.0,3.0,13.0
8175,1,12,1715,2,1,1,1.0,1.0,225.0,490,3.0,2.0,2.0,0.0,0.0,2.0,1.0,4,1,0.0,0.0,0.0,0.0,2009.0,1.0,7,0,0.0,2.0,3.0,1.0
8176,4,14,1700,1,1,1,1.0,7.0,300.0,490,3.0,2.0,2.0,0.0,1.0,2.0,2.0,1,1,4.0,0.0,0.0,0.0,1971.0,2.0,7,0,13.0,0.0,1.0,1.0
8177,5,28,1300,1,2,1,1.0,3.0,92.0,490,3.0,2.0,2.0,0.0,1.0,1.0,1.0,1,1,4.0,0.0,0.0,0.0,1995.0,1.0,31,0,0.0,2.0,1.0,17.0
8178,5,28,1300,1,2,1,1.0,3.0,92.0,490,3.0,2.0,2.0,0.0,1.0,1.0,1.0,1,1,4.0,0.0,0.0,0.0,1995.0,1.0,10,0,0.0,2.0,3.0,15.0
8179,5,28,1300,1,2,1,1.0,3.0,92.0,490,3.0,2.0,2.0,0.0,1.0,1.0,1.0,1,4,1.0,0.0,0.0,0.0,1986.0,1.0,31,0,0.0,2.0,1.0,17.0
8180,5,28,1300,1,2,1,1.0,3.0,92.0,490,3.0,2.0,2.0,0.0,1.0,1.0,1.0,1,4,1.0,0.0,0.0,0.0,1986.0,1.0,10,0,0.0,2.0,3.0,15.0
8181,5,30,1730,1,2,1,1.0,2.0,268.0,490,3.0,2.0,0.0,0.0,1.0,1.0,1.0,1,1,2.0,0.0,0.0,0.0,1987.0,1.0,10,0,0.0,2.0,1.0,1.0