,month,day,time,light,location,intersection,atmosphere,collision,municipality,department,road,traffic,nblanes,reslane,laneprofile,plan,surface,user,sex,route,pedlocation,pedaction,pedcondition,birth,dirtraffic,catvehicle,nboccupants,obstacle,movobstacle,impact,maneuver
8182,5,30,1730,1,2,1,1.0,2.0,268.0,490,3.0,2.0,0.0,0.0,1.0,1.0,1.0,1,1,2.0,0.0,0.0,0.0,1987.0,1.0,33,0,0.0,2.0,4.0,23.0
8183,5,30,1730,1,2,1,1.0,2.0,268.0,490,3.0,2.0,0.0,0.0,1.0,1.0,1.0,4,1,0.0,0.0,0.0,0.0,1993.0,1.0,10,0,0.0,2.0,1.0,1.0
8184,5,30,1730,1,2,1,1.0,2.0,268.0,490,3.0,2.0,0.0,0.0,1.0,1.0,1.0,4,1,0.0,0.0,0.0,0.0,1993.0,1.0,33,0,0.0,2.0,4.0,23.0
8185,5,30,1730,1,2,1,1.0,2.0,268.0,490,3.0,2.0,0.0,0.0,1.0,1.0,1.0,1,1,2.0,0.0,0.0,0.0,1983.0,1.0,10,0,0.0,2.0,1.0,1.0
8186,5,30,1730,1,2,1,1.0,2.0,268.0,490,3.0,2.0,0.0,0.0,1.0,1.0,1.0,1,1,2.0,0.0,0.0,0.0,1983.0,1.0,33,0,0.0,2.0,4.0,23.0
8187,6,4,600,2,1,2,1.0,3.0,225.0,490,3.0,2.0,2.0,0.0,1.0,1.0,1.0,1,1,1.0,0.0,0.0,0.0,1994.0,1.0,33,0,0.0,2.0,1.0,1.0
8188,6,4,600,2,1,2,1.0,3.0,225.0,490,3.0,2.0,2.0,0.0,1.0,1.0,1.0,1,1,1.0,0.0,0.0,0.0,1994.0,0.0,7,0,0.0,2.0,8.0,1.0
8189,6,4,600,2,1,2,1.0,3.0,225.0,490,3.0,2.0,2.0,0.0,1.0,1.0,1.0,1,1,1.0,0.0,0.0,0.0,1980.0,1.0,33,0,0.0,2.0,1.0,1.0
8190,6,4,600,2,1,2,1.0,3.0,225.0,490,3.0,2.0,2.0,0.0,1.0,1.0,1.0,1,1,1.0,0.0,0.0,0.0,1980.0,0.0,7,0,0.0,2.0,8.0,1.0
8191,8,6,1615,1,1,1,1.0,2.0,111.0,490,3.0,2.0,2.0,0.0,1.0,1.0,1.0,1,1,4.0,0.0,0.0,0.0,1947.0,1.0,7,0,0.0,2.0,2.0,1.0
8192,8,6,1615,1,1,1,1.0,2.0,111.0,490,3.0,2.0,2.0,0.0,1.0,1.0,1.0,1,1,4.0,0.0,0.0,0.0,1947.0,1.0,1,0,0.0,0.0,6.0,1.0
8193,8,6,1615,1,1,1,1.0,2.0,111.0,490,3.0,2.0,2.0,0.0,1.0,1.0,1.0,1,1,4.0,0.0,0.0,0.0,1932.0,1.0,7,0,0.0,2.0,2.0,1.0
8194,8,6,1615,1,1,1,1.0,2.0,111.0,490,3.0,2.0,2.0,0.0,1.0,1.0,1.0,1,1,4.0,0.0,0.0,0.0,1932.0,1.0,1,0,0.0,0.0,6.0,1.0
8195,7,30,1300,1,1,1,1.0,6.0,355.0,490,3.0,2.0,2.0,0.0,1.0,1.0,1.0,1,4,4.0,0.0,0.0,0.0,1966.0,0.0,7,0,13.0,0.0,8.0,13.0
8196,9,14,1715,1,1,1,1.0,6.0,92.0,490,3.0,2.0,2.0,0.0,2.0,2.0,1.0,1,1,4.0,0.0,0.0,0.0,1995.0,0.0,7,0,13.0,0.0,9.0,1.0
8197,10,6,800,1,1,1,1.0,1.0,92.0,490,3.0,2.0,2.0,0.0,1.0,1.0,1.0,1,1,1.0,0.0,0.0,0.0,1977.0,2.0,33,0,0.0,2.0,0.0,1.0
8198,10,6,800,1,1,1,1.0,1.0,92.0,490,3.0,2.0,2.0,0.0,1.0,1.0,1.0,1,1,1.0,0.0,0.0,0.0,1977.0,1.0,7,0,0.0,2.0,7.0,15.0
8199,10,6,800,1,1,1,1.0,1.0,92.0,490,3.0,2.0,2.0,0.0,1.0,1.0,1.0,1,1,4.0,0.0,0.0,0.0,1938.0,2.0,33,0,0.0,2.0,0.0,1.0
8200,10,6,800,1,1,1,1.0,1.0,92.0,490,3.0,2.0,2.0,0.0,1.0,1.0,1.0,1,1,4.0,0.0,0.0,0.0,1938.0,1.0,7,0,0.0,2.0,7.0,15.0
8201,10,12,1600,1,1,1,1.0,6.0,355.0,490,3.0,2.0,2.0,0.0,1.0,1.0,1.0,1,1,4.0,0.0,0.0,0.0,1984.0,2.0,2,0,0.0,6.0,1.0,1.0
8202,10,31,1330,1,2,1,1.0,6.0,92.0,490,3.0,2.0,2.0,0.0,2.0,1.0,1.0,1,4,3.0,0.0,0.0,0.0,1949.0,2.0,7,0,0.0,1.0,1.0,1.0
8203,10,31,1330,1,2,1,1.0,6.0,92.0,490,3.0,2.0,2.0,0.0,2.0,1.0,1.0,3,4,3.0,4.0,3.0,1.0,1936.0,2.0,7,0,0.0,1.0,1.0,1.0
8204,11,18,2100,3,1,1,3.0,7.0,343.0,490,3.0,2.0,2.0,0.0,2.0,3.0,2.0,1,4,1.0,0.0,0.0,0.0,1970.0,1.0,7,0,13.0,0.0,1.0,1.0
8205,11,20,200,3,1,1,6.0,7.0,74.0,490,3.0,2.0,2.0,0.0,1.0,1.0,2.0,1,1,4.0,0.0,0.0,0.0,1999.0,1.0,30,0,0.0,0.0,0.0,1.0
8206,11,20,200,3,1,1,6.0,7.0,74.0,490,3.0,2.0,2.0,0.0,1.0,1.0,2.0,4,1,0.0,0.0,0.0,0.0,2000.0,1.0,30,0,0.0,0.0,0.0,1.0
8207,1,14,1545,1,1,2,1.0,3.0,258.0,490,3.0,2.0,0.0,0.0,0.0,1.0,1.0,1,4,4.0,0.0,0.0,0.0,1958.0,1.0,3,0,0.0,2.0,8.0,1.0
8208,1,14,1545,1,1,2,1.0,3.0,258.0,490,3.0,2.0,0.0,0.0,0.0,1.0,1.0,1,4,4.0,0.0,0.0,0.0,1958.0,2.0,7,0,0.0,2.0,1.0,1.0
8209,1,14,1545,1,1,2,1.0,3.0,258.0,490,3.0,2.0,0.0,0.0,0.0,1.0,1.0,1,1,4.0,0.0,0.0,0.0,1942.0,1.0,3,0,0.0,2.0,8.0,1.0
8210,1,14,1545,1,1,2,1.0,3.0,258.0,490,3.0,2.0,0.0,0.0,0.0,1.0,1.0,1,1,4.0,0.0,0.0,0.0,1942.0,2.0,7,0,0.0,2.0,1.0,1.0
8211,1,14,1545,1,1,2,1.0,3.0,258.0,490,3.0,2.0,0.0,0.0,0.0,1.0,1.0,4,4,0.0,0.0,0.0,0.0,1942.0,1.0,3,0,0.0,2.0,8.0,1.0
8212,1,14,1545,1,1,2,1.0,3.0,258.0,490,3.0,2.0,0.0,0.0,0.0,1.0,1.0,4,4,0.0,0.0,0.0,0.0,1942.0,2.0,7,0,0.0,2.0,1.0,1.0
8213,2,8,1300,1,1,1,6.0,6.0,27.0,490,4.0,2.0,2.0,0.0,2.0,1.0,2.0,1,4,4.0,0.0,0.0,0.0,1982.0,0.0,7,0,16.0,0.0,2.0,1.0
8214,3,6,745,1,1,1,1.0,1.0,301.0,490,3.0,2.0,2.0,0.0,1.0,2.0,1.0,1,4,4.0,0.0,0.0,0.0,1995.0,2.0,7,0,0.0,2.0,3.0,13.0
8215,3,6,745,1,1,1,1.0,1.0,301.0,490,3.0,2.0,2.0,0.0,1.0,2.0,1.0,1,4,4.0,0.0,0.0,0.0,1995.0,1.0,7,0,0.0,2.0,3.0,1.0
8216,3,6,745,1,1,1,1.0,1.0,301.0,490,3.0,2.0,2.0,0.0,1.0,2.0,1.0,1,1,4.0,0.0,0.0,0.0,1953.0,2.0,7,0,0.0,2.0,3.0,13.0
8217,3,6,745,1,1,1,1.0,1.0,301.0,490,3.0,2.0,2.0,0.0,1.0,2.0,1.0,1,1,4.0,0.0,0.0,0.0,1953.0,1.0,7,0,0.0,2.0,3.0,1.0
8218,5,3,1900,1,2,1,1.0,6.0,285.0,490,3.0,2.0,2.0,0.0,1.0,1.0,1.0,1,1,4.0,0.0,0.0,0.0,1999.0,0.0,30,0,8.0,0.0,3.0,1.0
8219,6,8,1815,1,1,3,1.0,3.0,193.0,490,4.0,0.0,0.0,0.0,0.0,0.0,0.0,1,1,9.0,0.0,0.0,0.0,1968.0,0.0,33,0,0.0,2.0,1.0,1.0
8220,6,8,1815,1,1,3,1.0,3.0,193.0,490,4.0,0.0,0.0,0.0,0.0,0.0,0.0,1,1,9.0,0.0,0.0,0.0,1968.0,0.0,21,0,0.0,2.0,8.0,15.0
8221,6,8,1815,1,1,3,1.0,3.0,193.0,490,4.0,0.0,0.0,0.0,0.0,0.0,0.0,1,1,2.0,0.0,0.0,0.0,1957.0,0.0,33,0,0.0,2.0,1.0,1.0
8222,6,8,1815,1,1,3,1.0,3.0,193.0,490,4.0,0.0,0.0,0.0,0.0,0.0,0.0,1,1,2.0,0.0,0.0,0.0,1957.0,0.0,21,0,0.0,2.0,8.0,15.0
8223,6,25,1615,1,2,1,1.0,2.0,301.0,490,3.0,2.0,2.0,0.0,1.0,1.0,1.0,1,1,4.0,0.0,0.0,0.0,1990.0,2.0,33,0,0.0,2.0,1.0,2.0
8224,6,25,1615,1,2,1,1.0,2.0,301.0,490,3.0,2.0,2.0,0.0,1.0,1.0,1.0,1,1,4.0,0.0,0.0,0.0,1990.0,2.0,7,0,0.0,0.0,4.0,2.0
8225,6,25,1615,1,2,1,1.0,2.0,301.0,490,3.0,2.0,2.0,0.0,1.0,1.0,1.0,1,1,4.0,0.0,0.0,0.0,1958.0,2.0,33,0,0.0,2.0,1.0,2.0
8226,6,25,1615,1,2,1,1.0,2.0,301.0,490,3.0,2.0,2.0,0.0,1.0,1.0,1.0,1,1,4.0,0.0,0.0,0.0,1958.0,2.0,7,0,0.0,0.0,4.0,2.0
8227,7,11,1915,1,2,1,1.0,1.0,285.0,490,4.0,2.0,2.0,0.0,2.0,2.0,1.0,1,4,4.0,0.0,0.0,0.0,1998.0,0.0,30,0,0.0,2.0,8.0,13.0
8228,7,11,1915,1,2,1,1.0,1.0,285.0,490,4.0,2.0,2.0,0.0,2.0,2.0,1.0,1,4,4.0,0.0,0.0,0.0,1998.0,0.0,7,0,0.0,0.0,3.0,1.0
8229,7,11,1915,1,2,1,1.0,1.0,285.0,490,4.0,2.0,2.0,0.0,2.0,2.0,1.0,1,1,4.0,0.0,0.0,0.0,1951.0,0.0,30,0,0.0,2.0,8.0,13.0
8230,7,11,1915,1,2,1,1.0,1.0,285.0,490,4.0,2.0,2.0,0.0,2.0,2.0,1.0,1,1,4.0,0.0,0.0,0.0,1951.0,0.0,7,0,0.0,0.0,3.0,1.0
8231,7,22,100,3,1,1,1.0,5.0,332.0,490,2.0,3.0,4.0,0.0,1.0,1.0,1.0,1,1,4.0,0.0,0.0,0.0,1991.0,1.0,33,0,0.0,2.0,1.0,1.0
8232,7,22,100,3,1,1,1.0,5.0,332.0,490,2.0,3.0,4.0,0.0,1.0,1.0,1.0,1,1,4.0,0.0,0.0,0.0,1991.0,1.0,7,0,0.0,2.0,3.0,1.0
8233,7,22,100,3,1,1,1.0,5.0,332.0,490,2.0,3.0,4.0,0.0,1.0,1.0,1.0,1,1,4.0,0.0,0.0,0.0,1991.0,1.0,33,0,0.0,2.0,2.0,1.0
8234,7,22,100,3,1,1,1.0,5.0,332.0,490,2.0,3.0,4.0,0.0,1.0,1.0,1.0,1,4,4.0,0.0,0.0,0.0,1977.0,1.0,33,0,0.0,2.0,1.0,1.0
8235,7,22,100,3,1,1,1.0,5.0,332.0,490,2.0,3.0,4.0,0.0,1.0,1.0,1.0,1,4,4.0,0.0,0.0,0.0,1977.0,1.0,7,0,0.0,2.0,3.0,1.0
8236,7,22,100,3,1,1,1.0,5.0,332.0,490,2.0,3.0,4.0,0.0,1.0,1.0,1.0,1,4,4.0,0.0,0.0,0.0,1977.0,1.0,33,0,0.0,2.0,2.0,1.0
8237,7,22,100,3,1,1,1.0,5.0,332.0,490,2.0,3.0,4.0,0.0,1.0,1.0,1.0,4,4,0.0,0.0,0.0,0.0,2014.0,1.0,33,0,0.0,2.0,1.0,1.0
8238,7,22,100,3,1,1,1.0,5.0,332.0,490,2.0,3.0,4.0,0.0,1.0,1.0,1.0,4,4,0.0,0.0,0.0,0.0,2014.0,1.0,7,0,0.0,2.0,3.0,1.0
8239,7,22,100,3,1,1,1.0,5.0,332.0,490,2.0,3.0,4.0,0.0,1.0,1.0,1.0,4,4,0.0,0.0,0.0,0.0,2014.0,1.0,33,0,0.0,2.0,2.0,1.0
8240,7,22,100,3,1,1,1.0,5.0,332.0,490,2.0,3.0,4.0,0.0,1.0,1.0,1.0,1,1,4.0,0.0,0.0,0.0,1987.0,1.0,33,0,0.0,2.0,1.0,1.0
8241,7,22,100,3,1,1,1.0,5.0,332.0,490,2.0,3.0,4.0,0.0,1.0,1.0,1.0,1,1,4.0,0.0,0.0,0.0,1987.0,1.0,7,0,0.0,2.0,3.0,1.0
8242,7,22,100,3,1,1,1.0,5.0,332.0,490,2.0,3.0,4.0,0.0,1.0,1.0,1.0,1,1,4.0,0.0,0.0,0.0,1987.0,1.0,33,0,0.0,2.0,2.0,1.0
8243,7,21,1130,1,1,1,1.0,6.0,269.0,490,3.0,3.0,4.0,0.0,1.0,1.0,1.0,1,4,4.0,0.0,0.0,0.0,1982.0,1.0,7,0,3.0,0.0,3.0,1.0
8244,7,21,1130,1,1,1,1.0,6.0,269.0,490,3.0,3.0,4.0,0.0,1.0,1.0,1.0,4,4,0.0,0.0,0.0,0.0,1993.0,1.0,7,0,3.0,0.0,3.0,1.0
8245,7,21,1130,1,1,1,1.0,6.0,269.0,490,3.0,3.0,4.0,0.0,1.0,1.0,1.0,4,4,0.0,0.0,0.0,0.0,1993.0,1.0,7,0,3.0,0.0,3.0,1.0
8246,8,21,1700,1,1,1,1.0,6.0,258.0,490,4.0,0.0,0.0,0.0,2.0,1.0,1.0,1,1,4.0,0.0,0.0,0.0,1970.0,0.0,36,0,0.0,0.0,0.0,1.0
8247,9,4,1115,1,1,1,1.0,7.0,193.0,490,4.0,2.0,2.0,0.0,1.0,1.0,1.0,1,1,2.0,0.0,0.0,0.0,1957.0,0.0,21,0,0.0,0.0,0.0,15.0
8248,9,4,1115,1,1,1,1.0,7.0,193.0,490,4.0,2.0,2.0,0.0,1.0,1.0,1.0,4,4,0.0,0.0,0.0,0.0,1954.0,0.0,21,0,0.0,0.0,0.0,15.0
8249,10,1,945,1,2,1,2.0,3.0,299.0,490,3.0,2.0,2.0,0.0,1.0,1.0,2.0,1,4,3.0,0.0,0.0,0.0,1962.0,0.0,7,0,0.0,2.0,1.0,15.0
8250,10,1,945,1,2,1,2.0,3.0,299.0,490,3.0,2.0,2.0,0.0,1.0,1.0,2.0,1,4,3.0,0.0,0.0,0.0,1962.0,0.0,2,0,0.0,2.0,2.0,1.0
8251,10,1,945,1,2,1,2.0,3.0,299.0,490,3.0,2.0,2.0,0.0,1.0,1.0,2.0,4,4,0.0,0.0,0.0,0.0,1994.0,0.0,7,0,0.0,2.0,1.0,15.0
8252,10,1,945,1,2,1,2.0,3.0,299.0,490,3.0,2.0,2.0,0.0,1.0,1.0,2.0,4,4,0.0,0.0,0.0,0.0,1994.0,0.0,2,0,0.0,2.0,2.0,1.0
8253,10,1,945,1,2,1,2.0,3.0,299.0,490,3.0,2.0,2.0,0.0,1.0,1.0,2.0,1,1,4.0,0.0,0.0,0.0,2000.0,0.0,7,0,0.0,2.0,1.0,15.0
8254,10,1,945,1,2,1,2.0,3.0,299.0,490,3.0,2.0,2.0,0.0,1.0,1.0,2.0,1,1,4.0,0.0,0.0,0.0,2000.0,0.0,2,0,0.0,2.0,2.0,1.0
8255,10,8,2030,3,1,1,1.0,7.0,332.0,490,4.0,2.0,2.0,0.0,0.0,0.0,1.0,1,1,4.0,0.0,0.0,0.0,1957.0,0.0,2,0,0.0,0.0,0.0,0.0
8256,10,12,815,1,2,1,1.0,6.0,301.0,490,3.0,2.0,2.0,0.0,1.0,1.0,1.0,1,4,4.0,0.0,0.0,0.0,1986.0,1.0,7,0,0.0,1.0,1.0,15.0
8257,10,12,815,1,2,1,1.0,6.0,301.0,490,3.0,2.0,2.0,0.0,1.0,1.0,1.0,3,4,4.0,2.0,3.0,4.0,1974.0,1.0,7,0,0.0,1.0,1.0,15.0
8258,10,12,815,1,2,1,1.0,6.0,301.0,490,3.0,2.0,2.0,0.0,1.0,1.0,1.0,3,1,4.0,2.0,3.0,4.0,2006.0,1.0,7,0,0.0,1.0,1.0,15.0
8259,10,12,815,1,2,1,1.0,6.0,301.0,490,3.0,2.0,2.0,0.0,1.0,1.0,1.0,3,1,4.0,2.0,3.0,4.0,2009.0,1.0,7,0,0.0,1.0,1.0,15.0
8260,10,14,1315,1,1,1,1.0,7.0,193.0,490,4.0,2.0,2.0,0.0,1.0,2.0,1.0,1,1,1.0,0.0,0.0,0.0,1990.0,0.0,7,0,8.0,0.0,1.0,13.0
8261,11,16,1130,1,2,1,1.0,6.0,206.0,490,6.0,0.0,0.0,3.0,1.0,1.0,1.0,1,4,3.0,0.0,0.0,0.0,1945.0,0.0,7,0,0.0,1.0,5.0,0.0
8262,11,16,1130,1,2,1,1.0,6.0,206.0,490,6.0,0.0,0.0,3.0,1.0,1.0,1.0,3,4,0.0,0.0,0.0,0.0,1926.0,0.0,7,0,0.0,1.0,5.0,0.0
8263,12,3,745,3,1,1,1.0,6.0,99.0,490,4.0,2.0,2.0,0.0,1.0,2.0,9.0,1,1,4.0,0.0,0.0,0.0,1986.0,0.0,10,0,6.0,0.0,3.0,13.0
8264,12,5,2130,3,1,1,2.0,7.0,193.0,490,3.0,2.0,2.0,0.0,1.0,1.0,2.0,1,1,4.0,0.0,0.0,0.0,1990.0,1.0,7,0,6.0,0.0,7.0,1.0
8265,12,9,1730,5,1,6,1.0,6.0,301.0,490,3.0,2.0,2.0,0.0,1.0,3.0,1.0,1,1,1.0,0.0,0.0,0.0,1980.0,2.0,10,0,0.0,1.0,3.0,16.0
8266,12,9,1730,5,1,6,1.0,6.0,301.0,490,3.0,2.0,2.0,0.0,1.0,3.0,1.0,3,4,3.0,2.0,3.0,4.0,1952.0,2.0,10,0,0.0,1.0,3.0,16.0
8267,12,11,1615,1,1,1,2.0,7.0,258.0,490,2.0,3.0,4.0,0.0,1.0,1.0,2.0,1,1,4.0,0.0,0.0,0.0,1995.0,2.0,7,0,2.0,0.0,9.0,1.0
8268,12,11,1615,1,1,1,2.0,7.0,258.0,490,2.0,3.0,4.0,0.0,1.0,1.0,2.0,4,4,0.0,0.0,0.0,0.0,1996.0,2.0,7,0,2.0,0.0,9.0,1.0
8269,1,23,1915,3,1,1,2.0,1.0,83.0,490,4.0,2.0,0.0,0.0,2.0,0.0,2.0,1,1,4.0,0.0,0.0,0.0,2001.0,2.0,2,0,0.0,0.0,1.0,13.0
8270,1,23,1915,3,1,1,2.0,1.0,83.0,490,4.0,2.0,0.0,0.0,2.0,0.0,2.0,1,1,4.0,0.0,0.0,0.0,2001.0,1.0,7,0,0.0,0.0,3.0,1.0
8271,1,23,1915,3,1,1,2.0,1.0,83.0,490,4.0,2.0,0.0,0.0,2.0,0.0,2.0,1,1,4.0,0.0,0.0,0.0,1984.0,2.0,2,0,0.0,0.0,1.0,13.0
8272,1,23,1915,3,1,1,2.0,1.0,83.0,490,4.0,2.0,0.0,0.0,2.0,0.0,2.0,1,1,4.0,0.0,0.0,0.0,1984.0,1.0,7,0,0.0,0.0,3.0,1.0
8273,2,2,745,2,1,1,2.0,7.0,276.0,490,3.0,2.0,2.0,0.0,1.0,1.0,2.0,1,1,1.0,0.0,0.0,0.0,1995.0,1.0,7,0,16.0,0.0,0.0,1.0
8274,3,6,1615,1,2,1,1.0,6.0,276.0,490,3.0,2.0,2.0,0.0,1.0,1.0,1.0,1,1,4.0,0.0,0.0,0.0,2001.0,2.0,30,0,0.0,1.0,1.0,1.0
8275,3,6,1615,1,2,1,1.0,6.0,276.0,490,3.0,2.0,2.0,0.0,1.0,1.0,1.0,3,4,4.0,2.0,3.0,1.0,1951.0,2.0,30,0,0.0,1.0,1.0,1.0
8276,4,25,730,2,2,1,7.0,3.0,126.0,490,3.0,2.0,2.0,0.0,1.0,3.0,1.0,1,4,4.0,0.0,0.0,0.0,1996.0,2.0,7,0,0.0,2.0,2.0,15.0
8277,4,25,730,2,2,1,7.0,3.0,126.0,490,3.0,2.0,2.0,0.0,1.0,3.0,1.0,1,4,4.0,0.0,0.0,0.0,1996.0,1.0,2,0,0.0,2.0,1.0,1.0
8278,4,25,730,2,2,1,7.0,3.0,126.0,490,3.0,2.0,2.0,0.0,1.0,3.0,1.0,1,1,1.0,0.0,0.0,0.0,1991.0,2.0,7,0,0.0,2.0,2.0,15.0
8279,4,25,730,2,2,1,7.0,3.0,126.0,490,3.0,2.0,2.0,0.0,1.0,3.0,1.0,1,1,1.0,0.0,0.0,0.0,1991.0,1.0,2,0,0.0,2.0,1.0,1.0
8280,5,6,2015,1,2,3,1.0,3.0,276.0,490,3.0,2.0,0.0,0.0,1.0,1.0,1.0,1,1,0.0,0.0,0.0,0.0,2001.0,1.0,2,0,0.0,2.0,1.0,1.0
8281,5,6,2015,1,2,3,1.0,3.0,276.0,490,3.0,2.0,0.0,0.0,1.0,1.0,1.0,1,1,0.0,0.0,0.0,0.0,2001.0,2.0,7,0,0.0,2.0,6.0,19.0
8282,5,6,2015,1,2,3,1.0,3.0,276.0,490,3.0,2.0,0.0,0.0,1.0,1.0,1.0,1,1,0.0,0.0,0.0,0.0,1985.0,1.0,2,0,0.0,2.0,1.0,1.0
8283,5,6,2015,1,2,3,1.0,3.0,276.0,490,3.0,2.0,0.0,0.0,1.0,1.0,1.0,1,1,0.0,0.0,0.0,0.0,1985.0,2.0,7,0,0.0,2.0,6.0,19.0
8284,5,16,130,4,2,1,1.0,6.0,172.0,490,3.0,2.0,2.0,0.0,1.0,3.0,1.0,1,1,4.0,0.0,0.0,0.0,1987.0,1.0,7,0,6.0,0.0,7.0,1.0
8285,5,16,130,4,2,1,1.0,6.0,172.0,490,3.0,2.0,2.0,0.0,1.0,3.0,1.0,4,4,0.0,0.0,0.0,0.0,1993.0,1.0,7,0,6.0,0.0,7.0,1.0
8286,5,21,845,1,2,1,1.0,2.0,316.0,490,3.0,2.0,2.0,0.0,1.0,1.0,1.0,1,1,4.0,0.0,0.0,0.0,1995.0,1.0,33,0,0.0,0.0,1.0,1.0
8287,5,21,845,1,2,1,1.0,2.0,316.0,490,3.0,2.0,2.0,0.0,1.0,1.0,1.0,1,1,4.0,0.0,0.0,0.0,1995.0,1.0,7,0,0.0,0.0,4.0,6.0
8288,5,21,845,1,2,1,1.0,2.0,316.0,490,3.0,2.0,2.0,0.0,1.0,1.0,1.0,1,1,4.0,0.0,0.0,0.0,1941.0,1.0,33,0,0.0,0.0,1.0,1.0
8289,5,21,845,1,2,1,1.0,2.0,316.0,490,3.0,2.0,2.0,0.0,1.0,1.0,1.0,1,1,4.0,0.0,0.0,0.0,1941.0,1.0,7,0,0.0,0.0,4.0,6.0
8290,6,25,145,5,2,1,1.0,6.0,177.0,490,3.0,2.0,2.0,0.0,0.0,3.0,1.0,1,1,4.0,0.0,0.0,0.0,1962.0,1.0,7,0,6.0,0.0,1.0,1.0
8291,6,25,145,5,2,1,1.0,6.0,177.0,490,3.0,2.0,2.0,0.0,0.0,3.0,1.0,4,1,0.0,0.0,0.0,0.0,1998.0,1.0,7,0,6.0,0.0,1.0,1.0
8292,8,28,1815,1,1,1,1.0,6.0,69.0,490,3.0,2.0,2.0,0.0,2.0,2.0,1.0,1,1,4.0,0.0,0.0,0.0,1988.0,1.0,33,0,5.0,0.0,1.0,1.0
8293,8,28,1815,1,1,1,1.0,6.0,69.0,490,3.0,2.0,2.0,0.0,2.0,2.0,1.0,4,4,4.0,0.0,0.0,0.0,1997.0,1.0,33,0,5.0,0.0,1.0,1.0
8294,9,3,1430,1,1,1,1.0,7.0,83.0,490,3.0,2.0,2.0,0.0,2.0,1.0,1.0,1,1,4.0,0.0,0.0,0.0,2000.0,1.0,2,0,0.0,0.0,8.0,1.0
8295,9,3,1430,1,1,1,1.0,7.0,83.0,490,3.0,2.0,2.0,0.0,2.0,1.0,1.0,4,1,4.0,0.0,0.0,0.0,2001.0,1.0,2,0,0.0,0.0,8.0,1.0
8296,9,17,1700,1,1,1,1.0,5.0,126.0,490,4.0,2.0,2.0,0.0,2.0,1.0,1.0,1,1,4.0,0.0,0.0,0.0,2004.0,0.0,1,0,0.0,0.0,1.0,1.0
8297,9,17,1700,1,1,1,1.0,5.0,126.0,490,4.0,2.0,2.0,0.0,2.0,1.0,1.0,1,1,4.0,0.0,0.0,0.0,2004.0,0.0,1,0,0.0,0.0,1.0,1.0
8298,9,17,1700,1,1,1,1.0,5.0,126.0,490,4.0,2.0,2.0,0.0,2.0,1.0,1.0,1,1,4.0,0.0,0.0,0.0,2004.0,0.0,10,0,0.0,9.0,1.0,1.0
8299,9,17,1700,1,1,1,1.0,5.0,126.0,490,4.0,2.0,2.0,0.0,2.0,1.0,1.0,1,1,4.0,0.0,0.0,0.0,2005.0,0.0,1,0,0.0,0.0,1.0,1.0
8300,9,17,1700,1,1,1,1.0,5.0,126.0,490,4.0,2.0,2.0,0.0,2.0,1.0,1.0,1,1,4.0,0.0,0.0,0.0,2005.0,0.0,1,0,0.0,0.0,1.0,1.0
8301,9,17,1700,1,1,1,1.0,5.0,126.0,490,4.0,2.0,2.0,0.0,2.0,1.0,1.0,1,1,4.0,0.0,0.0,0.0,2005.0,0.0,10,0,0.0,9.0,1.0,1.0
8302,9,17,1700,1,1,1,1.0,5.0,126.0,490,4.0,2.0,2.0,0.0,2.0,1.0,1.0,1,1,4.0,0.0,0.0,0.0,1990.0,0.0,1,0,0.0,0.0,1.0,1.0
8303,9,17,1700,1,1,1,1.0,5.0,126.0,490,4.0,2.0,2.0,0.0,2.0,1.0,1.0,1,1,4.0,0.0,0.0,0.0,1990.0,0.0,1,0,0.0,0.0,1.0,1.0
8304,9,17,1700,1,1,1,1.0,5.0,126.0,490,4.0,2.0,2.0,0.0,2.0,1.0,1.0,1,1,4.0,0.0,0.0,0.0,1990.0,0.0,10,0,0.0,9.0,1.0,1.0
8305,10,3,2145,3,1,1,1.0,1.0,177.0,490,4.0,2.0,2.0,0.0,2.0,4.0,1.0,1,1,4.0,0.0,0.0,0.0,1980.0,0.0,10,0,0.0,2.0,3.0,1.0
8306,10,3,2145,3,1,1,1.0,1.0,177.0,490,4.0,2.0,2.0,0.0,2.0,4.0,1.0,1,1,4.0,0.0,0.0,0.0,1980.0,0.0,7,0,0.0,2.0,3.0,1.0
8307,10,3,2145,3,1,1,1.0,1.0,177.0,490,4.0,2.0,2.0,0.0,2.0,4.0,1.0,1,1,1.0,0.0,0.0,0.0,1987.0,0.0,10,0,0.0,2.0,3.0,1.0
8308,10,3,2145,3,1,1,1.0,1.0,177.0,490,4.0,2.0,2.0,0.0,2.0,4.0,1.0,1,1,1.0,0.0,0.0,0.0,1987.0,0.0,7,0,0.0,2.0,3.0,1.0
8309,10,8,1300,1,1,1,1.0,7.0,137.0,490,3.0,2.0,2.0,0.0,1.0,1.0,1.0,1,1,1.0,0.0,0.0,0.0,1961.0,1.0,2,0,16.0,0.0,1.0,1.0
8310,11,23,1815,5,2,1,1.0,6.0,276.0,490,3.0,2.0,2.0,0.0,1.0,1.0,1.0,1,1,1.0,0.0,0.0,0.0,1969.0,1.0,7,0,0.0,1.0,1.0,1.0
8311,11,23,1815,5,2,1,1.0,6.0,276.0,490,3.0,2.0,2.0,0.0,1.0,1.0,1.0,3,1,4.0,2.0,3.0,1.0,1995.0,1.0,7,0,0.0,1.0,1.0,1.0