,month,day,time,light,location,intersection,atmosphere,collision,municipality,department,road,traffic,nblanes,reslane,laneprofile,plan,surface,user,sex,route,pedlocation,pedaction,pedcondition,birth,dirtraffic,catvehicle,nboccupants,obstacle,movobstacle,impact,maneuver
8312,11,26,1145,1,2,1,1.0,6.0,69.0,490,4.0,2.0,2.0,0.0,1.0,1.0,1.0,1,4,4.0,0.0,0.0,0.0,1985.0,0.0,7,0,0.0,1.0,2.0,1.0
8313,11,26,1145,1,2,1,1.0,6.0,69.0,490,4.0,2.0,2.0,0.0,1.0,1.0,1.0,3,1,4.0,1.0,3.0,4.0,2011.0,0.0,7,0,0.0,1.0,2.0,1.0
8314,11,28,745,2,1,3,1.0,3.0,83.0,490,3.0,2.0,2.0,0.0,2.0,1.0,1.0,1,4,4.0,0.0,0.0,0.0,1953.0,1.0,7,0,0.0,2.0,2.0,15.0
8315,11,28,745,2,1,3,1.0,3.0,83.0,490,3.0,2.0,2.0,0.0,2.0,1.0,1.0,1,4,4.0,0.0,0.0,0.0,1953.0,2.0,2,0,0.0,2.0,2.0,21.0
8316,11,28,745,2,1,3,1.0,3.0,83.0,490,3.0,2.0,2.0,0.0,2.0,1.0,1.0,1,1,4.0,0.0,0.0,0.0,1999.0,1.0,7,0,0.0,2.0,2.0,15.0
8317,11,28,745,2,1,3,1.0,3.0,83.0,490,3.0,2.0,2.0,0.0,2.0,1.0,1.0,1,1,4.0,0.0,0.0,0.0,1999.0,2.0,2,0,0.0,2.0,2.0,21.0
8318,10,27,730,5,2,1,1.0,7.0,137.0,490,3.0,2.0,2.0,0.0,1.0,1.0,1.0,1,1,1.0,0.0,0.0,0.0,2000.0,0.0,2,0,11.0,0.0,1.0,1.0
8319,12,3,1500,1,1,1,1.0,7.0,313.0,490,3.0,2.0,2.0,0.0,1.0,1.0,1.0,1,1,4.0,0.0,0.0,0.0,1997.0,2.0,7,0,13.0,0.0,2.0,1.0
8320,12,5,45,3,1,1,1.0,7.0,172.0,490,3.0,2.0,2.0,0.0,1.0,1.0,1.0,1,1,2.0,0.0,0.0,0.0,1973.0,0.0,17,0,0.0,0.0,7.0,1.0
8321,12,29,1445,1,1,2,1.0,3.0,190.0,490,3.0,2.0,2.0,0.0,1.0,1.0,1.0,1,1,4.0,0.0,0.0,0.0,1955.0,1.0,33,0,0.0,2.0,2.0,17.0
8322,12,29,1445,1,1,2,1.0,3.0,190.0,490,3.0,2.0,2.0,0.0,1.0,1.0,1.0,1,1,4.0,0.0,0.0,0.0,1955.0,1.0,7,0,0.0,2.0,8.0,1.0
8323,12,29,1445,1,1,2,1.0,3.0,190.0,490,3.0,2.0,2.0,0.0,1.0,1.0,1.0,1,1,2.0,0.0,0.0,0.0,1971.0,1.0,33,0,0.0,2.0,2.0,17.0
8324,12,29,1445,1,1,2,1.0,3.0,190.0,490,3.0,2.0,2.0,0.0,1.0,1.0,1.0,1,1,2.0,0.0,0.0,0.0,1971.0,1.0,7,0,0.0,2.0,8.0,1.0
8325,9,13,900,1,1,1,3.0,7.0,190.0,490,3.0,2.0,2.0,0.0,1.0,2.0,2.0,1,1,4.0,0.0,0.0,0.0,1996.0,2.0,33,0,0.0,0.0,1.0,1.0
8326,4,13,1145,1,1,1,1.0,7.0,352.0,490,4.0,2.0,2.0,0.0,1.0,1.0,1.0,1,1,4.0,0.0,0.0,0.0,2000.0,0.0,2,0,13.0,0.0,1.0,0.0
8327,4,20,1245,1,1,2,1.0,3.0,192.0,490,3.0,2.0,2.0,0.0,1.0,1.0,1.0,1,1,2.0,0.0,0.0,0.0,1981.0,2.0,7,0,0.0,2.0,7.0,19.0
8328,4,20,1245,1,1,2,1.0,3.0,192.0,490,3.0,2.0,2.0,0.0,1.0,1.0,1.0,1,1,2.0,0.0,0.0,0.0,1981.0,0.0,7,0,0.0,2.0,1.0,1.0
8329,4,20,1245,1,1,2,1.0,3.0,192.0,490,3.0,2.0,2.0,0.0,1.0,1.0,1.0,1,4,0.0,0.0,0.0,0.0,1974.0,2.0,7,0,0.0,2.0,7.0,19.0
8330,4,20,1245,1,1,2,1.0,3.0,192.0,490,3.0,2.0,2.0,0.0,1.0,1.0,1.0,1,4,0.0,0.0,0.0,0.0,1974.0,0.0,7,0,0.0,2.0,1.0,1.0
8331,4,23,1545,1,1,2,1.0,1.0,355.0,490,3.0,2.0,2.0,0.0,0.0,3.0,1.0,1,4,4.0,0.0,0.0,0.0,1993.0,2.0,7,0,0.0,2.0,1.0,15.0
8332,4,23,1545,1,1,2,1.0,1.0,355.0,490,3.0,2.0,2.0,0.0,0.0,3.0,1.0,1,4,4.0,0.0,0.0,0.0,1993.0,1.0,7,0,0.0,2.0,1.0,1.0
8333,4,23,1545,1,1,2,1.0,1.0,355.0,490,3.0,2.0,2.0,0.0,0.0,3.0,1.0,4,1,0.0,0.0,0.0,0.0,1993.0,2.0,7,0,0.0,2.0,1.0,15.0
8334,4,23,1545,1,1,2,1.0,1.0,355.0,490,3.0,2.0,2.0,0.0,0.0,3.0,1.0,4,1,0.0,0.0,0.0,0.0,1993.0,1.0,7,0,0.0,2.0,1.0,1.0
8335,4,23,1545,1,1,2,1.0,1.0,355.0,490,3.0,2.0,2.0,0.0,0.0,3.0,1.0,1,4,4.0,0.0,0.0,0.0,1995.0,2.0,7,0,0.0,2.0,1.0,15.0
8336,4,23,1545,1,1,2,1.0,1.0,355.0,490,3.0,2.0,2.0,0.0,0.0,3.0,1.0,1,4,4.0,0.0,0.0,0.0,1995.0,1.0,7,0,0.0,2.0,1.0,1.0
8337,4,23,1545,1,1,2,1.0,1.0,355.0,490,3.0,2.0,2.0,0.0,0.0,3.0,1.0,4,1,0.0,0.0,0.0,0.0,1995.0,2.0,7,0,0.0,2.0,1.0,15.0
8338,4,23,1545,1,1,2,1.0,1.0,355.0,490,3.0,2.0,2.0,0.0,0.0,3.0,1.0,4,1,0.0,0.0,0.0,0.0,1995.0,1.0,7,0,0.0,2.0,1.0,1.0
8339,7,14,500,2,2,1,1.0,1.0,192.0,490,3.0,2.0,2.0,0.0,1.0,3.0,1.0,1,1,4.0,0.0,0.0,0.0,1991.0,2.0,7,0,0.0,2.0,1.0,13.0
8340,7,14,500,2,2,1,1.0,1.0,192.0,490,3.0,2.0,2.0,0.0,1.0,3.0,1.0,1,1,4.0,0.0,0.0,0.0,1991.0,0.0,7,0,0.0,0.0,1.0,1.0
8341,7,14,500,2,2,1,1.0,1.0,192.0,490,3.0,2.0,2.0,0.0,1.0,3.0,1.0,1,1,1.0,0.0,0.0,0.0,1980.0,2.0,7,0,0.0,2.0,1.0,13.0
8342,7,14,500,2,2,1,1.0,1.0,192.0,490,3.0,2.0,2.0,0.0,1.0,3.0,1.0,1,1,1.0,0.0,0.0,0.0,1980.0,0.0,7,0,0.0,0.0,1.0,1.0
8343,8,23,700,1,2,1,1.0,1.0,352.0,490,3.0,2.0,2.0,0.0,1.0,1.0,1.0,1,1,1.0,0.0,0.0,0.0,1990.0,0.0,10,0,0.0,0.0,0.0,0.0
8344,8,23,700,1,2,1,1.0,1.0,352.0,490,3.0,2.0,2.0,0.0,1.0,1.0,1.0,1,1,1.0,0.0,0.0,0.0,1990.0,0.0,33,0,0.0,0.0,0.0,0.0
8345,8,23,700,1,2,1,1.0,1.0,352.0,490,3.0,2.0,2.0,0.0,1.0,1.0,1.0,1,1,0.0,0.0,0.0,0.0,1988.0,0.0,10,0,0.0,0.0,0.0,0.0
8346,8,23,700,1,2,1,1.0,1.0,352.0,490,3.0,2.0,2.0,0.0,1.0,1.0,1.0,1,1,0.0,0.0,0.0,0.0,1988.0,0.0,33,0,0.0,0.0,0.0,0.0
8347,11,25,1315,1,1,1,1.0,6.0,371.0,490,3.0,2.0,2.0,0.0,1.0,1.0,1.0,1,4,1.0,0.0,0.0,0.0,1971.0,2.0,7,0,2.0,0.0,1.0,1.0
8348,1,4,115,1,1,1,1.0,6.0,368.0,490,3.0,2.0,2.0,0.0,1.0,1.0,2.0,1,1,4.0,0.0,0.0,0.0,1996.0,1.0,7,0,13.0,0.0,1.0,13.0
8349,1,4,115,1,1,1,1.0,6.0,368.0,490,3.0,2.0,2.0,0.0,1.0,1.0,2.0,4,1,0.0,0.0,0.0,0.0,1952.0,1.0,7,0,13.0,0.0,1.0,13.0
8350,1,30,500,3,1,1,2.0,6.0,372.0,490,3.0,2.0,2.0,0.0,1.0,1.0,2.0,1,1,2.0,0.0,0.0,0.0,1976.0,1.0,7,0,0.0,1.0,1.0,1.0
8351,1,30,500,3,1,1,2.0,6.0,372.0,490,3.0,2.0,2.0,0.0,1.0,1.0,2.0,3,1,4.0,1.0,9.0,4.0,1998.0,1.0,7,0,0.0,1.0,1.0,1.0
8352,2,18,1415,1,1,1,1.0,5.0,101.0,490,3.0,2.0,2.0,0.0,1.0,1.0,1.0,1,1,1.0,0.0,0.0,0.0,1965.0,1.0,7,0,0.0,2.0,1.0,13.0
8353,2,18,1415,1,1,1,1.0,5.0,101.0,490,3.0,2.0,2.0,0.0,1.0,1.0,1.0,1,1,1.0,0.0,0.0,0.0,1965.0,2.0,7,0,0.0,2.0,1.0,1.0
8354,2,18,1415,1,1,1,1.0,5.0,101.0,490,3.0,2.0,2.0,0.0,1.0,1.0,1.0,1,1,1.0,0.0,0.0,0.0,1965.0,1.0,7,0,0.0,2.0,1.0,1.0
8355,2,18,1415,1,1,1,1.0,5.0,101.0,490,3.0,2.0,2.0,0.0,1.0,1.0,1.0,1,1,4.0,0.0,0.0,0.0,1948.0,1.0,7,0,0.0,2.0,1.0,13.0
8356,2,18,1415,1,1,1,1.0,5.0,101.0,490,3.0,2.0,2.0,0.0,1.0,1.0,1.0,1,1,4.0,0.0,0.0,0.0,1948.0,2.0,7,0,0.0,2.0,1.0,1.0
8357,2,18,1415,1,1,1,1.0,5.0,101.0,490,3.0,2.0,2.0,0.0,1.0,1.0,1.0,1,1,4.0,0.0,0.0,0.0,1948.0,1.0,7,0,0.0,2.0,1.0,1.0
8358,2,18,1415,1,1,1,1.0,5.0,101.0,490,3.0,2.0,2.0,0.0,1.0,1.0,1.0,4,4,0.0,0.0,0.0,0.0,1950.0,1.0,7,0,0.0,2.0,1.0,13.0
8359,2,18,1415,1,1,1,1.0,5.0,101.0,490,3.0,2.0,2.0,0.0,1.0,1.0,1.0,4,4,0.0,0.0,0.0,0.0,1950.0,2.0,7,0,0.0,2.0,1.0,1.0
8360,2,18,1415,1,1,1,1.0,5.0,101.0,490,3.0,2.0,2.0,0.0,1.0,1.0,1.0,4,4,0.0,0.0,0.0,0.0,1950.0,1.0,7,0,0.0,2.0,1.0,1.0
8361,2,18,1415,1,1,1,1.0,5.0,101.0,490,3.0,2.0,2.0,0.0,1.0,1.0,1.0,1,1,9.0,0.0,0.0,0.0,1987.0,1.0,7,0,0.0,2.0,1.0,13.0
8362,2,18,1415,1,1,1,1.0,5.0,101.0,490,3.0,2.0,2.0,0.0,1.0,1.0,1.0,1,1,9.0,0.0,0.0,0.0,1987.0,2.0,7,0,0.0,2.0,1.0,1.0
8363,2,18,1415,1,1,1,1.0,5.0,101.0,490,3.0,2.0,2.0,0.0,1.0,1.0,1.0,1,1,9.0,0.0,0.0,0.0,1987.0,1.0,7,0,0.0,2.0,1.0,1.0
8364,3,17,1830,1,1,1,1.0,6.0,368.0,490,3.0,2.0,2.0,0.0,2.0,2.0,1.0,1,4,4.0,0.0,0.0,0.0,1997.0,1.0,7,0,6.0,0.0,7.0,1.0
8365,3,17,1830,1,1,1,1.0,6.0,368.0,490,3.0,2.0,2.0,0.0,2.0,2.0,1.0,4,4,0.0,0.0,0.0,0.0,2001.0,1.0,7,0,6.0,0.0,7.0,1.0
8366,8,4,1700,1,1,2,1.0,3.0,150.0,490,3.0,2.0,2.0,0.0,1.0,1.0,1.0,1,4,0.0,0.0,0.0,0.0,1934.0,0.0,7,0,0.0,2.0,2.0,19.0
8367,8,4,1700,1,1,2,1.0,3.0,150.0,490,3.0,2.0,2.0,0.0,1.0,1.0,1.0,1,4,0.0,0.0,0.0,0.0,1934.0,0.0,7,0,0.0,2.0,1.0,1.0
8368,8,4,1700,1,1,2,1.0,3.0,150.0,490,3.0,2.0,2.0,0.0,1.0,1.0,1.0,4,1,0.0,0.0,0.0,0.0,1929.0,0.0,7,0,0.0,2.0,2.0,19.0
8369,8,4,1700,1,1,2,1.0,3.0,150.0,490,3.0,2.0,2.0,0.0,1.0,1.0,1.0,4,1,0.0,0.0,0.0,0.0,1929.0,0.0,7,0,0.0,2.0,1.0,1.0
8370,8,4,1700,1,1,2,1.0,3.0,150.0,490,3.0,2.0,2.0,0.0,1.0,1.0,1.0,1,1,4.0,0.0,0.0,0.0,1984.0,0.0,7,0,0.0,2.0,2.0,19.0
8371,8,4,1700,1,1,2,1.0,3.0,150.0,490,3.0,2.0,2.0,0.0,1.0,1.0,1.0,1,1,4.0,0.0,0.0,0.0,1984.0,0.0,7,0,0.0,2.0,1.0,1.0
8372,8,4,1700,1,1,2,1.0,3.0,150.0,490,3.0,2.0,2.0,0.0,1.0,1.0,1.0,4,1,0.0,0.0,0.0,0.0,2006.0,0.0,7,0,0.0,2.0,2.0,19.0
8373,8,4,1700,1,1,2,1.0,3.0,150.0,490,3.0,2.0,2.0,0.0,1.0,1.0,1.0,4,1,0.0,0.0,0.0,0.0,2006.0,0.0,7,0,0.0,2.0,1.0,1.0
8374,8,4,1700,1,1,2,1.0,3.0,150.0,490,3.0,2.0,2.0,0.0,1.0,1.0,1.0,4,1,0.0,0.0,0.0,0.0,2009.0,0.0,7,0,0.0,2.0,2.0,19.0
8375,8,4,1700,1,1,2,1.0,3.0,150.0,490,3.0,2.0,2.0,0.0,1.0,1.0,1.0,4,1,0.0,0.0,0.0,0.0,2009.0,0.0,7,0,0.0,2.0,1.0,1.0
8376,9,25,2015,3,1,1,1.0,7.0,143.0,490,3.0,2.0,2.0,0.0,1.0,3.0,1.0,1,1,4.0,0.0,0.0,0.0,1983.0,1.0,33,0,16.0,0.0,7.0,1.0
8377,10,18,30,3,1,1,1.0,7.0,228.0,490,3.0,2.0,2.0,0.0,1.0,1.0,1.0,1,1,0.0,0.0,0.0,0.0,1962.0,1.0,2,0,0.0,0.0,3.0,1.0
8378,11,10,1615,1,1,1,1.0,2.0,128.0,490,3.0,2.0,2.0,0.0,1.0,1.0,1.0,1,4,4.0,0.0,0.0,0.0,1977.0,1.0,7,0,0.0,2.0,1.0,2.0
8379,11,10,1615,1,1,1,1.0,2.0,128.0,490,3.0,2.0,2.0,0.0,1.0,1.0,1.0,1,4,4.0,0.0,0.0,0.0,1977.0,1.0,3,0,0.0,0.0,4.0,2.0
8380,11,10,1615,1,1,1,1.0,2.0,128.0,490,3.0,2.0,2.0,0.0,1.0,1.0,1.0,1,1,4.0,0.0,0.0,0.0,1928.0,1.0,7,0,0.0,2.0,1.0,2.0
8381,11,10,1615,1,1,1,1.0,2.0,128.0,490,3.0,2.0,2.0,0.0,1.0,1.0,1.0,1,1,4.0,0.0,0.0,0.0,1928.0,1.0,3,0,0.0,0.0,4.0,2.0
8382,12,10,1630,1,1,1,1.0,6.0,197.0,490,4.0,0.0,0.0,0.0,0.0,1.0,1.0,1,4,1.0,0.0,0.0,0.0,1965.0,1.0,7,0,0.0,0.0,1.0,1.0
8383,1,24,1715,1,1,2,1.0,3.0,356.0,490,3.0,2.0,3.0,3.0,0.0,1.0,1.0,1,1,4.0,0.0,0.0,0.0,1955.0,1.0,7,0,0.0,2.0,2.0,1.0
8384,1,24,1715,1,1,2,1.0,3.0,356.0,490,3.0,2.0,3.0,3.0,0.0,1.0,1.0,1,1,4.0,0.0,0.0,0.0,1955.0,0.0,30,0,0.0,2.0,8.0,15.0
8385,1,24,1715,1,1,2,1.0,3.0,356.0,490,3.0,2.0,3.0,3.0,0.0,1.0,1.0,4,4,0.0,0.0,0.0,0.0,1958.0,1.0,7,0,0.0,2.0,2.0,1.0
8386,1,24,1715,1,1,2,1.0,3.0,356.0,490,3.0,2.0,3.0,3.0,0.0,1.0,1.0,4,4,0.0,0.0,0.0,0.0,1958.0,0.0,30,0,0.0,2.0,8.0,15.0
8387,1,24,1715,1,1,2,1.0,3.0,356.0,490,3.0,2.0,3.0,3.0,0.0,1.0,1.0,1,1,4.0,0.0,0.0,0.0,2001.0,1.0,7,0,0.0,2.0,2.0,1.0
8388,1,24,1715,1,1,2,1.0,3.0,356.0,490,3.0,2.0,3.0,3.0,0.0,1.0,1.0,1,1,4.0,0.0,0.0,0.0,2001.0,0.0,30,0,0.0,2.0,8.0,15.0
8389,3,4,745,2,1,1,3.0,3.0,211.0,490,3.0,2.0,2.0,0.0,1.0,3.0,2.0,1,1,1.0,0.0,0.0,0.0,1997.0,2.0,7,0,0.0,0.0,1.0,13.0
8390,3,4,745,2,1,1,3.0,3.0,211.0,490,3.0,2.0,2.0,0.0,1.0,3.0,2.0,1,1,1.0,0.0,0.0,0.0,1997.0,1.0,7,0,0.0,0.0,1.0,13.0
8391,3,4,745,2,1,1,3.0,3.0,211.0,490,3.0,2.0,2.0,0.0,1.0,3.0,2.0,1,4,1.0,0.0,0.0,0.0,1957.0,2.0,7,0,0.0,0.0,1.0,13.0
8392,3,4,745,2,1,1,3.0,3.0,211.0,490,3.0,2.0,2.0,0.0,1.0,3.0,2.0,1,4,1.0,0.0,0.0,0.0,1957.0,1.0,7,0,0.0,0.0,1.0,13.0
8393,3,6,1315,1,2,1,1.0,3.0,240.0,490,3.0,2.0,2.0,0.0,1.0,1.0,1.0,1,1,0.0,0.0,0.0,0.0,1985.0,1.0,7,0,0.0,0.0,0.0,0.0
8394,3,6,1315,1,2,1,1.0,3.0,240.0,490,3.0,2.0,2.0,0.0,1.0,1.0,1.0,1,1,0.0,0.0,0.0,0.0,1985.0,1.0,30,0,0.0,0.0,1.0,1.0
8395,3,6,1315,1,2,1,1.0,3.0,240.0,490,3.0,2.0,2.0,0.0,1.0,1.0,1.0,1,1,4.0,0.0,0.0,0.0,1979.0,1.0,7,0,0.0,0.0,0.0,0.0
8396,3,6,1315,1,2,1,1.0,3.0,240.0,490,3.0,2.0,2.0,0.0,1.0,1.0,1.0,1,1,4.0,0.0,0.0,0.0,1979.0,1.0,30,0,0.0,0.0,1.0,1.0
8397,3,9,1945,3,1,1,3.0,6.0,211.0,490,3.0,2.0,2.0,0.0,1.0,1.0,2.0,1,1,4.0,0.0,0.0,0.0,1976.0,1.0,7,0,9.0,0.0,9.0,1.0
8398,3,9,1945,3,1,1,3.0,6.0,211.0,490,3.0,2.0,2.0,0.0,1.0,1.0,2.0,4,1,0.0,0.0,0.0,0.0,1973.0,1.0,7,0,9.0,0.0,9.0,1.0
8399,3,9,1945,3,1,1,3.0,6.0,211.0,490,3.0,2.0,2.0,0.0,1.0,1.0,2.0,4,4,0.0,0.0,0.0,0.0,2001.0,1.0,7,0,9.0,0.0,9.0,1.0
8400,3,9,1945,3,1,1,3.0,6.0,211.0,490,3.0,2.0,2.0,0.0,1.0,1.0,2.0,4,1,0.0,0.0,0.0,0.0,2000.0,1.0,7,0,9.0,0.0,9.0,1.0
8401,4,8,1230,1,1,1,8.0,3.0,211.0,490,3.0,2.0,2.0,0.0,1.0,2.0,1.0,1,1,2.0,0.0,0.0,0.0,1961.0,1.0,21,0,0.0,2.0,6.0,13.0
8402,4,8,1230,1,1,1,8.0,3.0,211.0,490,3.0,2.0,2.0,0.0,1.0,2.0,1.0,1,1,2.0,0.0,0.0,0.0,1961.0,2.0,7,0,0.0,2.0,3.0,1.0
8403,4,8,1230,1,1,1,8.0,3.0,211.0,490,3.0,2.0,2.0,0.0,1.0,2.0,1.0,1,4,1.0,0.0,0.0,0.0,1990.0,1.0,21,0,0.0,2.0,6.0,13.0
8404,4,8,1230,1,1,1,8.0,3.0,211.0,490,3.0,2.0,2.0,0.0,1.0,2.0,1.0,1,4,1.0,0.0,0.0,0.0,1990.0,2.0,7,0,0.0,2.0,3.0,1.0
8405,5,1,2030,1,1,1,7.0,1.0,232.0,490,3.0,2.0,2.0,0.0,1.0,3.0,1.0,1,1,4.0,0.0,0.0,0.0,1977.0,1.0,7,0,0.0,2.0,3.0,13.0
8406,5,1,2030,1,1,1,7.0,1.0,232.0,490,3.0,2.0,2.0,0.0,1.0,3.0,1.0,1,1,4.0,0.0,0.0,0.0,1977.0,2.0,7,0,0.0,2.0,3.0,1.0
8407,5,1,2030,1,1,1,7.0,1.0,232.0,490,3.0,2.0,2.0,0.0,1.0,3.0,1.0,1,1,4.0,0.0,0.0,0.0,1973.0,1.0,7,0,0.0,2.0,3.0,13.0
8408,5,1,2030,1,1,1,7.0,1.0,232.0,490,3.0,2.0,2.0,0.0,1.0,3.0,1.0,1,1,4.0,0.0,0.0,0.0,1973.0,2.0,7,0,0.0,2.0,3.0,1.0
8409,6,18,1100,1,1,2,1.0,3.0,182.0,490,3.0,2.0,2.0,0.0,1.0,1.0,1.0,1,1,4.0,0.0,0.0,0.0,1978.0,1.0,7,0,0.0,2.0,3.0,19.0
8410,6,18,1100,1,1,2,1.0,3.0,182.0,490,3.0,2.0,2.0,0.0,1.0,1.0,1.0,1,1,4.0,0.0,0.0,0.0,1978.0,2.0,7,0,0.0,2.0,1.0,1.0
8411,6,18,1100,1,1,2,1.0,3.0,182.0,490,3.0,2.0,2.0,0.0,1.0,1.0,1.0,4,4,0.0,0.0,0.0,0.0,1987.0,1.0,7,0,0.0,2.0,3.0,19.0
8412,6,18,1100,1,1,2,1.0,3.0,182.0,490,3.0,2.0,2.0,0.0,1.0,1.0,1.0,4,4,0.0,0.0,0.0,0.0,1987.0,2.0,7,0,0.0,2.0,1.0,1.0
8413,6,18,1100,1,1,2,1.0,3.0,182.0,490,3.0,2.0,2.0,0.0,1.0,1.0,1.0,4,4,0.0,0.0,0.0,0.0,1954.0,1.0,7,0,0.0,2.0,3.0,19.0
8414,6,18,1100,1,1,2,1.0,3.0,182.0,490,3.0,2.0,2.0,0.0,1.0,1.0,1.0,4,4,0.0,0.0,0.0,0.0,1954.0,2.0,7,0,0.0,2.0,1.0,1.0
8415,6,18,1100,1,1,2,1.0,3.0,182.0,490,3.0,2.0,2.0,0.0,1.0,1.0,1.0,4,1,0.0,0.0,0.0,0.0,2013.0,1.0,7,0,0.0,2.0,3.0,19.0
8416,6,18,1100,1,1,2,1.0,3.0,182.0,490,3.0,2.0,2.0,0.0,1.0,1.0,1.0,4,1,0.0,0.0,0.0,0.0,2013.0,2.0,7,0,0.0,2.0,1.0,1.0
8417,6,18,1100,1,1,2,1.0,3.0,182.0,490,3.0,2.0,2.0,0.0,1.0,1.0,1.0,1,4,4.0,0.0,0.0,0.0,1979.0,1.0,7,0,0.0,2.0,3.0,19.0
8418,6,18,1100,1,1,2,1.0,3.0,182.0,490,3.0,2.0,2.0,0.0,1.0,1.0,1.0,1,4,4.0,0.0,0.0,0.0,1979.0,2.0,7,0,0.0,2.0,1.0,1.0
8419,6,18,1100,1,1,2,1.0,3.0,182.0,490,3.0,2.0,2.0,0.0,1.0,1.0,1.0,4,4,0.0,0.0,0.0,0.0,2003.0,1.0,7,0,0.0,2.0,3.0,19.0
8420,6,18,1100,1,1,2,1.0,3.0,182.0,490,3.0,2.0,2.0,0.0,1.0,1.0,1.0,4,4,0.0,0.0,0.0,0.0,2003.0,2.0,7,0,0.0,2.0,1.0,1.0
8421,6,18,1100,1,1,2,1.0,3.0,182.0,490,3.0,2.0,2.0,0.0,1.0,1.0,1.0,4,4,0.0,0.0,0.0,0.0,2006.0,1.0,7,0,0.0,2.0,3.0,19.0
8422,6,18,1100,1,1,2,1.0,3.0,182.0,490,3.0,2.0,2.0,0.0,1.0,1.0,1.0,4,4,0.0,0.0,0.0,0.0,2006.0,2.0,7,0,0.0,2.0,1.0,1.0
8423,10,26,1715,1,1,2,1.0,3.0,191.0,490,3.0,2.0,2.0,0.0,1.0,1.0,1.0,1,1,2.0,0.0,0.0,0.0,1962.0,2.0,10,0,0.0,2.0,1.0,1.0
8424,10,26,1715,1,1,2,1.0,3.0,191.0,490,3.0,2.0,2.0,0.0,1.0,1.0,1.0,1,1,2.0,0.0,0.0,0.0,1962.0,0.0,7,0,0.0,0.0,3.0,1.0
8425,10,26,1715,1,1,2,1.0,3.0,191.0,490,3.0,2.0,2.0,0.0,1.0,1.0,1.0,1,1,4.0,0.0,0.0,0.0,1996.0,2.0,10,0,0.0,2.0,1.0,1.0
8426,10,26,1715,1,1,2,1.0,3.0,191.0,490,3.0,2.0,2.0,0.0,1.0,1.0,1.0,1,1,4.0,0.0,0.0,0.0,1996.0,0.0,7,0,0.0,0.0,3.0,1.0
8427,10,26,1715,1,1,2,1.0,3.0,191.0,490,3.0,2.0,2.0,0.0,1.0,1.0,1.0,4,4,0.0,0.0,0.0,0.0,1999.0,2.0,10,0,0.0,2.0,1.0,1.0
8428,10,26,1715,1,1,2,1.0,3.0,191.0,490,3.0,2.0,2.0,0.0,1.0,1.0,1.0,4,4,0.0,0.0,0.0,0.0,1999.0,0.0,7,0,0.0,0.0,3.0,1.0
8429,12,11,1915,3,1,1,2.0,4.0,373.0,490,3.0,3.0,4.0,0.0,4.0,1.0,1.0,1,1,9.0,0.0,0.0,0.0,1934.0,1.0,7,0,0.0,2.0,1.0,5.0
8430,12,11,1915,3,1,1,2.0,4.0,373.0,490,3.0,3.0,4.0,0.0,4.0,1.0,1.0,1,1,9.0,0.0,0.0,0.0,1934.0,2.0,7,0,0.0,2.0,1.0,1.0
8431,12,11,1915,3,1,1,2.0,4.0,373.0,490,3.0,3.0,4.0,0.0,4.0,1.0,1.0,1,1,9.0,0.0,0.0,0.0,1934.0,2.0,7,0,0.0,2.0,3.0,1.0
8432,12,11,1915,3,1,1,2.0,4.0,373.0,490,3.0,3.0,4.0,0.0,4.0,1.0,1.0,1,1,9.0,0.0,0.0,0.0,1934.0,2.0,7,0,0.0,2.0,3.0,1.0
8433,12,11,1915,3,1,1,2.0,4.0,373.0,490,3.0,3.0,4.0,0.0,4.0,1.0,1.0,1,4,9.0,0.0,0.0,0.0,1992.0,1.0,7,0,0.0,2.0,1.0,5.0
8434,12,11,1915,3,1,1,2.0,4.0,373.0,490,3.0,3.0,4.0,0.0,4.0,1.0,1.0,1,4,9.0,0.0,0.0,0.0,1992.0,2.0,7,0,0.0,2.0,1.0,1.0
8435,12,11,1915,3,1,1,2.0,4.0,373.0,490,3.0,3.0,4.0,0.0,4.0,1.0,1.0,1,4,9.0,0.0,0.0,0.0,1992.0,2.0,7,0,0.0,2.0,3.0,1.0
8436,12,11,1915,3,1,1,2.0,4.0,373.0,490,3.0,3.0,4.0,0.0,4.0,1.0,1.0,1,4,9.0,0.0,0.0,0.0,1992.0,2.0,7,0,0.0,2.0,3.0,1.0
8437,12,11,1915,3,1,1,2.0,4.0,373.0,490,3.0,3.0,4.0,0.0,4.0,1.0,1.0,1,1,9.0,0.0,0.0,0.0,1959.0,1.0,7,0,0.0,2.0,1.0,5.0
8438,12,11,1915,3,1,1,2.0,4.0,373.0,490,3.0,3.0,4.0,0.0,4.0,1.0,1.0,1,1,9.0,0.0,0.0,0.0,1959.0,2.0,7,0,0.0,2.0,1.0,1.0
8439,12,11,1915,3,1,1,2.0,4.0,373.0,490,3.0,3.0,4.0,0.0,4.0,1.0,1.0,1,1,9.0,0.0,0.0,0.0,1959.0,2.0,7,0,0.0,2.0,3.0,1.0
8440,12,11,1915,3,1,1,2.0,4.0,373.0,490,3.0,3.0,4.0,0.0,4.0,1.0,1.0,1,1,9.0,0.0,0.0,0.0,1959.0,2.0,7,0,0.0,2.0,3.0,1.0