,month,day,time,light,location,intersection,atmosphere,collision,municipality,department,road,traffic,nblanes,reslane,laneprofile,plan,surface,user,sex,route,pedlocation,pedaction,pedcondition,birth,dirtraffic,catvehicle,nboccupants,obstacle,movobstacle,impact,maneuver
8441,12,11,1915,3,1,1,2.0,4.0,373.0,490,3.0,3.0,4.0,0.0,4.0,1.0,1.0,4,4,0.0,0.0,0.0,0.0,1962.0,1.0,7,0,0.0,2.0,1.0,5.0
8442,12,11,1915,3,1,1,2.0,4.0,373.0,490,3.0,3.0,4.0,0.0,4.0,1.0,1.0,4,4,0.0,0.0,0.0,0.0,1962.0,2.0,7,0,0.0,2.0,1.0,1.0
8443,12,11,1915,3,1,1,2.0,4.0,373.0,490,3.0,3.0,4.0,0.0,4.0,1.0,1.0,4,4,0.0,0.0,0.0,0.0,1962.0,2.0,7,0,0.0,2.0,3.0,1.0
8444,12,11,1915,3,1,1,2.0,4.0,373.0,490,3.0,3.0,4.0,0.0,4.0,1.0,1.0,4,4,0.0,0.0,0.0,0.0,1962.0,2.0,7,0,0.0,2.0,3.0,1.0
8445,12,11,1915,3,1,1,2.0,4.0,373.0,490,3.0,3.0,4.0,0.0,4.0,1.0,1.0,1,4,9.0,0.0,0.0,0.0,1973.0,1.0,7,0,0.0,2.0,1.0,5.0
8446,12,11,1915,3,1,1,2.0,4.0,373.0,490,3.0,3.0,4.0,0.0,4.0,1.0,1.0,1,4,9.0,0.0,0.0,0.0,1973.0,2.0,7,0,0.0,2.0,1.0,1.0
8447,12,11,1915,3,1,1,2.0,4.0,373.0,490,3.0,3.0,4.0,0.0,4.0,1.0,1.0,1,4,9.0,0.0,0.0,0.0,1973.0,2.0,7,0,0.0,2.0,3.0,1.0
8448,12,11,1915,3,1,1,2.0,4.0,373.0,490,3.0,3.0,4.0,0.0,4.0,1.0,1.0,1,4,9.0,0.0,0.0,0.0,1973.0,2.0,7,0,0.0,2.0,3.0,1.0
8449,12,11,1915,3,1,1,2.0,4.0,373.0,490,3.0,3.0,4.0,0.0,4.0,1.0,1.0,4,1,0.0,0.0,0.0,0.0,1972.0,1.0,7,0,0.0,2.0,1.0,5.0
8450,12,11,1915,3,1,1,2.0,4.0,373.0,490,3.0,3.0,4.0,0.0,4.0,1.0,1.0,4,1,0.0,0.0,0.0,0.0,1972.0,2.0,7,0,0.0,2.0,1.0,1.0
8451,12,11,1915,3,1,1,2.0,4.0,373.0,490,3.0,3.0,4.0,0.0,4.0,1.0,1.0,4,1,0.0,0.0,0.0,0.0,1972.0,2.0,7,0,0.0,2.0,3.0,1.0
8452,12,11,1915,3,1,1,2.0,4.0,373.0,490,3.0,3.0,4.0,0.0,4.0,1.0,1.0,4,1,0.0,0.0,0.0,0.0,1972.0,2.0,7,0,0.0,2.0,3.0,1.0
8453,12,11,1915,3,1,1,2.0,4.0,373.0,490,3.0,3.0,4.0,0.0,4.0,1.0,1.0,4,1,0.0,0.0,0.0,0.0,1980.0,1.0,7,0,0.0,2.0,1.0,5.0
8454,12,11,1915,3,1,1,2.0,4.0,373.0,490,3.0,3.0,4.0,0.0,4.0,1.0,1.0,4,1,0.0,0.0,0.0,0.0,1980.0,2.0,7,0,0.0,2.0,1.0,1.0
8455,12,11,1915,3,1,1,2.0,4.0,373.0,490,3.0,3.0,4.0,0.0,4.0,1.0,1.0,4,1,0.0,0.0,0.0,0.0,1980.0,2.0,7,0,0.0,2.0,3.0,1.0
8456,12,11,1915,3,1,1,2.0,4.0,373.0,490,3.0,3.0,4.0,0.0,4.0,1.0,1.0,4,1,0.0,0.0,0.0,0.0,1980.0,2.0,7,0,0.0,2.0,3.0,1.0
8457,12,11,1915,3,1,1,2.0,4.0,373.0,490,3.0,3.0,4.0,0.0,4.0,1.0,1.0,4,1,0.0,0.0,0.0,0.0,2001.0,1.0,7,0,0.0,2.0,1.0,5.0
8458,12,11,1915,3,1,1,2.0,4.0,373.0,490,3.0,3.0,4.0,0.0,4.0,1.0,1.0,4,1,0.0,0.0,0.0,0.0,2001.0,2.0,7,0,0.0,2.0,1.0,1.0
8459,12,11,1915,3,1,1,2.0,4.0,373.0,490,3.0,3.0,4.0,0.0,4.0,1.0,1.0,4,1,0.0,0.0,0.0,0.0,2001.0,2.0,7,0,0.0,2.0,3.0,1.0
8460,12,11,1915,3,1,1,2.0,4.0,373.0,490,3.0,3.0,4.0,0.0,4.0,1.0,1.0,4,1,0.0,0.0,0.0,0.0,2001.0,2.0,7,0,0.0,2.0,3.0,1.0
8461,12,11,1915,3,1,1,2.0,4.0,373.0,490,3.0,3.0,4.0,0.0,4.0,1.0,1.0,4,4,0.0,0.0,0.0,0.0,2004.0,1.0,7,0,0.0,2.0,1.0,5.0
8462,12,11,1915,3,1,1,2.0,4.0,373.0,490,3.0,3.0,4.0,0.0,4.0,1.0,1.0,4,4,0.0,0.0,0.0,0.0,2004.0,2.0,7,0,0.0,2.0,1.0,1.0
8463,12,11,1915,3,1,1,2.0,4.0,373.0,490,3.0,3.0,4.0,0.0,4.0,1.0,1.0,4,4,0.0,0.0,0.0,0.0,2004.0,2.0,7,0,0.0,2.0,3.0,1.0
8464,12,11,1915,3,1,1,2.0,4.0,373.0,490,3.0,3.0,4.0,0.0,4.0,1.0,1.0,4,4,0.0,0.0,0.0,0.0,2004.0,2.0,7,0,0.0,2.0,3.0,1.0
8465,12,16,1800,3,1,1,1.0,1.0,141.0,490,3.0,2.0,2.0,0.0,1.0,1.0,1.0,1,1,4.0,0.0,0.0,0.0,2001.0,1.0,7,0,0.0,2.0,3.0,13.0
8466,12,16,1800,3,1,1,1.0,1.0,141.0,490,3.0,2.0,2.0,0.0,1.0,1.0,1.0,1,1,4.0,0.0,0.0,0.0,2001.0,2.0,30,0,0.0,2.0,3.0,1.0
8467,1,1,1800,3,1,1,1.0,6.0,224.0,490,3.0,2.0,2.0,0.0,1.0,1.0,1.0,1,4,4.0,0.0,0.0,0.0,1988.0,1.0,7,0,0.0,1.0,2.0,1.0
8468,1,1,1800,3,1,1,1.0,6.0,224.0,490,3.0,2.0,2.0,0.0,1.0,1.0,1.0,3,1,0.0,1.0,9.0,3.0,1983.0,1.0,7,0,0.0,1.0,2.0,1.0
8469,1,9,945,1,1,1,7.0,3.0,378.0,490,4.0,0.0,2.0,0.0,1.0,1.0,2.0,1,4,1.0,0.0,0.0,0.0,1962.0,0.0,30,0,0.0,2.0,8.0,13.0
8470,1,9,945,1,1,1,7.0,3.0,378.0,490,4.0,0.0,2.0,0.0,1.0,1.0,2.0,1,4,1.0,0.0,0.0,0.0,1962.0,0.0,10,0,0.0,2.0,8.0,1.0
8471,1,9,945,1,1,1,7.0,3.0,378.0,490,4.0,0.0,2.0,0.0,1.0,1.0,2.0,1,1,4.0,0.0,0.0,0.0,1951.0,0.0,30,0,0.0,2.0,8.0,13.0
8472,1,9,945,1,1,1,7.0,3.0,378.0,490,4.0,0.0,2.0,0.0,1.0,1.0,2.0,1,1,4.0,0.0,0.0,0.0,1951.0,0.0,10,0,0.0,2.0,8.0,1.0
8473,2,20,2345,3,1,1,2.0,6.0,30.0,490,3.0,2.0,0.0,0.0,1.0,1.0,2.0,1,1,0.0,0.0,0.0,0.0,1991.0,1.0,7,0,13.0,0.0,1.0,1.0
8474,4,10,1800,1,1,4,1.0,3.0,116.0,490,3.0,2.0,2.0,0.0,1.0,2.0,1.0,1,1,4.0,0.0,0.0,0.0,1986.0,2.0,7,0,0.0,2.0,3.0,15.0
8475,4,10,1800,1,1,4,1.0,3.0,116.0,490,3.0,2.0,2.0,0.0,1.0,2.0,1.0,1,1,4.0,0.0,0.0,0.0,1986.0,2.0,33,0,0.0,2.0,1.0,1.0
8476,4,10,1800,1,1,4,1.0,3.0,116.0,490,3.0,2.0,2.0,0.0,1.0,2.0,1.0,4,4,0.0,0.0,0.0,0.0,1988.0,2.0,7,0,0.0,2.0,3.0,15.0
8477,4,10,1800,1,1,4,1.0,3.0,116.0,490,3.0,2.0,2.0,0.0,1.0,2.0,1.0,4,4,0.0,0.0,0.0,0.0,1988.0,2.0,33,0,0.0,2.0,1.0,1.0
8478,4,10,1800,1,1,4,1.0,3.0,116.0,490,3.0,2.0,2.0,0.0,1.0,2.0,1.0,4,1,0.0,0.0,0.0,0.0,2015.0,2.0,7,0,0.0,2.0,3.0,15.0
8479,4,10,1800,1,1,4,1.0,3.0,116.0,490,3.0,2.0,2.0,0.0,1.0,2.0,1.0,4,1,0.0,0.0,0.0,0.0,2015.0,2.0,33,0,0.0,2.0,1.0,1.0
8480,4,10,1800,1,1,4,1.0,3.0,116.0,490,3.0,2.0,2.0,0.0,1.0,2.0,1.0,1,1,4.0,0.0,0.0,0.0,1986.0,2.0,7,0,0.0,2.0,3.0,15.0
8481,4,10,1800,1,1,4,1.0,3.0,116.0,490,3.0,2.0,2.0,0.0,1.0,2.0,1.0,1,1,4.0,0.0,0.0,0.0,1986.0,2.0,33,0,0.0,2.0,1.0,1.0
8482,6,4,1400,1,2,1,1.0,6.0,94.0,490,3.0,2.0,2.0,0.0,0.0,2.0,0.0,1,1,4.0,0.0,0.0,0.0,1993.0,1.0,33,0,6.0,0.0,1.0,1.0
8483,7,31,1900,1,1,1,1.0,1.0,180.0,490,3.0,2.0,2.0,0.0,1.0,1.0,1.0,1,4,4.0,0.0,0.0,0.0,1937.0,2.0,7,0,0.0,2.0,2.0,15.0
8484,7,31,1900,1,1,1,1.0,1.0,180.0,490,3.0,2.0,2.0,0.0,1.0,1.0,1.0,1,4,4.0,0.0,0.0,0.0,1937.0,1.0,7,0,0.0,2.0,2.0,1.0
8485,7,31,1900,1,1,1,1.0,1.0,180.0,490,3.0,2.0,2.0,0.0,1.0,1.0,1.0,1,1,4.0,0.0,0.0,0.0,1967.0,2.0,7,0,0.0,2.0,2.0,15.0
8486,7,31,1900,1,1,1,1.0,1.0,180.0,490,3.0,2.0,2.0,0.0,1.0,1.0,1.0,1,1,4.0,0.0,0.0,0.0,1967.0,1.0,7,0,0.0,2.0,2.0,1.0
8487,7,31,1900,1,1,1,1.0,1.0,180.0,490,3.0,2.0,2.0,0.0,1.0,1.0,1.0,4,1,0.0,0.0,0.0,0.0,1997.0,2.0,7,0,0.0,2.0,2.0,15.0
8488,7,31,1900,1,1,1,1.0,1.0,180.0,490,3.0,2.0,2.0,0.0,1.0,1.0,1.0,4,1,0.0,0.0,0.0,0.0,1997.0,1.0,7,0,0.0,2.0,2.0,1.0
8489,8,26,315,4,2,1,1.0,6.0,279.0,490,3.0,2.0,2.0,0.0,1.0,3.0,1.0,1,1,1.0,0.0,0.0,0.0,1988.0,1.0,7,0,6.0,0.0,2.0,1.0
8490,8,27,2330,3,1,1,1.0,2.0,41.0,490,3.0,2.0,2.0,0.0,1.0,1.0,1.0,1,1,1.0,0.0,0.0,0.0,1990.0,2.0,7,0,0.0,2.0,2.0,1.0
8491,8,27,2330,3,1,1,1.0,2.0,41.0,490,3.0,2.0,2.0,0.0,1.0,1.0,1.0,1,1,1.0,0.0,0.0,0.0,1990.0,1.0,30,0,0.0,2.0,4.0,0.0
8492,8,27,2330,3,1,1,1.0,2.0,41.0,490,3.0,2.0,2.0,0.0,1.0,1.0,1.0,1,1,4.0,0.0,0.0,0.0,1999.0,2.0,7,0,0.0,2.0,2.0,1.0
8493,8,27,2330,3,1,1,1.0,2.0,41.0,490,3.0,2.0,2.0,0.0,1.0,1.0,1.0,1,1,4.0,0.0,0.0,0.0,1999.0,1.0,30,0,0.0,2.0,4.0,0.0
8494,8,30,2000,1,1,1,1.0,1.0,149.0,490,3.0,2.0,2.0,0.0,1.0,1.0,1.0,1,1,4.0,0.0,0.0,0.0,1949.0,0.0,7,0,0.0,2.0,1.0,5.0
8495,8,30,2000,1,1,1,1.0,1.0,149.0,490,3.0,2.0,2.0,0.0,1.0,1.0,1.0,1,1,4.0,0.0,0.0,0.0,1949.0,0.0,7,0,0.0,2.0,3.0,1.0
8496,8,30,2000,1,1,1,1.0,1.0,149.0,490,3.0,2.0,2.0,0.0,1.0,1.0,1.0,1,4,4.0,0.0,0.0,0.0,1996.0,0.0,7,0,0.0,2.0,1.0,5.0
8497,8,30,2000,1,1,1,1.0,1.0,149.0,490,3.0,2.0,2.0,0.0,1.0,1.0,1.0,1,4,4.0,0.0,0.0,0.0,1996.0,0.0,7,0,0.0,2.0,3.0,1.0
8498,8,30,2000,1,1,1,1.0,1.0,149.0,490,3.0,2.0,2.0,0.0,1.0,1.0,1.0,4,1,0.0,0.0,0.0,0.0,1998.0,0.0,7,0,0.0,2.0,1.0,5.0
8499,8,30,2000,1,1,1,1.0,1.0,149.0,490,3.0,2.0,2.0,0.0,1.0,1.0,1.0,4,1,0.0,0.0,0.0,0.0,1998.0,0.0,7,0,0.0,2.0,3.0,1.0
8500,9,9,1845,1,1,1,1.0,6.0,272.0,490,4.0,2.0,2.0,0.0,1.0,1.0,1.0,1,1,4.0,0.0,0.0,0.0,1944.0,0.0,7,0,0.0,1.0,2.0,2.0
8501,9,9,1845,1,1,1,1.0,6.0,272.0,490,4.0,2.0,2.0,0.0,1.0,1.0,1.0,3,1,4.0,6.0,1.0,1.0,1975.0,0.0,7,0,0.0,1.0,2.0,2.0
8502,9,15,1215,1,2,1,2.0,3.0,41.0,490,4.0,2.0,2.0,0.0,0.0,1.0,2.0,1,1,1.0,0.0,0.0,0.0,2001.0,0.0,2,0,0.0,2.0,1.0,2.0
8503,9,15,1215,1,2,1,2.0,3.0,41.0,490,4.0,2.0,2.0,0.0,0.0,1.0,2.0,1,1,1.0,0.0,0.0,0.0,2001.0,0.0,7,0,0.0,2.0,7.0,19.0
8504,9,15,1215,1,2,1,2.0,3.0,41.0,490,4.0,2.0,2.0,0.0,0.0,1.0,2.0,1,4,4.0,0.0,0.0,0.0,1994.0,0.0,2,0,0.0,2.0,1.0,2.0
8505,9,15,1215,1,2,1,2.0,3.0,41.0,490,4.0,2.0,2.0,0.0,0.0,1.0,2.0,1,4,4.0,0.0,0.0,0.0,1994.0,0.0,7,0,0.0,2.0,7.0,19.0
8506,9,18,1800,1,1,1,1.0,1.0,180.0,490,3.0,2.0,2.0,0.0,0.0,3.0,1.0,1,1,1.0,0.0,0.0,0.0,2000.0,0.0,30,0,0.0,2.0,1.0,13.0
8507,9,18,1800,1,1,1,1.0,1.0,180.0,490,3.0,2.0,2.0,0.0,0.0,3.0,1.0,1,1,1.0,0.0,0.0,0.0,2000.0,0.0,21,0,0.0,2.0,1.0,1.0
8508,9,18,1800,1,1,1,1.0,1.0,180.0,490,3.0,2.0,2.0,0.0,0.0,3.0,1.0,1,1,0.0,0.0,0.0,0.0,1948.0,0.0,30,0,0.0,2.0,1.0,13.0
8509,9,18,1800,1,1,1,1.0,1.0,180.0,490,3.0,2.0,2.0,0.0,0.0,3.0,1.0,1,1,0.0,0.0,0.0,0.0,1948.0,0.0,21,0,0.0,2.0,1.0,1.0
8510,10,9,1700,1,1,1,1.0,2.0,311.0,490,3.0,2.0,2.0,0.0,1.0,1.0,1.0,1,1,4.0,0.0,0.0,0.0,1984.0,1.0,33,0,0.0,2.0,3.0,1.0
8511,10,9,1700,1,1,1,1.0,2.0,311.0,490,3.0,2.0,2.0,0.0,1.0,1.0,1.0,1,1,4.0,0.0,0.0,0.0,1984.0,1.0,7,0,0.0,0.0,5.0,15.0
8512,10,9,1700,1,1,1,1.0,2.0,311.0,490,3.0,2.0,2.0,0.0,1.0,1.0,1.0,4,4,0.0,0.0,0.0,0.0,1981.0,1.0,33,0,0.0,2.0,3.0,1.0
8513,10,9,1700,1,1,1,1.0,2.0,311.0,490,3.0,2.0,2.0,0.0,1.0,1.0,1.0,4,4,0.0,0.0,0.0,0.0,1981.0,1.0,7,0,0.0,0.0,5.0,15.0
8514,10,9,1700,1,1,1,1.0,2.0,311.0,490,3.0,2.0,2.0,0.0,1.0,1.0,1.0,1,4,4.0,0.0,0.0,0.0,1961.0,1.0,33,0,0.0,2.0,3.0,1.0
8515,10,9,1700,1,1,1,1.0,2.0,311.0,490,3.0,2.0,2.0,0.0,1.0,1.0,1.0,1,4,4.0,0.0,0.0,0.0,1961.0,1.0,7,0,0.0,0.0,5.0,15.0
8516,10,24,745,3,1,3,5.0,3.0,311.0,490,3.0,2.0,0.0,0.0,1.0,1.0,2.0,1,1,1.0,0.0,0.0,0.0,1960.0,1.0,7,0,0.0,2.0,1.0,1.0
8517,10,24,745,3,1,3,5.0,3.0,311.0,490,3.0,2.0,0.0,0.0,1.0,1.0,2.0,1,1,1.0,0.0,0.0,0.0,1960.0,2.0,7,0,0.0,2.0,3.0,15.0
8518,10,24,745,3,1,3,5.0,3.0,311.0,490,3.0,2.0,0.0,0.0,1.0,1.0,2.0,1,4,4.0,0.0,0.0,0.0,1989.0,1.0,7,0,0.0,2.0,1.0,1.0
8519,10,24,745,3,1,3,5.0,3.0,311.0,490,3.0,2.0,0.0,0.0,1.0,1.0,2.0,1,4,4.0,0.0,0.0,0.0,1989.0,2.0,7,0,0.0,2.0,3.0,15.0
8520,11,29,1945,5,2,1,1.0,6.0,180.0,490,4.0,2.0,2.0,0.0,1.0,1.0,1.0,1,1,3.0,0.0,0.0,0.0,1987.0,0.0,33,0,1.0,0.0,1.0,14.0
8521,12,2,2015,3,1,6,1.0,6.0,378.0,490,3.0,2.0,2.0,0.0,1.0,1.0,1.0,1,1,0.0,0.0,0.0,0.0,1981.0,0.0,10,0,0.0,0.0,1.0,1.0
8522,12,9,715,3,1,1,5.0,1.0,180.0,490,3.0,2.0,2.0,0.0,0.0,1.0,1.0,1,1,1.0,0.0,0.0,0.0,1997.0,1.0,30,0,0.0,2.0,1.0,13.0
8523,12,9,715,3,1,1,5.0,1.0,180.0,490,3.0,2.0,2.0,0.0,0.0,1.0,1.0,1,1,1.0,0.0,0.0,0.0,1997.0,2.0,7,0,0.0,2.0,2.0,1.0
8524,12,9,715,3,1,1,5.0,1.0,180.0,490,3.0,2.0,2.0,0.0,0.0,1.0,1.0,1,1,1.0,0.0,0.0,0.0,1977.0,1.0,30,0,0.0,2.0,1.0,13.0
8525,12,9,715,3,1,1,5.0,1.0,180.0,490,3.0,2.0,2.0,0.0,0.0,1.0,1.0,1,1,1.0,0.0,0.0,0.0,1977.0,2.0,7,0,0.0,2.0,2.0,1.0
8526,12,9,715,3,1,1,5.0,1.0,180.0,490,3.0,2.0,2.0,0.0,0.0,1.0,1.0,4,1,0.0,0.0,0.0,0.0,2008.0,1.0,30,0,0.0,2.0,1.0,13.0
8527,12,9,715,3,1,1,5.0,1.0,180.0,490,3.0,2.0,2.0,0.0,0.0,1.0,1.0,4,1,0.0,0.0,0.0,0.0,2008.0,2.0,7,0,0.0,2.0,2.0,1.0
8528,12,24,830,1,1,1,8.0,1.0,261.0,490,3.0,2.0,2.0,0.0,1.0,2.0,2.0,1,1,1.0,0.0,0.0,0.0,1975.0,0.0,7,0,0.0,2.0,3.0,13.0
8529,12,24,830,1,1,1,8.0,1.0,261.0,490,3.0,2.0,2.0,0.0,1.0,2.0,2.0,1,1,1.0,0.0,0.0,0.0,1975.0,0.0,7,0,0.0,2.0,3.0,1.0
8530,12,24,830,1,1,1,8.0,1.0,261.0,490,3.0,2.0,2.0,0.0,1.0,2.0,2.0,1,4,1.0,0.0,0.0,0.0,1981.0,0.0,7,0,0.0,2.0,3.0,13.0
8531,12,24,830,1,1,1,8.0,1.0,261.0,490,3.0,2.0,2.0,0.0,1.0,2.0,2.0,1,4,1.0,0.0,0.0,0.0,1981.0,0.0,7,0,0.0,2.0,3.0,1.0
8532,12,30,1645,1,1,1,1.0,6.0,2.0,490,3.0,2.0,2.0,0.0,1.0,1.0,1.0,1,1,1.0,0.0,0.0,0.0,1980.0,2.0,10,0,8.0,0.0,3.0,1.0
8533,4,30,1415,1,1,1,1.0,7.0,302.0,490,3.0,2.0,0.0,0.0,0.0,3.0,1.0,1,4,4.0,0.0,0.0,0.0,1987.0,0.0,7,0,0.0,0.0,1.0,1.0
8534,4,30,1415,1,1,1,1.0,7.0,302.0,490,3.0,2.0,0.0,0.0,0.0,3.0,1.0,4,4,0.0,0.0,0.0,0.0,2006.0,0.0,7,0,0.0,0.0,1.0,1.0
8535,4,30,1415,1,1,1,1.0,7.0,302.0,490,3.0,2.0,0.0,0.0,0.0,3.0,1.0,4,1,0.0,0.0,0.0,0.0,2008.0,0.0,7,0,0.0,0.0,1.0,1.0
8536,8,20,1700,1,1,1,1.0,6.0,140.0,490,3.0,2.0,2.0,0.0,4.0,3.0,1.0,1,1,4.0,0.0,0.0,0.0,1994.0,1.0,33,0,2.0,0.0,1.0,1.0
8537,11,22,1400,1,2,1,2.0,1.0,219.0,490,3.0,2.0,2.0,0.0,1.0,1.0,1.0,1,1,4.0,0.0,0.0,0.0,1955.0,2.0,1,0,0.0,2.0,1.0,13.0
8538,11,22,1400,1,2,1,2.0,1.0,219.0,490,3.0,2.0,2.0,0.0,1.0,1.0,1.0,1,1,4.0,0.0,0.0,0.0,1955.0,1.0,7,0,0.0,2.0,3.0,1.0
8539,11,22,1400,1,2,1,2.0,1.0,219.0,490,3.0,2.0,2.0,0.0,1.0,1.0,1.0,1,1,9.0,0.0,0.0,0.0,1934.0,2.0,1,0,0.0,2.0,1.0,13.0
8540,11,22,1400,1,2,1,2.0,1.0,219.0,490,3.0,2.0,2.0,0.0,1.0,1.0,1.0,1,1,9.0,0.0,0.0,0.0,1934.0,1.0,7,0,0.0,2.0,3.0,1.0
8541,12,10,1615,1,2,1,1.0,3.0,215.0,490,4.0,2.0,2.0,0.0,2.0,1.0,1.0,1,1,2.0,0.0,0.0,0.0,1961.0,0.0,20,0,0.0,2.0,3.0,19.0
8542,12,10,1615,1,2,1,1.0,3.0,215.0,490,4.0,2.0,2.0,0.0,2.0,1.0,1.0,1,1,2.0,0.0,0.0,0.0,1961.0,0.0,33,0,0.0,2.0,1.0,1.0
8543,12,10,1615,1,2,1,1.0,3.0,215.0,490,4.0,2.0,2.0,0.0,2.0,1.0,1.0,1,1,4.0,0.0,0.0,0.0,1995.0,0.0,20,0,0.0,2.0,3.0,19.0
8544,12,10,1615,1,2,1,1.0,3.0,215.0,490,4.0,2.0,2.0,0.0,2.0,1.0,1.0,1,1,4.0,0.0,0.0,0.0,1995.0,0.0,33,0,0.0,2.0,1.0,1.0
8545,1,29,745,2,2,1,1.0,3.0,331.0,490,4.0,2.0,2.0,0.0,1.0,1.0,1.0,1,1,1.0,0.0,0.0,0.0,1989.0,0.0,7,0,0.0,2.0,1.0,13.0
8546,1,29,745,2,2,1,1.0,3.0,331.0,490,4.0,2.0,2.0,0.0,1.0,1.0,1.0,1,1,1.0,0.0,0.0,0.0,1989.0,0.0,1,0,0.0,0.0,1.0,1.0
8547,1,29,745,2,2,1,1.0,3.0,331.0,490,4.0,2.0,2.0,0.0,1.0,1.0,1.0,1,4,1.0,0.0,0.0,0.0,1956.0,0.0,7,0,0.0,2.0,1.0,13.0
8548,1,29,745,2,2,1,1.0,3.0,331.0,490,4.0,2.0,2.0,0.0,1.0,1.0,1.0,1,4,1.0,0.0,0.0,0.0,1956.0,0.0,1,0,0.0,0.0,1.0,1.0
8549,2,7,600,3,1,1,1.0,6.0,8.0,490,3.0,2.0,2.0,0.0,1.0,1.0,1.0,1,4,4.0,0.0,0.0,0.0,1993.0,2.0,7,0,2.0,0.0,1.0,1.0
8550,2,7,600,3,1,1,1.0,6.0,8.0,490,3.0,2.0,2.0,0.0,1.0,1.0,1.0,4,4,0.0,0.0,0.0,0.0,1994.0,2.0,7,0,2.0,0.0,1.0,1.0
8551,2,13,1400,1,1,1,6.0,1.0,61.0,490,3.0,2.0,2.0,0.0,2.0,4.0,2.0,1,4,4.0,0.0,0.0,0.0,1972.0,2.0,7,0,13.0,2.0,1.0,13.0
8552,2,13,1400,1,1,1,6.0,1.0,61.0,490,3.0,2.0,2.0,0.0,2.0,4.0,2.0,1,4,4.0,0.0,0.0,0.0,1972.0,1.0,3,0,0.0,2.0,7.0,1.0
8553,2,13,1400,1,1,1,6.0,1.0,61.0,490,3.0,2.0,2.0,0.0,2.0,4.0,2.0,1,1,4.0,0.0,0.0,0.0,1976.0,2.0,7,0,13.0,2.0,1.0,13.0
8554,2,13,1400,1,1,1,6.0,1.0,61.0,490,3.0,2.0,2.0,0.0,2.0,4.0,2.0,1,1,4.0,0.0,0.0,0.0,1976.0,1.0,3,0,0.0,2.0,7.0,1.0
8555,2,17,1930,3,1,1,1.0,1.0,184.0,490,4.0,2.0,1.0,0.0,1.0,1.0,2.0,1,1,4.0,0.0,0.0,0.0,1999.0,0.0,33,0,0.0,2.0,1.0,1.0
8556,2,17,1930,3,1,1,1.0,1.0,184.0,490,4.0,2.0,1.0,0.0,1.0,1.0,2.0,1,1,4.0,0.0,0.0,0.0,1999.0,0.0,33,0,0.0,2.0,1.0,1.0
8557,2,17,1930,3,1,1,1.0,1.0,184.0,490,4.0,2.0,1.0,0.0,1.0,1.0,2.0,1,1,4.0,0.0,0.0,0.0,1973.0,0.0,33,0,0.0,2.0,1.0,1.0
8558,2,17,1930,3,1,1,1.0,1.0,184.0,490,4.0,2.0,1.0,0.0,1.0,1.0,2.0,1,1,4.0,0.0,0.0,0.0,1973.0,0.0,33,0,0.0,2.0,1.0,1.0
8559,4,18,1800,1,2,3,1.0,3.0,331.0,490,4.0,,,,,,,1,1,4.0,0.0,0.0,0.0,2000.0,0.0,2,0,0.0,2.0,1.0,1.0
8560,4,18,1800,1,2,3,1.0,3.0,331.0,490,4.0,,,,,,,1,1,4.0,0.0,0.0,0.0,2000.0,1.0,7,0,0.0,2.0,1.0,15.0
8561,4,18,1800,1,2,3,1.0,3.0,331.0,490,4.0,,,,,,,1,4,9.0,0.0,0.0,0.0,1957.0,0.0,2,0,0.0,2.0,1.0,1.0
8562,4,18,1800,1,2,3,1.0,3.0,331.0,490,4.0,,,,,,,1,4,9.0,0.0,0.0,0.0,1957.0,1.0,7,0,0.0,2.0,1.0,15.0
8563,8,14,1930,1,2,2,1.0,3.0,54.0,490,4.0,2.0,1.0,0.0,2.0,1.0,1.0,1,1,4.0,0.0,0.0,0.0,1995.0,0.0,33,0,0.0,2.0,1.0,1.0
8564,8,14,1930,1,2,2,1.0,3.0,54.0,490,4.0,2.0,1.0,0.0,2.0,1.0,1.0,1,1,4.0,0.0,0.0,0.0,1995.0,0.0,7,0,0.0,2.0,3.0,15.0
8565,8,14,1930,1,2,2,1.0,3.0,54.0,490,4.0,2.0,1.0,0.0,2.0,1.0,1.0,1,1,4.0,0.0,0.0,0.0,1971.0,0.0,33,0,0.0,2.0,1.0,1.0
8566,8,14,1930,1,2,2,1.0,3.0,54.0,490,4.0,2.0,1.0,0.0,2.0,1.0,1.0,1,1,4.0,0.0,0.0,0.0,1971.0,0.0,7,0,0.0,2.0,3.0,15.0
8567,10,12,1505,1,2,2,1.0,3.0,36.0,490,3.0,0.0,0.0,0.0,0.0,1.0,1.0,1,1,2.0,0.0,0.0,0.0,1948.0,2.0,21,0,0.0,2.0,1.0,1.0
8568,10,12,1505,1,2,2,1.0,3.0,36.0,490,3.0,0.0,0.0,0.0,0.0,1.0,1.0,1,1,2.0,0.0,0.0,0.0,1948.0,2.0,3,0,0.0,2.0,3.0,15.0
8569,10,12,1505,1,2,2,1.0,3.0,36.0,490,3.0,0.0,0.0,0.0,0.0,1.0,1.0,1,1,4.0,0.0,0.0,0.0,1960.0,2.0,21,0,0.0,2.0,1.0,1.0
8570,10,12,1505,1,2,2,1.0,3.0,36.0,490,3.0,0.0,0.0,0.0,0.0,1.0,1.0,1,1,4.0,0.0,0.0,0.0,1960.0,2.0,3,0,0.0,2.0,3.0,15.0