,month,day,time,light,location,intersection,atmosphere,collision,municipality,department,road,traffic,nblanes,reslane,laneprofile,plan,surface,user,sex,route,pedlocation,pedaction,pedcondition,birth,dirtraffic,catvehicle,nboccupants,obstacle,movobstacle,impact,maneuver
8571,10,12,1505,1,2,2,1.0,3.0,36.0,490,3.0,0.0,0.0,0.0,0.0,1.0,1.0,4,1,0.0,0.0,0.0,0.0,1964.0,2.0,21,0,0.0,2.0,1.0,1.0
8572,10,12,1505,1,2,2,1.0,3.0,36.0,490,3.0,0.0,0.0,0.0,0.0,1.0,1.0,4,1,0.0,0.0,0.0,0.0,1964.0,2.0,3,0,0.0,2.0,3.0,15.0
8573,12,2,1330,1,1,2,1.0,3.0,61.0,490,3.0,2.0,2.0,0.0,1.0,1.0,1.0,1,1,1.0,0.0,0.0,0.0,1970.0,2.0,7,0,0.0,2.0,1.0,19.0
8574,12,2,1330,1,1,2,1.0,3.0,61.0,490,3.0,2.0,2.0,0.0,1.0,1.0,1.0,1,1,1.0,0.0,0.0,0.0,1970.0,1.0,7,0,13.0,2.0,8.0,1.0
8575,12,2,1330,1,1,2,1.0,3.0,61.0,490,3.0,2.0,2.0,0.0,1.0,1.0,1.0,1,4,0.0,0.0,0.0,0.0,1956.0,2.0,7,0,0.0,2.0,1.0,19.0
8576,12,2,1330,1,1,2,1.0,3.0,61.0,490,3.0,2.0,2.0,0.0,1.0,1.0,1.0,1,4,0.0,0.0,0.0,0.0,1956.0,1.0,7,0,13.0,2.0,8.0,1.0
8577,12,2,1330,1,1,2,1.0,3.0,61.0,490,3.0,2.0,2.0,0.0,1.0,1.0,1.0,4,4,0.0,0.0,0.0,0.0,1957.0,2.0,7,0,0.0,2.0,1.0,19.0
8578,12,2,1330,1,1,2,1.0,3.0,61.0,490,3.0,2.0,2.0,0.0,1.0,1.0,1.0,4,4,0.0,0.0,0.0,0.0,1957.0,1.0,7,0,13.0,2.0,8.0,1.0
8579,12,18,730,3,1,1,5.0,3.0,103.0,490,3.0,0.0,2.0,0.0,1.0,1.0,2.0,1,1,0.0,0.0,0.0,0.0,1991.0,1.0,7,0,0.0,2.0,1.0,2.0
8580,12,18,730,3,1,1,5.0,3.0,103.0,490,3.0,0.0,2.0,0.0,1.0,1.0,2.0,1,1,0.0,0.0,0.0,0.0,1991.0,1.0,7,0,0.0,2.0,9.0,1.0
8581,12,18,730,3,1,1,5.0,3.0,103.0,490,3.0,0.0,2.0,0.0,1.0,1.0,2.0,4,1,0.0,0.0,0.0,0.0,1997.0,1.0,7,0,0.0,2.0,1.0,2.0
8582,12,18,730,3,1,1,5.0,3.0,103.0,490,3.0,0.0,2.0,0.0,1.0,1.0,2.0,4,1,0.0,0.0,0.0,0.0,1997.0,1.0,7,0,0.0,2.0,9.0,1.0
8583,12,18,730,3,1,1,5.0,3.0,103.0,490,3.0,0.0,2.0,0.0,1.0,1.0,2.0,1,1,4.0,0.0,0.0,0.0,1997.0,1.0,7,0,0.0,2.0,1.0,2.0
8584,12,18,730,3,1,1,5.0,3.0,103.0,490,3.0,0.0,2.0,0.0,1.0,1.0,2.0,1,1,4.0,0.0,0.0,0.0,1997.0,1.0,7,0,0.0,2.0,9.0,1.0
8585,12,20,1830,5,2,3,1.0,3.0,277.0,490,4.0,0.0,0.0,0.0,1.0,3.0,1.0,1,1,0.0,0.0,0.0,0.0,2001.0,1.0,2,0,0.0,2.0,8.0,1.0
8586,12,20,1830,5,2,3,1.0,3.0,277.0,490,4.0,0.0,0.0,0.0,1.0,3.0,1.0,1,1,0.0,0.0,0.0,0.0,2001.0,1.0,7,0,0.0,2.0,1.0,15.0
8587,12,20,1830,5,2,3,1.0,3.0,277.0,490,4.0,0.0,0.0,0.0,1.0,3.0,1.0,1,1,4.0,0.0,0.0,0.0,1998.0,1.0,2,0,0.0,2.0,8.0,1.0
8588,12,20,1830,5,2,3,1.0,3.0,277.0,490,4.0,0.0,0.0,0.0,1.0,3.0,1.0,1,1,4.0,0.0,0.0,0.0,1998.0,1.0,7,0,0.0,2.0,1.0,15.0
8589,3,4,1900,5,2,1,8.0,1.0,176.0,490,4.0,2.0,0.0,0.0,0.0,1.0,1.0,1,4,3.0,0.0,0.0,0.0,1953.0,0.0,7,0,0.0,2.0,3.0,15.0
8590,3,4,1900,5,2,1,8.0,1.0,176.0,490,4.0,2.0,0.0,0.0,0.0,1.0,1.0,1,4,3.0,0.0,0.0,0.0,1953.0,0.0,2,0,0.0,2.0,1.0,0.0
8591,3,4,1900,5,2,1,8.0,1.0,176.0,490,4.0,2.0,0.0,0.0,0.0,1.0,1.0,1,1,4.0,0.0,0.0,0.0,2000.0,0.0,7,0,0.0,2.0,3.0,15.0
8592,3,4,1900,5,2,1,8.0,1.0,176.0,490,4.0,2.0,0.0,0.0,0.0,1.0,1.0,1,1,4.0,0.0,0.0,0.0,2000.0,0.0,2,0,0.0,2.0,1.0,0.0
8593,4,9,1600,1,1,6,8.0,7.0,176.0,490,3.0,3.0,2.0,0.0,0.0,3.0,1.0,1,1,4.0,0.0,0.0,0.0,1959.0,0.0,33,0,0.0,0.0,0.0,16.0
8594,5,21,1200,1,1,1,1.0,6.0,5.0,490,3.0,3.0,4.0,0.0,1.0,1.0,1.0,1,4,4.0,0.0,0.0,0.0,1976.0,1.0,7,0,4.0,0.0,3.0,0.0
8595,6,25,1815,1,1,1,1.0,7.0,298.0,490,4.0,2.0,2.0,0.0,1.0,3.0,1.0,1,1,0.0,0.0,0.0,0.0,1962.0,0.0,21,0,0.0,0.0,0.0,16.0
8596,6,25,1815,1,1,1,1.0,7.0,298.0,490,4.0,2.0,2.0,0.0,1.0,3.0,1.0,4,1,2.0,0.0,0.0,0.0,2001.0,0.0,21,0,0.0,0.0,0.0,16.0
8597,7,12,830,1,2,7,1.0,3.0,376.0,490,3.0,2.0,2.0,0.0,4.0,3.0,1.0,1,1,2.0,0.0,0.0,0.0,1990.0,1.0,7,0,0.0,2.0,5.0,15.0
8598,7,12,830,1,2,7,1.0,3.0,376.0,490,3.0,2.0,2.0,0.0,4.0,3.0,1.0,1,1,2.0,0.0,0.0,0.0,1990.0,2.0,7,0,0.0,2.0,1.0,1.0
8599,7,12,830,1,2,7,1.0,3.0,376.0,490,3.0,2.0,2.0,0.0,4.0,3.0,1.0,4,1,0.0,0.0,0.0,0.0,1984.0,1.0,7,0,0.0,2.0,5.0,15.0
8600,7,12,830,1,2,7,1.0,3.0,376.0,490,3.0,2.0,2.0,0.0,4.0,3.0,1.0,4,1,0.0,0.0,0.0,0.0,1984.0,2.0,7,0,0.0,2.0,1.0,1.0
8601,7,12,830,1,2,7,1.0,3.0,376.0,490,3.0,2.0,2.0,0.0,4.0,3.0,1.0,1,4,4.0,0.0,0.0,0.0,1987.0,1.0,7,0,0.0,2.0,5.0,15.0
8602,7,12,830,1,2,7,1.0,3.0,376.0,490,3.0,2.0,2.0,0.0,4.0,3.0,1.0,1,4,4.0,0.0,0.0,0.0,1987.0,2.0,7,0,0.0,2.0,1.0,1.0
8603,7,14,1900,1,1,1,1.0,7.0,249.0,490,3.0,2.0,2.0,0.0,1.0,4.0,1.0,1,1,4.0,0.0,0.0,0.0,1978.0,2.0,33,0,13.0,0.0,1.0,1.0
8604,10,7,1930,2,1,1,1.0,3.0,271.0,490,3.0,2.0,2.0,0.0,1.0,1.0,1.0,1,1,0.0,0.0,0.0,0.0,1987.0,2.0,7,0,0.0,2.0,8.0,1.0
8605,10,7,1930,2,1,1,1.0,3.0,271.0,490,3.0,2.0,2.0,0.0,1.0,1.0,1.0,1,1,0.0,0.0,0.0,0.0,1987.0,1.0,33,0,0.0,2.0,8.0,13.0
8606,10,7,1930,2,1,1,1.0,3.0,271.0,490,3.0,2.0,2.0,0.0,1.0,1.0,1.0,1,1,0.0,0.0,0.0,0.0,1975.0,2.0,7,0,0.0,2.0,8.0,1.0
8607,10,7,1930,2,1,1,1.0,3.0,271.0,490,3.0,2.0,2.0,0.0,1.0,1.0,1.0,1,1,0.0,0.0,0.0,0.0,1975.0,1.0,33,0,0.0,2.0,8.0,13.0
8608,11,11,800,1,1,1,1.0,6.0,183.0,490,3.0,2.0,2.0,0.0,1.0,1.0,1.0,1,1,4.0,0.0,0.0,0.0,1972.0,1.0,7,0,8.0,0.0,1.0,1.0
8609,12,10,2230,3,1,1,5.0,6.0,298.0,490,3.0,2.0,2.0,0.0,1.0,0.0,1.0,1,1,4.0,0.0,0.0,0.0,1973.0,0.0,7,0,0.0,5.0,2.0,1.0
8610,2,7,715,2,1,1,1.0,1.0,135.0,490,3.0,0.0,2.0,0.0,0.0,1.0,1.0,1,1,4.0,0.0,0.0,0.0,1985.0,1.0,10,0,0.0,2.0,3.0,13.0
8611,2,7,715,2,1,1,1.0,1.0,135.0,490,3.0,0.0,2.0,0.0,0.0,1.0,1.0,1,1,4.0,0.0,0.0,0.0,1985.0,2.0,7,0,2.0,2.0,9.0,1.0
8612,2,7,715,2,1,1,1.0,1.0,135.0,490,3.0,0.0,2.0,0.0,0.0,1.0,1.0,1,4,1.0,0.0,0.0,0.0,1957.0,1.0,10,0,0.0,2.0,3.0,13.0
8613,2,7,715,2,1,1,1.0,1.0,135.0,490,3.0,0.0,2.0,0.0,0.0,1.0,1.0,1,4,1.0,0.0,0.0,0.0,1957.0,2.0,7,0,2.0,2.0,9.0,1.0
8614,2,12,1500,1,1,1,2.0,6.0,132.0,490,3.0,3.0,2.0,0.0,0.0,1.0,2.0,1,1,4.0,0.0,0.0,0.0,1961.0,1.0,7,0,2.0,0.0,1.0,1.0
8615,2,17,1245,1,1,1,1.0,6.0,135.0,490,3.0,2.0,2.0,0.0,1.0,1.0,1.0,1,4,4.0,0.0,0.0,0.0,1983.0,1.0,7,0,13.0,0.0,1.0,1.0
8616,2,17,1245,1,1,1,1.0,6.0,135.0,490,3.0,2.0,2.0,0.0,1.0,1.0,1.0,4,1,0.0,0.0,0.0,0.0,2009.0,1.0,7,0,13.0,0.0,1.0,1.0
8617,3,29,1100,1,1,1,1.0,6.0,170.0,490,3.0,2.0,2.0,0.0,1.0,2.0,1.0,1,1,4.0,0.0,0.0,0.0,1946.0,1.0,7,0,0.0,2.0,3.0,13.0
8618,3,29,1100,1,1,1,1.0,6.0,170.0,490,3.0,2.0,2.0,0.0,1.0,2.0,1.0,1,1,4.0,0.0,0.0,0.0,1946.0,2.0,10,0,0.0,2.0,1.0,1.0
8619,3,29,1100,1,1,1,1.0,6.0,170.0,490,3.0,2.0,2.0,0.0,1.0,2.0,1.0,1,1,2.0,0.0,0.0,0.0,1964.0,1.0,7,0,0.0,2.0,3.0,13.0
8620,3,29,1100,1,1,1,1.0,6.0,170.0,490,3.0,2.0,2.0,0.0,1.0,2.0,1.0,1,1,2.0,0.0,0.0,0.0,1964.0,2.0,10,0,0.0,2.0,1.0,1.0
8621,7,6,1145,1,1,1,1.0,1.0,90.0,490,4.0,2.0,2.0,0.0,0.0,1.0,1.0,1,1,2.0,0.0,0.0,0.0,1971.0,0.0,10,0,0.0,2.0,2.0,17.0
8622,7,6,1145,1,1,1,1.0,1.0,90.0,490,4.0,2.0,2.0,0.0,0.0,1.0,1.0,1,1,2.0,0.0,0.0,0.0,1971.0,0.0,33,0,0.0,2.0,1.0,1.0
8623,7,6,1145,1,1,1,1.0,1.0,90.0,490,4.0,2.0,2.0,0.0,0.0,1.0,1.0,1,1,1.0,0.0,0.0,0.0,1988.0,0.0,10,0,0.0,2.0,2.0,17.0
8624,7,6,1145,1,1,1,1.0,1.0,90.0,490,4.0,2.0,2.0,0.0,0.0,1.0,1.0,1,1,1.0,0.0,0.0,0.0,1988.0,0.0,33,0,0.0,2.0,1.0,1.0
8625,8,18,1300,1,2,1,1.0,3.0,80.0,490,6.0,0.0,0.0,0.0,1.0,1.0,1.0,1,1,3.0,0.0,0.0,0.0,1954.0,0.0,7,0,0.0,2.0,4.0,4.0
8626,8,18,1300,1,2,1,1.0,3.0,80.0,490,6.0,0.0,0.0,0.0,1.0,1.0,1.0,1,1,3.0,0.0,0.0,0.0,1954.0,0.0,30,0,0.0,2.0,7.0,1.0
8627,8,18,1300,1,2,1,1.0,3.0,80.0,490,6.0,0.0,0.0,0.0,1.0,1.0,1.0,1,1,3.0,0.0,0.0,0.0,1999.0,0.0,7,0,0.0,2.0,4.0,4.0
8628,8,18,1300,1,2,1,1.0,3.0,80.0,490,6.0,0.0,0.0,0.0,1.0,1.0,1.0,1,1,3.0,0.0,0.0,0.0,1999.0,0.0,30,0,0.0,2.0,7.0,1.0
8629,8,18,1300,1,2,1,1.0,3.0,80.0,490,6.0,0.0,0.0,0.0,1.0,1.0,1.0,4,4,0.0,0.0,0.0,0.0,1966.0,0.0,7,0,0.0,2.0,4.0,4.0
8630,8,18,1300,1,2,1,1.0,3.0,80.0,490,6.0,0.0,0.0,0.0,1.0,1.0,1.0,4,4,0.0,0.0,0.0,0.0,1966.0,0.0,30,0,0.0,2.0,7.0,1.0
8631,10,6,1000,1,1,1,1.0,1.0,105.0,490,3.0,2.0,2.0,0.0,1.0,1.0,1.0,1,4,1.0,0.0,0.0,0.0,1957.0,2.0,7,0,0.0,2.0,7.0,13.0
8632,10,6,1000,1,1,1,1.0,1.0,105.0,490,3.0,2.0,2.0,0.0,1.0,1.0,1.0,1,4,1.0,0.0,0.0,0.0,1957.0,1.0,7,0,0.0,2.0,1.0,1.0
8633,10,6,1000,1,1,1,1.0,1.0,105.0,490,3.0,2.0,2.0,0.0,1.0,1.0,1.0,1,1,4.0,0.0,0.0,0.0,1952.0,2.0,7,0,0.0,2.0,7.0,13.0
8634,10,6,1000,1,1,1,1.0,1.0,105.0,490,3.0,2.0,2.0,0.0,1.0,1.0,1.0,1,1,4.0,0.0,0.0,0.0,1952.0,1.0,7,0,0.0,2.0,1.0,1.0
8635,10,6,1000,1,1,1,1.0,1.0,105.0,490,3.0,2.0,2.0,0.0,1.0,1.0,1.0,4,1,0.0,0.0,0.0,0.0,2014.0,2.0,7,0,0.0,2.0,7.0,13.0
8636,10,6,1000,1,1,1,1.0,1.0,105.0,490,3.0,2.0,2.0,0.0,1.0,1.0,1.0,4,1,0.0,0.0,0.0,0.0,2014.0,1.0,7,0,0.0,2.0,1.0,1.0
8637,10,6,1000,1,1,1,1.0,1.0,105.0,490,3.0,2.0,2.0,0.0,1.0,1.0,1.0,4,4,0.0,0.0,0.0,0.0,1992.0,2.0,7,0,0.0,2.0,7.0,13.0
8638,10,6,1000,1,1,1,1.0,1.0,105.0,490,3.0,2.0,2.0,0.0,1.0,1.0,1.0,4,4,0.0,0.0,0.0,0.0,1992.0,1.0,7,0,0.0,2.0,1.0,1.0
8639,11,2,1945,3,1,2,1.0,3.0,135.0,490,3.0,2.0,2.0,0.0,1.0,1.0,1.0,1,1,1.0,0.0,0.0,0.0,1972.0,1.0,7,0,0.0,2.0,3.0,1.0
8640,11,2,1945,3,1,2,1.0,3.0,135.0,490,3.0,2.0,2.0,0.0,1.0,1.0,1.0,1,1,1.0,0.0,0.0,0.0,1972.0,0.0,10,0,0.0,2.0,2.0,19.0
8641,11,2,1945,3,1,2,1.0,3.0,135.0,490,3.0,2.0,2.0,0.0,1.0,1.0,1.0,1,1,4.0,0.0,0.0,0.0,1967.0,1.0,7,0,0.0,2.0,3.0,1.0
8642,11,2,1945,3,1,2,1.0,3.0,135.0,490,3.0,2.0,2.0,0.0,1.0,1.0,1.0,1,1,4.0,0.0,0.0,0.0,1967.0,0.0,10,0,0.0,2.0,2.0,19.0
8643,11,17,845,1,1,1,2.0,6.0,337.0,490,3.0,2.0,2.0,0.0,1.0,1.0,2.0,1,1,1.0,0.0,0.0,0.0,1968.0,1.0,10,0,0.0,2.0,7.0,1.0
8644,11,17,845,1,1,1,2.0,6.0,337.0,490,3.0,2.0,2.0,0.0,1.0,1.0,2.0,1,1,1.0,0.0,0.0,0.0,1968.0,1.0,1,0,0.0,0.0,6.0,1.0
8645,11,17,845,1,1,1,2.0,6.0,337.0,490,3.0,2.0,2.0,0.0,1.0,1.0,2.0,1,4,3.0,0.0,0.0,0.0,1936.0,1.0,10,0,0.0,2.0,7.0,1.0
8646,11,17,845,1,1,1,2.0,6.0,337.0,490,3.0,2.0,2.0,0.0,1.0,1.0,2.0,1,4,3.0,0.0,0.0,0.0,1936.0,1.0,1,0,0.0,0.0,6.0,1.0
8647,12,2,845,1,1,1,5.0,7.0,339.0,490,3.0,2.0,2.0,0.0,1.0,1.0,7.0,1,4,4.0,0.0,0.0,0.0,1982.0,0.0,7,0,13.0,0.0,2.0,1.0
8648,12,2,845,1,1,1,5.0,7.0,339.0,490,3.0,2.0,2.0,0.0,1.0,1.0,7.0,4,4,0.0,0.0,0.0,0.0,2009.0,0.0,7,0,13.0,0.0,2.0,1.0
8649,12,2,845,1,1,1,5.0,7.0,339.0,490,3.0,2.0,2.0,0.0,1.0,1.0,7.0,4,1,0.0,0.0,0.0,0.0,2006.0,0.0,7,0,13.0,0.0,2.0,1.0
8650,12,7,900,2,1,1,5.0,7.0,189.0,490,3.0,2.0,2.0,0.0,2.0,1.0,1.0,1,4,1.0,0.0,0.0,0.0,1990.0,1.0,7,0,13.0,0.0,9.0,1.0
8651,12,10,600,3,1,1,5.0,7.0,335.0,490,9.0,0.0,0.0,0.0,1.0,1.0,2.0,1,1,4.0,0.0,0.0,0.0,1978.0,0.0,7,0,0.0,0.0,0.0,1.0
8652,12,10,600,3,1,1,5.0,7.0,335.0,490,9.0,0.0,0.0,0.0,1.0,1.0,2.0,4,4,0.0,0.0,0.0,0.0,1982.0,0.0,7,0,0.0,0.0,0.0,1.0
8653,9,22,1730,1,2,1,1.0,6.0,168.0,530,3.0,2.0,2.0,0.0,2.0,1.0,1.0,1,1,1.0,0.0,0.0,0.0,1958.0,1.0,10,0,0.0,1.0,7.0,1.0
8654,9,22,1730,1,2,1,1.0,6.0,168.0,530,3.0,2.0,2.0,0.0,2.0,1.0,1.0,3,4,4.0,4.0,3.0,1.0,1999.0,1.0,10,0,0.0,1.0,7.0,1.0
8655,10,7,2100,3,1,1,1.0,2.0,82.0,530,3.0,2.0,0.0,0.0,1.0,1.0,1.0,1,1,0.0,0.0,0.0,0.0,1964.0,2.0,7,0,0.0,2.0,6.0,2.0
8656,10,7,2100,3,1,1,1.0,2.0,82.0,530,3.0,2.0,0.0,0.0,1.0,1.0,1.0,1,1,0.0,0.0,0.0,0.0,1964.0,2.0,7,0,0.0,2.0,2.0,2.0
8657,10,7,2100,3,1,1,1.0,2.0,82.0,530,3.0,2.0,0.0,0.0,1.0,1.0,1.0,1,1,4.0,0.0,0.0,0.0,1972.0,2.0,7,0,0.0,2.0,6.0,2.0
8658,10,7,2100,3,1,1,1.0,2.0,82.0,530,3.0,2.0,0.0,0.0,1.0,1.0,1.0,1,1,4.0,0.0,0.0,0.0,1972.0,2.0,7,0,0.0,2.0,2.0,2.0
8659,10,29,30,3,2,1,1.0,7.0,1.0,530,3.0,2.0,0.0,0.0,0.0,1.0,1.0,1,1,4.0,0.0,0.0,0.0,1990.0,2.0,7,0,13.0,0.0,2.0,0.0
8660,10,29,30,3,2,1,1.0,7.0,1.0,530,3.0,2.0,0.0,0.0,0.0,1.0,1.0,4,1,0.0,0.0,0.0,0.0,1990.0,2.0,7,0,13.0,0.0,2.0,0.0
8661,5,5,1100,1,1,1,1.0,7.0,220.0,530,3.0,2.0,2.0,0.0,0.0,2.0,1.0,1,1,4.0,0.0,0.0,0.0,1980.0,2.0,33,0,0.0,0.0,6.0,1.0
8662,6,10,1515,1,1,1,1.0,3.0,49.0,530,3.0,2.0,0.0,0.0,0.0,1.0,1.0,1,1,4.0,0.0,0.0,0.0,1992.0,2.0,33,0,0.0,2.0,2.0,18.0
8663,6,10,1515,1,1,1,1.0,3.0,49.0,530,3.0,2.0,0.0,0.0,0.0,1.0,1.0,1,1,4.0,0.0,0.0,0.0,1992.0,2.0,17,0,0.0,0.0,3.0,0.0
8664,6,10,1515,1,1,1,1.0,3.0,49.0,530,3.0,2.0,0.0,0.0,0.0,1.0,1.0,1,4,0.0,0.0,0.0,0.0,1990.0,2.0,33,0,0.0,2.0,2.0,18.0
8665,6,10,1515,1,1,1,1.0,3.0,49.0,530,3.0,2.0,0.0,0.0,0.0,1.0,1.0,1,4,0.0,0.0,0.0,0.0,1990.0,2.0,17,0,0.0,0.0,3.0,0.0
8666,9,12,1545,1,1,1,1.0,3.0,141.0,530,3.0,3.0,2.0,0.0,0.0,1.0,1.0,1,1,0.0,0.0,0.0,0.0,1975.0,2.0,7,0,0.0,2.0,3.0,13.0
8667,9,12,1545,1,1,1,1.0,3.0,141.0,530,3.0,3.0,2.0,0.0,0.0,1.0,1.0,1,1,0.0,0.0,0.0,0.0,1975.0,2.0,7,0,13.0,2.0,4.0,17.0
8668,9,12,1545,1,1,1,1.0,3.0,141.0,530,3.0,3.0,2.0,0.0,0.0,1.0,1.0,1,4,4.0,0.0,0.0,0.0,1991.0,2.0,7,0,0.0,2.0,3.0,13.0
8669,9,12,1545,1,1,1,1.0,3.0,141.0,530,3.0,3.0,2.0,0.0,0.0,1.0,1.0,1,4,4.0,0.0,0.0,0.0,1991.0,2.0,7,0,13.0,2.0,4.0,17.0
8670,9,12,1545,1,1,1,1.0,3.0,141.0,530,3.0,3.0,2.0,0.0,0.0,1.0,1.0,4,1,0.0,0.0,0.0,0.0,1991.0,2.0,7,0,0.0,2.0,3.0,13.0
8671,9,12,1545,1,1,1,1.0,3.0,141.0,530,3.0,3.0,2.0,0.0,0.0,1.0,1.0,4,1,0.0,0.0,0.0,0.0,1991.0,2.0,7,0,13.0,2.0,4.0,17.0
8672,9,12,1545,1,1,1,1.0,3.0,141.0,530,3.0,3.0,2.0,0.0,0.0,1.0,1.0,4,1,0.0,0.0,0.0,0.0,2016.0,2.0,7,0,0.0,2.0,3.0,13.0
8673,9,12,1545,1,1,1,1.0,3.0,141.0,530,3.0,3.0,2.0,0.0,0.0,1.0,1.0,4,1,0.0,0.0,0.0,0.0,2016.0,2.0,7,0,13.0,2.0,4.0,17.0
8674,9,13,1900,1,1,1,1.0,7.0,152.0,530,3.0,2.0,1.0,0.0,1.0,1.0,9.0,1,1,1.0,0.0,0.0,0.0,1999.0,1.0,2,0,0.0,0.0,0.0,1.0
8675,9,25,1200,1,1,1,1.0,1.0,25.0,530,3.0,2.0,2.0,0.0,1.0,2.0,1.0,1,1,4.0,0.0,0.0,0.0,1990.0,1.0,7,0,0.0,2.0,5.0,0.0
8676,9,25,1200,1,1,1,1.0,1.0,25.0,530,3.0,2.0,2.0,0.0,1.0,2.0,1.0,1,1,4.0,0.0,0.0,0.0,1990.0,2.0,7,0,0.0,2.0,2.0,1.0
8677,9,25,1200,1,1,1,1.0,1.0,25.0,530,3.0,2.0,2.0,0.0,1.0,2.0,1.0,1,4,4.0,0.0,0.0,0.0,1939.0,1.0,7,0,0.0,2.0,5.0,0.0
8678,9,25,1200,1,1,1,1.0,1.0,25.0,530,3.0,2.0,2.0,0.0,1.0,2.0,1.0,1,4,4.0,0.0,0.0,0.0,1939.0,2.0,7,0,0.0,2.0,2.0,1.0
8679,9,25,1200,1,1,1,1.0,1.0,25.0,530,3.0,2.0,2.0,0.0,1.0,2.0,1.0,4,1,0.0,0.0,0.0,0.0,1963.0,1.0,7,0,0.0,2.0,5.0,0.0
8680,9,25,1200,1,1,1,1.0,1.0,25.0,530,3.0,2.0,2.0,0.0,1.0,2.0,1.0,4,1,0.0,0.0,0.0,0.0,1963.0,2.0,7,0,0.0,2.0,2.0,1.0
8681,9,27,1115,1,2,1,1.0,6.0,152.0,530,6.0,0.0,0.0,0.0,1.0,0.0,1.0,1,1,3.0,0.0,0.0,0.0,1925.0,0.0,7,0,1.0,0.0,4.0,20.0
8682,9,27,1115,1,2,1,1.0,6.0,152.0,530,6.0,0.0,0.0,0.0,1.0,0.0,1.0,4,1,0.0,0.0,0.0,0.0,1956.0,0.0,7,0,1.0,0.0,4.0,20.0
8683,11,2,745,1,1,1,5.0,5.0,67.0,530,3.0,2.0,2.0,0.0,0.0,1.0,1.0,1,1,1.0,0.0,0.0,0.0,1995.0,1.0,7,0,0.0,2.0,1.0,13.0
8684,11,2,745,1,1,1,5.0,5.0,67.0,530,3.0,2.0,2.0,0.0,0.0,1.0,1.0,1,1,1.0,0.0,0.0,0.0,1995.0,2.0,21,0,0.0,2.0,1.0,1.0
8685,11,2,745,1,1,1,5.0,5.0,67.0,530,3.0,2.0,2.0,0.0,0.0,1.0,1.0,1,1,1.0,0.0,0.0,0.0,1995.0,2.0,7,0,0.0,0.0,0.0,1.0
8686,11,2,745,1,1,1,5.0,5.0,67.0,530,3.0,2.0,2.0,0.0,0.0,1.0,1.0,1,1,2.0,0.0,0.0,0.0,1979.0,1.0,7,0,0.0,2.0,1.0,13.0
8687,11,2,745,1,1,1,5.0,5.0,67.0,530,3.0,2.0,2.0,0.0,0.0,1.0,1.0,1,1,2.0,0.0,0.0,0.0,1979.0,2.0,21,0,0.0,2.0,1.0,1.0
8688,11,2,745,1,1,1,5.0,5.0,67.0,530,3.0,2.0,2.0,0.0,0.0,1.0,1.0,1,1,2.0,0.0,0.0,0.0,1979.0,2.0,7,0,0.0,0.0,0.0,1.0
8689,11,2,745,1,1,1,5.0,5.0,67.0,530,3.0,2.0,2.0,0.0,0.0,1.0,1.0,1,1,0.0,0.0,0.0,0.0,1999.0,1.0,7,0,0.0,2.0,1.0,13.0
8690,11,2,745,1,1,1,5.0,5.0,67.0,530,3.0,2.0,2.0,0.0,0.0,1.0,1.0,1,1,0.0,0.0,0.0,0.0,1999.0,2.0,21,0,0.0,2.0,1.0,1.0
8691,11,2,745,1,1,1,5.0,5.0,67.0,530,3.0,2.0,2.0,0.0,0.0,1.0,1.0,1,1,0.0,0.0,0.0,0.0,1999.0,2.0,7,0,0.0,0.0,0.0,1.0
8692,2,9,1445,1,2,1,1.0,6.0,59.0,530,3.0,3.0,2.0,0.0,1.0,2.0,1.0,1,1,4.0,0.0,0.0,0.0,1972.0,2.0,7,0,6.0,0.0,1.0,1.0
8693,5,22,730,1,2,1,2.0,6.0,97.0,530,4.0,2.0,2.0,0.0,1.0,2.0,2.0,1,1,4.0,0.0,0.0,0.0,1986.0,0.0,7,0,6.0,0.0,2.0,1.0
8694,5,22,730,1,2,1,2.0,6.0,97.0,530,4.0,2.0,2.0,0.0,1.0,2.0,2.0,4,1,0.0,0.0,0.0,0.0,1989.0,0.0,7,0,6.0,0.0,2.0,1.0
8695,5,22,730,1,2,1,2.0,6.0,97.0,530,4.0,2.0,2.0,0.0,1.0,2.0,2.0,4,1,0.0,0.0,0.0,0.0,1987.0,0.0,7,0,6.0,0.0,2.0,1.0
8696,7,18,2000,1,1,1,7.0,3.0,10.0,530,3.0,2.0,0.0,0.0,2.0,1.0,1.0,1,4,9.0,0.0,0.0,0.0,1954.0,1.0,7,0,0.0,2.0,7.0,1.0
8697,7,18,2000,1,1,1,7.0,3.0,10.0,530,3.0,2.0,0.0,0.0,2.0,1.0,1.0,1,4,9.0,0.0,0.0,0.0,1954.0,1.0,1,0,0.0,2.0,8.0,1.0
8698,7,18,2000,1,1,1,7.0,3.0,10.0,530,3.0,2.0,0.0,0.0,2.0,1.0,1.0,1,1,4.0,0.0,0.0,0.0,2003.0,1.0,7,0,0.0,2.0,7.0,1.0
8699,7,18,2000,1,1,1,7.0,3.0,10.0,530,3.0,2.0,0.0,0.0,2.0,1.0,1.0,1,1,4.0,0.0,0.0,0.0,2003.0,1.0,1,0,0.0,2.0,8.0,1.0