,month,day,time,light,location,intersection,atmosphere,collision,municipality,department,road,traffic,nblanes,reslane,laneprofile,plan,surface,user,sex,route,pedlocation,pedaction,pedcondition,birth,dirtraffic,catvehicle,nboccupants,obstacle,movobstacle,impact,maneuver
8700,7,22,2000,1,2,1,1.0,6.0,97.0,530,9.0,2.0,1.0,0.0,1.0,1.0,1.0,1,1,4.0,0.0,0.0,0.0,1984.0,0.0,7,0,0.0,1.0,1.0,1.0
8701,7,22,2000,1,2,1,1.0,6.0,97.0,530,9.0,2.0,1.0,0.0,1.0,1.0,1.0,3,4,4.0,2.0,3.0,1.0,1932.0,0.0,7,0,0.0,1.0,1.0,1.0
8702,9,10,1545,1,1,3,1.0,5.0,255.0,530,3.0,2.0,2.0,0.0,0.0,1.0,1.0,1,1,4.0,0.0,0.0,0.0,1995.0,2.0,33,0,0.0,2.0,1.0,1.0
8703,9,10,1545,1,1,3,1.0,5.0,255.0,530,3.0,2.0,2.0,0.0,0.0,1.0,1.0,1,1,4.0,0.0,0.0,0.0,1995.0,2.0,33,0,0.0,2.0,1.0,0.0
8704,9,10,1545,1,1,3,1.0,5.0,255.0,530,3.0,2.0,2.0,0.0,0.0,1.0,1.0,1,1,4.0,0.0,0.0,0.0,1995.0,1.0,10,0,0.0,2.0,8.0,15.0
8705,9,10,1545,1,1,3,1.0,5.0,255.0,530,3.0,2.0,2.0,0.0,0.0,1.0,1.0,1,1,4.0,0.0,0.0,0.0,1993.0,2.0,33,0,0.0,2.0,1.0,1.0
8706,9,10,1545,1,1,3,1.0,5.0,255.0,530,3.0,2.0,2.0,0.0,0.0,1.0,1.0,1,1,4.0,0.0,0.0,0.0,1993.0,2.0,33,0,0.0,2.0,1.0,0.0
8707,9,10,1545,1,1,3,1.0,5.0,255.0,530,3.0,2.0,2.0,0.0,0.0,1.0,1.0,1,1,4.0,0.0,0.0,0.0,1993.0,1.0,10,0,0.0,2.0,8.0,15.0
8708,9,10,1545,1,1,3,1.0,5.0,255.0,530,3.0,2.0,2.0,0.0,0.0,1.0,1.0,1,1,4.0,0.0,0.0,0.0,1947.0,2.0,33,0,0.0,2.0,1.0,1.0
8709,9,10,1545,1,1,3,1.0,5.0,255.0,530,3.0,2.0,2.0,0.0,0.0,1.0,1.0,1,1,4.0,0.0,0.0,0.0,1947.0,2.0,33,0,0.0,2.0,1.0,0.0
8710,9,10,1545,1,1,3,1.0,5.0,255.0,530,3.0,2.0,2.0,0.0,0.0,1.0,1.0,1,1,4.0,0.0,0.0,0.0,1947.0,1.0,10,0,0.0,2.0,8.0,15.0
8711,9,13,2115,5,2,1,1.0,1.0,276.0,530,3.0,2.0,2.0,0.0,2.0,3.0,1.0,1,1,1.0,0.0,0.0,0.0,1995.0,2.0,33,0,0.0,2.0,1.0,13.0
8712,9,13,2115,5,2,1,1.0,1.0,276.0,530,3.0,2.0,2.0,0.0,2.0,3.0,1.0,1,1,1.0,0.0,0.0,0.0,1995.0,1.0,21,0,0.0,2.0,1.0,1.0
8713,9,13,2115,5,2,1,1.0,1.0,276.0,530,3.0,2.0,2.0,0.0,2.0,3.0,1.0,1,1,2.0,0.0,0.0,0.0,1987.0,2.0,33,0,0.0,2.0,1.0,13.0
8714,9,13,2115,5,2,1,1.0,1.0,276.0,530,3.0,2.0,2.0,0.0,2.0,3.0,1.0,1,1,2.0,0.0,0.0,0.0,1987.0,1.0,21,0,0.0,2.0,1.0,1.0
8715,10,21,1700,1,2,1,1.0,1.0,265.0,530,3.0,2.0,0.0,0.0,0.0,3.0,1.0,1,1,4.0,0.0,0.0,0.0,2001.0,2.0,30,0,0.0,2.0,1.0,5.0
8716,10,21,1700,1,2,1,1.0,1.0,265.0,530,3.0,2.0,0.0,0.0,0.0,3.0,1.0,1,1,4.0,0.0,0.0,0.0,2001.0,1.0,7,0,0.0,2.0,1.0,1.0
8717,10,21,1700,1,2,1,1.0,1.0,265.0,530,3.0,2.0,0.0,0.0,0.0,3.0,1.0,4,1,0.0,0.0,0.0,0.0,2000.0,2.0,30,0,0.0,2.0,1.0,5.0
8718,10,21,1700,1,2,1,1.0,1.0,265.0,530,3.0,2.0,0.0,0.0,0.0,3.0,1.0,4,1,0.0,0.0,0.0,0.0,2000.0,1.0,7,0,0.0,2.0,1.0,1.0
8719,10,21,1700,1,2,1,1.0,1.0,265.0,530,3.0,2.0,0.0,0.0,0.0,3.0,1.0,4,1,0.0,0.0,0.0,0.0,2001.0,2.0,30,0,0.0,2.0,1.0,5.0
8720,10,21,1700,1,2,1,1.0,1.0,265.0,530,3.0,2.0,0.0,0.0,0.0,3.0,1.0,4,1,0.0,0.0,0.0,0.0,2001.0,1.0,7,0,0.0,2.0,1.0,1.0
8721,10,21,1700,1,2,1,1.0,1.0,265.0,530,3.0,2.0,0.0,0.0,0.0,3.0,1.0,1,1,1.0,0.0,0.0,0.0,1969.0,2.0,30,0,0.0,2.0,1.0,5.0
8722,10,21,1700,1,2,1,1.0,1.0,265.0,530,3.0,2.0,0.0,0.0,0.0,3.0,1.0,1,1,1.0,0.0,0.0,0.0,1969.0,1.0,7,0,0.0,2.0,1.0,1.0
8723,12,28,2230,3,1,1,1.0,1.0,59.0,530,3.0,2.0,2.0,0.0,1.0,1.0,1.0,1,1,4.0,0.0,0.0,0.0,1980.0,2.0,7,0,0.0,2.0,3.0,13.0
8724,12,28,2230,3,1,1,1.0,1.0,59.0,530,3.0,2.0,2.0,0.0,1.0,1.0,1.0,1,1,4.0,0.0,0.0,0.0,1980.0,1.0,7,0,0.0,2.0,3.0,1.0
8725,12,28,2230,3,1,1,1.0,1.0,59.0,530,3.0,2.0,2.0,0.0,1.0,1.0,1.0,1,1,4.0,0.0,0.0,0.0,1995.0,2.0,7,0,0.0,2.0,3.0,13.0
8726,12,28,2230,3,1,1,1.0,1.0,59.0,530,3.0,2.0,2.0,0.0,1.0,1.0,1.0,1,1,4.0,0.0,0.0,0.0,1995.0,1.0,7,0,0.0,2.0,3.0,1.0
8727,2,4,1815,5,2,1,1.0,6.0,62.0,530,6.0,0.0,0.0,0.0,1.0,0.0,1.0,1,4,0.0,0.0,0.0,0.0,1989.0,0.0,7,0,0.0,1.0,5.0,4.0
8728,2,4,1815,5,2,1,1.0,6.0,62.0,530,6.0,0.0,0.0,0.0,1.0,0.0,1.0,3,1,0.0,4.0,9.0,1.0,1950.0,0.0,7,0,0.0,1.0,5.0,4.0
8729,2,25,1615,1,1,1,1.0,2.0,14.0,530,3.0,2.0,2.0,0.0,1.0,1.0,1.0,1,1,4.0,0.0,0.0,0.0,1998.0,2.0,31,0,0.0,2.0,1.0,1.0
8730,2,25,1615,1,1,1,1.0,2.0,14.0,530,3.0,2.0,2.0,0.0,1.0,1.0,1.0,1,1,4.0,0.0,0.0,0.0,1998.0,2.0,7,0,0.0,2.0,4.0,1.0
8731,2,25,1615,1,1,1,1.0,2.0,14.0,530,3.0,2.0,2.0,0.0,1.0,1.0,1.0,1,1,1.0,0.0,0.0,0.0,1972.0,2.0,31,0,0.0,2.0,1.0,1.0
8732,2,25,1615,1,1,1,1.0,2.0,14.0,530,3.0,2.0,2.0,0.0,1.0,1.0,1.0,1,1,1.0,0.0,0.0,0.0,1972.0,2.0,7,0,0.0,2.0,4.0,1.0
8733,2,26,2115,3,1,1,1.0,1.0,37.0,530,3.0,2.0,2.0,0.0,3.0,1.0,1.0,1,1,4.0,0.0,0.0,0.0,1991.0,1.0,33,0,11.0,0.0,1.0,1.0
8734,2,26,2115,3,1,1,1.0,1.0,37.0,530,3.0,2.0,2.0,0.0,3.0,1.0,1.0,1,1,4.0,0.0,0.0,0.0,1991.0,1.0,33,0,0.0,2.0,1.0,1.0
8735,2,26,2115,3,1,1,1.0,1.0,37.0,530,3.0,2.0,2.0,0.0,3.0,1.0,1.0,4,1,0.0,0.0,0.0,0.0,2001.0,1.0,33,0,11.0,0.0,1.0,1.0
8736,2,26,2115,3,1,1,1.0,1.0,37.0,530,3.0,2.0,2.0,0.0,3.0,1.0,1.0,4,1,0.0,0.0,0.0,0.0,2001.0,1.0,33,0,0.0,2.0,1.0,1.0
8737,2,26,2115,3,1,1,1.0,1.0,37.0,530,3.0,2.0,2.0,0.0,3.0,1.0,1.0,1,1,4.0,0.0,0.0,0.0,1991.0,1.0,33,0,11.0,0.0,1.0,1.0
8738,2,26,2115,3,1,1,1.0,1.0,37.0,530,3.0,2.0,2.0,0.0,3.0,1.0,1.0,1,1,4.0,0.0,0.0,0.0,1991.0,1.0,33,0,0.0,2.0,1.0,1.0
8739,3,1,1515,1,1,1,3.0,7.0,62.0,530,3.0,2.0,2.0,0.0,1.0,0.0,2.0,1,4,4.0,0.0,0.0,0.0,1925.0,2.0,14,0,13.0,0.0,9.0,1.0
8740,3,1,2145,3,2,1,1.0,6.0,14.0,530,2.0,2.0,2.0,0.0,0.0,1.0,1.0,1,4,4.0,0.0,0.0,0.0,1985.0,1.0,7,0,0.0,1.0,2.0,1.0
8741,3,1,2145,3,2,1,1.0,6.0,14.0,530,2.0,2.0,2.0,0.0,0.0,1.0,1.0,4,4,0.0,0.0,0.0,0.0,2006.0,1.0,7,0,0.0,1.0,2.0,1.0
8742,3,1,2145,3,2,1,1.0,6.0,14.0,530,2.0,2.0,2.0,0.0,0.0,1.0,1.0,4,4,0.0,0.0,0.0,0.0,2014.0,1.0,7,0,0.0,1.0,2.0,1.0
8743,3,1,2145,3,2,1,1.0,6.0,14.0,530,2.0,2.0,2.0,0.0,0.0,1.0,1.0,3,1,9.0,0.0,4.0,1.0,1981.0,1.0,7,0,0.0,1.0,2.0,1.0
8744,4,21,1700,1,1,1,2.0,7.0,46.0,530,3.0,2.0,0.0,0.0,0.0,1.0,2.0,1,1,4.0,0.0,0.0,0.0,1981.0,2.0,7,0,13.0,0.0,0.0,1.0
8745,5,4,1230,1,1,2,1.0,3.0,66.0,530,3.0,3.0,2.0,0.0,1.0,1.0,1.0,1,4,1.0,0.0,0.0,0.0,1983.0,2.0,7,0,0.0,2.0,1.0,1.0
8746,5,4,1230,1,1,2,1.0,3.0,66.0,530,3.0,3.0,2.0,0.0,1.0,1.0,1.0,1,4,1.0,0.0,0.0,0.0,1983.0,2.0,7,0,0.0,2.0,3.0,1.0
8747,5,4,1230,1,1,2,1.0,3.0,66.0,530,3.0,3.0,2.0,0.0,1.0,1.0,1.0,1,1,2.0,0.0,0.0,0.0,1993.0,2.0,7,0,0.0,2.0,1.0,1.0
8748,5,4,1230,1,1,2,1.0,3.0,66.0,530,3.0,3.0,2.0,0.0,1.0,1.0,1.0,1,1,2.0,0.0,0.0,0.0,1993.0,2.0,7,0,0.0,2.0,3.0,1.0
8749,5,8,1400,1,1,1,1.0,6.0,78.0,530,4.0,2.0,0.0,0.0,1.0,2.0,1.0,1,4,1.0,0.0,0.0,0.0,1994.0,0.0,7,0,13.0,1.0,3.0,1.0
8750,5,8,1400,1,1,1,1.0,6.0,78.0,530,4.0,2.0,0.0,0.0,1.0,2.0,1.0,3,4,4.0,6.0,1.0,4.0,1940.0,0.0,7,0,13.0,1.0,3.0,1.0
8751,5,8,1400,1,1,1,1.0,6.0,78.0,530,4.0,2.0,0.0,0.0,1.0,2.0,1.0,3,4,4.0,6.0,1.0,4.0,1945.0,0.0,7,0,13.0,1.0,3.0,1.0
8752,6,7,1545,1,2,1,1.0,6.0,104.0,530,3.0,2.0,0.0,0.0,1.0,1.0,1.0,1,4,1.0,0.0,0.0,0.0,1978.0,1.0,7,0,0.0,1.0,3.0,1.0
8753,6,7,1545,1,2,1,1.0,6.0,104.0,530,3.0,2.0,0.0,0.0,1.0,1.0,1.0,3,1,3.0,2.0,3.0,1.0,1944.0,1.0,7,0,0.0,1.0,3.0,1.0
8754,6,26,430,2,1,1,1.0,6.0,62.0,530,3.0,2.0,2.0,0.0,1.0,2.0,1.0,1,1,9.0,0.0,0.0,0.0,1996.0,2.0,33,0,2.0,0.0,1.0,1.0
8755,7,5,1430,1,2,3,1.0,3.0,62.0,530,3.0,2.0,2.0,0.0,4.0,1.0,1.0,1,1,1.0,0.0,0.0,0.0,1994.0,2.0,30,0,0.0,2.0,1.0,15.0
8756,7,5,1430,1,2,3,1.0,3.0,62.0,530,3.0,2.0,2.0,0.0,4.0,1.0,1.0,1,1,1.0,0.0,0.0,0.0,1994.0,0.0,7,0,0.0,2.0,2.0,1.0
8757,7,5,1430,1,2,3,1.0,3.0,62.0,530,3.0,2.0,2.0,0.0,4.0,1.0,1.0,1,1,4.0,0.0,0.0,0.0,1940.0,2.0,30,0,0.0,2.0,1.0,15.0
8758,7,5,1430,1,2,3,1.0,3.0,62.0,530,3.0,2.0,2.0,0.0,4.0,1.0,1.0,1,1,4.0,0.0,0.0,0.0,1940.0,0.0,7,0,0.0,2.0,2.0,1.0
8759,7,16,1445,1,2,1,1.0,3.0,14.0,530,2.0,2.0,2.0,0.0,1.0,1.0,1.0,1,1,4.0,0.0,0.0,0.0,1962.0,1.0,10,0,0.0,2.0,2.0,2.0
8760,7,16,1445,1,2,1,1.0,3.0,14.0,530,2.0,2.0,2.0,0.0,1.0,1.0,1.0,1,1,4.0,0.0,0.0,0.0,1962.0,1.0,1,0,0.0,0.0,0.0,0.0
8761,7,16,1445,1,2,1,1.0,3.0,14.0,530,2.0,2.0,2.0,0.0,1.0,1.0,1.0,1,4,3.0,0.0,0.0,0.0,1947.0,1.0,10,0,0.0,2.0,2.0,2.0
8762,7,16,1445,1,2,1,1.0,3.0,14.0,530,2.0,2.0,2.0,0.0,1.0,1.0,1.0,1,4,3.0,0.0,0.0,0.0,1947.0,1.0,1,0,0.0,0.0,0.0,0.0
8763,7,18,915,1,2,1,1.0,3.0,62.0,530,9.0,2.0,2.0,0.0,1.0,1.0,1.0,1,1,4.0,0.0,0.0,0.0,1948.0,1.0,7,0,0.0,9.0,3.0,15.0
8764,7,18,915,1,2,1,1.0,3.0,62.0,530,9.0,2.0,2.0,0.0,1.0,1.0,1.0,1,1,4.0,0.0,0.0,0.0,1948.0,2.0,1,0,0.0,2.0,8.0,1.0
8765,7,18,915,1,2,1,1.0,3.0,62.0,530,9.0,2.0,2.0,0.0,1.0,1.0,1.0,1,1,4.0,0.0,0.0,0.0,1937.0,1.0,7,0,0.0,9.0,3.0,15.0
8766,7,18,915,1,2,1,1.0,3.0,62.0,530,9.0,2.0,2.0,0.0,1.0,1.0,1.0,1,1,4.0,0.0,0.0,0.0,1937.0,2.0,1,0,0.0,2.0,8.0,1.0
8767,7,31,1315,1,1,1,1.0,7.0,117.0,530,3.0,2.0,2.0,0.0,1.0,2.0,1.0,1,1,4.0,0.0,0.0,0.0,1995.0,2.0,7,0,13.0,0.0,3.0,1.0
8768,8,20,1215,1,1,1,1.0,7.0,29.0,530,3.0,2.0,2.0,0.0,0.0,2.0,1.0,1,1,4.0,0.0,0.0,0.0,1990.0,1.0,33,0,13.0,0.0,1.0,14.0
8769,8,20,1215,1,1,1,1.0,7.0,29.0,530,3.0,2.0,2.0,0.0,0.0,2.0,1.0,4,4,0.0,0.0,0.0,0.0,1989.0,1.0,33,0,13.0,0.0,1.0,14.0
8770,9,1,915,1,1,2,1.0,3.0,46.0,530,3.0,0.0,2.0,0.0,1.0,1.0,1.0,1,1,0.0,0.0,0.0,0.0,1953.0,2.0,7,0,0.0,0.0,1.0,0.0
8771,9,1,915,1,1,2,1.0,3.0,46.0,530,3.0,0.0,2.0,0.0,1.0,1.0,1.0,1,1,0.0,0.0,0.0,0.0,1953.0,1.0,7,0,0.0,0.0,7.0,0.0
8772,9,1,915,1,1,2,1.0,3.0,46.0,530,3.0,0.0,2.0,0.0,1.0,1.0,1.0,1,1,0.0,0.0,0.0,0.0,1961.0,2.0,7,0,0.0,0.0,1.0,0.0
8773,9,1,915,1,1,2,1.0,3.0,46.0,530,3.0,0.0,2.0,0.0,1.0,1.0,1.0,1,1,0.0,0.0,0.0,0.0,1961.0,1.0,7,0,0.0,0.0,7.0,0.0
8774,9,13,2330,3,1,1,6.0,6.0,14.0,530,3.0,2.0,2.0,0.0,2.0,1.0,2.0,1,1,1.0,0.0,0.0,0.0,1986.0,2.0,2,0,2.0,0.0,1.0,1.0
8775,10,5,1745,1,1,1,1.0,2.0,4.0,530,3.0,2.0,0.0,0.0,0.0,1.0,1.0,1,1,4.0,0.0,0.0,0.0,1997.0,1.0,7,0,0.0,2.0,6.0,17.0
8776,10,5,1745,1,1,1,1.0,2.0,4.0,530,3.0,2.0,0.0,0.0,0.0,1.0,1.0,1,1,4.0,0.0,0.0,0.0,1997.0,1.0,7,0,0.0,2.0,6.0,2.0
8777,10,5,1745,1,1,1,1.0,2.0,4.0,530,3.0,2.0,0.0,0.0,0.0,1.0,1.0,1,4,4.0,0.0,0.0,0.0,1954.0,1.0,7,0,0.0,2.0,6.0,17.0
8778,10,5,1745,1,1,1,1.0,2.0,4.0,530,3.0,2.0,0.0,0.0,0.0,1.0,1.0,1,4,4.0,0.0,0.0,0.0,1954.0,1.0,7,0,0.0,2.0,6.0,2.0
8779,10,18,845,1,2,1,8.0,6.0,62.0,530,4.0,0.0,0.0,0.0,1.0,1.0,1.0,1,4,4.0,0.0,0.0,0.0,1947.0,0.0,7,0,0.0,1.0,1.0,1.0
8780,10,18,845,1,2,1,8.0,6.0,62.0,530,4.0,0.0,0.0,0.0,1.0,1.0,1.0,3,1,4.0,2.0,3.0,1.0,1937.0,0.0,7,0,0.0,1.0,1.0,1.0
8781,11,20,45,3,1,1,6.0,6.0,150.0,530,3.0,2.0,2.0,0.0,1.0,1.0,2.0,1,1,9.0,0.0,0.0,0.0,1985.0,1.0,7,0,8.0,0.0,1.0,1.0
8782,11,22,115,3,1,1,1.0,6.0,62.0,530,3.0,2.0,2.0,0.0,1.0,1.0,1.0,1,1,2.0,0.0,0.0,0.0,1985.0,2.0,10,0,2.0,0.0,1.0,1.0
8783,11,22,115,3,1,1,1.0,6.0,62.0,530,3.0,2.0,2.0,0.0,1.0,1.0,1.0,4,1,0.0,0.0,0.0,0.0,1989.0,2.0,10,0,2.0,0.0,1.0,1.0
8784,11,22,115,3,1,1,1.0,6.0,62.0,530,3.0,2.0,2.0,0.0,1.0,1.0,1.0,4,4,0.0,0.0,0.0,0.0,1995.0,2.0,10,0,2.0,0.0,1.0,1.0
8785,12,1,1530,1,1,1,1.0,7.0,206.0,530,3.0,2.0,2.0,0.0,1.0,1.0,1.0,1,4,4.0,0.0,0.0,0.0,1949.0,1.0,7,0,13.0,0.0,3.0,1.0
8786,12,11,1,3,1,1,5.0,6.0,63.0,530,3.0,2.0,2.0,0.0,1.0,3.0,2.0,1,1,4.0,0.0,0.0,0.0,1997.0,1.0,7,0,13.0,0.0,2.0,1.0
8787,12,11,1,3,1,1,5.0,6.0,63.0,530,3.0,2.0,2.0,0.0,1.0,3.0,2.0,4,4,0.0,0.0,0.0,0.0,2000.0,1.0,7,0,13.0,0.0,2.0,1.0
8788,12,16,645,2,1,1,5.0,6.0,4.0,530,3.0,2.0,2.0,0.0,1.0,1.0,2.0,1,4,9.0,0.0,0.0,0.0,1946.0,1.0,7,0,13.0,0.0,2.0,1.0
8789,12,29,1245,1,1,9,1.0,2.0,37.0,530,3.0,2.0,2.0,0.0,1.0,1.0,1.0,1,1,9.0,0.0,0.0,0.0,1946.0,1.0,3,0,14.0,0.0,1.0,1.0
8790,12,29,1245,1,1,9,1.0,2.0,37.0,530,3.0,2.0,2.0,0.0,1.0,1.0,1.0,1,1,9.0,0.0,0.0,0.0,1946.0,1.0,7,0,0.0,0.0,4.0,1.0
8791,12,29,1245,1,1,9,1.0,2.0,37.0,530,3.0,2.0,2.0,0.0,1.0,1.0,1.0,1,1,9.0,0.0,0.0,0.0,1962.0,1.0,3,0,14.0,0.0,1.0,1.0
8792,12,29,1245,1,1,9,1.0,2.0,37.0,530,3.0,2.0,2.0,0.0,1.0,1.0,1.0,1,1,9.0,0.0,0.0,0.0,1962.0,1.0,7,0,0.0,0.0,4.0,1.0
8793,2,6,1815,3,1,2,6.0,3.0,135.0,530,3.0,2.0,2.0,0.0,1.0,1.0,2.0,1,1,1.0,0.0,0.0,0.0,1994.0,2.0,7,0,0.0,2.0,1.0,1.0
8794,2,6,1815,3,1,2,6.0,3.0,135.0,530,3.0,2.0,2.0,0.0,1.0,1.0,2.0,1,1,1.0,0.0,0.0,0.0,1994.0,2.0,7,0,0.0,0.0,7.0,19.0
8795,2,6,1815,3,1,2,6.0,3.0,135.0,530,3.0,2.0,2.0,0.0,1.0,1.0,2.0,1,1,4.0,0.0,0.0,0.0,1984.0,2.0,7,0,0.0,2.0,1.0,1.0
8796,2,6,1815,3,1,2,6.0,3.0,135.0,530,3.0,2.0,2.0,0.0,1.0,1.0,2.0,1,1,4.0,0.0,0.0,0.0,1984.0,2.0,7,0,0.0,0.0,7.0,19.0
8797,2,25,815,1,1,1,1.0,1.0,77.0,530,3.0,2.0,2.0,0.0,1.0,1.0,1.0,1,1,1.0,0.0,0.0,0.0,1993.0,1.0,7,0,0.0,2.0,2.0,17.0
8798,2,25,815,1,1,1,1.0,1.0,77.0,530,3.0,2.0,2.0,0.0,1.0,1.0,1.0,1,1,1.0,0.0,0.0,0.0,1993.0,2.0,7,0,0.0,2.0,2.0,14.0
8799,2,25,815,1,1,1,1.0,1.0,77.0,530,3.0,2.0,2.0,0.0,1.0,1.0,1.0,1,1,1.0,0.0,0.0,0.0,2000.0,1.0,7,0,0.0,2.0,2.0,17.0
8800,2,25,815,1,1,1,1.0,1.0,77.0,530,3.0,2.0,2.0,0.0,1.0,1.0,1.0,1,1,1.0,0.0,0.0,0.0,2000.0,2.0,7,0,0.0,2.0,2.0,14.0
8801,2,25,815,1,1,1,1.0,1.0,77.0,530,3.0,2.0,2.0,0.0,1.0,1.0,1.0,4,4,0.0,0.0,0.0,0.0,1961.0,1.0,7,0,0.0,2.0,2.0,17.0
8802,2,25,815,1,1,1,1.0,1.0,77.0,530,3.0,2.0,2.0,0.0,1.0,1.0,1.0,4,4,0.0,0.0,0.0,0.0,1961.0,2.0,7,0,0.0,2.0,2.0,14.0
8803,3,7,1800,1,1,1,1.0,7.0,77.0,530,3.0,2.0,2.0,0.0,2.0,1.0,1.0,1,1,4.0,0.0,0.0,0.0,1955.0,2.0,7,0,13.0,0.0,3.0,13.0
8804,3,7,1800,1,1,1,1.0,7.0,77.0,530,3.0,2.0,2.0,0.0,2.0,1.0,1.0,4,4,0.0,0.0,0.0,0.0,1956.0,2.0,7,0,13.0,0.0,3.0,13.0
8805,3,7,1800,1,1,1,1.0,7.0,77.0,530,3.0,2.0,2.0,0.0,2.0,1.0,1.0,4,1,0.0,0.0,0.0,0.0,1985.0,2.0,7,0,13.0,0.0,3.0,13.0
8806,6,5,45,3,1,1,1.0,7.0,84.0,530,3.0,2.0,2.0,0.0,0.0,1.0,1.0,1,1,4.0,0.0,0.0,0.0,1994.0,2.0,7,0,0.0,0.0,0.0,1.0
8807,6,5,45,3,1,1,1.0,7.0,84.0,530,3.0,2.0,2.0,0.0,0.0,1.0,1.0,4,1,0.0,0.0,0.0,0.0,1994.0,2.0,7,0,0.0,0.0,0.0,1.0
8808,6,24,1500,1,1,1,1.0,3.0,77.0,530,3.0,2.0,2.0,0.0,1.0,1.0,1.0,1,1,1.0,0.0,0.0,0.0,1955.0,1.0,21,0,0.0,2.0,1.0,15.0
8809,6,24,1500,1,1,1,1.0,3.0,77.0,530,3.0,2.0,2.0,0.0,1.0,1.0,1.0,1,1,1.0,0.0,0.0,0.0,1955.0,1.0,7,0,0.0,2.0,2.0,17.0
8810,6,24,1500,1,1,1,1.0,3.0,77.0,530,3.0,2.0,2.0,0.0,1.0,1.0,1.0,1,1,4.0,0.0,0.0,0.0,1938.0,1.0,21,0,0.0,2.0,1.0,15.0
8811,6,24,1500,1,1,1,1.0,3.0,77.0,530,3.0,2.0,2.0,0.0,1.0,1.0,1.0,1,1,4.0,0.0,0.0,0.0,1938.0,1.0,7,0,0.0,2.0,2.0,17.0
8812,6,24,1500,1,1,1,1.0,3.0,77.0,530,3.0,2.0,2.0,0.0,1.0,1.0,1.0,4,4,0.0,0.0,0.0,0.0,1940.0,1.0,21,0,0.0,2.0,1.0,15.0
8813,6,24,1500,1,1,1,1.0,3.0,77.0,530,3.0,2.0,2.0,0.0,1.0,1.0,1.0,4,4,0.0,0.0,0.0,0.0,1940.0,1.0,7,0,0.0,2.0,2.0,17.0
8814,7,11,1730,1,1,1,1.0,7.0,258.0,530,3.0,2.0,2.0,0.0,0.0,2.0,1.0,1,1,4.0,0.0,0.0,0.0,1997.0,1.0,7,0,13.0,0.0,2.0,14.0
8815,7,11,1730,1,1,1,1.0,7.0,258.0,530,3.0,2.0,2.0,0.0,0.0,2.0,1.0,4,4,0.0,0.0,0.0,0.0,1998.0,1.0,7,0,13.0,0.0,2.0,14.0
8816,12,2,1915,3,1,1,5.0,6.0,191.0,530,3.0,2.0,0.0,0.0,2.0,3.0,1.0,1,1,0.0,0.0,0.0,0.0,1945.0,1.0,7,0,13.0,0.0,3.0,13.0
8817,12,5,830,1,2,6,1.0,3.0,84.0,530,3.0,2.0,2.0,0.0,1.0,2.0,1.0,1,1,2.0,0.0,0.0,0.0,1959.0,1.0,10,0,0.0,2.0,3.0,9.0
8818,12,5,830,1,2,6,1.0,3.0,84.0,530,3.0,2.0,2.0,0.0,1.0,2.0,1.0,1,1,2.0,0.0,0.0,0.0,1959.0,1.0,1,0,0.0,2.0,1.0,1.0
8819,12,5,830,1,2,6,1.0,3.0,84.0,530,3.0,2.0,2.0,0.0,1.0,2.0,1.0,1,4,1.0,0.0,0.0,0.0,1968.0,1.0,10,0,0.0,2.0,3.0,9.0
8820,12,5,830,1,2,6,1.0,3.0,84.0,530,3.0,2.0,2.0,0.0,1.0,2.0,1.0,1,4,1.0,0.0,0.0,0.0,1968.0,1.0,1,0,0.0,2.0,1.0,1.0
8821,12,18,700,3,1,1,5.0,3.0,58.0,530,3.0,2.0,2.0,0.0,1.0,1.0,2.0,1,1,4.0,0.0,0.0,0.0,1992.0,2.0,7,0,0.0,2.0,3.0,13.0
8822,12,18,700,3,1,1,5.0,3.0,58.0,530,3.0,2.0,2.0,0.0,1.0,1.0,2.0,1,1,4.0,0.0,0.0,0.0,1992.0,1.0,7,0,0.0,2.0,3.0,1.0
8823,12,18,700,3,1,1,5.0,3.0,58.0,530,3.0,2.0,2.0,0.0,1.0,1.0,2.0,1,1,4.0,0.0,0.0,0.0,1965.0,2.0,7,0,0.0,2.0,3.0,13.0
8824,12,18,700,3,1,1,5.0,3.0,58.0,530,3.0,2.0,2.0,0.0,1.0,1.0,2.0,1,1,4.0,0.0,0.0,0.0,1965.0,1.0,7,0,0.0,2.0,3.0,1.0
8825,12,18,700,3,1,1,5.0,3.0,58.0,530,3.0,2.0,2.0,0.0,1.0,1.0,2.0,4,4,0.0,0.0,0.0,0.0,1966.0,2.0,7,0,0.0,2.0,3.0,13.0
8826,12,18,700,3,1,1,5.0,3.0,58.0,530,3.0,2.0,2.0,0.0,1.0,1.0,2.0,4,4,0.0,0.0,0.0,0.0,1966.0,1.0,7,0,0.0,2.0,3.0,1.0
8827,2,29,1600,1,2,1,7.0,6.0,147.0,530,3.0,3.0,2.0,0.0,1.0,1.0,1.0,1,1,3.0,0.0,0.0,0.0,1926.0,1.0,7,0,0.0,1.0,1.0,1.0
8828,2,29,1600,1,2,1,7.0,6.0,147.0,530,3.0,3.0,2.0,0.0,1.0,1.0,1.0,3,4,3.0,2.0,3.0,1.0,1944.0,1.0,7,0,0.0,1.0,1.0,1.0
8829,4,29,1800,1,2,1,1.0,2.0,147.0,530,2.0,2.0,0.0,0.0,1.0,3.0,1.0,1,1,4.0,0.0,0.0,0.0,1974.0,1.0,33,0,0.0,2.0,1.0,1.0