,month,day,time,light,location,intersection,atmosphere,collision,municipality,department,road,traffic,nblanes,reslane,laneprofile,plan,surface,user,sex,route,pedlocation,pedaction,pedcondition,birth,dirtraffic,catvehicle,nboccupants,obstacle,movobstacle,impact,maneuver
8830,4,29,1800,1,2,1,1.0,2.0,147.0,530,2.0,2.0,0.0,0.0,1.0,3.0,1.0,1,1,4.0,0.0,0.0,0.0,1974.0,1.0,7,0,0.0,0.0,4.0,1.0
8831,4,29,1800,1,2,1,1.0,2.0,147.0,530,2.0,2.0,0.0,0.0,1.0,3.0,1.0,1,1,4.0,0.0,0.0,0.0,1992.0,1.0,33,0,0.0,2.0,1.0,1.0
8832,4,29,1800,1,2,1,1.0,2.0,147.0,530,2.0,2.0,0.0,0.0,1.0,3.0,1.0,1,1,4.0,0.0,0.0,0.0,1992.0,1.0,7,0,0.0,0.0,4.0,1.0
8833,5,24,1630,1,1,3,1.0,3.0,8.0,530,3.0,2.0,0.0,0.0,1.0,3.0,1.0,1,1,4.0,0.0,0.0,0.0,1982.0,2.0,33,0,0.0,9.0,0.0,1.0
8834,5,24,1630,1,1,3,1.0,3.0,8.0,530,3.0,2.0,0.0,0.0,1.0,3.0,1.0,1,1,4.0,0.0,0.0,0.0,1982.0,0.0,1,0,0.0,2.0,2.0,19.0
8835,5,24,1630,1,1,3,1.0,3.0,8.0,530,3.0,2.0,0.0,0.0,1.0,3.0,1.0,1,1,4.0,0.0,0.0,0.0,1936.0,2.0,33,0,0.0,9.0,0.0,1.0
8836,5,24,1630,1,1,3,1.0,3.0,8.0,530,3.0,2.0,0.0,0.0,1.0,3.0,1.0,1,1,4.0,0.0,0.0,0.0,1936.0,0.0,1,0,0.0,2.0,2.0,19.0
8837,8,20,1300,1,1,1,1.0,5.0,8.0,530,2.0,2.0,2.0,0.0,0.0,1.0,1.0,1,1,9.0,0.0,0.0,0.0,1958.0,1.0,33,0,0.0,2.0,1.0,1.0
8838,8,20,1300,1,1,1,1.0,5.0,8.0,530,2.0,2.0,2.0,0.0,0.0,1.0,1.0,1,1,9.0,0.0,0.0,0.0,1958.0,1.0,7,0,0.0,2.0,1.0,1.0
8839,8,20,1300,1,1,1,1.0,5.0,8.0,530,2.0,2.0,2.0,0.0,0.0,1.0,1.0,1,1,9.0,0.0,0.0,0.0,1958.0,2.0,7,0,0.0,2.0,9.0,13.0
8840,8,20,1300,1,1,1,1.0,5.0,8.0,530,2.0,2.0,2.0,0.0,0.0,1.0,1.0,1,1,0.0,0.0,0.0,0.0,1954.0,1.0,33,0,0.0,2.0,1.0,1.0
8841,8,20,1300,1,1,1,1.0,5.0,8.0,530,2.0,2.0,2.0,0.0,0.0,1.0,1.0,1,1,0.0,0.0,0.0,0.0,1954.0,1.0,7,0,0.0,2.0,1.0,1.0
8842,8,20,1300,1,1,1,1.0,5.0,8.0,530,2.0,2.0,2.0,0.0,0.0,1.0,1.0,1,1,0.0,0.0,0.0,0.0,1954.0,2.0,7,0,0.0,2.0,9.0,13.0
8843,8,20,1300,1,1,1,1.0,5.0,8.0,530,2.0,2.0,2.0,0.0,0.0,1.0,1.0,1,1,4.0,0.0,0.0,0.0,1993.0,1.0,33,0,0.0,2.0,1.0,1.0
8844,8,20,1300,1,1,1,1.0,5.0,8.0,530,2.0,2.0,2.0,0.0,0.0,1.0,1.0,1,1,4.0,0.0,0.0,0.0,1993.0,1.0,7,0,0.0,2.0,1.0,1.0
8845,8,20,1300,1,1,1,1.0,5.0,8.0,530,2.0,2.0,2.0,0.0,0.0,1.0,1.0,1,1,4.0,0.0,0.0,0.0,1993.0,2.0,7,0,0.0,2.0,9.0,13.0
8846,8,20,1300,1,1,1,1.0,5.0,8.0,530,2.0,2.0,2.0,0.0,0.0,1.0,1.0,4,4,0.0,0.0,0.0,0.0,2015.0,1.0,33,0,0.0,2.0,1.0,1.0
8847,8,20,1300,1,1,1,1.0,5.0,8.0,530,2.0,2.0,2.0,0.0,0.0,1.0,1.0,4,4,0.0,0.0,0.0,0.0,2015.0,1.0,7,0,0.0,2.0,1.0,1.0
8848,8,20,1300,1,1,1,1.0,5.0,8.0,530,2.0,2.0,2.0,0.0,0.0,1.0,1.0,4,4,0.0,0.0,0.0,0.0,2015.0,2.0,7,0,0.0,2.0,9.0,13.0
8849,8,20,745,2,1,1,1.0,2.0,8.0,530,2.0,2.0,2.0,0.0,1.0,1.0,1.0,1,1,4.0,0.0,0.0,0.0,1996.0,2.0,33,0,0.0,2.0,1.0,2.0
8850,8,20,745,2,1,1,1.0,2.0,8.0,530,2.0,2.0,2.0,0.0,1.0,1.0,1.0,1,1,4.0,0.0,0.0,0.0,1996.0,2.0,7,0,0.0,2.0,4.0,15.0
8851,8,20,745,2,1,1,1.0,2.0,8.0,530,2.0,2.0,2.0,0.0,1.0,1.0,1.0,1,1,4.0,0.0,0.0,0.0,1956.0,2.0,33,0,0.0,2.0,1.0,2.0
8852,8,20,745,2,1,1,1.0,2.0,8.0,530,2.0,2.0,2.0,0.0,1.0,1.0,1.0,1,1,4.0,0.0,0.0,0.0,1956.0,2.0,7,0,0.0,2.0,4.0,15.0
8853,8,20,745,2,1,1,1.0,2.0,8.0,530,2.0,2.0,2.0,0.0,1.0,1.0,1.0,4,4,0.0,0.0,0.0,0.0,1952.0,2.0,33,0,0.0,2.0,1.0,2.0
8854,8,20,745,2,1,1,1.0,2.0,8.0,530,2.0,2.0,2.0,0.0,1.0,1.0,1.0,4,4,0.0,0.0,0.0,0.0,1952.0,2.0,7,0,0.0,2.0,4.0,15.0
8855,9,10,1100,1,2,6,1.0,3.0,147.0,530,4.0,2.0,2.0,1.0,4.0,1.0,1.0,1,4,4.0,0.0,0.0,0.0,1933.0,0.0,7,0,0.0,9.0,1.0,1.0
8856,9,10,1100,1,2,6,1.0,3.0,147.0,530,4.0,2.0,2.0,1.0,4.0,1.0,1.0,1,4,4.0,0.0,0.0,0.0,1933.0,0.0,1,0,0.0,2.0,8.0,19.0
8857,9,10,1100,1,2,6,1.0,3.0,147.0,530,4.0,2.0,2.0,1.0,4.0,1.0,1.0,1,1,4.0,0.0,0.0,0.0,1943.0,0.0,7,0,0.0,9.0,1.0,1.0
8858,9,10,1100,1,2,6,1.0,3.0,147.0,530,4.0,2.0,2.0,1.0,4.0,1.0,1.0,1,1,4.0,0.0,0.0,0.0,1943.0,0.0,1,0,0.0,2.0,8.0,19.0
8859,10,6,815,1,1,1,1.0,7.0,72.0,530,4.0,2.0,0.0,0.0,2.0,1.0,1.0,1,4,1.0,0.0,0.0,0.0,1973.0,1.0,7,0,0.0,0.0,1.0,1.0
8860,10,11,1030,1,2,6,7.0,3.0,147.0,530,4.0,1.0,1.0,0.0,1.0,3.0,1.0,1,1,1.0,0.0,0.0,0.0,1967.0,1.0,33,0,0.0,2.0,2.0,12.0
8861,10,11,1030,1,2,6,7.0,3.0,147.0,530,4.0,1.0,1.0,0.0,1.0,3.0,1.0,1,1,1.0,0.0,0.0,0.0,1967.0,1.0,10,0,0.0,2.0,8.0,12.0
8862,10,11,1030,1,2,6,7.0,3.0,147.0,530,4.0,1.0,1.0,0.0,1.0,3.0,1.0,1,1,0.0,0.0,0.0,0.0,1962.0,1.0,33,0,0.0,2.0,2.0,12.0
8863,10,11,1030,1,2,6,7.0,3.0,147.0,530,4.0,1.0,1.0,0.0,1.0,3.0,1.0,1,1,0.0,0.0,0.0,0.0,1962.0,1.0,10,0,0.0,2.0,8.0,12.0
8864,1,23,1715,1,2,1,1.0,6.0,96.0,530,2.0,2.0,2.0,0.0,1.0,1.0,1.0,1,4,4.0,0.0,0.0,0.0,1930.0,2.0,7,0,0.0,1.0,3.0,1.0
8865,1,23,1715,1,2,1,1.0,6.0,96.0,530,2.0,2.0,2.0,0.0,1.0,1.0,1.0,3,4,4.0,2.0,3.0,1.0,1953.0,2.0,7,0,0.0,1.0,3.0,1.0
8866,5,8,600,3,1,1,1.0,6.0,64.0,530,3.0,2.0,0.0,0.0,0.0,1.0,1.0,1,1,0.0,0.0,0.0,0.0,1992.0,2.0,7,0,15.0,0.0,7.0,1.0
8867,6,9,745,1,2,1,1.0,1.0,107.0,530,3.0,2.0,2.0,0.0,1.0,1.0,1.0,1,1,1.0,0.0,0.0,0.0,1986.0,2.0,33,0,8.0,2.0,2.0,13.0
8868,6,9,745,1,2,1,1.0,1.0,107.0,530,3.0,2.0,2.0,0.0,1.0,1.0,1.0,1,1,1.0,0.0,0.0,0.0,1986.0,1.0,7,0,0.0,2.0,2.0,1.0
8869,6,9,745,1,2,1,1.0,1.0,107.0,530,3.0,2.0,2.0,0.0,1.0,1.0,1.0,1,1,4.0,0.0,0.0,0.0,1955.0,2.0,33,0,8.0,2.0,2.0,13.0
8870,6,9,745,1,2,1,1.0,1.0,107.0,530,3.0,2.0,2.0,0.0,1.0,1.0,1.0,1,1,4.0,0.0,0.0,0.0,1955.0,1.0,7,0,0.0,2.0,2.0,1.0
8871,7,1,2000,1,1,1,2.0,6.0,245.0,530,2.0,2.0,0.0,0.0,0.0,1.0,2.0,1,1,4.0,0.0,0.0,0.0,1941.0,1.0,14,0,0.0,0.0,0.0,0.0
8872,7,5,1045,1,1,1,1.0,1.0,111.0,530,3.0,2.0,2.0,0.0,2.0,1.0,1.0,1,1,2.0,0.0,0.0,0.0,1966.0,1.0,7,0,0.0,2.0,1.0,1.0
8873,7,5,1045,1,1,1,1.0,1.0,111.0,530,3.0,2.0,2.0,0.0,2.0,1.0,1.0,1,1,2.0,0.0,0.0,0.0,1966.0,2.0,7,0,0.0,2.0,1.0,5.0
8874,7,5,1045,1,1,1,1.0,1.0,111.0,530,3.0,2.0,2.0,0.0,2.0,1.0,1.0,1,1,9.0,0.0,0.0,0.0,1990.0,1.0,7,0,0.0,2.0,1.0,1.0
8875,7,5,1045,1,1,1,1.0,1.0,111.0,530,3.0,2.0,2.0,0.0,2.0,1.0,1.0,1,1,9.0,0.0,0.0,0.0,1990.0,2.0,7,0,0.0,2.0,1.0,5.0
8876,7,7,1115,1,2,1,1.0,7.0,96.0,530,4.0,2.0,2.0,0.0,1.0,1.0,1.0,1,1,0.0,0.0,0.0,0.0,1930.0,2.0,1,0,0.0,0.0,0.0,1.0
8877,7,10,2030,1,1,1,1.0,4.0,177.0,530,2.0,3.0,2.0,0.0,3.0,0.0,1.0,1,4,4.0,0.0,0.0,0.0,1980.0,1.0,7,0,0.0,2.0,1.0,15.0
8878,7,10,2030,1,1,1,1.0,4.0,177.0,530,2.0,3.0,2.0,0.0,3.0,0.0,1.0,1,4,4.0,0.0,0.0,0.0,1980.0,2.0,7,0,0.0,2.0,1.0,1.0
8879,7,10,2030,1,1,1,1.0,4.0,177.0,530,2.0,3.0,2.0,0.0,3.0,0.0,1.0,1,4,4.0,0.0,0.0,0.0,1980.0,1.0,7,0,0.0,2.0,1.0,1.0
8880,7,10,2030,1,1,1,1.0,4.0,177.0,530,2.0,3.0,2.0,0.0,3.0,0.0,1.0,4,1,0.0,0.0,0.0,0.0,1980.0,1.0,7,0,0.0,2.0,1.0,15.0
8881,7,10,2030,1,1,1,1.0,4.0,177.0,530,2.0,3.0,2.0,0.0,3.0,0.0,1.0,4,1,0.0,0.0,0.0,0.0,1980.0,2.0,7,0,0.0,2.0,1.0,1.0
8882,7,10,2030,1,1,1,1.0,4.0,177.0,530,2.0,3.0,2.0,0.0,3.0,0.0,1.0,4,1,0.0,0.0,0.0,0.0,1980.0,1.0,7,0,0.0,2.0,1.0,1.0
8883,7,10,2030,1,1,1,1.0,4.0,177.0,530,2.0,3.0,2.0,0.0,3.0,0.0,1.0,4,1,0.0,0.0,0.0,0.0,2008.0,1.0,7,0,0.0,2.0,1.0,15.0
8884,7,10,2030,1,1,1,1.0,4.0,177.0,530,2.0,3.0,2.0,0.0,3.0,0.0,1.0,4,1,0.0,0.0,0.0,0.0,2008.0,2.0,7,0,0.0,2.0,1.0,1.0
8885,7,10,2030,1,1,1,1.0,4.0,177.0,530,2.0,3.0,2.0,0.0,3.0,0.0,1.0,4,1,0.0,0.0,0.0,0.0,2008.0,1.0,7,0,0.0,2.0,1.0,1.0
8886,7,10,2030,1,1,1,1.0,4.0,177.0,530,2.0,3.0,2.0,0.0,3.0,0.0,1.0,4,4,0.0,0.0,0.0,0.0,2011.0,1.0,7,0,0.0,2.0,1.0,15.0
8887,7,10,2030,1,1,1,1.0,4.0,177.0,530,2.0,3.0,2.0,0.0,3.0,0.0,1.0,4,4,0.0,0.0,0.0,0.0,2011.0,2.0,7,0,0.0,2.0,1.0,1.0
8888,7,10,2030,1,1,1,1.0,4.0,177.0,530,2.0,3.0,2.0,0.0,3.0,0.0,1.0,4,4,0.0,0.0,0.0,0.0,2011.0,1.0,7,0,0.0,2.0,1.0,1.0
8889,7,10,2030,1,1,1,1.0,4.0,177.0,530,2.0,3.0,2.0,0.0,3.0,0.0,1.0,1,1,4.0,0.0,0.0,0.0,1955.0,1.0,7,0,0.0,2.0,1.0,15.0
8890,7,10,2030,1,1,1,1.0,4.0,177.0,530,2.0,3.0,2.0,0.0,3.0,0.0,1.0,1,1,4.0,0.0,0.0,0.0,1955.0,2.0,7,0,0.0,2.0,1.0,1.0
8891,7,10,2030,1,1,1,1.0,4.0,177.0,530,2.0,3.0,2.0,0.0,3.0,0.0,1.0,1,1,4.0,0.0,0.0,0.0,1955.0,1.0,7,0,0.0,2.0,1.0,1.0
8892,7,10,2030,1,1,1,1.0,4.0,177.0,530,2.0,3.0,2.0,0.0,3.0,0.0,1.0,4,1,0.0,0.0,0.0,0.0,1956.0,1.0,7,0,0.0,2.0,1.0,15.0
8893,7,10,2030,1,1,1,1.0,4.0,177.0,530,2.0,3.0,2.0,0.0,3.0,0.0,1.0,4,1,0.0,0.0,0.0,0.0,1956.0,2.0,7,0,0.0,2.0,1.0,1.0
8894,7,10,2030,1,1,1,1.0,4.0,177.0,530,2.0,3.0,2.0,0.0,3.0,0.0,1.0,4,1,0.0,0.0,0.0,0.0,1956.0,1.0,7,0,0.0,2.0,1.0,1.0
8895,7,10,2030,1,1,1,1.0,4.0,177.0,530,2.0,3.0,2.0,0.0,3.0,0.0,1.0,1,4,4.0,0.0,0.0,0.0,1994.0,1.0,7,0,0.0,2.0,1.0,15.0
8896,7,10,2030,1,1,1,1.0,4.0,177.0,530,2.0,3.0,2.0,0.0,3.0,0.0,1.0,1,4,4.0,0.0,0.0,0.0,1994.0,2.0,7,0,0.0,2.0,1.0,1.0
8897,7,10,2030,1,1,1,1.0,4.0,177.0,530,2.0,3.0,2.0,0.0,3.0,0.0,1.0,1,4,4.0,0.0,0.0,0.0,1994.0,1.0,7,0,0.0,2.0,1.0,1.0
8898,9,7,1900,1,2,1,7.0,6.0,96.0,530,2.0,2.0,2.0,0.0,2.0,0.0,1.0,1,4,9.0,0.0,0.0,0.0,1964.0,1.0,7,0,0.0,1.0,1.0,1.0
8899,9,7,1900,1,2,1,7.0,6.0,96.0,530,2.0,2.0,2.0,0.0,2.0,0.0,1.0,3,1,4.0,2.0,3.0,1.0,1936.0,1.0,7,0,0.0,1.0,1.0,1.0
8900,9,6,2015,1,2,1,1.0,7.0,96.0,530,4.0,2.0,2.0,0.0,1.0,1.0,8.0,1,1,1.0,0.0,0.0,0.0,1987.0,0.0,33,0,0.0,0.0,8.0,1.0
8901,11,9,1815,3,1,1,3.0,6.0,131.0,530,3.0,2.0,2.0,0.0,0.0,1.0,2.0,1,1,4.0,0.0,0.0,0.0,1953.0,2.0,10,0,0.0,1.0,2.0,11.0
8902,11,9,1815,3,1,1,3.0,6.0,131.0,530,3.0,2.0,2.0,0.0,0.0,1.0,2.0,3,1,4.0,1.0,3.0,4.0,1960.0,2.0,10,0,0.0,1.0,2.0,11.0
8903,11,28,800,1,1,1,1.0,7.0,213.0,530,3.0,2.0,2.0,0.0,2.0,2.0,1.0,1,1,0.0,0.0,0.0,0.0,1934.0,2.0,7,0,8.0,0.0,6.0,2.0
8904,4,26,1600,1,1,1,3.0,7.0,144.0,530,3.0,2.0,0.0,0.0,1.0,1.0,2.0,1,1,1.0,0.0,0.0,0.0,1982.0,2.0,7,0,13.0,0.0,3.0,17.0
8905,6,5,100,3,1,1,1.0,7.0,127.0,530,3.0,2.0,2.0,0.0,1.0,1.0,1.0,1,4,4.0,0.0,0.0,0.0,1991.0,1.0,7,0,13.0,0.0,2.0,1.0
8906,6,5,100,3,1,1,1.0,7.0,127.0,530,3.0,2.0,2.0,0.0,1.0,1.0,1.0,4,1,0.0,0.0,0.0,0.0,2016.0,1.0,7,0,13.0,0.0,2.0,1.0
8907,6,5,100,3,1,1,1.0,7.0,127.0,530,3.0,2.0,2.0,0.0,1.0,1.0,1.0,4,1,0.0,0.0,0.0,0.0,2016.0,1.0,7,0,13.0,0.0,2.0,1.0
8908,10,6,1315,1,1,1,1.0,7.0,230.0,530,3.0,2.0,0.0,0.0,1.0,4.0,9.0,1,4,4.0,0.0,0.0,0.0,1940.0,2.0,7,0,13.0,0.0,9.0,1.0
8909,6,9,1645,1,1,1,1.0,3.0,236.0,530,3.0,2.0,2.0,0.0,0.0,1.0,1.0,1,1,4.0,0.0,0.0,0.0,1961.0,1.0,7,0,0.0,2.0,7.0,15.0
8910,6,9,1645,1,1,1,1.0,3.0,236.0,530,3.0,2.0,2.0,0.0,0.0,1.0,1.0,1,1,4.0,0.0,0.0,0.0,1961.0,2.0,7,0,0.0,2.0,1.0,1.0
8911,6,9,1645,1,1,1,1.0,3.0,236.0,530,3.0,2.0,2.0,0.0,0.0,1.0,1.0,1,1,4.0,0.0,0.0,0.0,1992.0,1.0,7,0,0.0,2.0,7.0,15.0
8912,6,9,1645,1,1,1,1.0,3.0,236.0,530,3.0,2.0,2.0,0.0,0.0,1.0,1.0,1,1,4.0,0.0,0.0,0.0,1992.0,2.0,7,0,0.0,2.0,1.0,1.0
8913,10,25,2000,3,1,1,1.0,1.0,208.0,530,2.0,2.0,2.0,0.0,0.0,1.0,1.0,1,1,1.0,0.0,0.0,0.0,1971.0,2.0,7,0,0.0,2.0,1.0,17.0
8914,10,25,2000,3,1,1,1.0,1.0,208.0,530,2.0,2.0,2.0,0.0,0.0,1.0,1.0,1,1,1.0,0.0,0.0,0.0,1971.0,1.0,30,0,0.0,2.0,1.0,1.0
8915,10,25,2000,3,1,1,1.0,1.0,208.0,530,2.0,2.0,2.0,0.0,0.0,1.0,1.0,1,1,4.0,0.0,0.0,0.0,1989.0,2.0,7,0,0.0,2.0,1.0,17.0
8916,10,25,2000,3,1,1,1.0,1.0,208.0,530,2.0,2.0,2.0,0.0,0.0,1.0,1.0,1,1,4.0,0.0,0.0,0.0,1989.0,1.0,30,0,0.0,2.0,1.0,1.0
8917,2,4,1155,1,2,1,1.0,6.0,283.0,10,3.0,2.0,2.0,0.0,1.0,1.0,1.0,1,1,1.0,0.0,0.0,0.0,1979.0,1.0,7,0,0.0,1.0,0.0,1.0
8918,2,4,1155,1,2,1,1.0,6.0,283.0,10,3.0,2.0,2.0,0.0,1.0,1.0,1.0,3,1,4.0,4.0,3.0,1.0,1924.0,1.0,7,0,0.0,1.0,0.0,1.0
8919,2,20,1826,3,1,1,1.0,7.0,14.0,10,3.0,3.0,2.0,0.0,2.0,2.0,0.0,1,4,0.0,0.0,0.0,0.0,1968.0,2.0,7,0,13.0,0.0,1.0,14.0
8920,2,20,1826,3,1,1,1.0,7.0,14.0,10,3.0,3.0,2.0,0.0,2.0,2.0,0.0,4,4,0.0,0.0,0.0,0.0,2000.0,2.0,7,0,13.0,0.0,1.0,14.0
8921,3,3,640,5,2,1,4.0,3.0,283.0,10,3.0,2.0,2.0,0.0,2.0,2.0,5.0,1,1,2.0,0.0,0.0,0.0,1963.0,0.0,20,0,0.0,2.0,1.0,1.0
8922,3,3,640,5,2,1,4.0,3.0,283.0,10,3.0,2.0,2.0,0.0,2.0,2.0,5.0,1,1,2.0,0.0,0.0,0.0,1963.0,0.0,7,0,0.0,2.0,7.0,1.0
8923,3,3,640,5,2,1,4.0,3.0,283.0,10,3.0,2.0,2.0,0.0,2.0,2.0,5.0,1,4,0.0,0.0,0.0,0.0,1976.0,0.0,20,0,0.0,2.0,1.0,1.0
8924,3,3,640,5,2,1,4.0,3.0,283.0,10,3.0,2.0,2.0,0.0,2.0,2.0,5.0,1,4,0.0,0.0,0.0,0.0,1976.0,0.0,7,0,0.0,2.0,7.0,1.0
8925,4,8,1425,1,2,1,2.0,6.0,283.0,10,4.0,1.0,0.0,0.0,2.0,1.0,2.0,1,1,4.0,0.0,0.0,0.0,1968.0,2.0,33,0,0.0,0.0,0.0,1.0
8926,4,8,1425,1,2,1,2.0,6.0,283.0,10,4.0,1.0,0.0,0.0,2.0,1.0,2.0,1,1,4.0,0.0,0.0,0.0,1968.0,2.0,7,0,0.0,0.0,0.0,0.0
8927,4,8,1425,1,2,1,2.0,6.0,283.0,10,4.0,1.0,0.0,0.0,2.0,1.0,2.0,1,1,0.0,0.0,0.0,0.0,1955.0,2.0,33,0,0.0,0.0,0.0,1.0
8928,4,8,1425,1,2,1,2.0,6.0,283.0,10,4.0,1.0,0.0,0.0,2.0,1.0,2.0,1,1,0.0,0.0,0.0,0.0,1955.0,2.0,7,0,0.0,0.0,0.0,0.0
8929,5,20,1745,1,1,1,1.0,5.0,283.0,10,3.0,0.0,2.0,0.0,2.0,0.0,0.0,1,4,4.0,0.0,0.0,0.0,1936.0,1.0,7,0,0.0,2.0,8.0,0.0
8930,5,20,1745,1,1,1,1.0,5.0,283.0,10,3.0,0.0,2.0,0.0,2.0,0.0,0.0,1,4,4.0,0.0,0.0,0.0,1936.0,2.0,33,0,0.0,2.0,8.0,1.0
8931,5,20,1745,1,1,1,1.0,5.0,283.0,10,3.0,0.0,2.0,0.0,2.0,0.0,0.0,1,4,4.0,0.0,0.0,0.0,1936.0,1.0,7,0,0.0,0.0,0.0,0.0
8932,5,20,1745,1,1,1,1.0,5.0,283.0,10,3.0,0.0,2.0,0.0,2.0,0.0,0.0,1,1,4.0,0.0,0.0,0.0,1983.0,1.0,7,0,0.0,2.0,8.0,0.0
8933,5,20,1745,1,1,1,1.0,5.0,283.0,10,3.0,0.0,2.0,0.0,2.0,0.0,0.0,1,1,4.0,0.0,0.0,0.0,1983.0,2.0,33,0,0.0,2.0,8.0,1.0
8934,5,20,1745,1,1,1,1.0,5.0,283.0,10,3.0,0.0,2.0,0.0,2.0,0.0,0.0,1,1,4.0,0.0,0.0,0.0,1983.0,1.0,7,0,0.0,0.0,0.0,0.0
8935,5,20,1745,1,1,1,1.0,5.0,283.0,10,3.0,0.0,2.0,0.0,2.0,0.0,0.0,4,4,4.0,0.0,0.0,0.0,1981.0,1.0,7,0,0.0,2.0,8.0,0.0
8936,5,20,1745,1,1,1,1.0,5.0,283.0,10,3.0,0.0,2.0,0.0,2.0,0.0,0.0,4,4,4.0,0.0,0.0,0.0,1981.0,2.0,33,0,0.0,2.0,8.0,1.0
8937,5,20,1745,1,1,1,1.0,5.0,283.0,10,3.0,0.0,2.0,0.0,2.0,0.0,0.0,4,4,4.0,0.0,0.0,0.0,1981.0,1.0,7,0,0.0,0.0,0.0,0.0
8938,5,20,1745,1,1,1,1.0,5.0,283.0,10,3.0,0.0,2.0,0.0,2.0,0.0,0.0,1,1,4.0,0.0,0.0,0.0,1981.0,1.0,7,0,0.0,2.0,8.0,0.0
8939,5,20,1745,1,1,1,1.0,5.0,283.0,10,3.0,0.0,2.0,0.0,2.0,0.0,0.0,1,1,4.0,0.0,0.0,0.0,1981.0,2.0,33,0,0.0,2.0,8.0,1.0
8940,5,20,1745,1,1,1,1.0,5.0,283.0,10,3.0,0.0,2.0,0.0,2.0,0.0,0.0,1,1,4.0,0.0,0.0,0.0,1981.0,1.0,7,0,0.0,0.0,0.0,0.0
8941,6,15,415,5,2,3,1.0,3.0,283.0,10,4.0,2.0,0.0,1.0,2.0,2.0,0.0,1,4,1.0,0.0,0.0,0.0,1956.0,2.0,7,0,0.0,2.0,2.0,15.0
8942,6,15,415,5,2,3,1.0,3.0,283.0,10,4.0,2.0,0.0,1.0,2.0,2.0,0.0,1,4,1.0,0.0,0.0,0.0,1956.0,1.0,1,0,0.0,2.0,1.0,1.0
8943,6,15,415,5,2,3,1.0,3.0,283.0,10,4.0,2.0,0.0,1.0,2.0,2.0,0.0,1,1,1.0,0.0,0.0,0.0,1967.0,2.0,7,0,0.0,2.0,2.0,15.0
8944,6,15,415,5,2,3,1.0,3.0,283.0,10,4.0,2.0,0.0,1.0,2.0,2.0,0.0,1,1,1.0,0.0,0.0,0.0,1967.0,1.0,1,0,0.0,2.0,1.0,1.0
8945,7,18,1615,1,2,1,1.0,6.0,283.0,10,4.0,1.0,1.0,3.0,1.0,1.0,1.0,1,1,0.0,0.0,0.0,0.0,1966.0,2.0,7,0,0.0,1.0,3.0,0.0
8946,7,18,1615,1,2,1,1.0,6.0,283.0,10,4.0,1.0,1.0,3.0,1.0,1.0,1.0,3,1,4.0,0.0,3.0,4.0,2013.0,2.0,7,0,0.0,1.0,3.0,0.0
8947,7,24,1125,1,1,1,1.0,6.0,283.0,10,3.0,2.0,2.0,0.0,2.0,3.0,1.0,1,1,0.0,0.0,0.0,0.0,1983.0,1.0,7,0,2.0,0.0,1.0,13.0
8948,8,18,2155,5,2,3,1.0,1.0,31.0,10,4.0,2.0,0.0,0.0,1.0,1.0,2.0,1,1,4.0,0.0,0.0,0.0,1954.0,1.0,7,0,0.0,2.0,2.0,9.0
8949,8,18,2155,5,2,3,1.0,1.0,31.0,10,4.0,2.0,0.0,0.0,1.0,1.0,2.0,1,1,4.0,0.0,0.0,0.0,1954.0,2.0,2,0,0.0,2.0,1.0,1.0
8950,8,18,2155,5,2,3,1.0,1.0,31.0,10,4.0,2.0,0.0,0.0,1.0,1.0,2.0,1,1,4.0,0.0,0.0,0.0,1999.0,1.0,7,0,0.0,2.0,2.0,9.0
8951,8,18,2155,5,2,3,1.0,1.0,31.0,10,4.0,2.0,0.0,0.0,1.0,1.0,2.0,1,1,4.0,0.0,0.0,0.0,1999.0,2.0,2,0,0.0,2.0,1.0,1.0
8952,10,11,1215,1,1,1,1.0,6.0,14.0,10,3.0,1.0,2.0,0.0,2.0,2.0,1.0,1,1,4.0,0.0,0.0,0.0,1991.0,1.0,7,0,13.0,0.0,9.0,2.0
8953,10,11,1215,1,1,1,1.0,6.0,14.0,10,3.0,1.0,2.0,0.0,2.0,2.0,1.0,4,1,4.0,0.0,0.0,0.0,1999.0,1.0,7,0,13.0,0.0,9.0,2.0
8954,11,3,1810,5,2,1,1.0,6.0,283.0,10,4.0,1.0,1.0,0.0,1.0,1.0,1.0,1,1,1.0,0.0,0.0,0.0,1984.0,1.0,7,0,0.0,1.0,1.0,15.0
8955,11,3,1810,5,2,1,1.0,6.0,283.0,10,4.0,1.0,1.0,0.0,1.0,1.0,1.0,3,1,0.0,3.0,3.0,1.0,1994.0,1.0,7,0,0.0,1.0,1.0,15.0
8956,11,30,1730,2,2,1,1.0,6.0,283.0,10,4.0,0.0,2.0,0.0,0.0,0.0,0.0,1,4,4.0,0.0,0.0,0.0,1928.0,1.0,7,0,0.0,1.0,2.0,1.0
8957,11,30,1730,2,2,1,1.0,6.0,283.0,10,4.0,0.0,2.0,0.0,0.0,0.0,0.0,3,1,0.0,0.0,3.0,1.0,1936.0,1.0,7,0,0.0,1.0,2.0,1.0
8958,1,15,1715,2,2,1,1.0,1.0,178.0,720,3.0,2.0,2.0,0.0,0.0,3.0,2.0,1,1,4.0,0.0,0.0,0.0,1974.0,2.0,7,0,0.0,2.0,1.0,13.0
8959,1,15,1715,2,2,1,1.0,1.0,178.0,720,3.0,2.0,2.0,0.0,0.0,3.0,2.0,1,1,4.0,0.0,0.0,0.0,1974.0,1.0,7,0,0.0,2.0,1.0,1.0
8960,1,15,1715,2,2,1,1.0,1.0,178.0,720,3.0,2.0,2.0,0.0,0.0,3.0,2.0,1,4,1.0,0.0,0.0,0.0,1965.0,2.0,7,0,0.0,2.0,1.0,13.0