,month,day,time,light,location,intersection,atmosphere,collision,municipality,department,road,traffic,nblanes,reslane,laneprofile,plan,surface,user,sex,route,pedlocation,pedaction,pedcondition,birth,dirtraffic,catvehicle,nboccupants,obstacle,movobstacle,impact,maneuver
8961,1,15,1715,2,2,1,1.0,1.0,178.0,720,3.0,2.0,2.0,0.0,0.0,3.0,2.0,1,4,1.0,0.0,0.0,0.0,1965.0,1.0,7,0,0.0,2.0,1.0,1.0
8962,1,15,1715,2,2,1,1.0,1.0,178.0,720,3.0,2.0,2.0,0.0,0.0,3.0,2.0,4,4,0.0,0.0,0.0,0.0,1998.0,2.0,7,0,0.0,2.0,1.0,13.0
8963,1,15,1715,2,2,1,1.0,1.0,178.0,720,3.0,2.0,2.0,0.0,0.0,3.0,2.0,4,4,0.0,0.0,0.0,0.0,1998.0,1.0,7,0,0.0,2.0,1.0,1.0
8964,4,21,715,2,1,1,1.0,6.0,64.0,720,3.0,2.0,0.0,0.0,0.0,1.0,1.0,1,1,4.0,0.0,0.0,0.0,1971.0,2.0,7,0,6.0,0.0,1.0,1.0
8965,5,21,1530,1,1,1,3.0,7.0,35.0,720,4.0,2.0,0.0,0.0,1.0,4.0,2.0,1,1,4.0,0.0,0.0,0.0,1995.0,1.0,33,0,0.0,0.0,7.0,2.0
8966,7,1,1215,1,2,1,1.0,6.0,269.0,720,3.0,2.0,0.0,0.0,1.0,1.0,1.0,1,1,4.0,0.0,0.0,0.0,1943.0,1.0,7,0,0.0,1.0,1.0,1.0
8967,7,1,1215,1,2,1,1.0,6.0,269.0,720,3.0,2.0,0.0,0.0,1.0,1.0,1.0,3,1,4.0,4.0,3.0,1.0,1933.0,1.0,7,0,0.0,1.0,1.0,1.0
8968,9,16,1345,1,1,1,3.0,6.0,303.0,720,3.0,2.0,0.0,0.0,2.0,3.0,2.0,1,1,4.0,0.0,0.0,0.0,1992.0,1.0,7,0,8.0,0.0,3.0,1.0
8969,9,16,1345,1,1,1,3.0,6.0,303.0,720,3.0,2.0,0.0,0.0,2.0,3.0,2.0,4,4,0.0,0.0,0.0,0.0,1994.0,1.0,7,0,8.0,0.0,3.0,1.0
8970,11,25,1845,2,1,1,1.0,3.0,204.0,720,3.0,2.0,2.0,0.0,2.0,1.0,1.0,1,1,4.0,0.0,0.0,0.0,1974.0,2.0,7,0,0.0,2.0,3.0,1.0
8971,11,25,1845,2,1,1,1.0,3.0,204.0,720,3.0,2.0,2.0,0.0,2.0,1.0,1.0,1,1,4.0,0.0,0.0,0.0,1974.0,1.0,7,0,0.0,2.0,3.0,13.0
8972,11,25,1845,2,1,1,1.0,3.0,204.0,720,3.0,2.0,2.0,0.0,2.0,1.0,1.0,4,4,0.0,0.0,0.0,0.0,2003.0,2.0,7,0,0.0,2.0,3.0,1.0
8973,11,25,1845,2,1,1,1.0,3.0,204.0,720,3.0,2.0,2.0,0.0,2.0,1.0,1.0,4,4,0.0,0.0,0.0,0.0,2003.0,1.0,7,0,0.0,2.0,3.0,13.0
8974,11,25,1845,2,1,1,1.0,3.0,204.0,720,3.0,2.0,2.0,0.0,2.0,1.0,1.0,1,4,1.0,0.0,0.0,0.0,1961.0,2.0,7,0,0.0,2.0,3.0,1.0
8975,11,25,1845,2,1,1,1.0,3.0,204.0,720,3.0,2.0,2.0,0.0,2.0,1.0,1.0,1,4,1.0,0.0,0.0,0.0,1961.0,1.0,7,0,0.0,2.0,3.0,13.0
8976,6,18,1215,1,2,1,1.0,3.0,334.0,720,3.0,2.0,0.0,0.0,2.0,2.0,1.0,1,1,4.0,0.0,0.0,0.0,1978.0,1.0,7,0,0.0,2.0,1.0,1.0
8977,6,18,1215,1,2,1,1.0,3.0,334.0,720,3.0,2.0,0.0,0.0,2.0,2.0,1.0,1,1,4.0,0.0,0.0,0.0,1978.0,2.0,7,0,0.0,2.0,2.0,1.0
8978,6,18,1215,1,2,1,1.0,3.0,334.0,720,3.0,2.0,0.0,0.0,2.0,2.0,1.0,1,4,4.0,0.0,0.0,0.0,1996.0,1.0,7,0,0.0,2.0,1.0,1.0
8979,6,18,1215,1,2,1,1.0,3.0,334.0,720,3.0,2.0,0.0,0.0,2.0,2.0,1.0,1,4,4.0,0.0,0.0,0.0,1996.0,2.0,7,0,0.0,2.0,2.0,1.0
8980,1,22,845,1,1,1,2.0,1.0,386.0,720,3.0,2.0,2.0,0.0,1.0,1.0,2.0,1,4,1.0,0.0,0.0,0.0,1971.0,1.0,7,0,0.0,2.0,3.0,0.0
8981,1,22,845,1,1,1,2.0,1.0,386.0,720,3.0,2.0,2.0,0.0,1.0,1.0,2.0,1,4,1.0,0.0,0.0,0.0,1971.0,2.0,7,0,0.0,2.0,3.0,9.0
8982,1,22,845,1,1,1,2.0,1.0,386.0,720,3.0,2.0,2.0,0.0,1.0,1.0,2.0,1,1,2.0,0.0,0.0,0.0,1971.0,1.0,7,0,0.0,2.0,3.0,0.0
8983,1,22,845,1,1,1,2.0,1.0,386.0,720,3.0,2.0,2.0,0.0,1.0,1.0,2.0,1,1,2.0,0.0,0.0,0.0,1971.0,2.0,7,0,0.0,2.0,3.0,9.0
8984,1,22,845,1,1,1,2.0,1.0,386.0,720,3.0,2.0,2.0,0.0,1.0,1.0,2.0,4,4,0.0,0.0,0.0,0.0,2002.0,1.0,7,0,0.0,2.0,3.0,0.0
8985,1,22,845,1,1,1,2.0,1.0,386.0,720,3.0,2.0,2.0,0.0,1.0,1.0,2.0,4,4,0.0,0.0,0.0,0.0,2002.0,2.0,7,0,0.0,2.0,3.0,9.0
8986,1,22,845,1,1,1,2.0,1.0,386.0,720,3.0,2.0,2.0,0.0,1.0,1.0,2.0,4,4,0.0,0.0,0.0,0.0,2007.0,1.0,7,0,0.0,2.0,3.0,0.0
8987,1,22,845,1,1,1,2.0,1.0,386.0,720,3.0,2.0,2.0,0.0,1.0,1.0,2.0,4,4,0.0,0.0,0.0,0.0,2007.0,2.0,7,0,0.0,2.0,3.0,9.0
8988,2,29,2100,5,1,1,1.0,6.0,90.0,720,3.0,2.0,2.0,0.0,1.0,2.0,2.0,1,4,4.0,0.0,0.0,0.0,1996.0,1.0,7,0,13.0,0.0,1.0,15.0
8989,2,29,2100,5,1,1,1.0,6.0,90.0,720,3.0,2.0,2.0,0.0,1.0,2.0,2.0,4,1,0.0,0.0,0.0,0.0,1988.0,1.0,7,0,13.0,0.0,1.0,15.0
8990,2,29,2100,5,1,1,1.0,6.0,90.0,720,3.0,2.0,2.0,0.0,1.0,2.0,2.0,4,1,0.0,0.0,0.0,0.0,2001.0,1.0,7,0,13.0,0.0,1.0,15.0
8991,3,4,1445,1,2,1,3.0,3.0,331.0,720,3.0,2.0,2.0,0.0,0.0,1.0,2.0,1,1,4.0,0.0,0.0,0.0,1963.0,2.0,33,0,0.0,2.0,7.0,1.0
8992,3,4,1445,1,2,1,3.0,3.0,331.0,720,3.0,2.0,2.0,0.0,0.0,1.0,2.0,1,1,4.0,0.0,0.0,0.0,1963.0,1.0,7,0,0.0,2.0,2.0,15.0
8993,3,4,1445,1,2,1,3.0,3.0,331.0,720,3.0,2.0,2.0,0.0,0.0,1.0,2.0,1,1,4.0,0.0,0.0,0.0,1952.0,2.0,33,0,0.0,2.0,7.0,1.0
8994,3,4,1445,1,2,1,3.0,3.0,331.0,720,3.0,2.0,2.0,0.0,0.0,1.0,2.0,1,1,4.0,0.0,0.0,0.0,1952.0,1.0,7,0,0.0,2.0,2.0,15.0
8995,4,17,1845,1,1,4,1.0,3.0,172.0,720,3.0,2.0,0.0,0.0,0.0,1.0,1.0,1,4,4.0,0.0,0.0,0.0,1991.0,0.0,7,0,0.0,2.0,2.0,1.0
8996,4,17,1845,1,1,4,1.0,3.0,172.0,720,3.0,2.0,0.0,0.0,0.0,1.0,1.0,1,4,4.0,0.0,0.0,0.0,1991.0,0.0,7,0,0.0,2.0,3.0,1.0
8997,4,17,1845,1,1,4,1.0,3.0,172.0,720,3.0,2.0,0.0,0.0,0.0,1.0,1.0,1,1,4.0,0.0,0.0,0.0,1997.0,0.0,7,0,0.0,2.0,2.0,1.0
8998,4,17,1845,1,1,4,1.0,3.0,172.0,720,3.0,2.0,0.0,0.0,0.0,1.0,1.0,1,1,4.0,0.0,0.0,0.0,1997.0,0.0,7,0,0.0,2.0,3.0,1.0
8999,4,17,1845,1,1,4,1.0,3.0,172.0,720,3.0,2.0,0.0,0.0,0.0,1.0,1.0,4,4,0.0,0.0,0.0,0.0,1996.0,0.0,7,0,0.0,2.0,2.0,1.0
9000,4,17,1845,1,1,4,1.0,3.0,172.0,720,3.0,2.0,0.0,0.0,0.0,1.0,1.0,4,4,0.0,0.0,0.0,0.0,1996.0,0.0,7,0,0.0,2.0,3.0,1.0
9001,5,17,1900,1,1,1,1.0,6.0,300.0,720,3.0,2.0,2.0,0.0,1.0,1.0,1.0,1,1,9.0,0.0,0.0,0.0,1987.0,2.0,7,0,6.0,0.0,3.0,17.0
9002,5,25,2300,3,1,1,1.0,6.0,172.0,720,3.0,2.0,2.0,0.0,3.0,1.0,1.0,1,1,4.0,0.0,0.0,0.0,1983.0,2.0,7,0,2.0,0.0,8.0,6.0
9003,7,5,745,1,2,1,1.0,6.0,345.0,720,3.0,2.0,2.0,0.0,2.0,2.0,1.0,1,1,4.0,0.0,0.0,0.0,1993.0,1.0,7,0,13.0,0.0,1.0,1.0
9004,7,5,745,1,2,1,1.0,6.0,345.0,720,3.0,2.0,2.0,0.0,2.0,2.0,1.0,4,1,0.0,0.0,0.0,0.0,1995.0,1.0,7,0,13.0,0.0,1.0,1.0
9005,7,5,745,1,2,1,1.0,6.0,345.0,720,3.0,2.0,2.0,0.0,2.0,2.0,1.0,4,1,0.0,0.0,0.0,0.0,1985.0,1.0,7,0,13.0,0.0,1.0,1.0
9006,6,7,1330,1,1,6,1.0,7.0,386.0,720,3.0,1.0,2.0,0.0,1.0,2.0,1.0,1,1,4.0,0.0,0.0,0.0,1969.0,1.0,33,0,0.0,0.0,8.0,1.0
9007,7,21,1345,1,1,1,1.0,1.0,386.0,720,3.0,2.0,0.0,0.0,1.0,1.0,1.0,1,4,4.0,0.0,0.0,0.0,1997.0,2.0,7,0,0.0,2.0,3.0,13.0
9008,7,21,1345,1,1,1,1.0,1.0,386.0,720,3.0,2.0,0.0,0.0,1.0,1.0,1.0,1,4,4.0,0.0,0.0,0.0,1997.0,1.0,7,0,0.0,2.0,3.0,1.0
9009,7,21,1345,1,1,1,1.0,1.0,386.0,720,3.0,2.0,0.0,0.0,1.0,1.0,1.0,1,1,4.0,0.0,0.0,0.0,1953.0,2.0,7,0,0.0,2.0,3.0,13.0
9010,7,21,1345,1,1,1,1.0,1.0,386.0,720,3.0,2.0,0.0,0.0,1.0,1.0,1.0,1,1,4.0,0.0,0.0,0.0,1953.0,1.0,7,0,0.0,2.0,3.0,1.0
9011,7,21,1345,1,1,1,1.0,1.0,386.0,720,3.0,2.0,0.0,0.0,1.0,1.0,1.0,4,4,0.0,0.0,0.0,0.0,1954.0,2.0,7,0,0.0,2.0,3.0,13.0
9012,7,21,1345,1,1,1,1.0,1.0,386.0,720,3.0,2.0,0.0,0.0,1.0,1.0,1.0,4,4,0.0,0.0,0.0,0.0,1954.0,1.0,7,0,0.0,2.0,3.0,1.0
9013,7,20,745,1,1,1,1.0,6.0,224.0,720,3.0,2.0,2.0,0.0,2.0,3.0,1.0,1,1,1.0,0.0,0.0,0.0,1978.0,2.0,33,0,0.0,0.0,0.0,0.0
9014,7,25,1345,1,1,1,1.0,7.0,271.0,720,3.0,2.0,0.0,0.0,1.0,1.0,1.0,1,1,1.0,0.0,0.0,0.0,1982.0,1.0,33,0,13.0,0.0,9.0,17.0
9015,7,23,1815,1,2,1,1.0,7.0,363.0,720,3.0,0.0,2.0,0.0,2.0,4.0,1.0,1,1,1.0,0.0,0.0,0.0,1999.0,1.0,30,0,0.0,0.0,7.0,0.0
9016,8,19,1700,1,2,1,1.0,6.0,224.0,720,3.0,2.0,2.0,0.0,1.0,1.0,1.0,1,1,3.0,0.0,0.0,0.0,1972.0,2.0,7,0,0.0,1.0,2.0,0.0
9017,8,19,1700,1,2,1,1.0,6.0,224.0,720,3.0,2.0,2.0,0.0,1.0,1.0,1.0,3,1,4.0,2.0,3.0,1.0,1927.0,2.0,7,0,0.0,1.0,2.0,0.0
9018,8,22,1900,1,1,1,1.0,5.0,54.0,720,3.0,2.0,2.0,0.0,0.0,1.0,1.0,1,1,0.0,0.0,0.0,0.0,1946.0,2.0,7,0,0.0,2.0,8.0,1.0
9019,8,22,1900,1,1,1,1.0,5.0,54.0,720,3.0,2.0,2.0,0.0,0.0,1.0,1.0,1,1,0.0,0.0,0.0,0.0,1946.0,2.0,7,0,0.0,2.0,1.0,1.0
9020,8,22,1900,1,1,1,1.0,5.0,54.0,720,3.0,2.0,2.0,0.0,0.0,1.0,1.0,1,1,0.0,0.0,0.0,0.0,1946.0,2.0,15,0,0.0,0.0,8.0,1.0
9021,8,22,1900,1,1,1,1.0,5.0,54.0,720,3.0,2.0,2.0,0.0,0.0,1.0,1.0,1,1,0.0,0.0,0.0,0.0,1946.0,2.0,7,0,0.0,2.0,1.0,17.0
9022,8,22,1900,1,1,1,1.0,5.0,54.0,720,3.0,2.0,2.0,0.0,0.0,1.0,1.0,1,4,4.0,0.0,0.0,0.0,1970.0,2.0,7,0,0.0,2.0,8.0,1.0
9023,8,22,1900,1,1,1,1.0,5.0,54.0,720,3.0,2.0,2.0,0.0,0.0,1.0,1.0,1,4,4.0,0.0,0.0,0.0,1970.0,2.0,7,0,0.0,2.0,1.0,1.0
9024,8,22,1900,1,1,1,1.0,5.0,54.0,720,3.0,2.0,2.0,0.0,0.0,1.0,1.0,1,4,4.0,0.0,0.0,0.0,1970.0,2.0,15,0,0.0,0.0,8.0,1.0
9025,8,22,1900,1,1,1,1.0,5.0,54.0,720,3.0,2.0,2.0,0.0,0.0,1.0,1.0,1,4,4.0,0.0,0.0,0.0,1970.0,2.0,7,0,0.0,2.0,1.0,17.0
9026,8,22,1900,1,1,1,1.0,5.0,54.0,720,3.0,2.0,2.0,0.0,0.0,1.0,1.0,4,1,0.0,0.0,0.0,0.0,2000.0,2.0,7,0,0.0,2.0,8.0,1.0
9027,8,22,1900,1,1,1,1.0,5.0,54.0,720,3.0,2.0,2.0,0.0,0.0,1.0,1.0,4,1,0.0,0.0,0.0,0.0,2000.0,2.0,7,0,0.0,2.0,1.0,1.0
9028,8,22,1900,1,1,1,1.0,5.0,54.0,720,3.0,2.0,2.0,0.0,0.0,1.0,1.0,4,1,0.0,0.0,0.0,0.0,2000.0,2.0,15,0,0.0,0.0,8.0,1.0
9029,8,22,1900,1,1,1,1.0,5.0,54.0,720,3.0,2.0,2.0,0.0,0.0,1.0,1.0,4,1,0.0,0.0,0.0,0.0,2000.0,2.0,7,0,0.0,2.0,1.0,17.0
9030,8,22,1900,1,1,1,1.0,5.0,54.0,720,3.0,2.0,2.0,0.0,0.0,1.0,1.0,1,1,2.0,0.0,0.0,0.0,1961.0,2.0,7,0,0.0,2.0,8.0,1.0
9031,8,22,1900,1,1,1,1.0,5.0,54.0,720,3.0,2.0,2.0,0.0,0.0,1.0,1.0,1,1,2.0,0.0,0.0,0.0,1961.0,2.0,7,0,0.0,2.0,1.0,1.0
9032,8,22,1900,1,1,1,1.0,5.0,54.0,720,3.0,2.0,2.0,0.0,0.0,1.0,1.0,1,1,2.0,0.0,0.0,0.0,1961.0,2.0,15,0,0.0,0.0,8.0,1.0
9033,8,22,1900,1,1,1,1.0,5.0,54.0,720,3.0,2.0,2.0,0.0,0.0,1.0,1.0,1,1,2.0,0.0,0.0,0.0,1961.0,2.0,7,0,0.0,2.0,1.0,17.0
9034,8,22,1900,1,1,1,1.0,5.0,54.0,720,3.0,2.0,2.0,0.0,0.0,1.0,1.0,1,1,4.0,0.0,0.0,0.0,1953.0,2.0,7,0,0.0,2.0,8.0,1.0
9035,8,22,1900,1,1,1,1.0,5.0,54.0,720,3.0,2.0,2.0,0.0,0.0,1.0,1.0,1,1,4.0,0.0,0.0,0.0,1953.0,2.0,7,0,0.0,2.0,1.0,1.0
9036,8,22,1900,1,1,1,1.0,5.0,54.0,720,3.0,2.0,2.0,0.0,0.0,1.0,1.0,1,1,4.0,0.0,0.0,0.0,1953.0,2.0,15,0,0.0,0.0,8.0,1.0
9037,8,22,1900,1,1,1,1.0,5.0,54.0,720,3.0,2.0,2.0,0.0,0.0,1.0,1.0,1,1,4.0,0.0,0.0,0.0,1953.0,2.0,7,0,0.0,2.0,1.0,17.0
9038,9,27,1930,3,1,1,1.0,7.0,358.0,720,3.0,2.0,0.0,0.0,1.0,2.0,1.0,1,1,4.0,0.0,0.0,0.0,1947.0,1.0,7,0,0.0,0.0,0.0,1.0
9039,10,7,1400,1,2,1,1.0,1.0,300.0,720,3.0,2.0,0.0,0.0,1.0,0.0,1.0,1,1,0.0,0.0,0.0,0.0,1988.0,1.0,7,0,0.0,0.0,0.0,23.0
9040,10,7,1400,1,2,1,1.0,1.0,300.0,720,3.0,2.0,0.0,0.0,1.0,0.0,1.0,1,1,0.0,0.0,0.0,0.0,1988.0,1.0,33,0,0.0,0.0,8.0,21.0
9041,10,7,1400,1,2,1,1.0,1.0,300.0,720,3.0,2.0,0.0,0.0,1.0,0.0,1.0,1,1,1.0,0.0,0.0,0.0,1991.0,1.0,7,0,0.0,0.0,0.0,23.0
9042,10,7,1400,1,2,1,1.0,1.0,300.0,720,3.0,2.0,0.0,0.0,1.0,0.0,1.0,1,1,1.0,0.0,0.0,0.0,1991.0,1.0,33,0,0.0,0.0,8.0,21.0
9043,10,23,230,3,1,1,1.0,1.0,358.0,720,3.0,2.0,0.0,0.0,1.0,1.0,1.0,1,4,4.0,0.0,0.0,0.0,1993.0,1.0,7,0,0.0,0.0,1.0,1.0
9044,10,23,230,3,1,1,1.0,1.0,358.0,720,3.0,2.0,0.0,0.0,1.0,1.0,1.0,1,4,4.0,0.0,0.0,0.0,1993.0,2.0,7,0,0.0,0.0,3.0,1.0
9045,10,23,230,3,1,1,1.0,1.0,358.0,720,3.0,2.0,0.0,0.0,1.0,1.0,1.0,4,4,0.0,0.0,0.0,0.0,1975.0,1.0,7,0,0.0,0.0,1.0,1.0
9046,10,23,230,3,1,1,1.0,1.0,358.0,720,3.0,2.0,0.0,0.0,1.0,1.0,1.0,4,4,0.0,0.0,0.0,0.0,1975.0,2.0,7,0,0.0,0.0,3.0,1.0
9047,10,23,230,3,1,1,1.0,1.0,358.0,720,3.0,2.0,0.0,0.0,1.0,1.0,1.0,4,4,0.0,0.0,0.0,0.0,1967.0,1.0,7,0,0.0,0.0,1.0,1.0
9048,10,23,230,3,1,1,1.0,1.0,358.0,720,3.0,2.0,0.0,0.0,1.0,1.0,1.0,4,4,0.0,0.0,0.0,0.0,1967.0,2.0,7,0,0.0,0.0,3.0,1.0
9049,10,23,230,3,1,1,1.0,1.0,358.0,720,3.0,2.0,0.0,0.0,1.0,1.0,1.0,4,1,0.0,0.0,0.0,0.0,1995.0,1.0,7,0,0.0,0.0,1.0,1.0
9050,10,23,230,3,1,1,1.0,1.0,358.0,720,3.0,2.0,0.0,0.0,1.0,1.0,1.0,4,1,0.0,0.0,0.0,0.0,1995.0,2.0,7,0,0.0,0.0,3.0,1.0
9051,10,23,230,3,1,1,1.0,1.0,358.0,720,3.0,2.0,0.0,0.0,1.0,1.0,1.0,4,4,0.0,0.0,0.0,0.0,1967.0,1.0,7,0,0.0,0.0,1.0,1.0
9052,10,23,230,3,1,1,1.0,1.0,358.0,720,3.0,2.0,0.0,0.0,1.0,1.0,1.0,4,4,0.0,0.0,0.0,0.0,1967.0,2.0,7,0,0.0,0.0,3.0,1.0
9053,10,23,230,3,1,1,1.0,1.0,358.0,720,3.0,2.0,0.0,0.0,1.0,1.0,1.0,1,1,4.0,0.0,0.0,0.0,1937.0,1.0,7,0,0.0,0.0,1.0,1.0
9054,10,23,230,3,1,1,1.0,1.0,358.0,720,3.0,2.0,0.0,0.0,1.0,1.0,1.0,1,1,4.0,0.0,0.0,0.0,1937.0,2.0,7,0,0.0,0.0,3.0,1.0
9055,10,23,230,3,1,1,1.0,1.0,358.0,720,3.0,2.0,0.0,0.0,1.0,1.0,1.0,4,4,0.0,0.0,0.0,0.0,1945.0,1.0,7,0,0.0,0.0,1.0,1.0
9056,10,23,230,3,1,1,1.0,1.0,358.0,720,3.0,2.0,0.0,0.0,1.0,1.0,1.0,4,4,0.0,0.0,0.0,0.0,1945.0,2.0,7,0,0.0,0.0,3.0,1.0
9057,11,9,1715,5,2,1,2.0,3.0,165.0,720,3.0,2.0,0.0,0.0,1.0,1.0,2.0,1,1,1.0,0.0,0.0,0.0,1999.0,1.0,31,0,0.0,2.0,7.0,9.0
9058,11,9,1715,5,2,1,2.0,3.0,165.0,720,3.0,2.0,0.0,0.0,1.0,1.0,2.0,1,1,1.0,0.0,0.0,0.0,1999.0,2.0,7,0,0.0,2.0,2.0,1.0
9059,11,9,1715,5,2,1,2.0,3.0,165.0,720,3.0,2.0,0.0,0.0,1.0,1.0,2.0,1,1,4.0,0.0,0.0,0.0,1969.0,1.0,31,0,0.0,2.0,7.0,9.0
9060,11,9,1715,5,2,1,2.0,3.0,165.0,720,3.0,2.0,0.0,0.0,1.0,1.0,2.0,1,1,4.0,0.0,0.0,0.0,1969.0,2.0,7,0,0.0,2.0,2.0,1.0
9061,11,15,1715,1,1,1,2.0,1.0,300.0,720,3.0,2.0,0.0,0.0,0.0,3.0,2.0,1,1,4.0,0.0,0.0,0.0,1965.0,1.0,7,0,0.0,2.0,1.0,0.0
9062,11,15,1715,1,1,1,2.0,1.0,300.0,720,3.0,2.0,0.0,0.0,0.0,3.0,2.0,1,1,4.0,0.0,0.0,0.0,1965.0,2.0,7,0,0.0,2.0,1.0,13.0
9063,11,15,1715,1,1,1,2.0,1.0,300.0,720,3.0,2.0,0.0,0.0,0.0,3.0,2.0,1,4,4.0,0.0,0.0,0.0,1996.0,1.0,7,0,0.0,2.0,1.0,0.0
9064,11,15,1715,1,1,1,2.0,1.0,300.0,720,3.0,2.0,0.0,0.0,0.0,3.0,2.0,1,4,4.0,0.0,0.0,0.0,1996.0,2.0,7,0,0.0,2.0,1.0,13.0
9065,11,11,2330,3,1,1,2.0,6.0,363.0,720,4.0,2.0,0.0,0.0,1.0,1.0,2.0,1,1,4.0,0.0,0.0,0.0,1988.0,2.0,7,0,2.0,0.0,1.0,1.0
9066,12,9,1645,1,1,1,1.0,5.0,90.0,720,3.0,2.0,2.0,0.0,0.0,1.0,1.0,1,1,4.0,0.0,0.0,0.0,1997.0,1.0,7,0,0.0,2.0,1.0,5.0
9067,12,9,1645,1,1,1,1.0,5.0,90.0,720,3.0,2.0,2.0,0.0,0.0,1.0,1.0,1,1,4.0,0.0,0.0,0.0,1997.0,2.0,7,0,13.0,0.0,7.0,21.0
9068,12,9,1645,1,1,1,1.0,5.0,90.0,720,3.0,2.0,2.0,0.0,0.0,1.0,1.0,1,1,4.0,0.0,0.0,0.0,1997.0,2.0,7,0,0.0,2.0,1.0,1.0
9069,12,9,1645,1,1,1,1.0,5.0,90.0,720,3.0,2.0,2.0,0.0,0.0,1.0,1.0,1,1,2.0,0.0,0.0,0.0,1972.0,1.0,7,0,0.0,2.0,1.0,5.0
9070,12,9,1645,1,1,1,1.0,5.0,90.0,720,3.0,2.0,2.0,0.0,0.0,1.0,1.0,1,1,2.0,0.0,0.0,0.0,1972.0,2.0,7,0,13.0,0.0,7.0,21.0
9071,12,9,1645,1,1,1,1.0,5.0,90.0,720,3.0,2.0,2.0,0.0,0.0,1.0,1.0,1,1,2.0,0.0,0.0,0.0,1972.0,2.0,7,0,0.0,2.0,1.0,1.0
9072,12,9,1645,1,1,1,1.0,5.0,90.0,720,3.0,2.0,2.0,0.0,0.0,1.0,1.0,4,1,0.0,0.0,0.0,0.0,1982.0,1.0,7,0,0.0,2.0,1.0,5.0
9073,12,9,1645,1,1,1,1.0,5.0,90.0,720,3.0,2.0,2.0,0.0,0.0,1.0,1.0,4,1,0.0,0.0,0.0,0.0,1982.0,2.0,7,0,13.0,0.0,7.0,21.0
9074,12,9,1645,1,1,1,1.0,5.0,90.0,720,3.0,2.0,2.0,0.0,0.0,1.0,1.0,4,1,0.0,0.0,0.0,0.0,1982.0,2.0,7,0,0.0,2.0,1.0,1.0
9075,12,9,1645,1,1,1,1.0,5.0,90.0,720,3.0,2.0,2.0,0.0,0.0,1.0,1.0,4,1,0.0,0.0,0.0,0.0,1980.0,1.0,7,0,0.0,2.0,1.0,5.0
9076,12,9,1645,1,1,1,1.0,5.0,90.0,720,3.0,2.0,2.0,0.0,0.0,1.0,1.0,4,1,0.0,0.0,0.0,0.0,1980.0,2.0,7,0,13.0,0.0,7.0,21.0
9077,12,9,1645,1,1,1,1.0,5.0,90.0,720,3.0,2.0,2.0,0.0,0.0,1.0,1.0,4,1,0.0,0.0,0.0,0.0,1980.0,2.0,7,0,0.0,2.0,1.0,1.0
9078,12,9,1645,1,1,1,1.0,5.0,90.0,720,3.0,2.0,2.0,0.0,0.0,1.0,1.0,4,4,0.0,0.0,0.0,0.0,1969.0,1.0,7,0,0.0,2.0,1.0,5.0
9079,12,9,1645,1,1,1,1.0,5.0,90.0,720,3.0,2.0,2.0,0.0,0.0,1.0,1.0,4,4,0.0,0.0,0.0,0.0,1969.0,2.0,7,0,13.0,0.0,7.0,21.0
9080,12,9,1645,1,1,1,1.0,5.0,90.0,720,3.0,2.0,2.0,0.0,0.0,1.0,1.0,4,4,0.0,0.0,0.0,0.0,1969.0,2.0,7,0,0.0,2.0,1.0,1.0
9081,12,9,1645,1,1,1,1.0,5.0,90.0,720,3.0,2.0,2.0,0.0,0.0,1.0,1.0,1,4,1.0,0.0,0.0,0.0,1971.0,1.0,7,0,0.0,2.0,1.0,5.0
9082,12,9,1645,1,1,1,1.0,5.0,90.0,720,3.0,2.0,2.0,0.0,0.0,1.0,1.0,1,4,1.0,0.0,0.0,0.0,1971.0,2.0,7,0,13.0,0.0,7.0,21.0
9083,12,9,1645,1,1,1,1.0,5.0,90.0,720,3.0,2.0,2.0,0.0,0.0,1.0,1.0,1,4,1.0,0.0,0.0,0.0,1971.0,2.0,7,0,0.0,2.0,1.0,1.0
9084,12,16,1915,3,1,1,1.0,1.0,358.0,720,3.0,2.0,2.0,0.0,1.0,1.0,1.0,1,1,4.0,0.0,0.0,0.0,1960.0,1.0,7,0,0.0,2.0,3.0,13.0
9085,12,16,1915,3,1,1,1.0,1.0,358.0,720,3.0,2.0,2.0,0.0,1.0,1.0,1.0,1,1,4.0,0.0,0.0,0.0,1960.0,2.0,7,0,0.0,2.0,3.0,1.0
9086,12,16,1915,3,1,1,1.0,1.0,358.0,720,3.0,2.0,2.0,0.0,1.0,1.0,1.0,1,1,4.0,0.0,0.0,0.0,1995.0,1.0,7,0,0.0,2.0,3.0,13.0
9087,12,16,1915,3,1,1,1.0,1.0,358.0,720,3.0,2.0,2.0,0.0,1.0,1.0,1.0,1,1,4.0,0.0,0.0,0.0,1995.0,2.0,7,0,0.0,2.0,3.0,1.0
9088,12,18,1415,1,1,1,5.0,1.0,122.0,720,3.0,2.0,2.0,0.0,3.0,1.0,1.0,1,4,4.0,0.0,0.0,0.0,1947.0,2.0,7,0,0.0,2.0,3.0,1.0
9089,12,18,1415,1,1,1,5.0,1.0,122.0,720,3.0,2.0,2.0,0.0,3.0,1.0,1.0,1,4,4.0,0.0,0.0,0.0,1947.0,1.0,7,0,0.0,2.0,3.0,1.0