,month,day,time,light,location,intersection,atmosphere,collision,municipality,department,road,traffic,nblanes,reslane,laneprofile,plan,surface,user,sex,route,pedlocation,pedaction,pedcondition,birth,dirtraffic,catvehicle,nboccupants,obstacle,movobstacle,impact,maneuver
9090,12,18,1415,1,1,1,5.0,1.0,122.0,720,3.0,2.0,2.0,0.0,3.0,1.0,1.0,1,1,4.0,0.0,0.0,0.0,1964.0,2.0,7,0,0.0,2.0,3.0,1.0
9091,12,18,1415,1,1,1,5.0,1.0,122.0,720,3.0,2.0,2.0,0.0,3.0,1.0,1.0,1,1,4.0,0.0,0.0,0.0,1964.0,1.0,7,0,0.0,2.0,3.0,1.0
9092,12,18,1415,1,1,1,5.0,1.0,122.0,720,3.0,2.0,2.0,0.0,3.0,1.0,1.0,4,4,4.0,0.0,0.0,0.0,1975.0,2.0,7,0,0.0,2.0,3.0,1.0
9093,12,18,1415,1,1,1,5.0,1.0,122.0,720,3.0,2.0,2.0,0.0,3.0,1.0,1.0,4,4,4.0,0.0,0.0,0.0,1975.0,1.0,7,0,0.0,2.0,3.0,1.0
9094,1,21,1630,1,1,1,1.0,7.0,217.0,720,3.0,2.0,2.0,0.0,0.0,1.0,1.0,1,4,1.0,0.0,0.0,0.0,1969.0,1.0,7,0,13.0,0.0,1.0,1.0
9095,3,3,815,1,1,1,1.0,5.0,150.0,720,3.0,2.0,2.0,0.0,1.0,1.0,2.0,1,4,1.0,0.0,0.0,0.0,1983.0,0.0,7,0,0.0,2.0,1.0,13.0
9096,3,3,815,1,1,1,1.0,5.0,150.0,720,3.0,2.0,2.0,0.0,1.0,1.0,2.0,1,4,1.0,0.0,0.0,0.0,1983.0,1.0,7,0,0.0,0.0,5.0,23.0
9097,3,3,815,1,1,1,1.0,5.0,150.0,720,3.0,2.0,2.0,0.0,1.0,1.0,2.0,1,4,1.0,0.0,0.0,0.0,1983.0,0.0,7,0,14.0,0.0,1.0,2.0
9098,3,3,815,1,1,1,1.0,5.0,150.0,720,3.0,2.0,2.0,0.0,1.0,1.0,2.0,1,4,1.0,0.0,0.0,0.0,1983.0,1.0,7,0,0.0,2.0,1.0,1.0
9099,3,3,815,1,1,1,1.0,5.0,150.0,720,3.0,2.0,2.0,0.0,1.0,1.0,2.0,1,4,4.0,0.0,0.0,0.0,1977.0,0.0,7,0,0.0,2.0,1.0,13.0
9100,3,3,815,1,1,1,1.0,5.0,150.0,720,3.0,2.0,2.0,0.0,1.0,1.0,2.0,1,4,4.0,0.0,0.0,0.0,1977.0,1.0,7,0,0.0,0.0,5.0,23.0
9101,3,3,815,1,1,1,1.0,5.0,150.0,720,3.0,2.0,2.0,0.0,1.0,1.0,2.0,1,4,4.0,0.0,0.0,0.0,1977.0,0.0,7,0,14.0,0.0,1.0,2.0
9102,3,3,815,1,1,1,1.0,5.0,150.0,720,3.0,2.0,2.0,0.0,1.0,1.0,2.0,1,4,4.0,0.0,0.0,0.0,1977.0,1.0,7,0,0.0,2.0,1.0,1.0
9103,3,3,815,1,1,1,1.0,5.0,150.0,720,3.0,2.0,2.0,0.0,1.0,1.0,2.0,4,1,0.0,0.0,0.0,0.0,2009.0,0.0,7,0,0.0,2.0,1.0,13.0
9104,3,3,815,1,1,1,1.0,5.0,150.0,720,3.0,2.0,2.0,0.0,1.0,1.0,2.0,4,1,0.0,0.0,0.0,0.0,2009.0,1.0,7,0,0.0,0.0,5.0,23.0
9105,3,3,815,1,1,1,1.0,5.0,150.0,720,3.0,2.0,2.0,0.0,1.0,1.0,2.0,4,1,0.0,0.0,0.0,0.0,2009.0,0.0,7,0,14.0,0.0,1.0,2.0
9106,3,3,815,1,1,1,1.0,5.0,150.0,720,3.0,2.0,2.0,0.0,1.0,1.0,2.0,4,1,0.0,0.0,0.0,0.0,2009.0,1.0,7,0,0.0,2.0,1.0,1.0
9107,3,3,815,1,1,1,1.0,5.0,150.0,720,3.0,2.0,2.0,0.0,1.0,1.0,2.0,4,1,0.0,0.0,0.0,0.0,2006.0,0.0,7,0,0.0,2.0,1.0,13.0
9108,3,3,815,1,1,1,1.0,5.0,150.0,720,3.0,2.0,2.0,0.0,1.0,1.0,2.0,4,1,0.0,0.0,0.0,0.0,2006.0,1.0,7,0,0.0,0.0,5.0,23.0
9109,3,3,815,1,1,1,1.0,5.0,150.0,720,3.0,2.0,2.0,0.0,1.0,1.0,2.0,4,1,0.0,0.0,0.0,0.0,2006.0,0.0,7,0,14.0,0.0,1.0,2.0
9110,3,3,815,1,1,1,1.0,5.0,150.0,720,3.0,2.0,2.0,0.0,1.0,1.0,2.0,4,1,0.0,0.0,0.0,0.0,2006.0,1.0,7,0,0.0,2.0,1.0,1.0
9111,3,3,815,1,1,1,1.0,5.0,150.0,720,3.0,2.0,2.0,0.0,1.0,1.0,2.0,1,4,1.0,0.0,0.0,0.0,1986.0,0.0,7,0,0.0,2.0,1.0,13.0
9112,3,3,815,1,1,1,1.0,5.0,150.0,720,3.0,2.0,2.0,0.0,1.0,1.0,2.0,1,4,1.0,0.0,0.0,0.0,1986.0,1.0,7,0,0.0,0.0,5.0,23.0
9113,3,3,815,1,1,1,1.0,5.0,150.0,720,3.0,2.0,2.0,0.0,1.0,1.0,2.0,1,4,1.0,0.0,0.0,0.0,1986.0,0.0,7,0,14.0,0.0,1.0,2.0
9114,3,3,815,1,1,1,1.0,5.0,150.0,720,3.0,2.0,2.0,0.0,1.0,1.0,2.0,1,4,1.0,0.0,0.0,0.0,1986.0,1.0,7,0,0.0,2.0,1.0,1.0
9115,3,3,815,1,1,1,1.0,5.0,150.0,720,3.0,2.0,2.0,0.0,1.0,1.0,2.0,1,4,1.0,0.0,0.0,0.0,1972.0,0.0,7,0,0.0,2.0,1.0,13.0
9116,3,3,815,1,1,1,1.0,5.0,150.0,720,3.0,2.0,2.0,0.0,1.0,1.0,2.0,1,4,1.0,0.0,0.0,0.0,1972.0,1.0,7,0,0.0,0.0,5.0,23.0
9117,3,3,815,1,1,1,1.0,5.0,150.0,720,3.0,2.0,2.0,0.0,1.0,1.0,2.0,1,4,1.0,0.0,0.0,0.0,1972.0,0.0,7,0,14.0,0.0,1.0,2.0
9118,3,3,815,1,1,1,1.0,5.0,150.0,720,3.0,2.0,2.0,0.0,1.0,1.0,2.0,1,4,1.0,0.0,0.0,0.0,1972.0,1.0,7,0,0.0,2.0,1.0,1.0
9119,5,24,2100,1,1,6,1.0,3.0,310.0,720,3.0,1.0,1.0,0.0,0.0,2.0,1.0,1,1,4.0,0.0,0.0,0.0,1983.0,0.0,33,0,0.0,2.0,5.0,1.0
9120,5,24,2100,1,1,6,1.0,3.0,310.0,720,3.0,1.0,1.0,0.0,0.0,2.0,1.0,1,1,4.0,0.0,0.0,0.0,1983.0,0.0,7,0,0.0,2.0,2.0,16.0
9121,5,24,2100,1,1,6,1.0,3.0,310.0,720,3.0,1.0,1.0,0.0,0.0,2.0,1.0,1,1,4.0,0.0,0.0,0.0,1989.0,0.0,33,0,0.0,2.0,5.0,1.0
9122,5,24,2100,1,1,6,1.0,3.0,310.0,720,3.0,1.0,1.0,0.0,0.0,2.0,1.0,1,1,4.0,0.0,0.0,0.0,1989.0,0.0,7,0,0.0,2.0,2.0,16.0
9123,6,12,400,3,1,1,8.0,1.0,329.0,720,3.0,2.0,2.0,0.0,1.0,3.0,1.0,1,4,4.0,0.0,0.0,0.0,1978.0,1.0,7,0,2.0,2.0,1.0,1.0
9124,6,12,400,3,1,1,8.0,1.0,329.0,720,3.0,2.0,2.0,0.0,1.0,3.0,1.0,1,4,4.0,0.0,0.0,0.0,1978.0,2.0,7,0,0.0,2.0,2.0,1.0
9125,6,12,400,3,1,1,8.0,1.0,329.0,720,3.0,2.0,2.0,0.0,1.0,3.0,1.0,4,1,0.0,0.0,0.0,0.0,1979.0,1.0,7,0,2.0,2.0,1.0,1.0
9126,6,12,400,3,1,1,8.0,1.0,329.0,720,3.0,2.0,2.0,0.0,1.0,3.0,1.0,4,1,0.0,0.0,0.0,0.0,1979.0,2.0,7,0,0.0,2.0,2.0,1.0
9127,6,12,400,3,1,1,8.0,1.0,329.0,720,3.0,2.0,2.0,0.0,1.0,3.0,1.0,4,1,0.0,0.0,0.0,0.0,2014.0,1.0,7,0,2.0,2.0,1.0,1.0
9128,6,12,400,3,1,1,8.0,1.0,329.0,720,3.0,2.0,2.0,0.0,1.0,3.0,1.0,4,1,0.0,0.0,0.0,0.0,2014.0,2.0,7,0,0.0,2.0,2.0,1.0
9129,6,12,400,3,1,1,8.0,1.0,329.0,720,3.0,2.0,2.0,0.0,1.0,3.0,1.0,1,1,4.0,0.0,0.0,0.0,1981.0,1.0,7,0,2.0,2.0,1.0,1.0
9130,6,12,400,3,1,1,8.0,1.0,329.0,720,3.0,2.0,2.0,0.0,1.0,3.0,1.0,1,1,4.0,0.0,0.0,0.0,1981.0,2.0,7,0,0.0,2.0,2.0,1.0
9131,7,6,800,1,1,1,1.0,4.0,217.0,720,3.0,2.0,2.0,0.0,2.0,2.0,1.0,1,1,1.0,0.0,0.0,0.0,1987.0,2.0,7,0,0.0,2.0,3.0,1.0
9132,7,6,800,1,1,1,1.0,4.0,217.0,720,3.0,2.0,2.0,0.0,2.0,2.0,1.0,1,1,1.0,0.0,0.0,0.0,1987.0,2.0,30,0,0.0,2.0,3.0,1.0
9133,7,6,800,1,1,1,1.0,4.0,217.0,720,3.0,2.0,2.0,0.0,2.0,2.0,1.0,1,1,1.0,0.0,0.0,0.0,1987.0,1.0,10,0,0.0,2.0,3.0,13.0
9134,7,6,800,1,1,1,1.0,4.0,217.0,720,3.0,2.0,2.0,0.0,2.0,2.0,1.0,1,1,1.0,0.0,0.0,0.0,1999.0,2.0,7,0,0.0,2.0,3.0,1.0
9135,7,6,800,1,1,1,1.0,4.0,217.0,720,3.0,2.0,2.0,0.0,2.0,2.0,1.0,1,1,1.0,0.0,0.0,0.0,1999.0,2.0,30,0,0.0,2.0,3.0,1.0
9136,7,6,800,1,1,1,1.0,4.0,217.0,720,3.0,2.0,2.0,0.0,2.0,2.0,1.0,1,1,1.0,0.0,0.0,0.0,1999.0,1.0,10,0,0.0,2.0,3.0,13.0
9137,7,6,800,1,1,1,1.0,4.0,217.0,720,3.0,2.0,2.0,0.0,2.0,2.0,1.0,1,1,2.0,0.0,0.0,0.0,1996.0,2.0,7,0,0.0,2.0,3.0,1.0
9138,7,6,800,1,1,1,1.0,4.0,217.0,720,3.0,2.0,2.0,0.0,2.0,2.0,1.0,1,1,2.0,0.0,0.0,0.0,1996.0,2.0,30,0,0.0,2.0,3.0,1.0
9139,7,6,800,1,1,1,1.0,4.0,217.0,720,3.0,2.0,2.0,0.0,2.0,2.0,1.0,1,1,2.0,0.0,0.0,0.0,1996.0,1.0,10,0,0.0,2.0,3.0,13.0
9140,7,12,1815,1,1,1,2.0,5.0,328.0,720,3.0,2.0,2.0,0.0,2.0,1.0,2.0,1,1,1.0,0.0,0.0,0.0,1991.0,2.0,7,0,0.0,2.0,3.0,13.0
9141,7,12,1815,1,1,1,2.0,5.0,328.0,720,3.0,2.0,2.0,0.0,2.0,1.0,2.0,1,1,1.0,0.0,0.0,0.0,1991.0,1.0,7,0,0.0,2.0,3.0,1.0
9142,7,12,1815,1,1,1,2.0,5.0,328.0,720,3.0,2.0,2.0,0.0,2.0,1.0,2.0,1,1,1.0,0.0,0.0,0.0,1991.0,1.0,7,0,0.0,2.0,8.0,1.0
9143,7,12,1815,1,1,1,2.0,5.0,328.0,720,3.0,2.0,2.0,0.0,2.0,1.0,2.0,1,1,4.0,0.0,0.0,0.0,1953.0,2.0,7,0,0.0,2.0,3.0,13.0
9144,7,12,1815,1,1,1,2.0,5.0,328.0,720,3.0,2.0,2.0,0.0,2.0,1.0,2.0,1,1,4.0,0.0,0.0,0.0,1953.0,1.0,7,0,0.0,2.0,3.0,1.0
9145,7,12,1815,1,1,1,2.0,5.0,328.0,720,3.0,2.0,2.0,0.0,2.0,1.0,2.0,1,1,4.0,0.0,0.0,0.0,1953.0,1.0,7,0,0.0,2.0,8.0,1.0
9146,7,12,1815,1,1,1,2.0,5.0,328.0,720,3.0,2.0,2.0,0.0,2.0,1.0,2.0,4,4,0.0,0.0,0.0,0.0,1957.0,2.0,7,0,0.0,2.0,3.0,13.0
9147,7,12,1815,1,1,1,2.0,5.0,328.0,720,3.0,2.0,2.0,0.0,2.0,1.0,2.0,4,4,0.0,0.0,0.0,0.0,1957.0,1.0,7,0,0.0,2.0,3.0,1.0
9148,7,12,1815,1,1,1,2.0,5.0,328.0,720,3.0,2.0,2.0,0.0,2.0,1.0,2.0,4,4,0.0,0.0,0.0,0.0,1957.0,1.0,7,0,0.0,2.0,8.0,1.0
9149,7,12,1815,1,1,1,2.0,5.0,328.0,720,3.0,2.0,2.0,0.0,2.0,1.0,2.0,4,1,0.0,0.0,0.0,0.0,2010.0,2.0,7,0,0.0,2.0,3.0,13.0
9150,7,12,1815,1,1,1,2.0,5.0,328.0,720,3.0,2.0,2.0,0.0,2.0,1.0,2.0,4,1,0.0,0.0,0.0,0.0,2010.0,1.0,7,0,0.0,2.0,3.0,1.0
9151,7,12,1815,1,1,1,2.0,5.0,328.0,720,3.0,2.0,2.0,0.0,2.0,1.0,2.0,4,1,0.0,0.0,0.0,0.0,2010.0,1.0,7,0,0.0,2.0,8.0,1.0
9152,7,12,1815,1,1,1,2.0,5.0,328.0,720,3.0,2.0,2.0,0.0,2.0,1.0,2.0,1,1,4.0,0.0,0.0,0.0,1945.0,2.0,7,0,0.0,2.0,3.0,13.0
9153,7,12,1815,1,1,1,2.0,5.0,328.0,720,3.0,2.0,2.0,0.0,2.0,1.0,2.0,1,1,4.0,0.0,0.0,0.0,1945.0,1.0,7,0,0.0,2.0,3.0,1.0
9154,7,12,1815,1,1,1,2.0,5.0,328.0,720,3.0,2.0,2.0,0.0,2.0,1.0,2.0,1,1,4.0,0.0,0.0,0.0,1945.0,1.0,7,0,0.0,2.0,8.0,1.0
9155,7,12,1815,1,1,1,2.0,5.0,328.0,720,3.0,2.0,2.0,0.0,2.0,1.0,2.0,4,1,0.0,0.0,0.0,0.0,1951.0,2.0,7,0,0.0,2.0,3.0,13.0
9156,7,12,1815,1,1,1,2.0,5.0,328.0,720,3.0,2.0,2.0,0.0,2.0,1.0,2.0,4,1,0.0,0.0,0.0,0.0,1951.0,1.0,7,0,0.0,2.0,3.0,1.0
9157,7,12,1815,1,1,1,2.0,5.0,328.0,720,3.0,2.0,2.0,0.0,2.0,1.0,2.0,4,1,0.0,0.0,0.0,0.0,1951.0,1.0,7,0,0.0,2.0,8.0,1.0
9158,12,7,1715,2,2,6,1.0,3.0,329.0,720,3.0,2.0,2.0,0.0,1.0,1.0,1.0,1,1,1.0,0.0,0.0,0.0,1986.0,2.0,7,0,0.0,2.0,8.0,15.0
9159,12,7,1715,2,2,6,1.0,3.0,329.0,720,3.0,2.0,2.0,0.0,1.0,1.0,1.0,1,1,1.0,0.0,0.0,0.0,1986.0,2.0,1,0,0.0,2.0,1.0,1.0
9160,12,7,1715,2,2,6,1.0,3.0,329.0,720,3.0,2.0,2.0,0.0,1.0,1.0,1.0,1,1,4.0,0.0,0.0,0.0,1954.0,2.0,7,0,0.0,2.0,8.0,15.0
9161,12,7,1715,2,2,6,1.0,3.0,329.0,720,3.0,2.0,2.0,0.0,1.0,1.0,1.0,1,1,4.0,0.0,0.0,0.0,1954.0,2.0,1,0,0.0,2.0,1.0,1.0
9162,2,29,815,1,1,1,1.0,1.0,247.0,720,4.0,2.0,2.0,0.0,1.0,1.0,1.0,1,1,1.0,0.0,0.0,0.0,1975.0,1.0,33,0,0.0,2.0,1.0,5.0
9163,2,29,815,1,1,1,1.0,1.0,247.0,720,4.0,2.0,2.0,0.0,1.0,1.0,1.0,1,1,1.0,0.0,0.0,0.0,1975.0,2.0,7,0,0.0,2.0,2.0,21.0
9164,2,29,815,1,1,1,1.0,1.0,247.0,720,4.0,2.0,2.0,0.0,1.0,1.0,1.0,1,4,4.0,0.0,0.0,0.0,1970.0,1.0,33,0,0.0,2.0,1.0,5.0
9165,2,29,815,1,1,1,1.0,1.0,247.0,720,4.0,2.0,2.0,0.0,1.0,1.0,1.0,1,4,4.0,0.0,0.0,0.0,1970.0,2.0,7,0,0.0,2.0,2.0,21.0
9166,2,29,815,1,1,1,1.0,1.0,247.0,720,4.0,2.0,2.0,0.0,1.0,1.0,1.0,4,4,0.0,0.0,0.0,0.0,1975.0,1.0,33,0,0.0,2.0,1.0,5.0
9167,2,29,815,1,1,1,1.0,1.0,247.0,720,4.0,2.0,2.0,0.0,1.0,1.0,1.0,4,4,0.0,0.0,0.0,0.0,1975.0,2.0,7,0,0.0,2.0,2.0,21.0
9168,5,3,1200,1,2,1,1.0,6.0,168.0,720,9.0,2.0,0.0,0.0,1.0,1.0,1.0,1,4,1.0,0.0,0.0,0.0,1954.0,1.0,7,0,0.0,1.0,7.0,15.0
9169,5,3,1200,1,2,1,1.0,6.0,168.0,720,9.0,2.0,0.0,0.0,1.0,1.0,1.0,3,4,0.0,0.0,3.0,1.0,1947.0,1.0,7,0,0.0,1.0,7.0,15.0
9170,5,8,1515,1,1,1,1.0,5.0,344.0,720,3.0,2.0,0.0,0.0,0.0,0.0,1.0,1,1,0.0,0.0,0.0,0.0,1975.0,2.0,33,0,0.0,2.0,1.0,1.0
9171,5,8,1515,1,1,1,1.0,5.0,344.0,720,3.0,2.0,0.0,0.0,0.0,0.0,1.0,1,1,0.0,0.0,0.0,0.0,1975.0,2.0,33,0,0.0,9.0,1.0,1.0
9172,5,8,1515,1,1,1,1.0,5.0,344.0,720,3.0,2.0,0.0,0.0,0.0,0.0,1.0,1,1,0.0,0.0,0.0,0.0,1975.0,1.0,33,0,0.0,2.0,7.0,0.0
9173,5,8,1515,1,1,1,1.0,5.0,344.0,720,3.0,2.0,0.0,0.0,0.0,0.0,1.0,1,1,0.0,0.0,0.0,0.0,1975.0,1.0,33,0,0.0,9.0,1.0,2.0
9174,5,8,1515,1,1,1,1.0,5.0,344.0,720,3.0,2.0,0.0,0.0,0.0,0.0,1.0,1,1,0.0,0.0,0.0,0.0,1975.0,2.0,7,0,0.0,9.0,3.0,1.0
9175,5,8,1515,1,1,1,1.0,5.0,344.0,720,3.0,2.0,0.0,0.0,0.0,0.0,1.0,1,1,0.0,0.0,0.0,0.0,1975.0,1.0,33,0,0.0,9.0,4.0,1.0
9176,5,8,1515,1,1,1,1.0,5.0,344.0,720,3.0,2.0,0.0,0.0,0.0,0.0,1.0,1,1,0.0,0.0,0.0,0.0,1977.0,2.0,33,0,0.0,2.0,1.0,1.0
9177,5,8,1515,1,1,1,1.0,5.0,344.0,720,3.0,2.0,0.0,0.0,0.0,0.0,1.0,1,1,0.0,0.0,0.0,0.0,1977.0,2.0,33,0,0.0,9.0,1.0,1.0
9178,5,8,1515,1,1,1,1.0,5.0,344.0,720,3.0,2.0,0.0,0.0,0.0,0.0,1.0,1,1,0.0,0.0,0.0,0.0,1977.0,1.0,33,0,0.0,2.0,7.0,0.0
9179,5,8,1515,1,1,1,1.0,5.0,344.0,720,3.0,2.0,0.0,0.0,0.0,0.0,1.0,1,1,0.0,0.0,0.0,0.0,1977.0,1.0,33,0,0.0,9.0,1.0,2.0
9180,5,8,1515,1,1,1,1.0,5.0,344.0,720,3.0,2.0,0.0,0.0,0.0,0.0,1.0,1,1,0.0,0.0,0.0,0.0,1977.0,2.0,7,0,0.0,9.0,3.0,1.0
9181,5,8,1515,1,1,1,1.0,5.0,344.0,720,3.0,2.0,0.0,0.0,0.0,0.0,1.0,1,1,0.0,0.0,0.0,0.0,1977.0,1.0,33,0,0.0,9.0,4.0,1.0
9182,5,8,1515,1,1,1,1.0,5.0,344.0,720,3.0,2.0,0.0,0.0,0.0,0.0,1.0,1,1,0.0,0.0,0.0,0.0,1979.0,2.0,33,0,0.0,2.0,1.0,1.0
9183,5,8,1515,1,1,1,1.0,5.0,344.0,720,3.0,2.0,0.0,0.0,0.0,0.0,1.0,1,1,0.0,0.0,0.0,0.0,1979.0,2.0,33,0,0.0,9.0,1.0,1.0
9184,5,8,1515,1,1,1,1.0,5.0,344.0,720,3.0,2.0,0.0,0.0,0.0,0.0,1.0,1,1,0.0,0.0,0.0,0.0,1979.0,1.0,33,0,0.0,2.0,7.0,0.0
9185,5,8,1515,1,1,1,1.0,5.0,344.0,720,3.0,2.0,0.0,0.0,0.0,0.0,1.0,1,1,0.0,0.0,0.0,0.0,1979.0,1.0,33,0,0.0,9.0,1.0,2.0
9186,5,8,1515,1,1,1,1.0,5.0,344.0,720,3.0,2.0,0.0,0.0,0.0,0.0,1.0,1,1,0.0,0.0,0.0,0.0,1979.0,2.0,7,0,0.0,9.0,3.0,1.0
9187,5,8,1515,1,1,1,1.0,5.0,344.0,720,3.0,2.0,0.0,0.0,0.0,0.0,1.0,1,1,0.0,0.0,0.0,0.0,1979.0,1.0,33,0,0.0,9.0,4.0,1.0
9188,5,8,1515,1,1,1,1.0,5.0,344.0,720,3.0,2.0,0.0,0.0,0.0,0.0,1.0,4,4,0.0,0.0,0.0,0.0,1982.0,2.0,33,0,0.0,2.0,1.0,1.0
9189,5,8,1515,1,1,1,1.0,5.0,344.0,720,3.0,2.0,0.0,0.0,0.0,0.0,1.0,4,4,0.0,0.0,0.0,0.0,1982.0,2.0,33,0,0.0,9.0,1.0,1.0
9190,5,8,1515,1,1,1,1.0,5.0,344.0,720,3.0,2.0,0.0,0.0,0.0,0.0,1.0,4,4,0.0,0.0,0.0,0.0,1982.0,1.0,33,0,0.0,2.0,7.0,0.0
9191,5,8,1515,1,1,1,1.0,5.0,344.0,720,3.0,2.0,0.0,0.0,0.0,0.0,1.0,4,4,0.0,0.0,0.0,0.0,1982.0,1.0,33,0,0.0,9.0,1.0,2.0
9192,5,8,1515,1,1,1,1.0,5.0,344.0,720,3.0,2.0,0.0,0.0,0.0,0.0,1.0,4,4,0.0,0.0,0.0,0.0,1982.0,2.0,7,0,0.0,9.0,3.0,1.0
9193,5,8,1515,1,1,1,1.0,5.0,344.0,720,3.0,2.0,0.0,0.0,0.0,0.0,1.0,4,4,0.0,0.0,0.0,0.0,1982.0,1.0,33,0,0.0,9.0,4.0,1.0
9194,5,8,1515,1,1,1,1.0,5.0,344.0,720,3.0,2.0,0.0,0.0,0.0,0.0,1.0,1,1,0.0,0.0,0.0,0.0,1990.0,2.0,33,0,0.0,2.0,1.0,1.0
9195,5,8,1515,1,1,1,1.0,5.0,344.0,720,3.0,2.0,0.0,0.0,0.0,0.0,1.0,1,1,0.0,0.0,0.0,0.0,1990.0,2.0,33,0,0.0,9.0,1.0,1.0
9196,5,8,1515,1,1,1,1.0,5.0,344.0,720,3.0,2.0,0.0,0.0,0.0,0.0,1.0,1,1,0.0,0.0,0.0,0.0,1990.0,1.0,33,0,0.0,2.0,7.0,0.0
9197,5,8,1515,1,1,1,1.0,5.0,344.0,720,3.0,2.0,0.0,0.0,0.0,0.0,1.0,1,1,0.0,0.0,0.0,0.0,1990.0,1.0,33,0,0.0,9.0,1.0,2.0
9198,5,8,1515,1,1,1,1.0,5.0,344.0,720,3.0,2.0,0.0,0.0,0.0,0.0,1.0,1,1,0.0,0.0,0.0,0.0,1990.0,2.0,7,0,0.0,9.0,3.0,1.0
9199,5,8,1515,1,1,1,1.0,5.0,344.0,720,3.0,2.0,0.0,0.0,0.0,0.0,1.0,1,1,0.0,0.0,0.0,0.0,1990.0,1.0,33,0,0.0,9.0,4.0,1.0
9200,5,8,1515,1,1,1,1.0,5.0,344.0,720,3.0,2.0,0.0,0.0,0.0,0.0,1.0,1,1,0.0,0.0,0.0,0.0,1966.0,2.0,33,0,0.0,2.0,1.0,1.0
9201,5,8,1515,1,1,1,1.0,5.0,344.0,720,3.0,2.0,0.0,0.0,0.0,0.0,1.0,1,1,0.0,0.0,0.0,0.0,1966.0,2.0,33,0,0.0,9.0,1.0,1.0
9202,5,8,1515,1,1,1,1.0,5.0,344.0,720,3.0,2.0,0.0,0.0,0.0,0.0,1.0,1,1,0.0,0.0,0.0,0.0,1966.0,1.0,33,0,0.0,2.0,7.0,0.0
9203,5,8,1515,1,1,1,1.0,5.0,344.0,720,3.0,2.0,0.0,0.0,0.0,0.0,1.0,1,1,0.0,0.0,0.0,0.0,1966.0,1.0,33,0,0.0,9.0,1.0,2.0
9204,5,8,1515,1,1,1,1.0,5.0,344.0,720,3.0,2.0,0.0,0.0,0.0,0.0,1.0,1,1,0.0,0.0,0.0,0.0,1966.0,2.0,7,0,0.0,9.0,3.0,1.0
9205,5,8,1515,1,1,1,1.0,5.0,344.0,720,3.0,2.0,0.0,0.0,0.0,0.0,1.0,1,1,0.0,0.0,0.0,0.0,1966.0,1.0,33,0,0.0,9.0,4.0,1.0
9206,5,8,1515,1,1,1,1.0,5.0,344.0,720,3.0,2.0,0.0,0.0,0.0,0.0,1.0,1,1,0.0,0.0,0.0,0.0,1976.0,2.0,33,0,0.0,2.0,1.0,1.0
9207,5,8,1515,1,1,1,1.0,5.0,344.0,720,3.0,2.0,0.0,0.0,0.0,0.0,1.0,1,1,0.0,0.0,0.0,0.0,1976.0,2.0,33,0,0.0,9.0,1.0,1.0
9208,5,8,1515,1,1,1,1.0,5.0,344.0,720,3.0,2.0,0.0,0.0,0.0,0.0,1.0,1,1,0.0,0.0,0.0,0.0,1976.0,1.0,33,0,0.0,2.0,7.0,0.0
9209,5,8,1515,1,1,1,1.0,5.0,344.0,720,3.0,2.0,0.0,0.0,0.0,0.0,1.0,1,1,0.0,0.0,0.0,0.0,1976.0,1.0,33,0,0.0,9.0,1.0,2.0
9210,5,8,1515,1,1,1,1.0,5.0,344.0,720,3.0,2.0,0.0,0.0,0.0,0.0,1.0,1,1,0.0,0.0,0.0,0.0,1976.0,2.0,7,0,0.0,9.0,3.0,1.0
9211,5,8,1515,1,1,1,1.0,5.0,344.0,720,3.0,2.0,0.0,0.0,0.0,0.0,1.0,1,1,0.0,0.0,0.0,0.0,1976.0,1.0,33,0,0.0,9.0,4.0,1.0
9212,5,18,1915,1,1,1,1.0,5.0,346.0,720,3.0,2.0,2.0,0.0,0.0,1.0,0.0,1,4,0.0,0.0,0.0,0.0,1987.0,1.0,7,0,0.0,2.0,4.0,0.0
9213,5,18,1915,1,1,1,1.0,5.0,346.0,720,3.0,2.0,2.0,0.0,0.0,1.0,0.0,1,4,0.0,0.0,0.0,0.0,1987.0,1.0,10,0,0.0,2.0,1.0,2.0
9214,5,18,1915,1,1,1,1.0,5.0,346.0,720,3.0,2.0,2.0,0.0,0.0,1.0,0.0,1,4,0.0,0.0,0.0,0.0,1987.0,1.0,7,0,0.0,2.0,1.0,2.0
9215,5,18,1915,1,1,1,1.0,5.0,346.0,720,3.0,2.0,2.0,0.0,0.0,1.0,0.0,4,1,0.0,0.0,0.0,0.0,2010.0,1.0,7,0,0.0,2.0,4.0,0.0
9216,5,18,1915,1,1,1,1.0,5.0,346.0,720,3.0,2.0,2.0,0.0,0.0,1.0,0.0,4,1,0.0,0.0,0.0,0.0,2010.0,1.0,10,0,0.0,2.0,1.0,2.0
9217,5,18,1915,1,1,1,1.0,5.0,346.0,720,3.0,2.0,2.0,0.0,0.0,1.0,0.0,4,1,0.0,0.0,0.0,0.0,2010.0,1.0,7,0,0.0,2.0,1.0,2.0
9218,5,18,1915,1,1,1,1.0,5.0,346.0,720,3.0,2.0,2.0,0.0,0.0,1.0,0.0,4,4,0.0,0.0,0.0,0.0,2013.0,1.0,7,0,0.0,2.0,4.0,0.0
9219,5,18,1915,1,1,1,1.0,5.0,346.0,720,3.0,2.0,2.0,0.0,0.0,1.0,0.0,4,4,0.0,0.0,0.0,0.0,2013.0,1.0,10,0,0.0,2.0,1.0,2.0