,month,day,time,light,location,intersection,atmosphere,collision,municipality,department,road,traffic,nblanes,reslane,laneprofile,plan,surface,user,sex,route,pedlocation,pedaction,pedcondition,birth,dirtraffic,catvehicle,nboccupants,obstacle,movobstacle,impact,maneuver
9220,5,18,1915,1,1,1,1.0,5.0,346.0,720,3.0,2.0,2.0,0.0,0.0,1.0,0.0,4,4,0.0,0.0,0.0,0.0,2013.0,1.0,7,0,0.0,2.0,1.0,2.0
9221,5,18,1915,1,1,1,1.0,5.0,346.0,720,3.0,2.0,2.0,0.0,0.0,1.0,0.0,1,1,2.0,0.0,0.0,0.0,1995.0,1.0,7,0,0.0,2.0,4.0,0.0
9222,5,18,1915,1,1,1,1.0,5.0,346.0,720,3.0,2.0,2.0,0.0,0.0,1.0,0.0,1,1,2.0,0.0,0.0,0.0,1995.0,1.0,10,0,0.0,2.0,1.0,2.0
9223,5,18,1915,1,1,1,1.0,5.0,346.0,720,3.0,2.0,2.0,0.0,0.0,1.0,0.0,1,1,2.0,0.0,0.0,0.0,1995.0,1.0,7,0,0.0,2.0,1.0,2.0
9224,5,18,1915,1,1,1,1.0,5.0,346.0,720,3.0,2.0,2.0,0.0,0.0,1.0,0.0,1,4,4.0,0.0,0.0,0.0,1996.0,1.0,7,0,0.0,2.0,4.0,0.0
9225,5,18,1915,1,1,1,1.0,5.0,346.0,720,3.0,2.0,2.0,0.0,0.0,1.0,0.0,1,4,4.0,0.0,0.0,0.0,1996.0,1.0,10,0,0.0,2.0,1.0,2.0
9226,5,18,1915,1,1,1,1.0,5.0,346.0,720,3.0,2.0,2.0,0.0,0.0,1.0,0.0,1,4,4.0,0.0,0.0,0.0,1996.0,1.0,7,0,0.0,2.0,1.0,2.0
9227,5,27,1815,1,2,1,1.0,3.0,381.0,720,9.0,2.0,2.0,0.0,1.0,1.0,1.0,1,4,1.0,0.0,0.0,0.0,1993.0,0.0,7,0,0.0,2.0,2.0,19.0
9228,5,27,1815,1,2,1,1.0,3.0,381.0,720,9.0,2.0,2.0,0.0,1.0,1.0,1.0,1,4,1.0,0.0,0.0,0.0,1993.0,1.0,33,0,0.0,2.0,3.0,1.0
9229,5,27,1815,1,2,1,1.0,3.0,381.0,720,9.0,2.0,2.0,0.0,1.0,1.0,1.0,1,1,4.0,0.0,0.0,0.0,1989.0,0.0,7,0,0.0,2.0,2.0,19.0
9230,5,27,1815,1,2,1,1.0,3.0,381.0,720,9.0,2.0,2.0,0.0,1.0,1.0,1.0,1,1,4.0,0.0,0.0,0.0,1989.0,1.0,33,0,0.0,2.0,3.0,1.0
9231,7,26,1400,1,1,2,1.0,3.0,257.0,720,4.0,2.0,1.0,0.0,0.0,3.0,1.0,1,1,2.0,0.0,0.0,0.0,1976.0,0.0,10,0,0.0,2.0,1.0,1.0
9232,7,26,1400,1,1,2,1.0,3.0,257.0,720,4.0,2.0,1.0,0.0,0.0,3.0,1.0,1,1,2.0,0.0,0.0,0.0,1976.0,0.0,1,0,0.0,2.0,0.0,19.0
9233,7,26,1400,1,1,2,1.0,3.0,257.0,720,4.0,2.0,1.0,0.0,0.0,3.0,1.0,1,1,4.0,0.0,0.0,0.0,1970.0,0.0,10,0,0.0,2.0,1.0,1.0
9234,7,26,1400,1,1,2,1.0,3.0,257.0,720,4.0,2.0,1.0,0.0,0.0,3.0,1.0,1,1,4.0,0.0,0.0,0.0,1970.0,0.0,1,0,0.0,2.0,0.0,19.0
9235,8,16,1000,1,1,6,1.0,3.0,253.0,720,3.0,1.0,1.0,0.0,1.0,3.0,1.0,1,4,4.0,0.0,0.0,0.0,1963.0,1.0,7,0,0.0,2.0,7.0,17.0
9236,8,16,1000,1,1,6,1.0,3.0,253.0,720,3.0,1.0,1.0,0.0,1.0,3.0,1.0,1,4,4.0,0.0,0.0,0.0,1963.0,1.0,1,0,0.0,2.0,8.0,1.0
9237,8,16,1000,1,1,6,1.0,3.0,253.0,720,3.0,1.0,1.0,0.0,1.0,3.0,1.0,1,1,4.0,0.0,0.0,0.0,1971.0,1.0,7,0,0.0,2.0,7.0,17.0
9238,8,16,1000,1,1,6,1.0,3.0,253.0,720,3.0,1.0,1.0,0.0,1.0,3.0,1.0,1,1,4.0,0.0,0.0,0.0,1971.0,1.0,1,0,0.0,2.0,8.0,1.0
9239,8,30,715,2,1,1,1.0,3.0,253.0,720,3.0,2.0,2.0,0.0,0.0,1.0,1.0,1,1,1.0,0.0,0.0,0.0,1980.0,2.0,7,0,0.0,2.0,3.0,5.0
9240,8,30,715,2,1,1,1.0,3.0,253.0,720,3.0,2.0,2.0,0.0,0.0,1.0,1.0,1,1,1.0,0.0,0.0,0.0,1980.0,2.0,14,0,0.0,2.0,8.0,0.0
9241,8,30,715,2,1,1,1.0,3.0,253.0,720,3.0,2.0,2.0,0.0,0.0,1.0,1.0,1,1,2.0,0.0,0.0,0.0,1966.0,2.0,7,0,0.0,2.0,3.0,5.0
9242,8,30,715,2,1,1,1.0,3.0,253.0,720,3.0,2.0,2.0,0.0,0.0,1.0,1.0,1,1,2.0,0.0,0.0,0.0,1966.0,2.0,14,0,0.0,2.0,8.0,0.0
9243,9,9,2230,3,1,9,1.0,6.0,344.0,720,3.0,2.0,2.0,0.0,0.0,1.0,1.0,1,1,4.0,0.0,0.0,0.0,1984.0,1.0,33,0,5.0,0.0,0.0,1.0
9244,9,9,2230,3,1,9,1.0,6.0,344.0,720,3.0,2.0,2.0,0.0,0.0,1.0,1.0,4,4,0.0,0.0,0.0,0.0,1982.0,1.0,33,0,5.0,0.0,0.0,1.0
9245,12,9,900,3,1,1,5.0,6.0,96.0,720,3.0,2.0,2.0,0.0,1.0,1.0,2.0,1,1,0.0,0.0,0.0,0.0,1942.0,0.0,7,0,0.0,0.0,2.0,2.0
9246,12,9,900,3,1,1,5.0,6.0,96.0,720,3.0,2.0,2.0,0.0,1.0,1.0,2.0,4,4,0.0,0.0,0.0,0.0,1942.0,0.0,7,0,0.0,0.0,2.0,2.0
9247,12,9,900,3,1,1,5.0,6.0,96.0,720,3.0,2.0,2.0,0.0,1.0,1.0,2.0,4,4,0.0,0.0,0.0,0.0,2014.0,0.0,7,0,0.0,0.0,2.0,2.0
9248,1,19,1800,1,2,1,1.0,6.0,154.0,720,4.0,1.0,0.0,2.0,0.0,1.0,1.0,1,1,2.0,0.0,0.0,0.0,1960.0,0.0,7,0,2.0,0.0,1.0,0.0
9249,5,17,1330,1,1,1,1.0,3.0,154.0,720,4.0,2.0,0.0,0.0,1.0,0.0,1.0,1,1,4.0,0.0,0.0,0.0,1995.0,0.0,3,0,0.0,2.0,3.0,1.0
9250,5,17,1330,1,1,1,1.0,3.0,154.0,720,4.0,2.0,0.0,0.0,1.0,0.0,1.0,1,1,4.0,0.0,0.0,0.0,1995.0,0.0,7,0,0.0,2.0,3.0,1.0
9251,5,17,1330,1,1,1,1.0,3.0,154.0,720,4.0,2.0,0.0,0.0,1.0,0.0,1.0,1,1,1.0,0.0,0.0,0.0,1980.0,0.0,3,0,0.0,2.0,3.0,1.0
9252,5,17,1330,1,1,1,1.0,3.0,154.0,720,4.0,2.0,0.0,0.0,1.0,0.0,1.0,1,1,1.0,0.0,0.0,0.0,1980.0,0.0,7,0,0.0,2.0,3.0,1.0
9253,7,2,100,3,1,1,1.0,3.0,154.0,720,3.0,2.0,2.0,0.0,1.0,1.0,1.0,1,1,4.0,0.0,0.0,0.0,1992.0,1.0,7,0,0.0,2.0,3.0,19.0
9254,7,2,100,3,1,1,1.0,3.0,154.0,720,3.0,2.0,2.0,0.0,1.0,1.0,1.0,1,1,4.0,0.0,0.0,0.0,1992.0,1.0,33,0,0.0,2.0,1.0,1.0
9255,7,2,100,3,1,1,1.0,3.0,154.0,720,3.0,2.0,2.0,0.0,1.0,1.0,1.0,1,1,4.0,0.0,0.0,0.0,1986.0,1.0,7,0,0.0,2.0,3.0,19.0
9256,7,2,100,3,1,1,1.0,3.0,154.0,720,3.0,2.0,2.0,0.0,1.0,1.0,1.0,1,1,4.0,0.0,0.0,0.0,1986.0,1.0,33,0,0.0,2.0,1.0,1.0
9257,7,17,15,3,1,1,1.0,2.0,154.0,720,3.0,2.0,2.0,0.0,1.0,1.0,1.0,1,1,4.0,0.0,0.0,0.0,1990.0,1.0,7,0,0.0,2.0,2.0,1.0
9258,7,17,15,3,1,1,1.0,2.0,154.0,720,3.0,2.0,2.0,0.0,1.0,1.0,1.0,1,1,4.0,0.0,0.0,0.0,1990.0,1.0,1,0,0.0,2.0,4.0,1.0
9259,7,17,15,3,1,1,1.0,2.0,154.0,720,3.0,2.0,2.0,0.0,1.0,1.0,1.0,1,1,4.0,0.0,0.0,0.0,1995.0,1.0,7,0,0.0,2.0,2.0,1.0
9260,7,17,15,3,1,1,1.0,2.0,154.0,720,3.0,2.0,2.0,0.0,1.0,1.0,1.0,1,1,4.0,0.0,0.0,0.0,1995.0,1.0,1,0,0.0,2.0,4.0,1.0
9261,7,24,1515,1,2,1,7.0,6.0,25.0,720,3.0,2.0,0.0,0.0,1.0,1.0,1.0,1,1,4.0,0.0,0.0,0.0,1952.0,1.0,7,0,2.0,0.0,2.0,1.0
9262,7,24,1515,1,2,1,7.0,6.0,25.0,720,3.0,2.0,0.0,0.0,1.0,1.0,1.0,4,4,0.0,0.0,0.0,0.0,1954.0,1.0,7,0,2.0,0.0,2.0,1.0
9263,7,24,1515,1,2,1,7.0,6.0,25.0,720,3.0,2.0,0.0,0.0,1.0,1.0,1.0,4,4,0.0,0.0,0.0,0.0,2012.0,1.0,7,0,2.0,0.0,2.0,1.0
9264,7,24,1515,1,2,1,7.0,6.0,25.0,720,3.0,2.0,0.0,0.0,1.0,1.0,1.0,4,4,0.0,0.0,0.0,0.0,2015.0,1.0,7,0,2.0,0.0,2.0,1.0
9265,10,19,1415,1,2,1,1.0,1.0,154.0,720,4.0,1.0,1.0,0.0,1.0,2.0,1.0,1,1,4.0,0.0,0.0,0.0,1939.0,0.0,1,0,0.0,2.0,1.0,1.0
9266,10,19,1415,1,2,1,1.0,1.0,154.0,720,4.0,1.0,1.0,0.0,1.0,2.0,1.0,1,1,4.0,0.0,0.0,0.0,1939.0,0.0,7,0,0.0,2.0,1.0,15.0
9267,10,19,1415,1,2,1,1.0,1.0,154.0,720,4.0,1.0,1.0,0.0,1.0,2.0,1.0,1,1,2.0,0.0,0.0,0.0,1972.0,0.0,1,0,0.0,2.0,1.0,1.0
9268,10,19,1415,1,2,1,1.0,1.0,154.0,720,4.0,1.0,1.0,0.0,1.0,2.0,1.0,1,1,2.0,0.0,0.0,0.0,1972.0,0.0,7,0,0.0,2.0,1.0,15.0
9269,10,11,1815,1,1,1,1.0,6.0,143.0,720,3.0,2.0,2.0,0.0,1.0,1.0,1.0,1,4,0.0,0.0,0.0,0.0,1963.0,1.0,7,0,3.0,0.0,3.0,13.0
9270,10,26,2200,3,1,1,1.0,7.0,221.0,720,3.0,0.0,2.0,0.0,0.0,0.0,0.0,1,4,0.0,0.0,0.0,0.0,1974.0,0.0,7,0,0.0,0.0,0.0,0.0
9271,12,21,630,3,1,1,1.0,6.0,143.0,720,3.0,2.0,2.0,0.0,1.0,1.0,1.0,1,4,1.0,0.0,0.0,0.0,1990.0,1.0,7,0,0.0,1.0,1.0,1.0
9272,12,21,630,3,1,1,1.0,6.0,143.0,720,3.0,2.0,2.0,0.0,1.0,1.0,1.0,3,1,4.0,1.0,4.0,1.0,1997.0,1.0,7,0,0.0,1.0,1.0,1.0
9273,11,23,1815,3,1,1,2.0,3.0,228.0,720,3.0,2.0,2.0,0.0,1.0,1.0,2.0,1,1,4.0,0.0,0.0,0.0,2000.0,1.0,30,0,0.0,2.0,1.0,1.0
9274,11,23,1815,3,1,1,2.0,3.0,228.0,720,3.0,2.0,2.0,0.0,1.0,1.0,2.0,1,1,4.0,0.0,0.0,0.0,2000.0,1.0,7,0,0.0,2.0,3.0,15.0
9275,11,23,1815,3,1,1,2.0,3.0,228.0,720,3.0,2.0,2.0,0.0,1.0,1.0,2.0,1,1,4.0,0.0,0.0,0.0,1993.0,1.0,30,0,0.0,2.0,1.0,1.0
9276,11,23,1815,3,1,1,2.0,3.0,228.0,720,3.0,2.0,2.0,0.0,1.0,1.0,2.0,1,1,4.0,0.0,0.0,0.0,1993.0,1.0,7,0,0.0,2.0,3.0,15.0
9277,1,4,1615,1,1,1,1.0,1.0,50.0,720,3.0,2.0,2.0,0.0,1.0,3.0,1.0,1,1,1.0,0.0,0.0,0.0,1986.0,1.0,7,0,0.0,2.0,3.0,1.0
9278,1,4,1615,1,1,1,1.0,1.0,50.0,720,3.0,2.0,2.0,0.0,1.0,3.0,1.0,1,1,1.0,0.0,0.0,0.0,1986.0,2.0,7,0,0.0,2.0,3.0,21.0
9279,1,4,1615,1,1,1,1.0,1.0,50.0,720,3.0,2.0,2.0,0.0,1.0,3.0,1.0,1,1,4.0,0.0,0.0,0.0,1995.0,1.0,7,0,0.0,2.0,3.0,1.0
9280,1,4,1615,1,1,1,1.0,1.0,50.0,720,3.0,2.0,2.0,0.0,1.0,3.0,1.0,1,1,4.0,0.0,0.0,0.0,1995.0,2.0,7,0,0.0,2.0,3.0,21.0
9281,1,18,1130,1,1,1,2.0,6.0,22.0,720,3.0,2.0,2.0,0.0,1.0,1.0,2.0,1,4,1.0,0.0,0.0,0.0,1958.0,0.0,7,0,13.0,0.0,2.0,1.0
9282,2,15,1945,5,2,1,1.0,1.0,223.0,720,3.0,2.0,2.0,0.0,1.0,1.0,1.0,1,1,4.0,0.0,0.0,0.0,1992.0,0.0,7,0,0.0,2.0,1.0,13.0
9283,2,15,1945,5,2,1,1.0,1.0,223.0,720,3.0,2.0,2.0,0.0,1.0,1.0,1.0,1,1,4.0,0.0,0.0,0.0,1992.0,0.0,7,0,0.0,2.0,1.0,1.0
9284,2,15,1945,5,2,1,1.0,1.0,223.0,720,3.0,2.0,2.0,0.0,1.0,1.0,1.0,1,4,4.0,0.0,0.0,0.0,1959.0,0.0,7,0,0.0,2.0,1.0,13.0
9285,2,15,1945,5,2,1,1.0,1.0,223.0,720,3.0,2.0,2.0,0.0,1.0,1.0,1.0,1,4,4.0,0.0,0.0,0.0,1959.0,0.0,7,0,0.0,2.0,1.0,1.0
9286,3,8,1930,3,1,1,1.0,5.0,50.0,720,3.0,2.0,2.0,0.0,4.0,1.0,1.0,1,1,1.0,0.0,0.0,0.0,1981.0,1.0,10,0,0.0,2.0,1.0,0.0
9287,3,8,1930,3,1,1,1.0,5.0,50.0,720,3.0,2.0,2.0,0.0,4.0,1.0,1.0,1,1,1.0,0.0,0.0,0.0,1981.0,2.0,7,0,0.0,2.0,1.0,1.0
9288,3,8,1930,3,1,1,1.0,5.0,50.0,720,3.0,2.0,2.0,0.0,4.0,1.0,1.0,1,1,1.0,0.0,0.0,0.0,1981.0,1.0,7,0,0.0,2.0,9.0,15.0
9289,3,8,1930,3,1,1,1.0,5.0,50.0,720,3.0,2.0,2.0,0.0,4.0,1.0,1.0,1,1,1.0,0.0,0.0,0.0,1973.0,1.0,10,0,0.0,2.0,1.0,0.0
9290,3,8,1930,3,1,1,1.0,5.0,50.0,720,3.0,2.0,2.0,0.0,4.0,1.0,1.0,1,1,1.0,0.0,0.0,0.0,1973.0,2.0,7,0,0.0,2.0,1.0,1.0
9291,3,8,1930,3,1,1,1.0,5.0,50.0,720,3.0,2.0,2.0,0.0,4.0,1.0,1.0,1,1,1.0,0.0,0.0,0.0,1973.0,1.0,7,0,0.0,2.0,9.0,15.0
9292,3,8,1930,3,1,1,1.0,5.0,50.0,720,3.0,2.0,2.0,0.0,4.0,1.0,1.0,1,1,4.0,0.0,0.0,0.0,1984.0,1.0,10,0,0.0,2.0,1.0,0.0
9293,3,8,1930,3,1,1,1.0,5.0,50.0,720,3.0,2.0,2.0,0.0,4.0,1.0,1.0,1,1,4.0,0.0,0.0,0.0,1984.0,2.0,7,0,0.0,2.0,1.0,1.0
9294,3,8,1930,3,1,1,1.0,5.0,50.0,720,3.0,2.0,2.0,0.0,4.0,1.0,1.0,1,1,4.0,0.0,0.0,0.0,1984.0,1.0,7,0,0.0,2.0,9.0,15.0
9295,4,20,1000,1,1,1,1.0,3.0,228.0,720,3.0,2.0,2.0,0.0,1.0,1.0,1.0,1,4,4.0,0.0,0.0,0.0,1963.0,2.0,7,0,0.0,2.0,3.0,1.0
9296,4,20,1000,1,1,1,1.0,3.0,228.0,720,3.0,2.0,2.0,0.0,1.0,1.0,1.0,1,4,4.0,0.0,0.0,0.0,1963.0,1.0,7,0,0.0,2.0,3.0,19.0
9297,4,20,1000,1,1,1,1.0,3.0,228.0,720,3.0,2.0,2.0,0.0,1.0,1.0,1.0,4,1,0.0,0.0,0.0,0.0,2006.0,2.0,7,0,0.0,2.0,3.0,1.0
9298,4,20,1000,1,1,1,1.0,3.0,228.0,720,3.0,2.0,2.0,0.0,1.0,1.0,1.0,4,1,0.0,0.0,0.0,0.0,2006.0,1.0,7,0,0.0,2.0,3.0,19.0
9299,4,20,1000,1,1,1,1.0,3.0,228.0,720,3.0,2.0,2.0,0.0,1.0,1.0,1.0,1,4,0.0,0.0,0.0,0.0,1949.0,2.0,7,0,0.0,2.0,3.0,1.0
9300,4,20,1000,1,1,1,1.0,3.0,228.0,720,3.0,2.0,2.0,0.0,1.0,1.0,1.0,1,4,0.0,0.0,0.0,0.0,1949.0,1.0,7,0,0.0,2.0,3.0,19.0
9301,6,13,1400,1,1,1,1.0,1.0,22.0,720,4.0,2.0,2.0,0.0,1.0,1.0,1.0,1,4,1.0,0.0,0.0,0.0,1966.0,1.0,7,0,0.0,2.0,3.0,1.0
9302,6,13,1400,1,1,1,1.0,1.0,22.0,720,4.0,2.0,2.0,0.0,1.0,1.0,1.0,1,4,1.0,0.0,0.0,0.0,1966.0,0.0,7,0,0.0,2.0,3.0,3.0
9303,6,13,1400,1,1,1,1.0,1.0,22.0,720,4.0,2.0,2.0,0.0,1.0,1.0,1.0,1,1,1.0,0.0,0.0,0.0,1987.0,1.0,7,0,0.0,2.0,3.0,1.0
9304,6,13,1400,1,1,1,1.0,1.0,22.0,720,4.0,2.0,2.0,0.0,1.0,1.0,1.0,1,1,1.0,0.0,0.0,0.0,1987.0,0.0,7,0,0.0,2.0,3.0,3.0
9305,6,26,1745,1,1,1,1.0,7.0,50.0,720,3.0,2.0,0.0,0.0,0.0,2.0,1.0,1,1,4.0,0.0,0.0,0.0,1965.0,0.0,33,0,0.0,0.0,0.0,2.0
9306,6,26,1745,1,1,1,1.0,7.0,50.0,720,3.0,2.0,0.0,0.0,0.0,2.0,1.0,4,1,0.0,0.0,0.0,0.0,2004.0,0.0,33,0,0.0,0.0,0.0,2.0
9307,8,12,800,1,2,1,1.0,6.0,223.0,720,3.0,2.0,2.0,0.0,1.0,2.0,1.0,1,1,4.0,0.0,0.0,0.0,1986.0,1.0,7,0,6.0,0.0,2.0,1.0
9308,8,12,2045,1,1,1,1.0,1.0,22.0,720,3.0,2.0,2.0,0.0,1.0,3.0,1.0,1,1,4.0,0.0,0.0,0.0,1969.0,1.0,33,0,0.0,2.0,1.0,13.0
9309,8,12,2045,1,1,1,1.0,1.0,22.0,720,3.0,2.0,2.0,0.0,1.0,3.0,1.0,1,1,4.0,0.0,0.0,0.0,1969.0,2.0,7,0,0.0,2.0,1.0,1.0
9310,8,12,2045,1,1,1,1.0,1.0,22.0,720,3.0,2.0,2.0,0.0,1.0,3.0,1.0,4,1,0.0,0.0,0.0,0.0,1996.0,1.0,33,0,0.0,2.0,1.0,13.0
9311,8,12,2045,1,1,1,1.0,1.0,22.0,720,3.0,2.0,2.0,0.0,1.0,3.0,1.0,4,1,0.0,0.0,0.0,0.0,1996.0,2.0,7,0,0.0,2.0,1.0,1.0
9312,8,12,2045,1,1,1,1.0,1.0,22.0,720,3.0,2.0,2.0,0.0,1.0,3.0,1.0,1,4,1.0,0.0,0.0,0.0,1974.0,1.0,33,0,0.0,2.0,1.0,13.0
9313,8,12,2045,1,1,1,1.0,1.0,22.0,720,3.0,2.0,2.0,0.0,1.0,3.0,1.0,1,4,1.0,0.0,0.0,0.0,1974.0,2.0,7,0,0.0,2.0,1.0,1.0
9314,9,2,1145,1,2,1,1.0,2.0,179.0,720,3.0,2.0,0.0,0.0,1.0,1.0,1.0,1,4,0.0,0.0,0.0,0.0,1953.0,1.0,1,0,0.0,2.0,6.0,15.0
9315,9,2,1145,1,2,1,1.0,2.0,179.0,720,3.0,2.0,0.0,0.0,1.0,1.0,1.0,1,4,0.0,0.0,0.0,0.0,1953.0,2.0,7,0,0.0,9.0,3.0,1.0
9316,9,2,1145,1,2,1,1.0,2.0,179.0,720,3.0,2.0,0.0,0.0,1.0,1.0,1.0,1,1,0.0,0.0,0.0,0.0,1939.0,1.0,1,0,0.0,2.0,6.0,15.0
9317,9,2,1145,1,2,1,1.0,2.0,179.0,720,3.0,2.0,0.0,0.0,1.0,1.0,1.0,1,1,0.0,0.0,0.0,0.0,1939.0,2.0,7,0,0.0,9.0,3.0,1.0
9318,11,11,315,3,1,1,1.0,6.0,228.0,720,3.0,2.0,2.0,0.0,0.0,1.0,1.0,1,1,0.0,0.0,0.0,0.0,1990.0,1.0,7,0,11.0,0.0,3.0,13.0
9319,11,11,315,3,1,1,1.0,6.0,228.0,720,3.0,2.0,2.0,0.0,0.0,1.0,1.0,4,1,0.0,0.0,0.0,0.0,1995.0,1.0,7,0,11.0,0.0,3.0,13.0
9320,11,14,745,1,1,1,1.0,3.0,239.0,720,3.0,2.0,2.0,0.0,0.0,1.0,1.0,1,1,1.0,0.0,0.0,0.0,1977.0,1.0,33,0,0.0,2.0,1.0,1.0
9321,11,14,745,1,1,1,1.0,3.0,239.0,720,3.0,2.0,2.0,0.0,0.0,1.0,1.0,1,1,1.0,0.0,0.0,0.0,1977.0,1.0,21,0,0.0,2.0,5.0,1.0
9322,11,14,745,1,1,1,1.0,3.0,239.0,720,3.0,2.0,2.0,0.0,0.0,1.0,1.0,1,1,1.0,0.0,0.0,0.0,1965.0,1.0,33,0,0.0,2.0,1.0,1.0
9323,11,14,745,1,1,1,1.0,3.0,239.0,720,3.0,2.0,2.0,0.0,0.0,1.0,1.0,1,1,1.0,0.0,0.0,0.0,1965.0,1.0,21,0,0.0,2.0,5.0,1.0
9324,11,17,1830,3,1,1,8.0,1.0,44.0,720,3.0,2.0,0.0,0.0,1.0,1.0,2.0,1,1,2.0,0.0,0.0,0.0,1993.0,2.0,10,0,0.0,2.0,3.0,1.0
9325,11,17,1830,3,1,1,8.0,1.0,44.0,720,3.0,2.0,0.0,0.0,1.0,1.0,2.0,1,1,2.0,0.0,0.0,0.0,1993.0,1.0,7,0,0.0,2.0,3.0,1.0
9326,11,17,1830,3,1,1,8.0,1.0,44.0,720,3.0,2.0,0.0,0.0,1.0,1.0,2.0,1,4,3.0,0.0,0.0,0.0,1931.0,2.0,10,0,0.0,2.0,3.0,1.0
9327,11,17,1830,3,1,1,8.0,1.0,44.0,720,3.0,2.0,0.0,0.0,1.0,1.0,2.0,1,4,3.0,0.0,0.0,0.0,1931.0,1.0,7,0,0.0,2.0,3.0,1.0
9328,11,22,1530,1,1,1,1.0,6.0,307.0,720,3.0,2.0,2.0,0.0,2.0,4.0,1.0,1,1,4.0,0.0,0.0,0.0,1998.0,2.0,7,0,8.0,0.0,3.0,1.0
9329,11,23,1545,1,1,1,1.0,7.0,179.0,720,3.0,2.0,2.0,0.0,1.0,1.0,1.0,1,4,1.0,0.0,0.0,0.0,2000.0,1.0,30,0,0.0,0.0,0.0,0.0
9330,1,8,1830,3,1,1,1.0,2.0,51.0,720,3.0,2.0,3.0,0.0,1.0,1.0,1.0,1,1,1.0,0.0,0.0,0.0,1966.0,1.0,7,0,0.0,2.0,2.0,2.0
9331,1,8,1830,3,1,1,1.0,2.0,51.0,720,3.0,2.0,3.0,0.0,1.0,1.0,1.0,1,1,1.0,0.0,0.0,0.0,1966.0,1.0,33,0,0.0,2.0,4.0,1.0
9332,1,8,1830,3,1,1,1.0,2.0,51.0,720,3.0,2.0,3.0,0.0,1.0,1.0,1.0,1,1,2.0,0.0,0.0,0.0,1966.0,1.0,7,0,0.0,2.0,2.0,2.0
9333,1,8,1830,3,1,1,1.0,2.0,51.0,720,3.0,2.0,3.0,0.0,1.0,1.0,1.0,1,1,2.0,0.0,0.0,0.0,1966.0,1.0,33,0,0.0,2.0,4.0,1.0
9334,1,29,1530,1,1,1,1.0,1.0,117.0,720,3.0,2.0,0.0,0.0,1.0,1.0,1.0,1,4,4.0,0.0,0.0,0.0,1984.0,0.0,7,0,0.0,2.0,1.0,1.0
9335,1,29,1530,1,1,1,1.0,1.0,117.0,720,3.0,2.0,0.0,0.0,1.0,1.0,1.0,1,4,4.0,0.0,0.0,0.0,1984.0,0.0,3,0,0.0,2.0,1.0,13.0
9336,1,29,1530,1,1,1,1.0,1.0,117.0,720,3.0,2.0,0.0,0.0,1.0,1.0,1.0,1,1,4.0,0.0,0.0,0.0,1929.0,0.0,7,0,0.0,2.0,1.0,1.0
9337,1,29,1530,1,1,1,1.0,1.0,117.0,720,3.0,2.0,0.0,0.0,1.0,1.0,1.0,1,1,4.0,0.0,0.0,0.0,1929.0,0.0,3,0,0.0,2.0,1.0,13.0
9338,3,29,845,1,1,1,9.0,3.0,117.0,720,3.0,2.0,0.0,0.0,1.0,1.0,2.0,1,1,4.0,0.0,0.0,0.0,1972.0,2.0,2,0,0.0,2.0,1.0,0.0
9339,3,29,845,1,1,1,9.0,3.0,117.0,720,3.0,2.0,0.0,0.0,1.0,1.0,2.0,1,1,4.0,0.0,0.0,0.0,1972.0,1.0,10,0,0.0,2.0,7.0,19.0
9340,3,29,845,1,1,1,9.0,3.0,117.0,720,3.0,2.0,0.0,0.0,1.0,1.0,2.0,1,1,4.0,0.0,0.0,0.0,1956.0,2.0,2,0,0.0,2.0,1.0,0.0
9341,3,29,845,1,1,1,9.0,3.0,117.0,720,3.0,2.0,0.0,0.0,1.0,1.0,2.0,1,1,4.0,0.0,0.0,0.0,1956.0,1.0,10,0,0.0,2.0,7.0,19.0
9342,4,13,1945,1,1,1,1.0,7.0,252.0,720,3.0,2.0,2.0,0.0,2.0,1.0,1.0,1,1,4.0,0.0,0.0,0.0,1950.0,2.0,32,0,0.0,0.0,7.0,1.0
9343,4,16,700,2,1,1,1.0,6.0,135.0,720,3.0,2.0,2.0,0.0,1.0,1.0,1.0,1,4,1.0,0.0,0.0,0.0,1996.0,2.0,7,0,2.0,0.0,1.0,1.0
9344,5,21,1400,1,1,1,1.0,7.0,13.0,720,3.0,2.0,2.0,3.0,0.0,1.0,1.0,1,1,4.0,0.0,0.0,0.0,1990.0,1.0,3,0,16.0,0.0,4.0,10.0
9345,5,21,1400,1,1,1,1.0,7.0,13.0,720,3.0,2.0,2.0,3.0,0.0,1.0,1.0,4,4,4.0,0.0,0.0,0.0,1994.0,1.0,3,0,16.0,0.0,4.0,10.0
9346,6,5,1830,1,2,1,1.0,2.0,176.0,720,3.0,2.0,2.0,0.0,0.0,1.0,1.0,1,1,4.0,0.0,0.0,0.0,1990.0,2.0,31,0,0.0,2.0,3.0,2.0
9347,6,5,1830,1,2,1,1.0,2.0,176.0,720,3.0,2.0,2.0,0.0,0.0,1.0,1.0,1,1,4.0,0.0,0.0,0.0,1990.0,2.0,10,0,0.0,2.0,6.0,2.0
9348,6,5,1830,1,2,1,1.0,2.0,176.0,720,3.0,2.0,2.0,0.0,0.0,1.0,1.0,1,1,4.0,0.0,0.0,0.0,1948.0,2.0,31,0,0.0,2.0,3.0,2.0
9349,6,5,1830,1,2,1,1.0,2.0,176.0,720,3.0,2.0,2.0,0.0,0.0,1.0,1.0,1,1,4.0,0.0,0.0,0.0,1948.0,2.0,10,0,0.0,2.0,6.0,2.0