,month,day,time,light,location,intersection,atmosphere,collision,municipality,department,road,traffic,nblanes,reslane,laneprofile,plan,surface,user,sex,route,pedlocation,pedaction,pedcondition,birth,dirtraffic,catvehicle,nboccupants,obstacle,movobstacle,impact,maneuver
9350,6,22,745,1,1,1,1.0,1.0,191.0,720,3.0,2.0,0.0,0.0,1.0,3.0,1.0,1,1,1.0,0.0,0.0,0.0,1994.0,0.0,7,0,0.0,2.0,3.0,13.0
9351,6,22,745,1,1,1,1.0,1.0,191.0,720,3.0,2.0,0.0,0.0,1.0,3.0,1.0,1,1,1.0,0.0,0.0,0.0,1994.0,0.0,7,0,0.0,2.0,3.0,1.0
9352,6,22,745,1,1,1,1.0,1.0,191.0,720,3.0,2.0,0.0,0.0,1.0,3.0,1.0,1,1,1.0,0.0,0.0,0.0,1987.0,0.0,7,0,0.0,2.0,3.0,13.0
9353,6,22,745,1,1,1,1.0,1.0,191.0,720,3.0,2.0,0.0,0.0,1.0,3.0,1.0,1,1,1.0,0.0,0.0,0.0,1987.0,0.0,7,0,0.0,2.0,3.0,1.0
9354,7,8,115,3,1,1,1.0,6.0,175.0,720,4.0,2.0,0.0,0.0,0.0,1.0,1.0,1,1,4.0,0.0,0.0,0.0,1991.0,0.0,7,0,2.0,0.0,5.0,1.0
9355,7,8,115,3,1,1,1.0,6.0,175.0,720,4.0,2.0,0.0,0.0,0.0,1.0,1.0,4,4,0.0,0.0,0.0,0.0,1989.0,0.0,7,0,2.0,0.0,5.0,1.0
9356,7,11,1530,1,1,1,1.0,2.0,51.0,720,3.0,2.0,0.0,0.0,0.0,1.0,1.0,1,4,1.0,0.0,0.0,0.0,1968.0,1.0,7,0,0.0,2.0,0.0,0.0
9357,7,11,1530,1,1,1,1.0,2.0,51.0,720,3.0,2.0,0.0,0.0,0.0,1.0,1.0,1,4,1.0,0.0,0.0,0.0,1968.0,1.0,7,0,0.0,2.0,4.0,0.0
9358,7,11,1530,1,1,1,1.0,2.0,51.0,720,3.0,2.0,0.0,0.0,0.0,1.0,1.0,4,1,0.0,0.0,0.0,0.0,1965.0,1.0,7,0,0.0,2.0,0.0,0.0
9359,7,11,1530,1,1,1,1.0,2.0,51.0,720,3.0,2.0,0.0,0.0,0.0,1.0,1.0,4,1,0.0,0.0,0.0,0.0,1965.0,1.0,7,0,0.0,2.0,4.0,0.0
9360,7,11,1530,1,1,1,1.0,2.0,51.0,720,3.0,2.0,0.0,0.0,0.0,1.0,1.0,1,1,0.0,0.0,0.0,0.0,1964.0,1.0,7,0,0.0,2.0,0.0,0.0
9361,7,11,1530,1,1,1,1.0,2.0,51.0,720,3.0,2.0,0.0,0.0,0.0,1.0,1.0,1,1,0.0,0.0,0.0,0.0,1964.0,1.0,7,0,0.0,2.0,4.0,0.0
9362,7,8,900,1,1,1,1.0,3.0,175.0,720,3.0,0.0,2.0,0.0,1.0,1.0,0.0,1,1,2.0,0.0,0.0,0.0,1973.0,1.0,7,0,0.0,2.0,3.0,19.0
9363,7,8,900,1,1,1,1.0,3.0,175.0,720,3.0,0.0,2.0,0.0,1.0,1.0,0.0,1,1,2.0,0.0,0.0,0.0,1973.0,2.0,7,0,0.0,2.0,2.0,1.0
9364,7,8,900,1,1,1,1.0,3.0,175.0,720,3.0,0.0,2.0,0.0,1.0,1.0,0.0,1,1,0.0,0.0,0.0,0.0,1979.0,1.0,7,0,0.0,2.0,3.0,19.0
9365,7,8,900,1,1,1,1.0,3.0,175.0,720,3.0,0.0,2.0,0.0,1.0,1.0,0.0,1,1,0.0,0.0,0.0,0.0,1979.0,2.0,7,0,0.0,2.0,2.0,1.0
9366,8,1,1530,1,1,2,1.0,3.0,51.0,720,3.0,2.0,1.0,0.0,1.0,1.0,1.0,1,1,4.0,0.0,0.0,0.0,1997.0,1.0,7,0,0.0,2.0,2.0,19.0
9367,8,1,1530,1,1,2,1.0,3.0,51.0,720,3.0,2.0,1.0,0.0,1.0,1.0,1.0,1,1,4.0,0.0,0.0,0.0,1997.0,1.0,33,0,0.0,2.0,2.0,1.0
9368,8,1,1530,1,1,2,1.0,3.0,51.0,720,3.0,2.0,1.0,0.0,1.0,1.0,1.0,1,1,4.0,0.0,0.0,0.0,1956.0,1.0,7,0,0.0,2.0,2.0,19.0
9369,8,1,1530,1,1,2,1.0,3.0,51.0,720,3.0,2.0,1.0,0.0,1.0,1.0,1.0,1,1,4.0,0.0,0.0,0.0,1956.0,1.0,33,0,0.0,2.0,2.0,1.0
9370,8,14,1730,1,1,1,1.0,1.0,51.0,720,4.0,0.0,0.0,0.0,0.0,0.0,0.0,1,1,0.0,0.0,0.0,0.0,2001.0,0.0,2,0,0.0,9.0,0.0,0.0
9371,8,14,1730,1,1,1,1.0,1.0,51.0,720,4.0,0.0,0.0,0.0,0.0,0.0,0.0,1,1,0.0,0.0,0.0,0.0,2001.0,0.0,1,0,0.0,2.0,0.0,0.0
9372,8,14,1730,1,1,1,1.0,1.0,51.0,720,4.0,0.0,0.0,0.0,0.0,0.0,0.0,1,4,0.0,0.0,0.0,0.0,2001.0,0.0,2,0,0.0,9.0,0.0,0.0
9373,8,14,1730,1,1,1,1.0,1.0,51.0,720,4.0,0.0,0.0,0.0,0.0,0.0,0.0,1,4,0.0,0.0,0.0,0.0,2001.0,0.0,1,0,0.0,2.0,0.0,0.0
9374,8,26,1500,1,1,1,1.0,2.0,283.0,720,3.0,2.0,1.0,0.0,1.0,3.0,9.0,1,1,1.0,0.0,0.0,0.0,1992.0,1.0,7,0,0.0,2.0,2.0,2.0
9375,8,26,1500,1,1,1,1.0,2.0,283.0,720,3.0,2.0,1.0,0.0,1.0,3.0,9.0,1,1,1.0,0.0,0.0,0.0,1992.0,1.0,1,0,0.0,2.0,4.0,1.0
9376,8,26,1500,1,1,1,1.0,2.0,283.0,720,3.0,2.0,1.0,0.0,1.0,3.0,9.0,1,1,4.0,0.0,0.0,0.0,1950.0,1.0,7,0,0.0,2.0,2.0,2.0
9377,8,26,1500,1,1,1,1.0,2.0,283.0,720,3.0,2.0,1.0,0.0,1.0,3.0,9.0,1,1,4.0,0.0,0.0,0.0,1950.0,1.0,1,0,0.0,2.0,4.0,1.0
9378,2,11,1900,2,1,1,1.0,6.0,264.0,720,3.0,2.0,2.0,0.0,1.0,1.0,1.0,1,1,4.0,0.0,0.0,0.0,1943.0,1.0,7,0,0.0,1.0,2.0,1.0
9379,2,11,1900,2,1,1,1.0,6.0,264.0,720,3.0,2.0,2.0,0.0,1.0,1.0,1.0,3,1,1.0,1.0,1.0,1.0,1974.0,1.0,7,0,0.0,1.0,2.0,1.0
9380,3,10,1000,1,2,1,1.0,6.0,264.0,720,3.0,2.0,0.0,0.0,1.0,1.0,1.0,1,1,3.0,0.0,0.0,0.0,1955.0,1.0,7,0,0.0,1.0,2.0,1.0
9381,3,10,1000,1,2,1,1.0,6.0,264.0,720,3.0,2.0,0.0,0.0,1.0,1.0,1.0,3,4,9.0,2.0,3.0,1.0,1927.0,1.0,7,0,0.0,1.0,2.0,1.0
9382,3,11,1645,1,1,1,1.0,1.0,151.0,720,3.0,2.0,2.0,0.0,0.0,2.0,1.0,1,4,4.0,0.0,0.0,0.0,1975.0,2.0,7,0,0.0,2.0,2.0,1.0
9383,3,11,1645,1,1,1,1.0,1.0,151.0,720,3.0,2.0,2.0,0.0,0.0,2.0,1.0,1,4,4.0,0.0,0.0,0.0,1975.0,1.0,1,0,0.0,2.0,0.0,19.0
9384,3,11,1645,1,1,1,1.0,1.0,151.0,720,3.0,2.0,2.0,0.0,0.0,2.0,1.0,1,1,4.0,0.0,0.0,0.0,1942.0,2.0,7,0,0.0,2.0,2.0,1.0
9385,3,11,1645,1,1,1,1.0,1.0,151.0,720,3.0,2.0,2.0,0.0,0.0,2.0,1.0,1,1,4.0,0.0,0.0,0.0,1942.0,1.0,1,0,0.0,2.0,0.0,19.0
9386,7,7,2045,1,2,1,1.0,1.0,244.0,720,4.0,2.0,0.0,0.0,1.0,0.0,1.0,1,4,1.0,0.0,0.0,0.0,1981.0,0.0,7,0,0.0,2.0,1.0,0.0
9387,7,7,2045,1,2,1,1.0,1.0,244.0,720,4.0,2.0,0.0,0.0,1.0,0.0,1.0,1,4,1.0,0.0,0.0,0.0,1981.0,0.0,31,0,0.0,2.0,1.0,0.0
9388,7,7,2045,1,2,1,1.0,1.0,244.0,720,4.0,2.0,0.0,0.0,1.0,0.0,1.0,1,1,4.0,0.0,0.0,0.0,1970.0,0.0,7,0,0.0,2.0,1.0,0.0
9389,7,7,2045,1,2,1,1.0,1.0,244.0,720,4.0,2.0,0.0,0.0,1.0,0.0,1.0,1,1,4.0,0.0,0.0,0.0,1970.0,0.0,31,0,0.0,2.0,1.0,0.0
9390,8,5,1700,1,2,1,1.0,3.0,264.0,720,4.0,2.0,2.0,0.0,2.0,1.0,1.0,1,1,4.0,0.0,0.0,0.0,1996.0,0.0,33,0,0.0,2.0,1.0,1.0
9391,8,5,1700,1,2,1,1.0,3.0,264.0,720,4.0,2.0,2.0,0.0,2.0,1.0,1.0,1,1,4.0,0.0,0.0,0.0,1996.0,0.0,7,0,0.0,2.0,8.0,9.0
9392,8,5,1700,1,2,1,1.0,3.0,264.0,720,4.0,2.0,2.0,0.0,2.0,1.0,1.0,1,4,4.0,0.0,0.0,0.0,1962.0,0.0,33,0,0.0,2.0,1.0,1.0
9393,8,5,1700,1,2,1,1.0,3.0,264.0,720,4.0,2.0,2.0,0.0,2.0,1.0,1.0,1,4,4.0,0.0,0.0,0.0,1962.0,0.0,7,0,0.0,2.0,8.0,9.0
9394,11,22,1830,3,1,1,1.0,3.0,244.0,720,3.0,2.0,2.0,0.0,1.0,1.0,1.0,1,4,4.0,0.0,0.0,0.0,1974.0,1.0,7,0,0.0,2.0,3.0,1.0
9395,11,22,1830,3,1,1,1.0,3.0,244.0,720,3.0,2.0,2.0,0.0,1.0,1.0,1.0,1,4,4.0,0.0,0.0,0.0,1974.0,1.0,7,0,0.0,2.0,3.0,1.0
9396,11,22,1830,3,1,1,1.0,3.0,244.0,720,3.0,2.0,2.0,0.0,1.0,1.0,1.0,1,1,9.0,0.0,0.0,0.0,1990.0,1.0,7,0,0.0,2.0,3.0,1.0
9397,11,22,1830,3,1,1,1.0,3.0,244.0,720,3.0,2.0,2.0,0.0,1.0,1.0,1.0,1,1,9.0,0.0,0.0,0.0,1990.0,1.0,7,0,0.0,2.0,3.0,1.0
9398,1,15,2230,3,1,1,1.0,6.0,104.0,720,3.0,2.0,0.0,0.0,1.0,3.0,7.0,1,4,1.0,0.0,0.0,0.0,1997.0,1.0,7,0,8.0,0.0,3.0,1.0
9399,5,5,715,1,1,1,1.0,3.0,39.0,720,3.0,0.0,0.0,0.0,1.0,1.0,1.0,1,1,2.0,0.0,0.0,0.0,1972.0,2.0,21,0,0.0,2.0,3.0,15.0
9400,5,5,715,1,1,1,1.0,3.0,39.0,720,3.0,0.0,0.0,0.0,1.0,1.0,1.0,1,1,2.0,0.0,0.0,0.0,1972.0,2.0,10,0,0.0,2.0,1.0,17.0
9401,5,5,715,1,1,1,1.0,3.0,39.0,720,3.0,0.0,0.0,0.0,1.0,1.0,1.0,1,1,1.0,0.0,0.0,0.0,1986.0,2.0,21,0,0.0,2.0,3.0,15.0
9402,5,5,715,1,1,1,1.0,3.0,39.0,720,3.0,0.0,0.0,0.0,1.0,1.0,1.0,1,1,1.0,0.0,0.0,0.0,1986.0,2.0,10,0,0.0,2.0,1.0,17.0
9403,5,5,715,1,1,1,1.0,3.0,39.0,720,3.0,0.0,0.0,0.0,1.0,1.0,1.0,4,1,0.0,0.0,0.0,0.0,1998.0,2.0,21,0,0.0,2.0,3.0,15.0
9404,5,5,715,1,1,1,1.0,3.0,39.0,720,3.0,0.0,0.0,0.0,1.0,1.0,1.0,4,1,0.0,0.0,0.0,0.0,1998.0,2.0,10,0,0.0,2.0,1.0,17.0
9405,5,5,715,1,1,1,1.0,3.0,39.0,720,3.0,0.0,0.0,0.0,1.0,1.0,1.0,4,1,0.0,0.0,0.0,0.0,1991.0,2.0,21,0,0.0,2.0,3.0,15.0
9406,5,5,715,1,1,1,1.0,3.0,39.0,720,3.0,0.0,0.0,0.0,1.0,1.0,1.0,4,1,0.0,0.0,0.0,0.0,1991.0,2.0,10,0,0.0,2.0,1.0,17.0
9407,5,16,445,3,1,1,1.0,6.0,112.0,720,3.0,2.0,0.0,0.0,1.0,1.0,1.0,1,4,1.0,0.0,0.0,0.0,1995.0,2.0,7,0,13.0,0.0,1.0,1.0
9408,7,1,1615,1,1,1,1.0,3.0,220.0,720,3.0,2.0,2.0,0.0,1.0,1.0,1.0,1,1,0.0,0.0,0.0,0.0,1971.0,2.0,32,0,0.0,2.0,1.0,1.0
9409,7,1,1615,1,1,1,1.0,3.0,220.0,720,3.0,2.0,2.0,0.0,1.0,1.0,1.0,1,1,0.0,0.0,0.0,0.0,1971.0,1.0,21,0,0.0,2.0,6.0,1.0
9410,7,1,1615,1,1,1,1.0,3.0,220.0,720,3.0,2.0,2.0,0.0,1.0,1.0,1.0,1,1,0.0,0.0,0.0,0.0,1960.0,2.0,32,0,0.0,2.0,1.0,1.0
9411,7,1,1615,1,1,1,1.0,3.0,220.0,720,3.0,2.0,2.0,0.0,1.0,1.0,1.0,1,1,0.0,0.0,0.0,0.0,1960.0,1.0,21,0,0.0,2.0,6.0,1.0
9412,7,1,1615,1,1,1,1.0,3.0,220.0,720,3.0,2.0,2.0,0.0,1.0,1.0,1.0,4,1,0.0,0.0,0.0,0.0,1999.0,2.0,32,0,0.0,2.0,1.0,1.0
9413,7,1,1615,1,1,1,1.0,3.0,220.0,720,3.0,2.0,2.0,0.0,1.0,1.0,1.0,4,1,0.0,0.0,0.0,0.0,1999.0,1.0,21,0,0.0,2.0,6.0,1.0
9414,7,17,1615,1,1,1,1.0,6.0,317.0,720,3.0,2.0,1.0,0.0,0.0,2.0,1.0,1,1,4.0,0.0,0.0,0.0,1982.0,1.0,7,0,13.0,0.0,1.0,1.0
9415,7,17,1615,1,1,1,1.0,6.0,317.0,720,3.0,2.0,1.0,0.0,0.0,2.0,1.0,4,4,0.0,0.0,0.0,0.0,2012.0,1.0,7,0,13.0,0.0,1.0,1.0
9416,8,23,800,1,1,4,1.0,2.0,148.0,720,3.0,2.0,0.0,0.0,1.0,1.0,1.0,1,1,1.0,0.0,0.0,0.0,1993.0,0.0,33,0,0.0,2.0,1.0,1.0
9417,8,23,800,1,1,4,1.0,2.0,148.0,720,3.0,2.0,0.0,0.0,1.0,1.0,1.0,1,1,1.0,0.0,0.0,0.0,1993.0,0.0,17,0,0.0,2.0,5.0,15.0
9418,8,23,800,1,1,4,1.0,2.0,148.0,720,3.0,2.0,0.0,0.0,1.0,1.0,1.0,1,1,2.0,0.0,0.0,0.0,1978.0,0.0,33,0,0.0,2.0,1.0,1.0
9419,8,23,800,1,1,4,1.0,2.0,148.0,720,3.0,2.0,0.0,0.0,1.0,1.0,1.0,1,1,2.0,0.0,0.0,0.0,1978.0,0.0,17,0,0.0,2.0,5.0,15.0
9420,8,30,930,1,1,1,1.0,1.0,39.0,720,3.0,2.0,2.0,0.0,1.0,1.0,1.0,1,1,4.0,0.0,0.0,0.0,1958.0,2.0,1,0,0.0,2.0,1.0,16.0
9421,8,30,930,1,1,1,1.0,1.0,39.0,720,3.0,2.0,2.0,0.0,1.0,1.0,1.0,1,1,4.0,0.0,0.0,0.0,1958.0,1.0,7,0,0.0,9.0,2.0,19.0
9422,8,30,930,1,1,1,1.0,1.0,39.0,720,3.0,2.0,2.0,0.0,1.0,1.0,1.0,1,4,1.0,0.0,0.0,0.0,1960.0,2.0,1,0,0.0,2.0,1.0,16.0
9423,8,30,930,1,1,1,1.0,1.0,39.0,720,3.0,2.0,2.0,0.0,1.0,1.0,1.0,1,4,1.0,0.0,0.0,0.0,1960.0,1.0,7,0,0.0,9.0,2.0,19.0
9424,8,27,1000,1,1,1,1.0,1.0,276.0,720,3.0,2.0,2.0,0.0,1.0,2.0,1.0,1,1,0.0,0.0,0.0,0.0,1965.0,2.0,10,0,0.0,2.0,1.0,1.0
9425,8,27,1000,1,1,1,1.0,1.0,276.0,720,3.0,2.0,2.0,0.0,1.0,2.0,1.0,1,1,0.0,0.0,0.0,0.0,1965.0,1.0,7,0,0.0,2.0,1.0,5.0
9426,8,27,1000,1,1,1,1.0,1.0,276.0,720,3.0,2.0,2.0,0.0,1.0,2.0,1.0,1,1,4.0,0.0,0.0,0.0,1933.0,2.0,10,0,0.0,2.0,1.0,1.0
9427,8,27,1000,1,1,1,1.0,1.0,276.0,720,3.0,2.0,2.0,0.0,1.0,2.0,1.0,1,1,4.0,0.0,0.0,0.0,1933.0,1.0,7,0,0.0,2.0,1.0,5.0
9428,8,27,1000,1,1,1,1.0,1.0,276.0,720,3.0,2.0,2.0,0.0,1.0,2.0,1.0,4,4,0.0,0.0,0.0,0.0,1938.0,2.0,10,0,0.0,2.0,1.0,1.0
9429,8,27,1000,1,1,1,1.0,1.0,276.0,720,3.0,2.0,2.0,0.0,1.0,2.0,1.0,4,4,0.0,0.0,0.0,0.0,1938.0,1.0,7,0,0.0,2.0,1.0,5.0
9430,9,22,2015,1,2,1,1.0,7.0,180.0,720,9.0,2.0,0.0,0.0,0.0,2.0,1.0,1,1,4.0,0.0,0.0,0.0,1996.0,0.0,33,0,12.0,0.0,0.0,13.0
9431,9,30,1930,2,1,1,1.0,1.0,295.0,720,3.0,2.0,2.0,0.0,3.0,1.0,1.0,1,4,0.0,0.0,0.0,0.0,1963.0,1.0,7,0,0.0,2.0,3.0,13.0
9432,9,30,1930,2,1,1,1.0,1.0,295.0,720,3.0,2.0,2.0,0.0,3.0,1.0,1.0,1,4,0.0,0.0,0.0,0.0,1963.0,2.0,7,0,0.0,2.0,3.0,1.0
9433,9,30,1930,2,1,1,1.0,1.0,295.0,720,3.0,2.0,2.0,0.0,3.0,1.0,1.0,1,4,4.0,0.0,0.0,0.0,1962.0,1.0,7,0,0.0,2.0,3.0,13.0
9434,9,30,1930,2,1,1,1.0,1.0,295.0,720,3.0,2.0,2.0,0.0,3.0,1.0,1.0,1,4,4.0,0.0,0.0,0.0,1962.0,2.0,7,0,0.0,2.0,3.0,1.0
9435,9,30,1930,2,1,1,1.0,1.0,295.0,720,3.0,2.0,2.0,0.0,3.0,1.0,1.0,4,4,0.0,0.0,0.0,0.0,2002.0,1.0,7,0,0.0,2.0,3.0,13.0
9436,9,30,1930,2,1,1,1.0,1.0,295.0,720,3.0,2.0,2.0,0.0,3.0,1.0,1.0,4,4,0.0,0.0,0.0,0.0,2002.0,2.0,7,0,0.0,2.0,3.0,1.0
9437,10,31,900,1,1,1,1.0,4.0,276.0,720,3.0,2.0,2.0,0.0,1.0,1.0,1.0,1,1,1.0,0.0,0.0,0.0,1982.0,1.0,7,0,0.0,2.0,0.0,23.0
9438,10,31,900,1,1,1,1.0,4.0,276.0,720,3.0,2.0,2.0,0.0,1.0,1.0,1.0,1,1,1.0,0.0,0.0,0.0,1982.0,1.0,7,0,0.0,2.0,1.0,1.0
9439,10,31,900,1,1,1,1.0,4.0,276.0,720,3.0,2.0,2.0,0.0,1.0,1.0,1.0,1,1,1.0,0.0,0.0,0.0,1982.0,1.0,7,0,0.0,2.0,4.0,23.0
9440,10,31,900,1,1,1,1.0,4.0,276.0,720,3.0,2.0,2.0,0.0,1.0,1.0,1.0,1,1,0.0,0.0,0.0,0.0,1969.0,1.0,7,0,0.0,2.0,0.0,23.0
9441,10,31,900,1,1,1,1.0,4.0,276.0,720,3.0,2.0,2.0,0.0,1.0,1.0,1.0,1,1,0.0,0.0,0.0,0.0,1969.0,1.0,7,0,0.0,2.0,1.0,1.0
9442,10,31,900,1,1,1,1.0,4.0,276.0,720,3.0,2.0,2.0,0.0,1.0,1.0,1.0,1,1,0.0,0.0,0.0,0.0,1969.0,1.0,7,0,0.0,2.0,4.0,23.0
9443,10,31,900,1,1,1,1.0,4.0,276.0,720,3.0,2.0,2.0,0.0,1.0,1.0,1.0,4,4,0.0,0.0,0.0,0.0,1970.0,1.0,7,0,0.0,2.0,0.0,23.0
9444,10,31,900,1,1,1,1.0,4.0,276.0,720,3.0,2.0,2.0,0.0,1.0,1.0,1.0,4,4,0.0,0.0,0.0,0.0,1970.0,1.0,7,0,0.0,2.0,1.0,1.0
9445,10,31,900,1,1,1,1.0,4.0,276.0,720,3.0,2.0,2.0,0.0,1.0,1.0,1.0,4,4,0.0,0.0,0.0,0.0,1970.0,1.0,7,0,0.0,2.0,4.0,23.0
9446,10,31,900,1,1,1,1.0,4.0,276.0,720,3.0,2.0,2.0,0.0,1.0,1.0,1.0,4,4,0.0,0.0,0.0,0.0,2002.0,1.0,7,0,0.0,2.0,0.0,23.0
9447,10,31,900,1,1,1,1.0,4.0,276.0,720,3.0,2.0,2.0,0.0,1.0,1.0,1.0,4,4,0.0,0.0,0.0,0.0,2002.0,1.0,7,0,0.0,2.0,1.0,1.0
9448,10,31,900,1,1,1,1.0,4.0,276.0,720,3.0,2.0,2.0,0.0,1.0,1.0,1.0,4,4,0.0,0.0,0.0,0.0,2002.0,1.0,7,0,0.0,2.0,4.0,23.0
9449,10,31,900,1,1,1,1.0,4.0,276.0,720,3.0,2.0,2.0,0.0,1.0,1.0,1.0,1,4,4.0,0.0,0.0,0.0,1952.0,1.0,7,0,0.0,2.0,0.0,23.0
9450,10,31,900,1,1,1,1.0,4.0,276.0,720,3.0,2.0,2.0,0.0,1.0,1.0,1.0,1,4,4.0,0.0,0.0,0.0,1952.0,1.0,7,0,0.0,2.0,1.0,1.0
9451,10,31,900,1,1,1,1.0,4.0,276.0,720,3.0,2.0,2.0,0.0,1.0,1.0,1.0,1,4,4.0,0.0,0.0,0.0,1952.0,1.0,7,0,0.0,2.0,4.0,23.0
9452,10,31,1645,1,2,9,1.0,6.0,112.0,720,3.0,2.0,2.0,0.0,1.0,1.0,1.0,1,4,4.0,0.0,0.0,0.0,1944.0,1.0,7,0,0.0,1.0,2.0,1.0
9453,10,31,1645,1,2,9,1.0,6.0,112.0,720,3.0,2.0,2.0,0.0,1.0,1.0,1.0,3,1,2.0,4.0,9.0,4.0,1967.0,1.0,7,0,0.0,1.0,2.0,1.0
9454,10,31,1645,1,2,9,1.0,6.0,112.0,720,3.0,2.0,2.0,0.0,1.0,1.0,1.0,3,1,2.0,4.0,9.0,4.0,1994.0,1.0,7,0,0.0,1.0,2.0,1.0
9455,11,11,1545,1,1,1,1.0,6.0,104.0,720,4.0,2.0,2.0,0.0,1.0,1.0,1.0,1,1,4.0,0.0,0.0,0.0,1987.0,0.0,7,0,13.0,0.0,1.0,13.0
9456,11,11,1545,1,1,1,1.0,6.0,104.0,720,4.0,2.0,2.0,0.0,1.0,1.0,1.0,4,4,0.0,0.0,0.0,0.0,1989.0,0.0,7,0,13.0,0.0,1.0,13.0
9457,11,14,1845,5,2,1,1.0,3.0,39.0,720,3.0,2.0,2.0,0.0,1.0,1.0,1.0,1,4,3.0,0.0,0.0,0.0,1969.0,0.0,7,0,0.0,2.0,3.0,9.0
9458,11,14,1845,5,2,1,1.0,3.0,39.0,720,3.0,2.0,2.0,0.0,1.0,1.0,1.0,1,4,3.0,0.0,0.0,0.0,1969.0,0.0,31,0,0.0,2.0,7.0,1.0
9459,11,14,1845,5,2,1,1.0,3.0,39.0,720,3.0,2.0,2.0,0.0,1.0,1.0,1.0,1,1,4.0,0.0,0.0,0.0,1999.0,0.0,7,0,0.0,2.0,3.0,9.0
9460,11,14,1845,5,2,1,1.0,3.0,39.0,720,3.0,2.0,2.0,0.0,1.0,1.0,1.0,1,1,4.0,0.0,0.0,0.0,1999.0,0.0,31,0,0.0,2.0,7.0,1.0
9461,11,24,1315,1,2,1,1.0,7.0,180.0,720,4.0,1.0,1.0,0.0,1.0,0.0,1.0,1,1,4.0,0.0,0.0,0.0,1990.0,1.0,33,0,0.0,0.0,3.0,15.0
9462,11,23,1745,3,1,2,8.0,3.0,313.0,720,3.0,2.0,2.0,0.0,1.0,1.0,1.0,1,1,4.0,0.0,0.0,0.0,1943.0,1.0,7,0,0.0,2.0,3.0,15.0
9463,11,23,1745,3,1,2,8.0,3.0,313.0,720,3.0,2.0,2.0,0.0,1.0,1.0,1.0,1,1,4.0,0.0,0.0,0.0,1943.0,1.0,7,0,0.0,2.0,2.0,1.0
9464,11,23,1745,3,1,2,8.0,3.0,313.0,720,3.0,2.0,2.0,0.0,1.0,1.0,1.0,4,4,0.0,0.0,0.0,0.0,1942.0,1.0,7,0,0.0,2.0,3.0,15.0
9465,11,23,1745,3,1,2,8.0,3.0,313.0,720,3.0,2.0,2.0,0.0,1.0,1.0,1.0,4,4,0.0,0.0,0.0,0.0,1942.0,1.0,7,0,0.0,2.0,2.0,1.0
9466,11,23,1745,3,1,2,8.0,3.0,313.0,720,3.0,2.0,2.0,0.0,1.0,1.0,1.0,1,4,4.0,0.0,0.0,0.0,1977.0,1.0,7,0,0.0,2.0,3.0,15.0
9467,11,23,1745,3,1,2,8.0,3.0,313.0,720,3.0,2.0,2.0,0.0,1.0,1.0,1.0,1,4,4.0,0.0,0.0,0.0,1977.0,1.0,7,0,0.0,2.0,2.0,1.0
9468,11,23,1745,3,1,2,8.0,3.0,313.0,720,3.0,2.0,2.0,0.0,1.0,1.0,1.0,4,1,0.0,0.0,0.0,0.0,2004.0,1.0,7,0,0.0,2.0,3.0,15.0
9469,11,23,1745,3,1,2,8.0,3.0,313.0,720,3.0,2.0,2.0,0.0,1.0,1.0,1.0,4,1,0.0,0.0,0.0,0.0,2004.0,1.0,7,0,0.0,2.0,2.0,1.0
9470,11,23,1745,3,1,2,8.0,3.0,313.0,720,3.0,2.0,2.0,0.0,1.0,1.0,1.0,4,1,0.0,0.0,0.0,0.0,2006.0,1.0,7,0,0.0,2.0,3.0,15.0
9471,11,23,1745,3,1,2,8.0,3.0,313.0,720,3.0,2.0,2.0,0.0,1.0,1.0,1.0,4,1,0.0,0.0,0.0,0.0,2006.0,1.0,7,0,0.0,2.0,2.0,1.0
9472,12,1,945,1,2,1,1.0,6.0,354.0,720,9.0,2.0,2.0,0.0,2.0,1.0,1.0,1,1,4.0,0.0,0.0,0.0,1946.0,0.0,7,0,0.0,1.0,1.0,1.0
9473,12,1,945,1,2,1,1.0,6.0,354.0,720,9.0,2.0,2.0,0.0,2.0,1.0,1.0,3,1,4.0,1.0,4.0,1.0,1952.0,0.0,7,0,0.0,1.0,1.0,1.0
9474,12,2,1530,1,2,1,1.0,2.0,180.0,720,9.0,2.0,0.0,0.0,1.0,1.0,1.0,1,1,4.0,0.0,0.0,0.0,1983.0,1.0,30,0,0.0,2.0,1.0,16.0
9475,12,2,1530,1,2,1,1.0,2.0,180.0,720,9.0,2.0,0.0,0.0,1.0,1.0,1.0,1,1,4.0,0.0,0.0,0.0,1983.0,1.0,30,0,0.0,2.0,4.0,16.0
9476,12,2,1530,1,2,1,1.0,2.0,180.0,720,9.0,2.0,0.0,0.0,1.0,1.0,1.0,1,1,4.0,0.0,0.0,0.0,1989.0,1.0,30,0,0.0,2.0,1.0,16.0
9477,12,2,1530,1,2,1,1.0,2.0,180.0,720,9.0,2.0,0.0,0.0,1.0,1.0,1.0,1,1,4.0,0.0,0.0,0.0,1989.0,1.0,30,0,0.0,2.0,4.0,16.0
9478,12,2,1845,3,1,1,1.0,3.0,295.0,720,3.0,2.0,2.0,0.0,2.0,1.0,1.0,1,1,4.0,0.0,0.0,0.0,1957.0,1.0,7,0,0.0,2.0,8.0,10.0