,month,day,time,light,location,intersection,atmosphere,collision,municipality,department,road,traffic,nblanes,reslane,laneprofile,plan,surface,user,sex,route,pedlocation,pedaction,pedcondition,birth,dirtraffic,catvehicle,nboccupants,obstacle,movobstacle,impact,maneuver
9479,12,2,1845,3,1,1,1.0,3.0,295.0,720,3.0,2.0,2.0,0.0,2.0,1.0,1.0,1,1,4.0,0.0,0.0,0.0,1957.0,2.0,10,0,0.0,2.0,1.0,0.0
9480,12,2,1845,3,1,1,1.0,3.0,295.0,720,3.0,2.0,2.0,0.0,2.0,1.0,1.0,4,4,0.0,0.0,0.0,0.0,1962.0,1.0,7,0,0.0,2.0,8.0,10.0
9481,12,2,1845,3,1,1,1.0,3.0,295.0,720,3.0,2.0,2.0,0.0,2.0,1.0,1.0,4,4,0.0,0.0,0.0,0.0,1962.0,2.0,10,0,0.0,2.0,1.0,0.0
9482,12,2,1845,3,1,1,1.0,3.0,295.0,720,3.0,2.0,2.0,0.0,2.0,1.0,1.0,1,1,4.0,0.0,0.0,0.0,1948.0,1.0,7,0,0.0,2.0,8.0,10.0
9483,12,2,1845,3,1,1,1.0,3.0,295.0,720,3.0,2.0,2.0,0.0,2.0,1.0,1.0,1,1,4.0,0.0,0.0,0.0,1948.0,2.0,10,0,0.0,2.0,1.0,0.0
9484,9,7,845,1,1,1,1.0,2.0,39.0,720,3.0,2.0,2.0,0.0,1.0,1.0,1.0,1,1,4.0,0.0,0.0,0.0,1944.0,1.0,7,0,0.0,2.0,4.0,2.0
9485,9,7,845,1,1,1,1.0,2.0,39.0,720,3.0,2.0,2.0,0.0,1.0,1.0,1.0,1,1,4.0,0.0,0.0,0.0,1944.0,1.0,30,0,0.0,2.0,1.0,1.0
9486,9,7,845,1,1,1,1.0,2.0,39.0,720,3.0,2.0,2.0,0.0,1.0,1.0,1.0,1,4,1.0,0.0,0.0,0.0,1969.0,1.0,7,0,0.0,2.0,4.0,2.0
9487,9,7,845,1,1,1,1.0,2.0,39.0,720,3.0,2.0,2.0,0.0,1.0,1.0,1.0,1,4,1.0,0.0,0.0,0.0,1969.0,1.0,30,0,0.0,2.0,1.0,1.0
9488,9,25,1700,1,2,1,1.0,3.0,132.0,720,4.0,3.0,2.0,1.0,1.0,1.0,1.0,1,4,4.0,0.0,0.0,0.0,1989.0,0.0,7,0,0.0,2.0,2.0,16.0
9489,9,25,1700,1,2,1,1.0,3.0,132.0,720,4.0,3.0,2.0,1.0,1.0,1.0,1.0,1,4,4.0,0.0,0.0,0.0,1989.0,2.0,30,0,0.0,2.0,1.0,18.0
9490,9,25,1700,1,2,1,1.0,3.0,132.0,720,4.0,3.0,2.0,1.0,1.0,1.0,1.0,1,1,4.0,0.0,0.0,0.0,1997.0,0.0,7,0,0.0,2.0,2.0,16.0
9491,9,25,1700,1,2,1,1.0,3.0,132.0,720,4.0,3.0,2.0,1.0,1.0,1.0,1.0,1,1,4.0,0.0,0.0,0.0,1997.0,2.0,30,0,0.0,2.0,1.0,18.0
9492,11,4,1000,1,2,1,2.0,5.0,132.0,720,9.0,2.0,2.0,0.0,1.0,3.0,2.0,1,4,9.0,0.0,0.0,0.0,1984.0,0.0,7,0,0.0,2.0,1.0,1.0
9493,11,4,1000,1,2,1,2.0,5.0,132.0,720,9.0,2.0,2.0,0.0,1.0,3.0,2.0,1,4,9.0,0.0,0.0,0.0,1984.0,0.0,7,0,0.0,0.0,0.0,0.0
9494,11,4,1000,1,2,1,2.0,5.0,132.0,720,9.0,2.0,2.0,0.0,1.0,3.0,2.0,1,4,9.0,0.0,0.0,0.0,1984.0,0.0,7,0,0.0,2.0,1.0,13.0
9495,11,4,1000,1,2,1,2.0,5.0,132.0,720,9.0,2.0,2.0,0.0,1.0,3.0,2.0,1,4,0.0,0.0,0.0,0.0,1983.0,0.0,7,0,0.0,2.0,1.0,1.0
9496,11,4,1000,1,2,1,2.0,5.0,132.0,720,9.0,2.0,2.0,0.0,1.0,3.0,2.0,1,4,0.0,0.0,0.0,0.0,1983.0,0.0,7,0,0.0,0.0,0.0,0.0
9497,11,4,1000,1,2,1,2.0,5.0,132.0,720,9.0,2.0,2.0,0.0,1.0,3.0,2.0,1,4,0.0,0.0,0.0,0.0,1983.0,0.0,7,0,0.0,2.0,1.0,13.0
9498,11,4,1000,1,2,1,2.0,5.0,132.0,720,9.0,2.0,2.0,0.0,1.0,3.0,2.0,1,1,3.0,0.0,0.0,0.0,1983.0,0.0,7,0,0.0,2.0,1.0,1.0
9499,11,4,1000,1,2,1,2.0,5.0,132.0,720,9.0,2.0,2.0,0.0,1.0,3.0,2.0,1,1,3.0,0.0,0.0,0.0,1983.0,0.0,7,0,0.0,0.0,0.0,0.0
9500,11,4,1000,1,2,1,2.0,5.0,132.0,720,9.0,2.0,2.0,0.0,1.0,3.0,2.0,1,1,3.0,0.0,0.0,0.0,1983.0,0.0,7,0,0.0,2.0,1.0,13.0
9501,11,4,1000,1,2,1,2.0,5.0,132.0,720,9.0,2.0,2.0,0.0,1.0,3.0,2.0,4,4,0.0,0.0,0.0,0.0,1980.0,0.0,7,0,0.0,2.0,1.0,1.0
9502,11,4,1000,1,2,1,2.0,5.0,132.0,720,9.0,2.0,2.0,0.0,1.0,3.0,2.0,4,4,0.0,0.0,0.0,0.0,1980.0,0.0,7,0,0.0,0.0,0.0,0.0
9503,11,4,1000,1,2,1,2.0,5.0,132.0,720,9.0,2.0,2.0,0.0,1.0,3.0,2.0,4,4,0.0,0.0,0.0,0.0,1980.0,0.0,7,0,0.0,2.0,1.0,13.0
9504,11,12,1400,1,2,9,8.0,6.0,132.0,720,3.0,2.0,2.0,0.0,2.0,1.0,2.0,1,1,1.0,0.0,0.0,0.0,1948.0,1.0,7,0,0.0,1.0,2.0,1.0
9505,11,12,1400,1,2,9,8.0,6.0,132.0,720,3.0,2.0,2.0,0.0,2.0,1.0,2.0,3,1,3.0,4.0,3.0,1.0,1937.0,1.0,7,0,0.0,1.0,2.0,1.0
9506,1,30,2345,3,1,1,2.0,2.0,82.0,720,3.0,2.0,0.0,0.0,3.0,1.0,2.0,1,1,4.0,0.0,0.0,0.0,1997.0,2.0,7,0,0.0,2.0,1.0,2.0
9507,1,30,2345,3,1,1,2.0,2.0,82.0,720,3.0,2.0,0.0,0.0,3.0,1.0,2.0,1,1,4.0,0.0,0.0,0.0,1997.0,2.0,7,0,0.0,2.0,5.0,9.0
9508,1,30,2345,3,1,1,2.0,2.0,82.0,720,3.0,2.0,0.0,0.0,3.0,1.0,2.0,4,1,0.0,0.0,0.0,0.0,1994.0,2.0,7,0,0.0,2.0,1.0,2.0
9509,1,30,2345,3,1,1,2.0,2.0,82.0,720,3.0,2.0,0.0,0.0,3.0,1.0,2.0,4,1,0.0,0.0,0.0,0.0,1994.0,2.0,7,0,0.0,2.0,5.0,9.0
9510,1,30,2345,3,1,1,2.0,2.0,82.0,720,3.0,2.0,0.0,0.0,3.0,1.0,2.0,4,1,0.0,0.0,0.0,0.0,1970.0,2.0,7,0,0.0,2.0,1.0,2.0
9511,1,30,2345,3,1,1,2.0,2.0,82.0,720,3.0,2.0,0.0,0.0,3.0,1.0,2.0,4,1,0.0,0.0,0.0,0.0,1970.0,2.0,7,0,0.0,2.0,5.0,9.0
9512,1,30,2345,3,1,1,2.0,2.0,82.0,720,3.0,2.0,0.0,0.0,3.0,1.0,2.0,1,1,1.0,0.0,0.0,0.0,1962.0,2.0,7,0,0.0,2.0,1.0,2.0
9513,1,30,2345,3,1,1,2.0,2.0,82.0,720,3.0,2.0,0.0,0.0,3.0,1.0,2.0,1,1,1.0,0.0,0.0,0.0,1962.0,2.0,7,0,0.0,2.0,5.0,9.0
9514,2,13,1615,1,1,2,2.0,3.0,137.0,720,3.0,2.0,2.0,0.0,0.0,0.0,0.0,1,1,0.0,0.0,0.0,0.0,1969.0,1.0,7,0,0.0,2.0,2.0,0.0
9515,2,13,1615,1,1,2,2.0,3.0,137.0,720,3.0,2.0,2.0,0.0,0.0,0.0,0.0,1,1,0.0,0.0,0.0,0.0,1969.0,0.0,7,0,0.0,2.0,3.0,16.0
9516,2,13,1615,1,1,2,2.0,3.0,137.0,720,3.0,2.0,2.0,0.0,0.0,0.0,0.0,1,4,0.0,0.0,0.0,0.0,1964.0,1.0,7,0,0.0,2.0,2.0,0.0
9517,2,13,1615,1,1,2,2.0,3.0,137.0,720,3.0,2.0,2.0,0.0,0.0,0.0,0.0,1,4,0.0,0.0,0.0,0.0,1964.0,0.0,7,0,0.0,2.0,3.0,16.0
9518,2,23,1800,1,2,9,1.0,5.0,308.0,720,4.0,2.0,0.0,0.0,1.0,1.0,1.0,1,1,0.0,0.0,0.0,0.0,1962.0,0.0,10,0,0.0,0.0,0.0,24.0
9519,2,23,1800,1,2,9,1.0,5.0,308.0,720,4.0,2.0,0.0,0.0,1.0,1.0,1.0,1,1,0.0,0.0,0.0,0.0,1962.0,1.0,7,0,0.0,2.0,1.0,15.0
9520,2,23,1800,1,2,9,1.0,5.0,308.0,720,4.0,2.0,0.0,0.0,1.0,1.0,1.0,1,1,0.0,0.0,0.0,0.0,1962.0,1.0,30,0,0.0,2.0,7.0,17.0
9521,2,23,1800,1,2,9,1.0,5.0,308.0,720,4.0,2.0,0.0,0.0,1.0,1.0,1.0,1,1,4.0,0.0,0.0,0.0,1997.0,0.0,10,0,0.0,0.0,0.0,24.0
9522,2,23,1800,1,2,9,1.0,5.0,308.0,720,4.0,2.0,0.0,0.0,1.0,1.0,1.0,1,1,4.0,0.0,0.0,0.0,1997.0,1.0,7,0,0.0,2.0,1.0,15.0
9523,2,23,1800,1,2,9,1.0,5.0,308.0,720,4.0,2.0,0.0,0.0,1.0,1.0,1.0,1,1,4.0,0.0,0.0,0.0,1997.0,1.0,30,0,0.0,2.0,7.0,17.0
9524,2,23,1800,1,2,9,1.0,5.0,308.0,720,4.0,2.0,0.0,0.0,1.0,1.0,1.0,1,1,4.0,0.0,0.0,0.0,1999.0,0.0,10,0,0.0,0.0,0.0,24.0
9525,2,23,1800,1,2,9,1.0,5.0,308.0,720,4.0,2.0,0.0,0.0,1.0,1.0,1.0,1,1,4.0,0.0,0.0,0.0,1999.0,1.0,7,0,0.0,2.0,1.0,15.0
9526,2,23,1800,1,2,9,1.0,5.0,308.0,720,4.0,2.0,0.0,0.0,1.0,1.0,1.0,1,1,4.0,0.0,0.0,0.0,1999.0,1.0,30,0,0.0,2.0,7.0,17.0
9527,3,26,930,1,1,1,1.0,6.0,137.0,720,3.0,0.0,2.0,0.0,0.0,1.0,1.0,1,1,0.0,0.0,0.0,0.0,1993.0,0.0,7,0,0.0,0.0,0.0,0.0
9528,4,15,2145,3,1,1,1.0,3.0,186.0,720,3.0,2.0,2.0,0.0,1.0,1.0,1.0,1,1,4.0,0.0,0.0,0.0,1987.0,1.0,33,0,0.0,2.0,1.0,1.0
9529,4,15,2145,3,1,1,1.0,3.0,186.0,720,3.0,2.0,2.0,0.0,1.0,1.0,1.0,1,1,4.0,0.0,0.0,0.0,1987.0,2.0,7,0,0.0,2.0,7.0,15.0
9530,4,15,2145,3,1,1,1.0,3.0,186.0,720,3.0,2.0,2.0,0.0,1.0,1.0,1.0,1,1,4.0,0.0,0.0,0.0,1974.0,1.0,33,0,0.0,2.0,1.0,1.0
9531,4,15,2145,3,1,1,1.0,3.0,186.0,720,3.0,2.0,2.0,0.0,1.0,1.0,1.0,1,1,4.0,0.0,0.0,0.0,1974.0,2.0,7,0,0.0,2.0,7.0,15.0
9532,5,9,1515,1,1,1,1.0,1.0,254.0,720,3.0,2.0,0.0,0.0,3.0,2.0,1.0,1,1,4.0,0.0,0.0,0.0,1963.0,0.0,31,0,13.0,0.0,0.0,1.0
9533,5,9,1515,1,1,1,1.0,1.0,254.0,720,3.0,2.0,0.0,0.0,3.0,2.0,1.0,1,1,4.0,0.0,0.0,0.0,1963.0,1.0,33,0,7.0,0.0,0.0,1.0
9534,5,9,1515,1,1,1,1.0,1.0,254.0,720,3.0,2.0,0.0,0.0,3.0,2.0,1.0,1,1,4.0,0.0,0.0,0.0,1948.0,0.0,31,0,13.0,0.0,0.0,1.0
9535,5,9,1515,1,1,1,1.0,1.0,254.0,720,3.0,2.0,0.0,0.0,3.0,2.0,1.0,1,1,4.0,0.0,0.0,0.0,1948.0,1.0,33,0,7.0,0.0,0.0,1.0
9536,6,6,800,1,2,1,1.0,3.0,29.0,720,3.0,2.0,2.0,0.0,0.0,1.0,1.0,1,1,2.0,0.0,0.0,0.0,1995.0,1.0,7,0,0.0,2.0,5.0,15.0
9537,6,6,800,1,2,1,1.0,3.0,29.0,720,3.0,2.0,2.0,0.0,0.0,1.0,1.0,1,1,2.0,0.0,0.0,0.0,1995.0,1.0,31,0,0.0,0.0,1.0,1.0
9538,6,6,800,1,2,1,1.0,3.0,29.0,720,3.0,2.0,2.0,0.0,0.0,1.0,1.0,1,1,1.0,0.0,0.0,0.0,1965.0,1.0,7,0,0.0,2.0,5.0,15.0
9539,6,6,800,1,2,1,1.0,3.0,29.0,720,3.0,2.0,2.0,0.0,0.0,1.0,1.0,1,1,1.0,0.0,0.0,0.0,1965.0,1.0,31,0,0.0,0.0,1.0,1.0
9540,12,1,2315,3,1,1,5.0,6.0,152.0,720,3.0,2.0,2.0,0.0,1.0,1.0,2.0,1,1,4.0,0.0,0.0,0.0,1949.0,2.0,7,0,0.0,1.0,2.0,0.0
9541,12,1,2315,3,1,1,5.0,6.0,152.0,720,3.0,2.0,2.0,0.0,1.0,1.0,2.0,3,1,9.0,1.0,9.0,1.0,1982.0,2.0,7,0,0.0,1.0,2.0,0.0
9542,12,22,1015,1,2,1,1.0,7.0,138.0,720,3.0,2.0,0.0,0.0,1.0,1.0,1.0,1,1,0.0,0.0,0.0,0.0,1973.0,2.0,33,0,0.0,0.0,0.0,9.0
9543,12,30,1945,5,1,6,5.0,6.0,305.0,720,3.0,1.0,2.0,0.0,1.0,0.0,7.0,1,4,4.0,0.0,0.0,0.0,1976.0,1.0,7,0,7.0,0.0,1.0,6.0
9544,5,9,1515,1,1,1,1.0,1.0,288.0,850,3.0,2.0,2.0,0.0,0.0,1.0,1.0,1,4,1.0,0.0,0.0,0.0,1980.0,1.0,7,0,0.0,2.0,3.0,13.0
9545,5,9,1515,1,1,1,1.0,1.0,288.0,850,3.0,2.0,2.0,0.0,0.0,1.0,1.0,1,4,1.0,0.0,0.0,0.0,1980.0,2.0,17,0,0.0,2.0,3.0,1.0
9546,5,9,1515,1,1,1,1.0,1.0,288.0,850,3.0,2.0,2.0,0.0,0.0,1.0,1.0,1,1,2.0,0.0,0.0,0.0,1958.0,1.0,7,0,0.0,2.0,3.0,13.0
9547,5,9,1515,1,1,1,1.0,1.0,288.0,850,3.0,2.0,2.0,0.0,0.0,1.0,1.0,1,1,2.0,0.0,0.0,0.0,1958.0,2.0,17,0,0.0,2.0,3.0,1.0
9548,5,13,815,1,1,1,1.0,1.0,52.0,850,3.0,3.0,2.0,0.0,1.0,2.0,0.0,1,1,4.0,0.0,0.0,0.0,1934.0,2.0,7,0,0.0,9.0,3.0,0.0
9549,5,13,815,1,1,1,1.0,1.0,52.0,850,3.0,3.0,2.0,0.0,1.0,2.0,0.0,1,1,4.0,0.0,0.0,0.0,1934.0,1.0,15,0,3.0,0.0,3.0,0.0
9550,5,13,815,1,1,1,1.0,1.0,52.0,850,3.0,3.0,2.0,0.0,1.0,2.0,0.0,1,1,2.0,0.0,0.0,0.0,1996.0,2.0,7,0,0.0,9.0,3.0,0.0
9551,5,13,815,1,1,1,1.0,1.0,52.0,850,3.0,3.0,2.0,0.0,1.0,2.0,0.0,1,1,2.0,0.0,0.0,0.0,1996.0,1.0,15,0,3.0,0.0,3.0,0.0
9552,4,6,1230,1,1,1,1.0,2.0,46.0,850,3.0,3.0,4.0,0.0,0.0,3.0,1.0,1,1,1.0,0.0,0.0,0.0,1978.0,1.0,7,0,0.0,2.0,2.0,2.0
9553,4,6,1230,1,1,1,1.0,2.0,46.0,850,3.0,3.0,4.0,0.0,0.0,3.0,1.0,1,1,1.0,0.0,0.0,0.0,1978.0,1.0,3,0,0.0,2.0,4.0,2.0
9554,4,6,1230,1,1,1,1.0,2.0,46.0,850,3.0,3.0,4.0,0.0,0.0,3.0,1.0,1,1,3.0,0.0,0.0,0.0,1988.0,1.0,7,0,0.0,2.0,2.0,2.0
9555,4,6,1230,1,1,1,1.0,2.0,46.0,850,3.0,3.0,4.0,0.0,0.0,3.0,1.0,1,1,3.0,0.0,0.0,0.0,1988.0,1.0,3,0,0.0,2.0,4.0,2.0
9556,4,6,1230,1,1,1,1.0,2.0,46.0,850,3.0,3.0,4.0,0.0,0.0,3.0,1.0,4,1,0.0,0.0,0.0,0.0,1979.0,1.0,7,0,0.0,2.0,2.0,2.0
9557,4,6,1230,1,1,1,1.0,2.0,46.0,850,3.0,3.0,4.0,0.0,0.0,3.0,1.0,4,1,0.0,0.0,0.0,0.0,1979.0,1.0,3,0,0.0,2.0,4.0,2.0
9558,4,6,1230,1,1,1,1.0,2.0,46.0,850,3.0,3.0,4.0,0.0,0.0,3.0,1.0,4,4,0.0,0.0,0.0,0.0,1998.0,1.0,7,0,0.0,2.0,2.0,2.0
9559,4,6,1230,1,1,1,1.0,2.0,46.0,850,3.0,3.0,4.0,0.0,0.0,3.0,1.0,4,4,0.0,0.0,0.0,0.0,1998.0,1.0,3,0,0.0,2.0,4.0,2.0
9560,6,22,1930,1,1,1,1.0,1.0,73.0,850,3.0,2.0,0.0,0.0,1.0,1.0,1.0,1,4,1.0,0.0,0.0,0.0,1981.0,1.0,7,0,0.0,2.0,3.0,1.0
9561,6,22,1930,1,1,1,1.0,1.0,73.0,850,3.0,2.0,0.0,0.0,1.0,1.0,1.0,1,4,1.0,0.0,0.0,0.0,1981.0,2.0,7,0,0.0,2.0,3.0,1.0
9562,6,22,1930,1,1,1,1.0,1.0,73.0,850,3.0,2.0,0.0,0.0,1.0,1.0,1.0,1,1,0.0,0.0,0.0,0.0,1979.0,1.0,7,0,0.0,2.0,3.0,1.0
9563,6,22,1930,1,1,1,1.0,1.0,73.0,850,3.0,2.0,0.0,0.0,1.0,1.0,1.0,1,1,0.0,0.0,0.0,0.0,1979.0,2.0,7,0,0.0,2.0,3.0,1.0
9564,6,22,1930,1,1,1,1.0,1.0,73.0,850,3.0,2.0,0.0,0.0,1.0,1.0,1.0,4,4,0.0,0.0,0.0,0.0,1973.0,1.0,7,0,0.0,2.0,3.0,1.0
9565,6,22,1930,1,1,1,1.0,1.0,73.0,850,3.0,2.0,0.0,0.0,1.0,1.0,1.0,4,4,0.0,0.0,0.0,0.0,1973.0,2.0,7,0,0.0,2.0,3.0,1.0
9566,6,22,1930,1,1,1,1.0,1.0,73.0,850,3.0,2.0,0.0,0.0,1.0,1.0,1.0,4,4,0.0,0.0,0.0,0.0,2011.0,1.0,7,0,0.0,2.0,3.0,1.0
9567,6,22,1930,1,1,1,1.0,1.0,73.0,850,3.0,2.0,0.0,0.0,1.0,1.0,1.0,4,4,0.0,0.0,0.0,0.0,2011.0,2.0,7,0,0.0,2.0,3.0,1.0
9568,7,22,1115,1,1,1,1.0,1.0,213.0,850,3.0,2.0,0.0,0.0,0.0,3.0,1.0,1,4,3.0,0.0,0.0,0.0,1935.0,1.0,7,0,0.0,2.0,1.0,1.0
9569,7,22,1115,1,1,1,1.0,1.0,213.0,850,3.0,2.0,0.0,0.0,0.0,3.0,1.0,1,4,3.0,0.0,0.0,0.0,1935.0,2.0,33,0,0.0,2.0,2.0,13.0
9570,7,22,1115,1,1,1,1.0,1.0,213.0,850,3.0,2.0,0.0,0.0,0.0,3.0,1.0,1,1,4.0,0.0,0.0,0.0,1960.0,1.0,7,0,0.0,2.0,1.0,1.0
9571,7,22,1115,1,1,1,1.0,1.0,213.0,850,3.0,2.0,0.0,0.0,0.0,3.0,1.0,1,1,4.0,0.0,0.0,0.0,1960.0,2.0,33,0,0.0,2.0,2.0,13.0
9572,9,13,1830,1,1,1,2.0,6.0,46.0,850,3.0,2.0,2.0,0.0,0.0,3.0,2.0,1,1,1.0,0.0,0.0,0.0,1968.0,1.0,7,0,2.0,0.0,2.0,1.0
9573,10,22,1315,1,1,1,1.0,2.0,8.0,850,3.0,0.0,0.0,0.0,0.0,1.0,1.0,1,1,2.0,0.0,0.0,0.0,1992.0,2.0,10,0,0.0,2.0,1.0,2.0
9574,10,22,1315,1,1,1,1.0,2.0,8.0,850,3.0,0.0,0.0,0.0,0.0,1.0,1.0,1,1,2.0,0.0,0.0,0.0,1992.0,2.0,3,0,0.0,2.0,4.0,2.0
9575,10,22,1315,1,1,1,1.0,2.0,8.0,850,3.0,0.0,0.0,0.0,0.0,1.0,1.0,1,4,4.0,0.0,0.0,0.0,1944.0,2.0,10,0,0.0,2.0,1.0,2.0
9576,10,22,1315,1,1,1,1.0,2.0,8.0,850,3.0,0.0,0.0,0.0,0.0,1.0,1.0,1,4,4.0,0.0,0.0,0.0,1944.0,2.0,3,0,0.0,2.0,4.0,2.0
9577,11,2,1200,1,1,1,1.0,3.0,69.0,850,3.0,2.0,2.0,0.0,0.0,1.0,1.0,1,1,4.0,0.0,0.0,0.0,1976.0,2.0,7,0,0.0,2.0,7.0,1.0
9578,11,2,1200,1,1,1,1.0,3.0,69.0,850,3.0,2.0,2.0,0.0,0.0,1.0,1.0,1,1,4.0,0.0,0.0,0.0,1976.0,1.0,10,0,0.0,2.0,3.0,10.0
9579,11,2,1200,1,1,1,1.0,3.0,69.0,850,3.0,2.0,2.0,0.0,0.0,1.0,1.0,4,4,0.0,0.0,0.0,0.0,1977.0,2.0,7,0,0.0,2.0,7.0,1.0
9580,11,2,1200,1,1,1,1.0,3.0,69.0,850,3.0,2.0,2.0,0.0,0.0,1.0,1.0,4,4,0.0,0.0,0.0,0.0,1977.0,1.0,10,0,0.0,2.0,3.0,10.0
9581,11,2,1200,1,1,1,1.0,3.0,69.0,850,3.0,2.0,2.0,0.0,0.0,1.0,1.0,4,1,0.0,0.0,0.0,0.0,2003.0,2.0,7,0,0.0,2.0,7.0,1.0
9582,11,2,1200,1,1,1,1.0,3.0,69.0,850,3.0,2.0,2.0,0.0,0.0,1.0,1.0,4,1,0.0,0.0,0.0,0.0,2003.0,1.0,10,0,0.0,2.0,3.0,10.0
9583,11,2,1200,1,1,1,1.0,3.0,69.0,850,3.0,2.0,2.0,0.0,0.0,1.0,1.0,4,4,0.0,0.0,0.0,0.0,2004.0,2.0,7,0,0.0,2.0,7.0,1.0
9584,11,2,1200,1,1,1,1.0,3.0,69.0,850,3.0,2.0,2.0,0.0,0.0,1.0,1.0,4,4,0.0,0.0,0.0,0.0,2004.0,1.0,10,0,0.0,2.0,3.0,10.0
9585,11,2,1200,1,1,1,1.0,3.0,69.0,850,3.0,2.0,2.0,0.0,0.0,1.0,1.0,4,1,0.0,0.0,0.0,0.0,2009.0,2.0,7,0,0.0,2.0,7.0,1.0
9586,11,2,1200,1,1,1,1.0,3.0,69.0,850,3.0,2.0,2.0,0.0,0.0,1.0,1.0,4,1,0.0,0.0,0.0,0.0,2009.0,1.0,10,0,0.0,2.0,3.0,10.0
9587,11,2,1200,1,1,1,1.0,3.0,69.0,850,3.0,2.0,2.0,0.0,0.0,1.0,1.0,1,1,2.0,0.0,0.0,0.0,1987.0,2.0,7,0,0.0,2.0,7.0,1.0
9588,11,2,1200,1,1,1,1.0,3.0,69.0,850,3.0,2.0,2.0,0.0,0.0,1.0,1.0,1,1,2.0,0.0,0.0,0.0,1987.0,1.0,10,0,0.0,2.0,3.0,10.0
9589,3,10,700,5,2,1,2.0,3.0,165.0,850,3.0,2.0,2.0,0.0,1.0,1.0,2.0,1,1,1.0,0.0,0.0,0.0,1979.0,1.0,7,0,0.0,2.0,7.0,15.0
9590,3,10,700,5,2,1,2.0,3.0,165.0,850,3.0,2.0,2.0,0.0,1.0,1.0,2.0,1,1,1.0,0.0,0.0,0.0,1979.0,2.0,2,0,0.0,2.0,1.0,1.0
9591,3,10,700,5,2,1,2.0,3.0,165.0,850,3.0,2.0,2.0,0.0,1.0,1.0,2.0,1,1,1.0,0.0,0.0,0.0,1995.0,1.0,7,0,0.0,2.0,7.0,15.0
9592,3,10,700,5,2,1,2.0,3.0,165.0,850,3.0,2.0,2.0,0.0,1.0,1.0,2.0,1,1,1.0,0.0,0.0,0.0,1995.0,2.0,2,0,0.0,2.0,1.0,1.0
9593,3,20,1715,1,1,2,1.0,3.0,220.0,850,3.0,,,,,,,1,1,4.0,0.0,0.0,0.0,1983.0,1.0,7,0,0.0,2.0,7.0,19.0
9594,3,20,1715,1,1,2,1.0,3.0,220.0,850,3.0,,,,,,,1,1,4.0,0.0,0.0,0.0,1983.0,2.0,7,0,0.0,2.0,1.0,1.0
9595,3,20,1715,1,1,2,1.0,3.0,220.0,850,3.0,,,,,,,4,1,0.0,0.0,0.0,0.0,1989.0,1.0,7,0,0.0,2.0,7.0,19.0
9596,3,20,1715,1,1,2,1.0,3.0,220.0,850,3.0,,,,,,,4,1,0.0,0.0,0.0,0.0,1989.0,2.0,7,0,0.0,2.0,1.0,1.0
9597,3,20,1715,1,1,2,1.0,3.0,220.0,850,3.0,,,,,,,1,1,4.0,0.0,0.0,0.0,1966.0,1.0,7,0,0.0,2.0,7.0,19.0
9598,3,20,1715,1,1,2,1.0,3.0,220.0,850,3.0,,,,,,,1,1,4.0,0.0,0.0,0.0,1966.0,2.0,7,0,0.0,2.0,1.0,1.0
9599,3,20,1715,1,1,2,1.0,3.0,220.0,850,3.0,,,,,,,4,4,0.0,0.0,0.0,0.0,1966.0,1.0,7,0,0.0,2.0,7.0,19.0
9600,3,20,1715,1,1,2,1.0,3.0,220.0,850,3.0,,,,,,,4,4,0.0,0.0,0.0,0.0,1966.0,2.0,7,0,0.0,2.0,1.0,1.0
9601,6,19,1545,1,1,1,1.0,3.0,89.0,850,3.0,2.0,2.0,0.0,1.0,1.0,1.0,1,1,4.0,0.0,0.0,0.0,1998.0,1.0,2,0,0.0,2.0,3.0,1.0
9602,6,19,1545,1,1,1,1.0,3.0,89.0,850,3.0,2.0,2.0,0.0,1.0,1.0,1.0,1,1,4.0,0.0,0.0,0.0,1998.0,1.0,2,0,0.0,2.0,2.0,1.0
9603,6,19,1545,1,1,1,1.0,3.0,89.0,850,3.0,2.0,2.0,0.0,1.0,1.0,1.0,4,4,0.0,0.0,0.0,0.0,2000.0,1.0,2,0,0.0,2.0,3.0,1.0
9604,6,19,1545,1,1,1,1.0,3.0,89.0,850,3.0,2.0,2.0,0.0,1.0,1.0,1.0,4,4,0.0,0.0,0.0,0.0,2000.0,1.0,2,0,0.0,2.0,2.0,1.0
9605,6,19,1545,1,1,1,1.0,3.0,89.0,850,3.0,2.0,2.0,0.0,1.0,1.0,1.0,1,1,4.0,0.0,0.0,0.0,1998.0,1.0,2,0,0.0,2.0,3.0,1.0
9606,6,19,1545,1,1,1,1.0,3.0,89.0,850,3.0,2.0,2.0,0.0,1.0,1.0,1.0,1,1,4.0,0.0,0.0,0.0,1998.0,1.0,2,0,0.0,2.0,2.0,1.0
9607,6,19,1545,1,1,1,1.0,3.0,89.0,850,3.0,2.0,2.0,0.0,1.0,1.0,1.0,4,4,0.0,0.0,0.0,0.0,1997.0,1.0,2,0,0.0,2.0,3.0,1.0
9608,6,19,1545,1,1,1,1.0,3.0,89.0,850,3.0,2.0,2.0,0.0,1.0,1.0,1.0,4,4,0.0,0.0,0.0,0.0,1997.0,1.0,2,0,0.0,2.0,2.0,1.0
9609,6,22,1630,1,1,1,1.0,1.0,276.0,850,3.0,2.0,2.0,0.0,1.0,1.0,1.0,1,1,4.0,0.0,0.0,0.0,1973.0,1.0,7,0,0.0,2.0,3.0,1.0