,month,day,time,light,location,intersection,atmosphere,collision,municipality,department,road,traffic,nblanes,reslane,laneprofile,plan,surface,user,sex,route,pedlocation,pedaction,pedcondition,birth,dirtraffic,catvehicle,nboccupants,obstacle,movobstacle,impact,maneuver
9610,6,22,1630,1,1,1,1.0,1.0,276.0,850,3.0,2.0,2.0,0.0,1.0,1.0,1.0,1,1,4.0,0.0,0.0,0.0,1973.0,2.0,7,0,0.0,2.0,3.0,13.0
9611,6,22,1630,1,1,1,1.0,1.0,276.0,850,3.0,2.0,2.0,0.0,1.0,1.0,1.0,4,1,0.0,0.0,0.0,0.0,2002.0,1.0,7,0,0.0,2.0,3.0,1.0
9612,6,22,1630,1,1,1,1.0,1.0,276.0,850,3.0,2.0,2.0,0.0,1.0,1.0,1.0,4,1,0.0,0.0,0.0,0.0,2002.0,2.0,7,0,0.0,2.0,3.0,13.0
9613,6,22,1630,1,1,1,1.0,1.0,276.0,850,3.0,2.0,2.0,0.0,1.0,1.0,1.0,4,4,0.0,0.0,0.0,0.0,2011.0,1.0,7,0,0.0,2.0,3.0,1.0
9614,6,22,1630,1,1,1,1.0,1.0,276.0,850,3.0,2.0,2.0,0.0,1.0,1.0,1.0,4,4,0.0,0.0,0.0,0.0,2011.0,2.0,7,0,0.0,2.0,3.0,13.0
9615,6,22,1630,1,1,1,1.0,1.0,276.0,850,3.0,2.0,2.0,0.0,1.0,1.0,1.0,4,4,0.0,0.0,0.0,0.0,2004.0,1.0,7,0,0.0,2.0,3.0,1.0
9616,6,22,1630,1,1,1,1.0,1.0,276.0,850,3.0,2.0,2.0,0.0,1.0,1.0,1.0,4,4,0.0,0.0,0.0,0.0,2004.0,2.0,7,0,0.0,2.0,3.0,13.0
9617,6,22,1630,1,1,1,1.0,1.0,276.0,850,3.0,2.0,2.0,0.0,1.0,1.0,1.0,1,1,1.0,0.0,0.0,0.0,1980.0,1.0,7,0,0.0,2.0,3.0,1.0
9618,6,22,1630,1,1,1,1.0,1.0,276.0,850,3.0,2.0,2.0,0.0,1.0,1.0,1.0,1,1,1.0,0.0,0.0,0.0,1980.0,2.0,7,0,0.0,2.0,3.0,13.0
9619,7,2,2000,1,1,1,1.0,6.0,246.0,850,3.0,2.0,2.0,0.0,3.0,3.0,1.0,1,1,4.0,0.0,0.0,0.0,1991.0,1.0,7,0,2.0,0.0,1.0,1.0
9620,7,2,2000,1,1,1,1.0,6.0,246.0,850,3.0,2.0,2.0,0.0,3.0,3.0,1.0,4,4,0.0,0.0,0.0,0.0,1984.0,1.0,7,0,2.0,0.0,1.0,1.0
9621,8,22,1900,1,1,1,1.0,3.0,212.0,850,4.0,2.0,2.0,0.0,1.0,1.0,1.0,1,1,4.0,0.0,0.0,0.0,2001.0,0.0,1,0,0.0,2.0,8.0,15.0
9622,8,22,1900,1,1,1,1.0,3.0,212.0,850,4.0,2.0,2.0,0.0,1.0,1.0,1.0,1,1,4.0,0.0,0.0,0.0,2001.0,0.0,2,0,0.0,2.0,1.0,1.0
9623,8,22,1900,1,1,1,1.0,3.0,212.0,850,4.0,2.0,2.0,0.0,1.0,1.0,1.0,1,1,4.0,0.0,0.0,0.0,1963.0,0.0,1,0,0.0,2.0,8.0,15.0
9624,8,22,1900,1,1,1,1.0,3.0,212.0,850,4.0,2.0,2.0,0.0,1.0,1.0,1.0,1,1,4.0,0.0,0.0,0.0,1963.0,0.0,2,0,0.0,2.0,1.0,1.0
9625,9,23,645,2,1,1,5.0,1.0,51.0,850,3.0,2.0,4.0,0.0,1.0,1.0,1.0,1,1,4.0,0.0,0.0,0.0,1967.0,1.0,10,0,0.0,2.0,2.0,5.0
9626,9,23,645,2,1,1,5.0,1.0,51.0,850,3.0,2.0,4.0,0.0,1.0,1.0,1.0,1,1,4.0,0.0,0.0,0.0,1967.0,2.0,7,0,0.0,2.0,1.0,1.0
9627,9,23,645,2,1,1,5.0,1.0,51.0,850,3.0,2.0,4.0,0.0,1.0,1.0,1.0,4,4,0.0,0.0,0.0,0.0,1962.0,1.0,10,0,0.0,2.0,2.0,5.0
9628,9,23,645,2,1,1,5.0,1.0,51.0,850,3.0,2.0,4.0,0.0,1.0,1.0,1.0,4,4,0.0,0.0,0.0,0.0,1962.0,2.0,7,0,0.0,2.0,1.0,1.0
9629,9,23,645,2,1,1,5.0,1.0,51.0,850,3.0,2.0,4.0,0.0,1.0,1.0,1.0,1,1,0.0,0.0,0.0,0.0,1977.0,1.0,10,0,0.0,2.0,2.0,5.0
9630,9,23,645,2,1,1,5.0,1.0,51.0,850,3.0,2.0,4.0,0.0,1.0,1.0,1.0,1,1,0.0,0.0,0.0,0.0,1977.0,2.0,7,0,0.0,2.0,1.0,1.0
9631,9,23,645,2,1,1,5.0,1.0,51.0,850,3.0,2.0,4.0,0.0,1.0,1.0,1.0,4,1,0.0,0.0,0.0,0.0,1994.0,1.0,10,0,0.0,2.0,2.0,5.0
9632,9,23,645,2,1,1,5.0,1.0,51.0,850,3.0,2.0,4.0,0.0,1.0,1.0,1.0,4,1,0.0,0.0,0.0,0.0,1994.0,2.0,7,0,0.0,2.0,1.0,1.0
9633,12,2,1545,1,1,1,7.0,1.0,51.0,850,3.0,0.0,2.0,0.0,1.0,1.0,1.0,1,1,4.0,0.0,0.0,0.0,2000.0,1.0,7,0,0.0,2.0,3.0,1.0
9634,12,2,1545,1,1,1,7.0,1.0,51.0,850,3.0,0.0,2.0,0.0,1.0,1.0,1.0,1,1,4.0,0.0,0.0,0.0,2000.0,2.0,7,0,0.0,2.0,3.0,13.0
9635,12,2,1545,1,1,1,7.0,1.0,51.0,850,3.0,0.0,2.0,0.0,1.0,1.0,1.0,1,1,4.0,0.0,0.0,0.0,1967.0,1.0,7,0,0.0,2.0,3.0,1.0
9636,12,2,1545,1,1,1,7.0,1.0,51.0,850,3.0,0.0,2.0,0.0,1.0,1.0,1.0,1,1,4.0,0.0,0.0,0.0,1967.0,2.0,7,0,0.0,2.0,3.0,13.0
9637,12,16,1745,2,1,6,1.0,1.0,51.0,850,3.0,2.0,2.0,0.0,1.0,0.0,1.0,1,4,1.0,0.0,0.0,0.0,1986.0,1.0,7,0,0.0,0.0,1.0,6.0
9638,12,16,1745,2,1,6,1.0,1.0,51.0,850,3.0,2.0,2.0,0.0,1.0,0.0,1.0,1,4,1.0,0.0,0.0,0.0,1986.0,2.0,30,0,0.0,0.0,0.0,6.0
9639,12,16,1745,2,1,6,1.0,1.0,51.0,850,3.0,2.0,2.0,0.0,1.0,0.0,1.0,1,4,3.0,0.0,0.0,0.0,1988.0,1.0,7,0,0.0,0.0,1.0,6.0
9640,12,16,1745,2,1,6,1.0,1.0,51.0,850,3.0,2.0,2.0,0.0,1.0,0.0,1.0,1,4,3.0,0.0,0.0,0.0,1988.0,2.0,30,0,0.0,0.0,0.0,6.0
9641,12,16,1745,2,1,6,1.0,1.0,51.0,850,3.0,2.0,2.0,0.0,1.0,0.0,1.0,4,4,0.0,0.0,0.0,0.0,2008.0,1.0,7,0,0.0,0.0,1.0,6.0
9642,12,16,1745,2,1,6,1.0,1.0,51.0,850,3.0,2.0,2.0,0.0,1.0,0.0,1.0,4,4,0.0,0.0,0.0,0.0,2008.0,2.0,30,0,0.0,0.0,0.0,6.0
9643,2,6,115,3,1,1,1.0,6.0,17.0,850,3.0,0.0,2.0,0.0,1.0,1.0,1.0,1,1,4.0,0.0,0.0,0.0,1986.0,1.0,7,0,8.0,0.0,3.0,13.0
9644,2,7,1400,1,1,1,1.0,6.0,153.0,850,3.0,2.0,2.0,0.0,1.0,1.0,1.0,1,4,4.0,0.0,0.0,0.0,1934.0,1.0,7,0,2.0,0.0,3.0,13.0
9645,2,4,2000,5,2,1,2.0,3.0,38.0,850,4.0,2.0,2.0,0.0,1.0,0.0,2.0,1,1,1.0,0.0,0.0,0.0,1972.0,0.0,7,0,0.0,2.0,1.0,1.0
9646,2,4,2000,5,2,1,2.0,3.0,38.0,850,4.0,2.0,2.0,0.0,1.0,0.0,2.0,1,1,1.0,0.0,0.0,0.0,1972.0,0.0,7,0,0.0,2.0,8.0,15.0
9647,2,4,2000,5,2,1,2.0,3.0,38.0,850,4.0,2.0,2.0,0.0,1.0,0.0,2.0,1,1,1.0,0.0,0.0,0.0,1958.0,0.0,7,0,0.0,2.0,1.0,1.0
9648,2,4,2000,5,2,1,2.0,3.0,38.0,850,4.0,2.0,2.0,0.0,1.0,0.0,2.0,1,1,1.0,0.0,0.0,0.0,1958.0,0.0,7,0,0.0,2.0,8.0,15.0
9649,2,27,515,3,2,9,1.0,6.0,301.0,850,4.0,2.0,2.0,0.0,0.0,2.0,1.0,1,4,9.0,0.0,0.0,0.0,1997.0,0.0,7,0,6.0,0.0,2.0,1.0
9650,2,27,515,3,2,9,1.0,6.0,301.0,850,4.0,2.0,2.0,0.0,0.0,2.0,1.0,4,4,0.0,0.0,0.0,0.0,1998.0,0.0,7,0,6.0,0.0,2.0,1.0
9651,3,3,2045,5,2,6,3.0,3.0,109.0,850,3.0,0.0,0.0,0.0,1.0,2.0,2.0,1,1,4.0,0.0,0.0,0.0,1998.0,1.0,31,0,0.0,0.0,7.0,0.0
9652,3,3,2045,5,2,6,3.0,3.0,109.0,850,3.0,0.0,0.0,0.0,1.0,2.0,2.0,1,1,4.0,0.0,0.0,0.0,1998.0,1.0,7,0,0.0,2.0,3.0,9.0
9653,3,3,2045,5,2,6,3.0,3.0,109.0,850,3.0,0.0,0.0,0.0,1.0,2.0,2.0,1,4,3.0,0.0,0.0,0.0,1971.0,1.0,31,0,0.0,0.0,7.0,0.0
9654,3,3,2045,5,2,6,3.0,3.0,109.0,850,3.0,0.0,0.0,0.0,1.0,2.0,2.0,1,4,3.0,0.0,0.0,0.0,1971.0,1.0,7,0,0.0,2.0,3.0,9.0
9655,3,3,2045,5,2,6,3.0,3.0,109.0,850,3.0,0.0,0.0,0.0,1.0,2.0,2.0,4,1,0.0,0.0,0.0,0.0,1998.0,1.0,31,0,0.0,0.0,7.0,0.0
9656,3,3,2045,5,2,6,3.0,3.0,109.0,850,3.0,0.0,0.0,0.0,1.0,2.0,2.0,4,1,0.0,0.0,0.0,0.0,1998.0,1.0,7,0,0.0,2.0,3.0,9.0
9657,3,29,1800,1,1,1,2.0,7.0,38.0,850,3.0,2.0,2.0,0.0,0.0,1.0,2.0,1,4,4.0,0.0,0.0,0.0,1997.0,1.0,7,0,0.0,0.0,9.0,17.0
9658,3,29,1800,1,1,1,2.0,7.0,38.0,850,3.0,2.0,2.0,0.0,0.0,1.0,2.0,4,1,0.0,0.0,0.0,0.0,1995.0,1.0,7,0,0.0,0.0,9.0,17.0
9659,3,29,1800,1,1,1,2.0,7.0,38.0,850,3.0,2.0,2.0,0.0,0.0,1.0,2.0,4,1,0.0,0.0,0.0,0.0,1994.0,1.0,7,0,0.0,0.0,9.0,17.0
9660,4,27,705,2,1,1,1.0,3.0,38.0,850,3.0,2.0,2.0,0.0,0.0,3.0,1.0,1,1,4.0,0.0,0.0,0.0,1998.0,2.0,30,0,0.0,2.0,1.0,19.0
9661,4,27,705,2,1,1,1.0,3.0,38.0,850,3.0,2.0,2.0,0.0,0.0,3.0,1.0,1,1,4.0,0.0,0.0,0.0,1998.0,1.0,10,0,0.0,2.0,8.0,1.0
9662,4,27,705,2,1,1,1.0,3.0,38.0,850,3.0,2.0,2.0,0.0,0.0,3.0,1.0,4,1,0.0,0.0,0.0,0.0,1999.0,2.0,30,0,0.0,2.0,1.0,19.0
9663,4,27,705,2,1,1,1.0,3.0,38.0,850,3.0,2.0,2.0,0.0,0.0,3.0,1.0,4,1,0.0,0.0,0.0,0.0,1999.0,1.0,10,0,0.0,2.0,8.0,1.0
9664,4,27,705,2,1,1,1.0,3.0,38.0,850,3.0,2.0,2.0,0.0,0.0,3.0,1.0,1,1,1.0,0.0,0.0,0.0,1990.0,2.0,30,0,0.0,2.0,1.0,19.0
9665,4,27,705,2,1,1,1.0,3.0,38.0,850,3.0,2.0,2.0,0.0,0.0,3.0,1.0,1,1,1.0,0.0,0.0,0.0,1990.0,1.0,10,0,0.0,2.0,8.0,1.0
9666,5,5,1215,1,1,1,1.0,6.0,82.0,850,3.0,2.0,2.0,0.0,1.0,1.0,1.0,1,1,4.0,0.0,0.0,0.0,1987.0,2.0,7,0,13.0,0.0,1.0,13.0
9667,5,5,1215,1,1,1,1.0,6.0,82.0,850,3.0,2.0,2.0,0.0,1.0,1.0,1.0,4,1,0.0,0.0,0.0,0.0,1990.0,2.0,7,0,13.0,0.0,1.0,13.0
9668,7,20,1900,1,1,1,1.0,1.0,215.0,850,3.0,2.0,2.0,0.0,1.0,1.0,1.0,1,1,9.0,0.0,0.0,0.0,1992.0,2.0,33,0,0.0,2.0,1.0,17.0
9669,7,20,1900,1,1,1,1.0,1.0,215.0,850,3.0,2.0,2.0,0.0,1.0,1.0,1.0,1,1,9.0,0.0,0.0,0.0,1992.0,1.0,7,0,0.0,2.0,3.0,1.0
9670,7,20,1900,1,1,1,1.0,1.0,215.0,850,3.0,2.0,2.0,0.0,1.0,1.0,1.0,1,4,4.0,0.0,0.0,0.0,1951.0,2.0,33,0,0.0,2.0,1.0,17.0
9671,7,20,1900,1,1,1,1.0,1.0,215.0,850,3.0,2.0,2.0,0.0,1.0,1.0,1.0,1,4,4.0,0.0,0.0,0.0,1951.0,1.0,7,0,0.0,2.0,3.0,1.0
9672,10,29,1230,1,1,1,1.0,5.0,109.0,850,3.0,2.0,2.0,0.0,1.0,1.0,1.0,1,4,1.0,0.0,0.0,0.0,1963.0,1.0,7,0,0.0,2.0,1.0,1.0
9673,10,29,1230,1,1,1,1.0,5.0,109.0,850,3.0,2.0,2.0,0.0,1.0,1.0,1.0,1,4,1.0,0.0,0.0,0.0,1963.0,2.0,7,0,0.0,2.0,1.0,1.0
9674,10,29,1230,1,1,1,1.0,5.0,109.0,850,3.0,2.0,2.0,0.0,1.0,1.0,1.0,1,4,1.0,0.0,0.0,0.0,1963.0,2.0,7,0,0.0,2.0,3.0,1.0
9675,10,29,1230,1,1,1,1.0,5.0,109.0,850,3.0,2.0,2.0,0.0,1.0,1.0,1.0,1,4,1.0,0.0,0.0,0.0,1962.0,1.0,7,0,0.0,2.0,1.0,1.0
9676,10,29,1230,1,1,1,1.0,5.0,109.0,850,3.0,2.0,2.0,0.0,1.0,1.0,1.0,1,4,1.0,0.0,0.0,0.0,1962.0,2.0,7,0,0.0,2.0,1.0,1.0
9677,10,29,1230,1,1,1,1.0,5.0,109.0,850,3.0,2.0,2.0,0.0,1.0,1.0,1.0,1,4,1.0,0.0,0.0,0.0,1962.0,2.0,7,0,0.0,2.0,3.0,1.0
9678,10,29,1230,1,1,1,1.0,5.0,109.0,850,3.0,2.0,2.0,0.0,1.0,1.0,1.0,1,4,3.0,0.0,0.0,0.0,1967.0,1.0,7,0,0.0,2.0,1.0,1.0
9679,10,29,1230,1,1,1,1.0,5.0,109.0,850,3.0,2.0,2.0,0.0,1.0,1.0,1.0,1,4,3.0,0.0,0.0,0.0,1967.0,2.0,7,0,0.0,2.0,1.0,1.0
9680,10,29,1230,1,1,1,1.0,5.0,109.0,850,3.0,2.0,2.0,0.0,1.0,1.0,1.0,1,4,3.0,0.0,0.0,0.0,1967.0,2.0,7,0,0.0,2.0,3.0,1.0
9681,10,29,1230,1,1,1,1.0,5.0,109.0,850,3.0,2.0,2.0,0.0,1.0,1.0,1.0,4,4,0.0,0.0,0.0,0.0,1995.0,1.0,7,0,0.0,2.0,1.0,1.0
9682,10,29,1230,1,1,1,1.0,5.0,109.0,850,3.0,2.0,2.0,0.0,1.0,1.0,1.0,4,4,0.0,0.0,0.0,0.0,1995.0,2.0,7,0,0.0,2.0,1.0,1.0
9683,10,29,1230,1,1,1,1.0,5.0,109.0,850,3.0,2.0,2.0,0.0,1.0,1.0,1.0,4,4,0.0,0.0,0.0,0.0,1995.0,2.0,7,0,0.0,2.0,3.0,1.0
9684,10,29,1900,3,1,1,1.0,7.0,82.0,850,3.0,2.0,2.0,0.0,2.0,1.0,1.0,1,1,4.0,0.0,0.0,0.0,1981.0,1.0,10,0,13.0,0.0,1.0,1.0
9685,12,5,915,1,2,6,1.0,6.0,109.0,850,3.0,2.0,0.0,0.0,2.0,1.0,2.0,1,1,4.0,0.0,0.0,0.0,1959.0,1.0,7,0,0.0,1.0,1.0,1.0
9686,12,5,915,1,2,6,1.0,6.0,109.0,850,3.0,2.0,0.0,0.0,2.0,1.0,2.0,3,1,3.0,2.0,3.0,1.0,1931.0,1.0,7,0,0.0,1.0,1.0,1.0
9687,12,6,1215,1,2,1,1.0,3.0,109.0,850,4.0,2.0,0.0,0.0,0.0,1.0,1.0,1,4,4.0,0.0,0.0,0.0,1955.0,0.0,7,0,0.0,2.0,1.0,19.0
9688,12,6,1215,1,2,1,1.0,3.0,109.0,850,4.0,2.0,0.0,0.0,0.0,1.0,1.0,1,4,4.0,0.0,0.0,0.0,1955.0,0.0,30,0,0.0,2.0,7.0,1.0
9689,12,6,1215,1,2,1,1.0,3.0,109.0,850,4.0,2.0,0.0,0.0,0.0,1.0,1.0,1,1,1.0,0.0,0.0,0.0,2000.0,0.0,7,0,0.0,2.0,1.0,19.0
9690,12,6,1215,1,2,1,1.0,3.0,109.0,850,4.0,2.0,0.0,0.0,0.0,1.0,1.0,1,1,1.0,0.0,0.0,0.0,2000.0,0.0,30,0,0.0,2.0,7.0,1.0
9691,12,24,1815,3,1,1,2.0,7.0,215.0,850,3.0,2.0,2.0,0.0,1.0,3.0,2.0,1,1,4.0,0.0,0.0,0.0,1994.0,2.0,33,0,13.0,0.0,1.0,1.0
9692,2,6,1,3,1,1,1.0,1.0,39.0,850,4.0,2.0,0.0,0.0,1.0,1.0,1.0,1,1,4.0,0.0,0.0,0.0,2000.0,1.0,2,0,0.0,2.0,1.0,1.0
9693,2,6,1,3,1,1,1.0,1.0,39.0,850,4.0,2.0,0.0,0.0,1.0,1.0,1.0,1,1,4.0,0.0,0.0,0.0,2000.0,2.0,7,0,0.0,2.0,1.0,15.0
9694,2,6,1,3,1,1,1.0,1.0,39.0,850,4.0,2.0,0.0,0.0,1.0,1.0,1.0,1,1,4.0,0.0,0.0,0.0,1986.0,1.0,2,0,0.0,2.0,1.0,1.0
9695,2,6,1,3,1,1,1.0,1.0,39.0,850,4.0,2.0,0.0,0.0,1.0,1.0,1.0,1,1,4.0,0.0,0.0,0.0,1986.0,2.0,7,0,0.0,2.0,1.0,15.0
9696,2,29,1345,1,1,1,1.0,3.0,107.0,850,3.0,0.0,0.0,0.0,1.0,1.0,1.0,1,4,0.0,0.0,0.0,0.0,1972.0,2.0,7,0,0.0,2.0,3.0,1.0
9697,2,29,1345,1,1,1,1.0,3.0,107.0,850,3.0,0.0,0.0,0.0,1.0,1.0,1.0,1,4,0.0,0.0,0.0,0.0,1972.0,1.0,33,0,0.0,2.0,0.0,0.0
9698,2,29,1345,1,1,1,1.0,3.0,107.0,850,3.0,0.0,0.0,0.0,1.0,1.0,1.0,1,1,0.0,0.0,0.0,0.0,1994.0,2.0,7,0,0.0,2.0,3.0,1.0
9699,2,29,1345,1,1,1,1.0,3.0,107.0,850,3.0,0.0,0.0,0.0,1.0,1.0,1.0,1,1,0.0,0.0,0.0,0.0,1994.0,1.0,33,0,0.0,2.0,0.0,0.0
9700,3,8,1845,1,2,6,1.0,3.0,146.0,850,3.0,2.0,0.0,0.0,0.0,1.0,0.0,1,1,0.0,0.0,0.0,0.0,1998.0,2.0,2,0,0.0,0.0,0.0,0.0
9701,3,8,1845,1,2,6,1.0,3.0,146.0,850,3.0,2.0,0.0,0.0,0.0,1.0,0.0,1,1,0.0,0.0,0.0,0.0,1998.0,0.0,7,0,0.0,0.0,0.0,0.0
9702,3,8,1845,1,2,6,1.0,3.0,146.0,850,3.0,2.0,0.0,0.0,0.0,1.0,0.0,1,4,1.0,0.0,0.0,0.0,1967.0,2.0,2,0,0.0,0.0,0.0,0.0
9703,3,8,1845,1,2,6,1.0,3.0,146.0,850,3.0,2.0,0.0,0.0,0.0,1.0,0.0,1,4,1.0,0.0,0.0,0.0,1967.0,0.0,7,0,0.0,0.0,0.0,0.0
9704,4,8,1045,1,2,9,1.0,6.0,295.0,850,3.0,2.0,1.0,0.0,1.0,1.0,1.0,1,4,4.0,0.0,0.0,0.0,1943.0,1.0,7,0,0.0,1.0,2.0,1.0
9705,4,8,1045,1,2,9,1.0,6.0,295.0,850,3.0,2.0,1.0,0.0,1.0,1.0,1.0,3,4,3.0,4.0,3.0,1.0,1930.0,1.0,7,0,0.0,1.0,2.0,1.0
9706,4,17,30,3,1,1,1.0,7.0,217.0,850,3.0,2.0,0.0,0.0,1.0,3.0,1.0,1,1,4.0,0.0,0.0,0.0,1990.0,1.0,33,0,0.0,0.0,1.0,1.0
9707,5,4,1740,1,1,3,1.0,3.0,190.0,850,3.0,2.0,2.0,0.0,1.0,1.0,1.0,1,1,0.0,0.0,0.0,0.0,1996.0,1.0,33,0,0.0,2.0,1.0,1.0
9708,5,4,1740,1,1,3,1.0,3.0,190.0,850,3.0,2.0,2.0,0.0,1.0,1.0,1.0,1,1,0.0,0.0,0.0,0.0,1996.0,0.0,7,0,0.0,2.0,7.0,15.0
9709,5,4,1740,1,1,3,1.0,3.0,190.0,850,3.0,2.0,2.0,0.0,1.0,1.0,1.0,1,1,0.0,0.0,0.0,0.0,1934.0,1.0,33,0,0.0,2.0,1.0,1.0
9710,5,4,1740,1,1,3,1.0,3.0,190.0,850,3.0,2.0,2.0,0.0,1.0,1.0,1.0,1,1,0.0,0.0,0.0,0.0,1934.0,0.0,7,0,0.0,2.0,7.0,15.0
9711,6,5,1715,1,2,1,1.0,1.0,217.0,850,3.0,0.0,2.0,0.0,0.0,0.0,0.0,1,1,0.0,0.0,0.0,0.0,1994.0,1.0,7,0,0.0,0.0,0.0,17.0
9712,6,5,1715,1,2,1,1.0,1.0,217.0,850,3.0,0.0,2.0,0.0,0.0,0.0,0.0,1,1,0.0,0.0,0.0,0.0,1994.0,2.0,2,0,0.0,0.0,0.0,1.0
9713,6,5,1715,1,2,1,1.0,1.0,217.0,850,3.0,0.0,2.0,0.0,0.0,0.0,0.0,1,1,0.0,0.0,0.0,0.0,1968.0,1.0,7,0,0.0,0.0,0.0,17.0
9714,6,5,1715,1,2,1,1.0,1.0,217.0,850,3.0,0.0,2.0,0.0,0.0,0.0,0.0,1,1,0.0,0.0,0.0,0.0,1968.0,2.0,2,0,0.0,0.0,0.0,1.0
9715,6,21,1445,1,1,1,1.0,7.0,197.0,850,4.0,2.0,2.0,0.0,1.0,0.0,1.0,1,1,4.0,0.0,0.0,0.0,1940.0,1.0,1,0,0.0,0.0,0.0,1.0
9716,6,21,1445,1,1,1,1.0,7.0,197.0,850,4.0,2.0,2.0,0.0,1.0,0.0,1.0,4,4,0.0,0.0,0.0,0.0,1941.0,1.0,1,0,0.0,0.0,0.0,1.0
9717,7,18,2000,2,1,1,1.0,3.0,21.0,850,3.0,2.0,2.0,0.0,2.0,3.0,1.0,1,1,2.0,0.0,0.0,0.0,1962.0,2.0,21,0,13.0,2.0,8.0,13.0
9718,7,18,2000,2,1,1,1.0,3.0,21.0,850,3.0,2.0,2.0,0.0,2.0,3.0,1.0,1,1,2.0,0.0,0.0,0.0,1962.0,1.0,21,0,0.0,2.0,8.0,1.0
9719,7,18,2000,2,1,1,1.0,3.0,21.0,850,3.0,2.0,2.0,0.0,2.0,3.0,1.0,1,1,2.0,0.0,0.0,0.0,1986.0,2.0,21,0,13.0,2.0,8.0,13.0
9720,7,18,2000,2,1,1,1.0,3.0,21.0,850,3.0,2.0,2.0,0.0,2.0,3.0,1.0,1,1,2.0,0.0,0.0,0.0,1986.0,1.0,21,0,0.0,2.0,8.0,1.0
9721,7,22,745,1,2,1,1.0,3.0,217.0,850,3.0,2.0,2.0,0.0,1.0,1.0,1.0,1,1,1.0,0.0,0.0,0.0,1990.0,2.0,33,0,0.0,2.0,1.0,1.0
9722,7,22,745,1,2,1,1.0,3.0,217.0,850,3.0,2.0,2.0,0.0,1.0,1.0,1.0,1,1,1.0,0.0,0.0,0.0,1990.0,1.0,7,0,0.0,2.0,7.0,15.0
9723,7,22,745,1,2,1,1.0,3.0,217.0,850,3.0,2.0,2.0,0.0,1.0,1.0,1.0,1,4,1.0,0.0,0.0,0.0,1979.0,2.0,33,0,0.0,2.0,1.0,1.0
9724,7,22,745,1,2,1,1.0,3.0,217.0,850,3.0,2.0,2.0,0.0,1.0,1.0,1.0,1,4,1.0,0.0,0.0,0.0,1979.0,1.0,7,0,0.0,2.0,7.0,15.0
9725,7,27,2315,4,1,1,1.0,7.0,76.0,850,3.0,2.0,2.0,0.0,1.0,1.0,1.0,1,1,4.0,0.0,0.0,0.0,1986.0,1.0,7,0,0.0,0.0,7.0,1.0
9726,8,5,1815,1,1,1,7.0,5.0,224.0,850,3.0,0.0,2.0,0.0,0.0,1.0,1.0,1,1,4.0,0.0,0.0,0.0,1991.0,2.0,7,0,0.0,2.0,3.0,0.0
9727,8,5,1815,1,1,1,7.0,5.0,224.0,850,3.0,0.0,2.0,0.0,0.0,1.0,1.0,1,1,4.0,0.0,0.0,0.0,1991.0,2.0,7,0,0.0,2.0,1.0,0.0
9728,8,5,1815,1,1,1,7.0,5.0,224.0,850,3.0,0.0,2.0,0.0,0.0,1.0,1.0,1,1,4.0,0.0,0.0,0.0,1991.0,2.0,7,0,13.0,0.0,3.0,0.0
9729,8,5,1815,1,1,1,7.0,5.0,224.0,850,3.0,0.0,2.0,0.0,0.0,1.0,1.0,1,1,4.0,0.0,0.0,0.0,1991.0,1.0,13,0,0.0,2.0,3.0,0.0
9730,8,5,1815,1,1,1,7.0,5.0,224.0,850,3.0,0.0,2.0,0.0,0.0,1.0,1.0,1,4,0.0,0.0,0.0,0.0,1997.0,2.0,7,0,0.0,2.0,3.0,0.0
9731,8,5,1815,1,1,1,7.0,5.0,224.0,850,3.0,0.0,2.0,0.0,0.0,1.0,1.0,1,4,0.0,0.0,0.0,0.0,1997.0,2.0,7,0,0.0,2.0,1.0,0.0
9732,8,5,1815,1,1,1,7.0,5.0,224.0,850,3.0,0.0,2.0,0.0,0.0,1.0,1.0,1,4,0.0,0.0,0.0,0.0,1997.0,2.0,7,0,13.0,0.0,3.0,0.0
9733,8,5,1815,1,1,1,7.0,5.0,224.0,850,3.0,0.0,2.0,0.0,0.0,1.0,1.0,1,4,0.0,0.0,0.0,0.0,1997.0,1.0,13,0,0.0,2.0,3.0,0.0
9734,8,5,1815,1,1,1,7.0,5.0,224.0,850,3.0,0.0,2.0,0.0,0.0,1.0,1.0,4,1,0.0,0.0,0.0,0.0,1994.0,2.0,7,0,0.0,2.0,3.0,0.0
9735,8,5,1815,1,1,1,7.0,5.0,224.0,850,3.0,0.0,2.0,0.0,0.0,1.0,1.0,4,1,0.0,0.0,0.0,0.0,1994.0,2.0,7,0,0.0,2.0,1.0,0.0
9736,8,5,1815,1,1,1,7.0,5.0,224.0,850,3.0,0.0,2.0,0.0,0.0,1.0,1.0,4,1,0.0,0.0,0.0,0.0,1994.0,2.0,7,0,13.0,0.0,3.0,0.0
9737,8,5,1815,1,1,1,7.0,5.0,224.0,850,3.0,0.0,2.0,0.0,0.0,1.0,1.0,4,1,0.0,0.0,0.0,0.0,1994.0,1.0,13,0,0.0,2.0,3.0,0.0
9738,8,5,1815,1,1,1,7.0,5.0,224.0,850,3.0,0.0,2.0,0.0,0.0,1.0,1.0,1,1,4.0,0.0,0.0,0.0,1987.0,2.0,7,0,0.0,2.0,3.0,0.0
9739,8,5,1815,1,1,1,7.0,5.0,224.0,850,3.0,0.0,2.0,0.0,0.0,1.0,1.0,1,1,4.0,0.0,0.0,0.0,1987.0,2.0,7,0,0.0,2.0,1.0,0.0