,month,day,time,light,location,intersection,atmosphere,collision,municipality,department,road,traffic,nblanes,reslane,laneprofile,plan,surface,user,sex,route,pedlocation,pedaction,pedcondition,birth,dirtraffic,catvehicle,nboccupants,obstacle,movobstacle,impact,maneuver
9740,8,5,1815,1,1,1,7.0,5.0,224.0,850,3.0,0.0,2.0,0.0,0.0,1.0,1.0,1,1,4.0,0.0,0.0,0.0,1987.0,2.0,7,0,13.0,0.0,3.0,0.0
9741,8,5,1815,1,1,1,7.0,5.0,224.0,850,3.0,0.0,2.0,0.0,0.0,1.0,1.0,1,1,4.0,0.0,0.0,0.0,1987.0,1.0,13,0,0.0,2.0,3.0,0.0
9742,8,5,1815,1,1,1,7.0,5.0,224.0,850,3.0,0.0,2.0,0.0,0.0,1.0,1.0,4,1,0.0,0.0,0.0,0.0,1985.0,2.0,7,0,0.0,2.0,3.0,0.0
9743,8,5,1815,1,1,1,7.0,5.0,224.0,850,3.0,0.0,2.0,0.0,0.0,1.0,1.0,4,1,0.0,0.0,0.0,0.0,1985.0,2.0,7,0,0.0,2.0,1.0,0.0
9744,8,5,1815,1,1,1,7.0,5.0,224.0,850,3.0,0.0,2.0,0.0,0.0,1.0,1.0,4,1,0.0,0.0,0.0,0.0,1985.0,2.0,7,0,13.0,0.0,3.0,0.0
9745,8,5,1815,1,1,1,7.0,5.0,224.0,850,3.0,0.0,2.0,0.0,0.0,1.0,1.0,4,1,0.0,0.0,0.0,0.0,1985.0,1.0,13,0,0.0,2.0,3.0,0.0
9746,8,5,1815,1,1,1,7.0,5.0,224.0,850,3.0,0.0,2.0,0.0,0.0,1.0,1.0,1,1,4.0,0.0,0.0,0.0,1981.0,2.0,7,0,0.0,2.0,3.0,0.0
9747,8,5,1815,1,1,1,7.0,5.0,224.0,850,3.0,0.0,2.0,0.0,0.0,1.0,1.0,1,1,4.0,0.0,0.0,0.0,1981.0,2.0,7,0,0.0,2.0,1.0,0.0
9748,8,5,1815,1,1,1,7.0,5.0,224.0,850,3.0,0.0,2.0,0.0,0.0,1.0,1.0,1,1,4.0,0.0,0.0,0.0,1981.0,2.0,7,0,13.0,0.0,3.0,0.0
9749,8,5,1815,1,1,1,7.0,5.0,224.0,850,3.0,0.0,2.0,0.0,0.0,1.0,1.0,1,1,4.0,0.0,0.0,0.0,1981.0,1.0,13,0,0.0,2.0,3.0,0.0
9750,8,5,1815,1,1,1,7.0,5.0,224.0,850,3.0,0.0,2.0,0.0,0.0,1.0,1.0,4,4,0.0,0.0,0.0,0.0,1981.0,2.0,7,0,0.0,2.0,3.0,0.0
9751,8,5,1815,1,1,1,7.0,5.0,224.0,850,3.0,0.0,2.0,0.0,0.0,1.0,1.0,4,4,0.0,0.0,0.0,0.0,1981.0,2.0,7,0,0.0,2.0,1.0,0.0
9752,8,5,1815,1,1,1,7.0,5.0,224.0,850,3.0,0.0,2.0,0.0,0.0,1.0,1.0,4,4,0.0,0.0,0.0,0.0,1981.0,2.0,7,0,13.0,0.0,3.0,0.0
9753,8,5,1815,1,1,1,7.0,5.0,224.0,850,3.0,0.0,2.0,0.0,0.0,1.0,1.0,4,4,0.0,0.0,0.0,0.0,1981.0,1.0,13,0,0.0,2.0,3.0,0.0
9754,8,5,1815,1,1,1,7.0,5.0,224.0,850,3.0,0.0,2.0,0.0,0.0,1.0,1.0,4,1,0.0,0.0,0.0,0.0,2008.0,2.0,7,0,0.0,2.0,3.0,0.0
9755,8,5,1815,1,1,1,7.0,5.0,224.0,850,3.0,0.0,2.0,0.0,0.0,1.0,1.0,4,1,0.0,0.0,0.0,0.0,2008.0,2.0,7,0,0.0,2.0,1.0,0.0
9756,8,5,1815,1,1,1,7.0,5.0,224.0,850,3.0,0.0,2.0,0.0,0.0,1.0,1.0,4,1,0.0,0.0,0.0,0.0,2008.0,2.0,7,0,13.0,0.0,3.0,0.0
9757,8,5,1815,1,1,1,7.0,5.0,224.0,850,3.0,0.0,2.0,0.0,0.0,1.0,1.0,4,1,0.0,0.0,0.0,0.0,2008.0,1.0,13,0,0.0,2.0,3.0,0.0
9758,8,5,1815,1,1,1,7.0,5.0,224.0,850,3.0,0.0,2.0,0.0,0.0,1.0,1.0,4,1,0.0,0.0,0.0,0.0,2013.0,2.0,7,0,0.0,2.0,3.0,0.0
9759,8,5,1815,1,1,1,7.0,5.0,224.0,850,3.0,0.0,2.0,0.0,0.0,1.0,1.0,4,1,0.0,0.0,0.0,0.0,2013.0,2.0,7,0,0.0,2.0,1.0,0.0
9760,8,5,1815,1,1,1,7.0,5.0,224.0,850,3.0,0.0,2.0,0.0,0.0,1.0,1.0,4,1,0.0,0.0,0.0,0.0,2013.0,2.0,7,0,13.0,0.0,3.0,0.0
9761,8,5,1815,1,1,1,7.0,5.0,224.0,850,3.0,0.0,2.0,0.0,0.0,1.0,1.0,4,1,0.0,0.0,0.0,0.0,2013.0,1.0,13,0,0.0,2.0,3.0,0.0
9762,8,22,1400,1,1,1,1.0,6.0,108.0,850,3.0,3.0,2.0,0.0,0.0,0.0,1.0,1,4,9.0,0.0,0.0,0.0,1993.0,1.0,7,0,3.0,0.0,2.0,1.0
9763,8,28,2030,1,1,1,1.0,3.0,21.0,850,3.0,2.0,2.0,0.0,1.0,2.0,1.0,1,1,4.0,0.0,0.0,0.0,1981.0,2.0,7,0,0.0,2.0,2.0,1.0
9764,8,28,2030,1,1,1,1.0,3.0,21.0,850,3.0,2.0,2.0,0.0,1.0,2.0,1.0,1,1,4.0,0.0,0.0,0.0,1981.0,1.0,30,0,0.0,2.0,1.0,16.0
9765,8,28,2030,1,1,1,1.0,3.0,21.0,850,3.0,2.0,2.0,0.0,1.0,2.0,1.0,1,1,4.0,0.0,0.0,0.0,1998.0,2.0,7,0,0.0,2.0,2.0,1.0
9766,8,28,2030,1,1,1,1.0,3.0,21.0,850,3.0,2.0,2.0,0.0,1.0,2.0,1.0,1,1,4.0,0.0,0.0,0.0,1998.0,1.0,30,0,0.0,2.0,1.0,16.0
9767,8,28,2030,1,1,1,1.0,3.0,21.0,850,3.0,2.0,2.0,0.0,1.0,2.0,1.0,4,4,0.0,0.0,0.0,0.0,2001.0,2.0,7,0,0.0,2.0,2.0,1.0
9768,8,28,2030,1,1,1,1.0,3.0,21.0,850,3.0,2.0,2.0,0.0,1.0,2.0,1.0,4,4,0.0,0.0,0.0,0.0,2001.0,1.0,30,0,0.0,2.0,1.0,16.0
9769,9,8,700,2,1,1,1.0,1.0,190.0,850,3.0,2.0,2.0,0.0,1.0,1.0,1.0,1,1,2.0,0.0,0.0,0.0,1967.0,1.0,7,0,0.0,2.0,1.0,13.0
9770,9,8,700,2,1,1,1.0,1.0,190.0,850,3.0,2.0,2.0,0.0,1.0,1.0,1.0,1,1,2.0,0.0,0.0,0.0,1967.0,2.0,7,0,0.0,2.0,3.0,1.0
9771,9,8,700,2,1,1,1.0,1.0,190.0,850,3.0,2.0,2.0,0.0,1.0,1.0,1.0,1,4,1.0,0.0,0.0,0.0,1982.0,1.0,7,0,0.0,2.0,1.0,13.0
9772,9,8,700,2,1,1,1.0,1.0,190.0,850,3.0,2.0,2.0,0.0,1.0,1.0,1.0,1,4,1.0,0.0,0.0,0.0,1982.0,2.0,7,0,0.0,2.0,3.0,1.0
9773,9,30,645,5,2,1,1.0,3.0,108.0,850,3.0,2.0,1.0,0.0,1.0,1.0,2.0,1,1,1.0,0.0,0.0,0.0,1992.0,1.0,10,0,0.0,2.0,1.0,1.0
9774,9,30,645,5,2,1,1.0,3.0,108.0,850,3.0,2.0,1.0,0.0,1.0,1.0,2.0,1,1,1.0,0.0,0.0,0.0,1992.0,1.0,30,0,0.0,0.0,4.0,19.0
9775,9,30,645,5,2,1,1.0,3.0,108.0,850,3.0,2.0,1.0,0.0,1.0,1.0,2.0,1,4,4.0,0.0,0.0,0.0,1999.0,1.0,10,0,0.0,2.0,1.0,1.0
9776,9,30,645,5,2,1,1.0,3.0,108.0,850,3.0,2.0,1.0,0.0,1.0,1.0,2.0,1,4,4.0,0.0,0.0,0.0,1999.0,1.0,30,0,0.0,0.0,4.0,19.0
9777,10,6,1015,1,1,1,1.0,5.0,76.0,850,3.0,2.0,0.0,0.0,0.0,3.0,1.0,1,4,1.0,0.0,0.0,0.0,1993.0,2.0,7,0,0.0,2.0,2.0,1.0
9778,10,6,1015,1,1,1,1.0,5.0,76.0,850,3.0,2.0,0.0,0.0,0.0,3.0,1.0,1,4,1.0,0.0,0.0,0.0,1993.0,1.0,7,0,0.0,2.0,5.0,15.0
9779,10,6,1015,1,1,1,1.0,5.0,76.0,850,3.0,2.0,0.0,0.0,0.0,3.0,1.0,1,4,1.0,0.0,0.0,0.0,1993.0,2.0,7,0,0.0,2.0,1.0,1.0
9780,10,6,1015,1,1,1,1.0,5.0,76.0,850,3.0,2.0,0.0,0.0,0.0,3.0,1.0,1,4,1.0,0.0,0.0,0.0,1955.0,2.0,7,0,0.0,2.0,2.0,1.0
9781,10,6,1015,1,1,1,1.0,5.0,76.0,850,3.0,2.0,0.0,0.0,0.0,3.0,1.0,1,4,1.0,0.0,0.0,0.0,1955.0,1.0,7,0,0.0,2.0,5.0,15.0
9782,10,6,1015,1,1,1,1.0,5.0,76.0,850,3.0,2.0,0.0,0.0,0.0,3.0,1.0,1,4,1.0,0.0,0.0,0.0,1955.0,2.0,7,0,0.0,2.0,1.0,1.0
9783,10,6,1015,1,1,1,1.0,5.0,76.0,850,3.0,2.0,0.0,0.0,0.0,3.0,1.0,1,1,4.0,0.0,0.0,0.0,1954.0,2.0,7,0,0.0,2.0,2.0,1.0
9784,10,6,1015,1,1,1,1.0,5.0,76.0,850,3.0,2.0,0.0,0.0,0.0,3.0,1.0,1,1,4.0,0.0,0.0,0.0,1954.0,1.0,7,0,0.0,2.0,5.0,15.0
9785,10,6,1015,1,1,1,1.0,5.0,76.0,850,3.0,2.0,0.0,0.0,0.0,3.0,1.0,1,1,4.0,0.0,0.0,0.0,1954.0,2.0,7,0,0.0,2.0,1.0,1.0
9786,10,6,1015,1,1,1,1.0,5.0,76.0,850,3.0,2.0,0.0,0.0,0.0,3.0,1.0,4,4,0.0,0.0,0.0,0.0,1950.0,2.0,7,0,0.0,2.0,2.0,1.0
9787,10,6,1015,1,1,1,1.0,5.0,76.0,850,3.0,2.0,0.0,0.0,0.0,3.0,1.0,4,4,0.0,0.0,0.0,0.0,1950.0,1.0,7,0,0.0,2.0,5.0,15.0
9788,10,6,1015,1,1,1,1.0,5.0,76.0,850,3.0,2.0,0.0,0.0,0.0,3.0,1.0,4,4,0.0,0.0,0.0,0.0,1950.0,2.0,7,0,0.0,2.0,1.0,1.0
9789,10,10,1800,1,1,1,1.0,7.0,272.0,850,3.0,2.0,2.0,0.0,1.0,2.0,1.0,1,4,9.0,0.0,0.0,0.0,1991.0,2.0,7,0,0.0,0.0,0.0,11.0
9790,12,15,1915,3,1,9,5.0,2.0,217.0,850,3.0,2.0,0.0,0.0,1.0,1.0,2.0,1,1,9.0,0.0,0.0,0.0,1957.0,2.0,7,0,0.0,2.0,1.0,1.0
9791,12,15,1915,3,1,9,5.0,2.0,217.0,850,3.0,2.0,0.0,0.0,1.0,1.0,2.0,1,1,9.0,0.0,0.0,0.0,1957.0,2.0,7,0,0.0,0.0,5.0,1.0
9792,12,15,1915,3,1,9,5.0,2.0,217.0,850,3.0,2.0,0.0,0.0,1.0,1.0,2.0,1,1,3.0,0.0,0.0,0.0,1986.0,2.0,7,0,0.0,2.0,1.0,1.0
9793,12,15,1915,3,1,9,5.0,2.0,217.0,850,3.0,2.0,0.0,0.0,1.0,1.0,2.0,1,1,3.0,0.0,0.0,0.0,1986.0,2.0,7,0,0.0,0.0,5.0,1.0
9794,8,3,1800,1,1,1,1.0,5.0,302.0,850,3.0,3.0,2.0,0.0,1.0,1.0,1.0,1,4,1.0,0.0,0.0,0.0,1991.0,1.0,7,0,0.0,2.0,3.0,1.0
9795,8,3,1800,1,1,1,1.0,5.0,302.0,850,3.0,3.0,2.0,0.0,1.0,1.0,1.0,1,4,1.0,0.0,0.0,0.0,1991.0,2.0,7,0,0.0,2.0,3.0,13.0
9796,8,3,1800,1,1,1,1.0,5.0,302.0,850,3.0,3.0,2.0,0.0,1.0,1.0,1.0,1,4,1.0,0.0,0.0,0.0,1991.0,1.0,7,0,0.0,2.0,3.0,1.0
9797,8,3,1800,1,1,1,1.0,5.0,302.0,850,3.0,3.0,2.0,0.0,1.0,1.0,1.0,1,4,4.0,0.0,0.0,0.0,1991.0,1.0,7,0,0.0,2.0,3.0,1.0
9798,8,3,1800,1,1,1,1.0,5.0,302.0,850,3.0,3.0,2.0,0.0,1.0,1.0,1.0,1,4,4.0,0.0,0.0,0.0,1991.0,2.0,7,0,0.0,2.0,3.0,13.0
9799,8,3,1800,1,1,1,1.0,5.0,302.0,850,3.0,3.0,2.0,0.0,1.0,1.0,1.0,1,4,4.0,0.0,0.0,0.0,1991.0,1.0,7,0,0.0,2.0,3.0,1.0
9800,8,3,1800,1,1,1,1.0,5.0,302.0,850,3.0,3.0,2.0,0.0,1.0,1.0,1.0,4,1,0.0,0.0,0.0,0.0,1997.0,1.0,7,0,0.0,2.0,3.0,1.0
9801,8,3,1800,1,1,1,1.0,5.0,302.0,850,3.0,3.0,2.0,0.0,1.0,1.0,1.0,4,1,0.0,0.0,0.0,0.0,1997.0,2.0,7,0,0.0,2.0,3.0,13.0
9802,8,3,1800,1,1,1,1.0,5.0,302.0,850,3.0,3.0,2.0,0.0,1.0,1.0,1.0,4,1,0.0,0.0,0.0,0.0,1997.0,1.0,7,0,0.0,2.0,3.0,1.0
9803,8,3,1800,1,1,1,1.0,5.0,302.0,850,3.0,3.0,2.0,0.0,1.0,1.0,1.0,4,4,0.0,0.0,0.0,0.0,2015.0,1.0,7,0,0.0,2.0,3.0,1.0
9804,8,3,1800,1,1,1,1.0,5.0,302.0,850,3.0,3.0,2.0,0.0,1.0,1.0,1.0,4,4,0.0,0.0,0.0,0.0,2015.0,2.0,7,0,0.0,2.0,3.0,13.0
9805,8,3,1800,1,1,1,1.0,5.0,302.0,850,3.0,3.0,2.0,0.0,1.0,1.0,1.0,4,4,0.0,0.0,0.0,0.0,2015.0,1.0,7,0,0.0,2.0,3.0,1.0
9806,8,3,1800,1,1,1,1.0,5.0,302.0,850,3.0,3.0,2.0,0.0,1.0,1.0,1.0,1,1,4.0,0.0,0.0,0.0,1933.0,1.0,7,0,0.0,2.0,3.0,1.0
9807,8,3,1800,1,1,1,1.0,5.0,302.0,850,3.0,3.0,2.0,0.0,1.0,1.0,1.0,1,1,4.0,0.0,0.0,0.0,1933.0,2.0,7,0,0.0,2.0,3.0,13.0
9808,8,3,1800,1,1,1,1.0,5.0,302.0,850,3.0,3.0,2.0,0.0,1.0,1.0,1.0,1,1,4.0,0.0,0.0,0.0,1933.0,1.0,7,0,0.0,2.0,3.0,1.0
9809,8,3,1800,1,1,1,1.0,5.0,302.0,850,3.0,3.0,2.0,0.0,1.0,1.0,1.0,4,4,0.0,0.0,0.0,0.0,1965.0,1.0,7,0,0.0,2.0,3.0,1.0
9810,8,3,1800,1,1,1,1.0,5.0,302.0,850,3.0,3.0,2.0,0.0,1.0,1.0,1.0,4,4,0.0,0.0,0.0,0.0,1965.0,2.0,7,0,0.0,2.0,3.0,13.0
9811,8,3,1800,1,1,1,1.0,5.0,302.0,850,3.0,3.0,2.0,0.0,1.0,1.0,1.0,4,4,0.0,0.0,0.0,0.0,1965.0,1.0,7,0,0.0,2.0,3.0,1.0
9812,10,1,1415,1,1,1,2.0,7.0,240.0,850,4.0,2.0,0.0,0.0,0.0,3.0,2.0,1,1,4.0,0.0,0.0,0.0,1966.0,0.0,31,0,0.0,0.0,8.0,1.0
9813,10,3,1215,1,1,1,1.0,3.0,119.0,850,4.0,2.0,0.0,0.0,1.0,1.0,1.0,1,1,4.0,0.0,0.0,0.0,1948.0,0.0,2,0,0.0,2.0,2.0,1.0
9814,10,3,1215,1,1,1,1.0,3.0,119.0,850,4.0,2.0,0.0,0.0,1.0,1.0,1.0,1,1,4.0,0.0,0.0,0.0,1948.0,0.0,21,0,0.0,2.0,3.0,15.0
9815,10,3,1215,1,1,1,1.0,3.0,119.0,850,4.0,2.0,0.0,0.0,1.0,1.0,1.0,1,1,2.0,0.0,0.0,0.0,1960.0,0.0,2,0,0.0,2.0,2.0,1.0
9816,10,3,1215,1,1,1,1.0,3.0,119.0,850,4.0,2.0,0.0,0.0,1.0,1.0,1.0,1,1,2.0,0.0,0.0,0.0,1960.0,0.0,21,0,0.0,2.0,3.0,15.0
9817,1,14,1630,2,1,1,1.0,3.0,178.0,850,4.0,2.0,1.0,0.0,2.0,1.0,1.0,1,1,0.0,0.0,0.0,0.0,1998.0,0.0,30,0,0.0,2.0,1.0,1.0
9818,1,14,1630,2,1,1,1.0,3.0,178.0,850,4.0,2.0,1.0,0.0,2.0,1.0,1.0,1,1,0.0,0.0,0.0,0.0,1998.0,0.0,10,0,0.0,2.0,7.0,19.0
9819,1,14,1630,2,1,1,1.0,3.0,178.0,850,4.0,2.0,1.0,0.0,2.0,1.0,1.0,1,1,0.0,0.0,0.0,0.0,1967.0,0.0,30,0,0.0,2.0,1.0,1.0
9820,1,14,1630,2,1,1,1.0,3.0,178.0,850,4.0,2.0,1.0,0.0,2.0,1.0,1.0,1,1,0.0,0.0,0.0,0.0,1967.0,0.0,10,0,0.0,2.0,7.0,19.0
9821,1,26,700,5,2,1,5.0,3.0,19.0,850,3.0,2.0,2.0,0.0,1.0,1.0,1.0,1,1,1.0,0.0,0.0,0.0,1971.0,1.0,7,0,0.0,2.0,8.0,19.0
9822,1,26,700,5,2,1,5.0,3.0,19.0,850,3.0,2.0,2.0,0.0,1.0,1.0,1.0,1,1,1.0,0.0,0.0,0.0,1971.0,2.0,33,0,0.0,2.0,1.0,1.0
9823,1,26,700,5,2,1,5.0,3.0,19.0,850,3.0,2.0,2.0,0.0,1.0,1.0,1.0,1,1,1.0,0.0,0.0,0.0,1961.0,1.0,7,0,0.0,2.0,8.0,19.0
9824,1,26,700,5,2,1,5.0,3.0,19.0,850,3.0,2.0,2.0,0.0,1.0,1.0,1.0,1,1,1.0,0.0,0.0,0.0,1961.0,2.0,33,0,0.0,2.0,1.0,1.0
9825,2,11,1030,1,2,7,7.0,6.0,3.0,850,6.0,0.0,0.0,0.0,1.0,0.0,1.0,1,1,3.0,0.0,0.0,0.0,1943.0,0.0,7,0,0.0,1.0,1.0,16.0
9826,2,11,1030,1,2,7,7.0,6.0,3.0,850,6.0,0.0,0.0,0.0,1.0,0.0,1.0,3,4,3.0,0.0,3.0,1.0,1950.0,0.0,7,0,0.0,1.0,1.0,16.0
9827,2,28,2215,3,1,1,1.0,2.0,19.0,850,3.0,3.0,4.0,0.0,1.0,2.0,1.0,1,1,4.0,0.0,0.0,0.0,1996.0,1.0,7,0,0.0,0.0,3.0,2.0
9828,2,28,2215,3,1,1,1.0,2.0,19.0,850,3.0,3.0,4.0,0.0,1.0,2.0,1.0,1,1,4.0,0.0,0.0,0.0,1996.0,1.0,7,0,0.0,0.0,5.0,2.0
9829,2,28,2215,3,1,1,1.0,2.0,19.0,850,3.0,3.0,4.0,0.0,1.0,2.0,1.0,1,4,4.0,0.0,0.0,0.0,1997.0,1.0,7,0,0.0,0.0,3.0,2.0
9830,2,28,2215,3,1,1,1.0,2.0,19.0,850,3.0,3.0,4.0,0.0,1.0,2.0,1.0,1,4,4.0,0.0,0.0,0.0,1997.0,1.0,7,0,0.0,0.0,5.0,2.0
9831,3,21,830,1,1,1,1.0,3.0,178.0,850,4.0,2.0,0.0,0.0,1.0,1.0,1.0,1,1,3.0,0.0,0.0,0.0,1964.0,0.0,7,0,0.0,2.0,6.0,15.0
9832,3,21,830,1,1,1,1.0,3.0,178.0,850,4.0,2.0,0.0,0.0,1.0,1.0,1.0,1,1,3.0,0.0,0.0,0.0,1964.0,0.0,33,0,0.0,2.0,1.0,0.0
9833,3,21,830,1,1,1,1.0,3.0,178.0,850,4.0,2.0,0.0,0.0,1.0,1.0,1.0,1,1,1.0,0.0,0.0,0.0,1998.0,0.0,7,0,0.0,2.0,6.0,15.0
9834,3,21,830,1,1,1,1.0,3.0,178.0,850,4.0,2.0,0.0,0.0,1.0,1.0,1.0,1,1,1.0,0.0,0.0,0.0,1998.0,0.0,33,0,0.0,2.0,1.0,0.0
9835,3,25,1130,1,2,9,1.0,3.0,3.0,850,3.0,3.0,0.0,0.0,0.0,0.0,0.0,1,4,0.0,0.0,0.0,0.0,1997.0,1.0,7,0,0.0,0.0,0.0,0.0
9836,3,25,1130,1,2,9,1.0,3.0,3.0,850,3.0,3.0,0.0,0.0,0.0,0.0,0.0,1,4,0.0,0.0,0.0,0.0,1997.0,1.0,7,0,0.0,0.0,0.0,0.0
9837,3,25,1130,1,2,9,1.0,3.0,3.0,850,3.0,3.0,0.0,0.0,0.0,0.0,0.0,1,1,0.0,0.0,0.0,0.0,1952.0,1.0,7,0,0.0,0.0,0.0,0.0
9838,3,25,1130,1,2,9,1.0,3.0,3.0,850,3.0,3.0,0.0,0.0,0.0,0.0,0.0,1,1,0.0,0.0,0.0,0.0,1952.0,1.0,7,0,0.0,0.0,0.0,0.0
9839,3,25,1130,1,2,9,1.0,3.0,3.0,850,3.0,3.0,0.0,0.0,0.0,0.0,0.0,4,1,0.0,0.0,0.0,0.0,1955.0,1.0,7,0,0.0,0.0,0.0,0.0
9840,3,25,1130,1,2,9,1.0,3.0,3.0,850,3.0,3.0,0.0,0.0,0.0,0.0,0.0,4,1,0.0,0.0,0.0,0.0,1955.0,1.0,7,0,0.0,0.0,0.0,0.0
9841,3,25,1130,1,2,9,1.0,3.0,3.0,850,3.0,3.0,0.0,0.0,0.0,0.0,0.0,4,4,0.0,0.0,0.0,0.0,1955.0,1.0,7,0,0.0,0.0,0.0,0.0
9842,3,25,1130,1,2,9,1.0,3.0,3.0,850,3.0,3.0,0.0,0.0,0.0,0.0,0.0,4,4,0.0,0.0,0.0,0.0,1955.0,1.0,7,0,0.0,0.0,0.0,0.0
9843,4,10,450,3,1,1,1.0,6.0,3.0,850,3.0,3.0,0.0,0.0,1.0,1.0,1.0,1,4,4.0,0.0,0.0,0.0,1988.0,1.0,7,0,0.0,1.0,2.0,2.0
9844,4,10,450,3,1,1,1.0,6.0,3.0,850,3.0,3.0,0.0,0.0,1.0,1.0,1.0,3,1,4.0,1.0,1.0,1.0,1992.0,1.0,7,0,0.0,1.0,2.0,2.0
9845,4,24,1545,1,2,1,1.0,7.0,300.0,850,4.0,2.0,0.0,0.0,1.0,1.0,1.0,1,1,4.0,0.0,0.0,0.0,2000.0,0.0,30,0,12.0,0.0,7.0,1.0
9846,5,3,1000,1,1,9,1.0,3.0,3.0,850,4.0,2.0,0.0,0.0,3.0,1.0,1.0,1,4,2.0,0.0,0.0,0.0,1961.0,0.0,7,0,0.0,2.0,8.0,1.0
9847,5,3,1000,1,1,9,1.0,3.0,3.0,850,4.0,2.0,0.0,0.0,3.0,1.0,1.0,1,4,2.0,0.0,0.0,0.0,1961.0,0.0,1,0,0.0,2.0,7.0,19.0
9848,5,3,1000,1,1,9,1.0,3.0,3.0,850,4.0,2.0,0.0,0.0,3.0,1.0,1.0,1,1,4.0,0.0,0.0,0.0,1952.0,0.0,7,0,0.0,2.0,8.0,1.0
9849,5,3,1000,1,1,9,1.0,3.0,3.0,850,4.0,2.0,0.0,0.0,3.0,1.0,1.0,1,1,4.0,0.0,0.0,0.0,1952.0,0.0,1,0,0.0,2.0,7.0,19.0
9850,6,13,1445,1,1,1,3.0,6.0,178.0,850,3.0,2.0,2.0,0.0,1.0,3.0,2.0,1,4,4.0,0.0,0.0,0.0,1998.0,2.0,7,0,6.0,0.0,7.0,1.0
9851,6,13,1445,1,1,1,3.0,6.0,178.0,850,3.0,2.0,2.0,0.0,1.0,3.0,2.0,4,1,0.0,0.0,0.0,0.0,1997.0,2.0,7,0,6.0,0.0,7.0,1.0
9852,8,9,900,1,2,6,7.0,1.0,3.0,850,4.0,1.0,1.0,0.0,0.0,0.0,1.0,1,1,4.0,0.0,0.0,0.0,1944.0,0.0,1,0,0.0,2.0,7.0,2.0
9853,8,9,900,1,2,6,7.0,1.0,3.0,850,4.0,1.0,1.0,0.0,0.0,0.0,1.0,1,1,4.0,0.0,0.0,0.0,1944.0,0.0,7,0,0.0,9.0,8.0,2.0
9854,8,9,900,1,2,6,7.0,1.0,3.0,850,4.0,1.0,1.0,0.0,0.0,0.0,1.0,1,4,3.0,0.0,0.0,0.0,1973.0,0.0,1,0,0.0,2.0,7.0,2.0
9855,8,9,900,1,2,6,7.0,1.0,3.0,850,4.0,1.0,1.0,0.0,0.0,0.0,1.0,1,4,3.0,0.0,0.0,0.0,1973.0,0.0,7,0,0.0,9.0,8.0,2.0
9856,8,29,25,3,1,1,1.0,6.0,129.0,850,3.0,2.0,0.0,0.0,1.0,1.0,1.0,1,1,4.0,0.0,0.0,0.0,1994.0,1.0,7,0,2.0,0.0,1.0,1.0
9857,9,8,1645,1,1,1,1.0,1.0,19.0,850,3.0,2.0,2.0,0.0,0.0,1.0,1.0,1,4,0.0,0.0,0.0,0.0,2006.0,1.0,1,0,0.0,2.0,1.0,16.0
9858,9,8,1645,1,1,1,1.0,1.0,19.0,850,3.0,2.0,2.0,0.0,0.0,1.0,1.0,1,4,0.0,0.0,0.0,0.0,2006.0,1.0,7,0,0.0,9.0,3.0,0.0
9859,9,8,1645,1,1,1,1.0,1.0,19.0,850,3.0,2.0,2.0,0.0,0.0,1.0,1.0,1,4,3.0,0.0,0.0,0.0,1959.0,1.0,1,0,0.0,2.0,1.0,16.0
9860,9,8,1645,1,1,1,1.0,1.0,19.0,850,3.0,2.0,2.0,0.0,0.0,1.0,1.0,1,4,3.0,0.0,0.0,0.0,1959.0,1.0,7,0,0.0,9.0,3.0,0.0
9861,9,9,915,2,1,1,7.0,1.0,300.0,850,4.0,2.0,1.0,0.0,0.0,3.0,1.0,1,1,4.0,0.0,0.0,0.0,1947.0,0.0,1,0,0.0,2.0,1.0,1.0
9862,9,9,915,2,1,1,7.0,1.0,300.0,850,4.0,2.0,1.0,0.0,0.0,3.0,1.0,1,1,4.0,0.0,0.0,0.0,1947.0,0.0,7,0,0.0,2.0,1.0,1.0
9863,9,9,915,2,1,1,7.0,1.0,300.0,850,4.0,2.0,1.0,0.0,0.0,3.0,1.0,1,4,4.0,0.0,0.0,0.0,1971.0,0.0,1,0,0.0,2.0,1.0,1.0
9864,9,9,915,2,1,1,7.0,1.0,300.0,850,4.0,2.0,1.0,0.0,0.0,3.0,1.0,1,4,4.0,0.0,0.0,0.0,1971.0,0.0,7,0,0.0,2.0,1.0,1.0
9865,9,20,2015,2,1,1,1.0,5.0,300.0,850,3.0,2.0,2.0,0.0,0.0,0.0,0.0,1,1,0.0,0.0,0.0,0.0,1994.0,1.0,7,0,0.0,0.0,0.0,0.0
9866,9,20,2015,2,1,1,1.0,5.0,300.0,850,3.0,2.0,2.0,0.0,0.0,0.0,0.0,1,1,0.0,0.0,0.0,0.0,1994.0,1.0,7,0,0.0,0.0,7.0,0.0
9867,9,20,2015,2,1,1,1.0,5.0,300.0,850,3.0,2.0,2.0,0.0,0.0,0.0,0.0,1,1,0.0,0.0,0.0,0.0,1994.0,1.0,7,0,0.0,0.0,3.0,0.0
9868,9,20,2015,2,1,1,1.0,5.0,300.0,850,3.0,2.0,2.0,0.0,0.0,0.0,0.0,1,4,4.0,0.0,0.0,0.0,1968.0,1.0,7,0,0.0,0.0,0.0,0.0
9869,9,20,2015,2,1,1,1.0,5.0,300.0,850,3.0,2.0,2.0,0.0,0.0,0.0,0.0,1,4,4.0,0.0,0.0,0.0,1968.0,1.0,7,0,0.0,0.0,7.0,0.0