,month,day,time,light,location,intersection,atmosphere,collision,municipality,department,road,traffic,nblanes,reslane,laneprofile,plan,surface,user,sex,route,pedlocation,pedaction,pedcondition,birth,dirtraffic,catvehicle,nboccupants,obstacle,movobstacle,impact,maneuver
9870,9,20,2015,2,1,1,1.0,5.0,300.0,850,3.0,2.0,2.0,0.0,0.0,0.0,0.0,1,4,4.0,0.0,0.0,0.0,1968.0,1.0,7,0,0.0,0.0,3.0,0.0
9871,9,20,2015,2,1,1,1.0,5.0,300.0,850,3.0,2.0,2.0,0.0,0.0,0.0,0.0,1,1,4.0,0.0,0.0,0.0,1991.0,1.0,7,0,0.0,0.0,0.0,0.0
9872,9,20,2015,2,1,1,1.0,5.0,300.0,850,3.0,2.0,2.0,0.0,0.0,0.0,0.0,1,1,4.0,0.0,0.0,0.0,1991.0,1.0,7,0,0.0,0.0,7.0,0.0
9873,9,20,2015,2,1,1,1.0,5.0,300.0,850,3.0,2.0,2.0,0.0,0.0,0.0,0.0,1,1,4.0,0.0,0.0,0.0,1991.0,1.0,7,0,0.0,0.0,3.0,0.0
9874,10,6,1845,1,1,2,1.0,3.0,3.0,850,3.0,1.0,2.0,0.0,1.0,1.0,1.0,1,1,1.0,0.0,0.0,0.0,1987.0,2.0,7,0,0.0,2.0,1.0,1.0
9875,10,6,1845,1,1,2,1.0,3.0,3.0,850,3.0,1.0,2.0,0.0,1.0,1.0,1.0,1,1,1.0,0.0,0.0,0.0,1987.0,1.0,7,0,0.0,2.0,7.0,1.0
9876,10,6,1845,1,1,2,1.0,3.0,3.0,850,3.0,1.0,2.0,0.0,1.0,1.0,1.0,1,1,1.0,0.0,0.0,0.0,1982.0,2.0,7,0,0.0,2.0,1.0,1.0
9877,10,6,1845,1,1,2,1.0,3.0,3.0,850,3.0,1.0,2.0,0.0,1.0,1.0,1.0,1,1,1.0,0.0,0.0,0.0,1982.0,1.0,7,0,0.0,2.0,7.0,1.0
9878,10,13,1700,1,1,1,1.0,3.0,300.0,850,3.0,2.0,0.0,0.0,1.0,1.0,1.0,1,1,4.0,0.0,0.0,0.0,1972.0,2.0,33,0,0.0,0.0,0.0,0.0
9879,10,13,1700,1,1,1,1.0,3.0,300.0,850,3.0,2.0,0.0,0.0,1.0,1.0,1.0,1,1,4.0,0.0,0.0,0.0,1972.0,2.0,7,0,0.0,0.0,7.0,15.0
9880,10,13,1700,1,1,1,1.0,3.0,300.0,850,3.0,2.0,0.0,0.0,1.0,1.0,1.0,1,4,4.0,0.0,0.0,0.0,1950.0,2.0,33,0,0.0,0.0,0.0,0.0
9881,10,13,1700,1,1,1,1.0,3.0,300.0,850,3.0,2.0,0.0,0.0,1.0,1.0,1.0,1,4,4.0,0.0,0.0,0.0,1950.0,2.0,7,0,0.0,0.0,7.0,15.0
9882,10,13,1700,1,1,1,1.0,3.0,300.0,850,3.0,2.0,0.0,0.0,1.0,1.0,1.0,4,1,0.0,0.0,0.0,0.0,2006.0,2.0,33,0,0.0,0.0,0.0,0.0
9883,10,13,1700,1,1,1,1.0,3.0,300.0,850,3.0,2.0,0.0,0.0,1.0,1.0,1.0,4,1,0.0,0.0,0.0,0.0,2006.0,2.0,7,0,0.0,0.0,7.0,15.0
9884,11,8,1530,1,2,1,1.0,6.0,3.0,850,3.0,2.0,0.0,0.0,1.0,3.0,1.0,1,1,2.0,0.0,0.0,0.0,1985.0,2.0,10,0,0.0,1.0,0.0,0.0
9885,11,8,1530,1,2,1,1.0,6.0,3.0,850,3.0,2.0,0.0,0.0,1.0,3.0,1.0,3,4,4.0,4.0,9.0,4.0,1943.0,2.0,10,0,0.0,1.0,0.0,0.0
9886,12,25,1900,3,1,6,1.0,6.0,19.0,850,3.0,0.0,2.0,0.0,1.0,1.0,1.0,1,1,4.0,0.0,0.0,0.0,1964.0,2.0,7,0,13.0,0.0,1.0,1.0
9887,12,25,1900,3,1,6,1.0,6.0,19.0,850,3.0,0.0,2.0,0.0,1.0,1.0,1.0,4,1,0.0,0.0,0.0,0.0,1933.0,2.0,7,0,13.0,0.0,1.0,1.0
9888,12,25,1900,3,1,6,1.0,6.0,19.0,850,3.0,0.0,2.0,0.0,1.0,1.0,1.0,4,1,0.0,0.0,0.0,0.0,1998.0,2.0,7,0,13.0,0.0,1.0,1.0
9889,12,27,1315,1,2,1,1.0,6.0,155.0,850,4.0,2.0,2.0,0.0,0.0,3.0,1.0,1,4,4.0,0.0,0.0,0.0,2002.0,0.0,30,0,9.0,0.0,2.0,1.0
9890,12,27,1315,1,2,1,1.0,6.0,155.0,850,4.0,2.0,2.0,0.0,0.0,3.0,1.0,4,4,0.0,0.0,0.0,0.0,2002.0,0.0,30,0,9.0,0.0,2.0,1.0
9891,5,5,1800,1,2,1,1.0,6.0,126.0,850,3.0,2.0,0.0,0.0,2.0,1.0,1.0,1,1,4.0,0.0,0.0,0.0,1993.0,1.0,33,0,14.0,0.0,1.0,1.0
9892,5,5,1800,1,2,1,1.0,6.0,126.0,850,3.0,2.0,0.0,0.0,2.0,1.0,1.0,4,4,0.0,0.0,0.0,0.0,1994.0,1.0,33,0,14.0,0.0,1.0,1.0
9893,7,22,1545,1,1,1,7.0,1.0,92.0,850,3.0,2.0,0.0,0.0,1.0,1.0,1.0,1,4,4.0,0.0,0.0,0.0,1956.0,1.0,7,0,0.0,2.0,1.0,13.0
9894,7,22,1545,1,1,1,7.0,1.0,92.0,850,3.0,2.0,0.0,0.0,1.0,1.0,1.0,1,4,4.0,0.0,0.0,0.0,1956.0,2.0,7,0,0.0,2.0,1.0,1.0
9895,7,22,1545,1,1,1,7.0,1.0,92.0,850,3.0,2.0,0.0,0.0,1.0,1.0,1.0,1,4,4.0,0.0,0.0,0.0,1953.0,1.0,7,0,0.0,2.0,1.0,13.0
9896,7,22,1545,1,1,1,7.0,1.0,92.0,850,3.0,2.0,0.0,0.0,1.0,1.0,1.0,1,4,4.0,0.0,0.0,0.0,1953.0,2.0,7,0,0.0,2.0,1.0,1.0
9897,10,10,700,3,1,1,1.0,3.0,299.0,850,3.0,2.0,0.0,0.0,1.0,1.0,1.0,1,1,1.0,0.0,0.0,0.0,1970.0,1.0,7,0,0.0,2.0,3.0,10.0
9898,10,10,700,3,1,1,1.0,3.0,299.0,850,3.0,2.0,0.0,0.0,1.0,1.0,1.0,1,1,1.0,0.0,0.0,0.0,1970.0,2.0,7,0,0.0,2.0,1.0,1.0
9899,10,10,700,3,1,1,1.0,3.0,299.0,850,3.0,2.0,0.0,0.0,1.0,1.0,1.0,1,4,4.0,0.0,0.0,0.0,1997.0,1.0,7,0,0.0,2.0,3.0,10.0
9900,10,10,700,3,1,1,1.0,3.0,299.0,850,3.0,2.0,0.0,0.0,1.0,1.0,1.0,1,4,4.0,0.0,0.0,0.0,1997.0,2.0,7,0,0.0,2.0,1.0,1.0
9901,12,24,230,5,2,1,1.0,6.0,92.0,850,9.0,2.0,0.0,0.0,1.0,1.0,2.0,1,1,4.0,0.0,0.0,0.0,1993.0,0.0,7,0,0.0,1.0,3.0,1.0
9902,12,24,230,5,2,1,1.0,6.0,92.0,850,9.0,2.0,0.0,0.0,1.0,1.0,2.0,3,1,4.0,4.0,0.0,4.0,1993.0,0.0,7,0,0.0,1.0,3.0,1.0
9903,12,24,230,5,2,1,1.0,6.0,92.0,850,9.0,2.0,0.0,0.0,1.0,1.0,2.0,3,1,4.0,4.0,0.0,4.0,1993.0,0.0,7,0,0.0,1.0,3.0,1.0
9904,12,24,230,5,2,1,1.0,6.0,92.0,850,9.0,2.0,0.0,0.0,1.0,1.0,2.0,3,1,4.0,4.0,0.0,4.0,1993.0,0.0,7,0,0.0,1.0,3.0,1.0
9905,12,29,1945,5,2,1,1.0,3.0,92.0,850,4.0,2.0,0.0,0.0,1.0,1.0,1.0,1,4,4.0,0.0,0.0,0.0,1990.0,0.0,7,0,0.0,2.0,3.0,9.0
9906,12,29,1945,5,2,1,1.0,3.0,92.0,850,4.0,2.0,0.0,0.0,1.0,1.0,1.0,1,4,4.0,0.0,0.0,0.0,1990.0,0.0,33,0,0.0,2.0,1.0,1.0
9907,12,29,1945,5,2,1,1.0,3.0,92.0,850,4.0,2.0,0.0,0.0,1.0,1.0,1.0,1,1,4.0,0.0,0.0,0.0,1977.0,0.0,7,0,0.0,2.0,3.0,9.0
9908,12,29,1945,5,2,1,1.0,3.0,92.0,850,4.0,2.0,0.0,0.0,1.0,1.0,1.0,1,1,4.0,0.0,0.0,0.0,1977.0,0.0,33,0,0.0,2.0,1.0,1.0
9909,4,13,1345,1,2,1,1.0,1.0,128.0,850,4.0,1.0,0.0,0.0,0.0,1.0,1.0,1,4,0.0,0.0,0.0,0.0,1941.0,0.0,7,0,0.0,0.0,8.0,24.0
9910,4,13,1345,1,2,1,1.0,1.0,128.0,850,4.0,1.0,0.0,0.0,0.0,1.0,1.0,1,4,0.0,0.0,0.0,0.0,1941.0,0.0,1,0,1.0,0.0,0.0,21.0
9911,4,13,1345,1,2,1,1.0,1.0,128.0,850,4.0,1.0,0.0,0.0,0.0,1.0,1.0,1,1,4.0,0.0,0.0,0.0,1934.0,0.0,7,0,0.0,0.0,8.0,24.0
9912,4,13,1345,1,2,1,1.0,1.0,128.0,850,4.0,1.0,0.0,0.0,0.0,1.0,1.0,1,1,4.0,0.0,0.0,0.0,1934.0,0.0,1,0,1.0,0.0,0.0,21.0
9913,5,13,1530,1,1,1,1.0,7.0,255.0,850,3.0,2.0,1.0,0.0,3.0,1.0,1.0,1,1,4.0,0.0,0.0,0.0,1926.0,1.0,7,0,0.0,0.0,1.0,1.0
9914,5,16,530,2,2,1,1.0,6.0,255.0,850,3.0,2.0,0.0,0.0,0.0,3.0,1.0,1,1,4.0,0.0,0.0,0.0,1989.0,2.0,7,0,6.0,0.0,1.0,1.0
9915,5,16,530,2,2,1,1.0,6.0,255.0,850,3.0,2.0,0.0,0.0,0.0,3.0,1.0,4,1,0.0,0.0,0.0,0.0,1990.0,2.0,7,0,6.0,0.0,1.0,1.0
9916,7,2,1600,1,1,1,1.0,1.0,128.0,850,4.0,2.0,2.0,0.0,2.0,2.0,1.0,1,1,4.0,0.0,0.0,0.0,1996.0,1.0,10,0,0.0,2.0,1.0,1.0
9917,7,2,1600,1,1,1,1.0,1.0,128.0,850,4.0,2.0,2.0,0.0,2.0,2.0,1.0,1,1,4.0,0.0,0.0,0.0,1996.0,2.0,2,0,0.0,2.0,1.0,1.0
9918,7,2,1600,1,1,1,1.0,1.0,128.0,850,4.0,2.0,2.0,0.0,2.0,2.0,1.0,1,1,4.0,0.0,0.0,0.0,2001.0,1.0,10,0,0.0,2.0,1.0,1.0
9919,7,2,1600,1,1,1,1.0,1.0,128.0,850,4.0,2.0,2.0,0.0,2.0,2.0,1.0,1,1,4.0,0.0,0.0,0.0,2001.0,2.0,2,0,0.0,2.0,1.0,1.0
9920,7,8,1215,1,1,1,1.0,2.0,216.0,850,3.0,3.0,0.0,0.0,0.0,1.0,1.0,1,4,4.0,0.0,0.0,0.0,1994.0,1.0,7,0,0.0,0.0,4.0,1.0
9921,7,8,1215,1,1,1,1.0,2.0,216.0,850,3.0,3.0,0.0,0.0,0.0,1.0,1.0,1,4,4.0,0.0,0.0,0.0,1994.0,1.0,7,0,0.0,2.0,1.0,1.0
9922,7,8,1215,1,1,1,1.0,2.0,216.0,850,3.0,3.0,0.0,0.0,0.0,1.0,1.0,4,4,0.0,0.0,0.0,0.0,1969.0,1.0,7,0,0.0,0.0,4.0,1.0
9923,7,8,1215,1,1,1,1.0,2.0,216.0,850,3.0,3.0,0.0,0.0,0.0,1.0,1.0,4,4,0.0,0.0,0.0,0.0,1969.0,1.0,7,0,0.0,2.0,1.0,1.0
9924,7,8,1215,1,1,1,1.0,2.0,216.0,850,3.0,3.0,0.0,0.0,0.0,1.0,1.0,1,4,4.0,0.0,0.0,0.0,1935.0,1.0,7,0,0.0,0.0,4.0,1.0
9925,7,8,1215,1,1,1,1.0,2.0,216.0,850,3.0,3.0,0.0,0.0,0.0,1.0,1.0,1,4,4.0,0.0,0.0,0.0,1935.0,1.0,7,0,0.0,2.0,1.0,1.0
9926,8,11,1710,1,1,1,1.0,6.0,104.0,850,3.0,2.0,2.0,0.0,0.0,2.0,1.0,1,1,0.0,0.0,0.0,0.0,1958.0,2.0,31,0,13.0,0.0,1.0,0.0
9927,10,4,1145,1,2,1,1.0,6.0,128.0,850,4.0,2.0,0.0,0.0,1.0,1.0,1.0,1,1,4.0,0.0,0.0,0.0,1959.0,1.0,33,0,0.0,1.0,1.0,17.0
9928,10,4,1145,1,2,1,1.0,6.0,128.0,850,4.0,2.0,0.0,0.0,1.0,1.0,1.0,3,4,4.0,2.0,3.0,1.0,1948.0,1.0,33,0,0.0,1.0,1.0,17.0
9929,12,19,645,3,1,1,1.0,7.0,185.0,850,4.0,2.0,1.0,0.0,1.0,1.0,0.0,1,1,4.0,0.0,0.0,0.0,1964.0,0.0,7,0,16.0,0.0,2.0,1.0
9930,8,7,830,1,2,1,1.0,7.0,168.0,850,3.0,2.0,1.0,0.0,0.0,0.0,1.0,1,1,4.0,0.0,0.0,0.0,1998.0,1.0,30,0,0.0,0.0,1.0,1.0
9931,9,6,1715,1,1,1,1.0,6.0,143.0,850,3.0,2.0,2.0,0.0,0.0,3.0,1.0,1,1,4.0,0.0,0.0,0.0,1988.0,2.0,7,0,2.0,0.0,1.0,1.0
9932,10,16,1245,1,1,1,1.0,7.0,92.0,850,3.0,2.0,2.0,0.0,1.0,2.0,1.0,1,1,4.0,0.0,0.0,0.0,1987.0,1.0,33,0,0.0,0.0,9.0,1.0
9933,11,21,1345,1,1,1,1.0,1.0,94.0,850,3.0,2.0,2.0,0.0,1.0,3.0,1.0,1,4,1.0,0.0,0.0,0.0,1964.0,1.0,7,0,0.0,2.0,3.0,1.0
9934,11,21,1345,1,1,1,1.0,1.0,94.0,850,3.0,2.0,2.0,0.0,1.0,3.0,1.0,1,4,1.0,0.0,0.0,0.0,1964.0,2.0,7,0,0.0,2.0,1.0,1.0
9935,11,21,1345,1,1,1,1.0,1.0,94.0,850,3.0,2.0,2.0,0.0,1.0,3.0,1.0,1,4,4.0,0.0,0.0,0.0,1949.0,1.0,7,0,0.0,2.0,3.0,1.0
9936,11,21,1345,1,1,1,1.0,1.0,94.0,850,3.0,2.0,2.0,0.0,1.0,3.0,1.0,1,4,4.0,0.0,0.0,0.0,1949.0,2.0,7,0,0.0,2.0,1.0,1.0
9937,11,25,1030,1,1,1,2.0,3.0,265.0,850,3.0,2.0,0.0,0.0,0.0,1.0,2.0,1,4,1.0,0.0,0.0,0.0,1990.0,2.0,7,0,0.0,2.0,2.0,19.0
9938,11,25,1030,1,1,1,2.0,3.0,265.0,850,3.0,2.0,0.0,0.0,0.0,1.0,2.0,1,4,1.0,0.0,0.0,0.0,1990.0,1.0,7,0,0.0,2.0,1.0,1.0
9939,11,25,1030,1,1,1,2.0,3.0,265.0,850,3.0,2.0,0.0,0.0,0.0,1.0,2.0,1,1,1.0,0.0,0.0,0.0,1983.0,2.0,7,0,0.0,2.0,2.0,19.0
9940,11,25,1030,1,1,1,2.0,3.0,265.0,850,3.0,2.0,0.0,0.0,0.0,1.0,2.0,1,1,1.0,0.0,0.0,0.0,1983.0,1.0,7,0,0.0,2.0,1.0,1.0
9941,12,17,115,3,1,1,1.0,6.0,28.0,850,4.0,2.0,0.0,0.0,1.0,2.0,1.0,1,1,4.0,0.0,0.0,0.0,1975.0,0.0,7,0,2.0,0.0,1.0,1.0
9942,3,10,1400,1,1,2,1.0,3.0,14.0,850,3.0,2.0,2.0,0.0,0.0,1.0,1.0,1,4,4.0,0.0,0.0,0.0,2000.0,1.0,30,0,0.0,2.0,7.0,1.0
9943,3,10,1400,1,1,2,1.0,3.0,14.0,850,3.0,2.0,2.0,0.0,0.0,1.0,1.0,1,4,4.0,0.0,0.0,0.0,2000.0,1.0,7,0,0.0,2.0,1.0,1.0
9944,3,10,1400,1,1,2,1.0,3.0,14.0,850,3.0,2.0,2.0,0.0,0.0,1.0,1.0,1,1,4.0,0.0,0.0,0.0,1997.0,1.0,30,0,0.0,2.0,7.0,1.0
9945,3,10,1400,1,1,2,1.0,3.0,14.0,850,3.0,2.0,2.0,0.0,0.0,1.0,1.0,1,1,4.0,0.0,0.0,0.0,1997.0,1.0,7,0,0.0,2.0,1.0,1.0
9946,3,31,2145,5,2,1,1.0,1.0,254.0,850,3.0,2.0,0.0,0.0,0.0,3.0,1.0,1,1,1.0,0.0,0.0,0.0,1987.0,1.0,7,0,0.0,2.0,2.0,15.0
9947,3,31,2145,5,2,1,1.0,1.0,254.0,850,3.0,2.0,0.0,0.0,0.0,3.0,1.0,1,1,1.0,0.0,0.0,0.0,1987.0,2.0,30,0,0.0,2.0,1.0,1.0
9948,3,31,2145,5,2,1,1.0,1.0,254.0,850,3.0,2.0,0.0,0.0,0.0,3.0,1.0,1,1,9.0,0.0,0.0,0.0,1983.0,1.0,7,0,0.0,2.0,2.0,15.0
9949,3,31,2145,5,2,1,1.0,1.0,254.0,850,3.0,2.0,0.0,0.0,0.0,3.0,1.0,1,1,9.0,0.0,0.0,0.0,1983.0,2.0,30,0,0.0,2.0,1.0,1.0
9950,4,2,2045,3,1,1,1.0,1.0,229.0,850,3.0,2.0,2.0,0.0,0.0,1.0,1.0,1,4,4.0,0.0,0.0,0.0,1964.0,2.0,7,0,2.0,0.0,2.0,1.0
9951,4,2,2045,3,1,1,1.0,1.0,229.0,850,3.0,2.0,2.0,0.0,0.0,1.0,1.0,1,4,4.0,0.0,0.0,0.0,1964.0,2.0,7,0,2.0,0.0,1.0,1.0
9952,4,2,2045,3,1,1,1.0,1.0,229.0,850,3.0,2.0,2.0,0.0,0.0,1.0,1.0,1,1,4.0,0.0,0.0,0.0,1931.0,2.0,7,0,2.0,0.0,2.0,1.0
9953,4,2,2045,3,1,1,1.0,1.0,229.0,850,3.0,2.0,2.0,0.0,0.0,1.0,1.0,1,1,4.0,0.0,0.0,0.0,1931.0,2.0,7,0,2.0,0.0,1.0,1.0
9954,4,2,2045,3,1,1,1.0,1.0,229.0,850,3.0,2.0,2.0,0.0,0.0,1.0,1.0,4,4,0.0,0.0,0.0,0.0,1935.0,2.0,7,0,2.0,0.0,2.0,1.0
9955,4,2,2045,3,1,1,1.0,1.0,229.0,850,3.0,2.0,2.0,0.0,0.0,1.0,1.0,4,4,0.0,0.0,0.0,0.0,1935.0,2.0,7,0,2.0,0.0,1.0,1.0
9956,5,4,1830,1,1,1,1.0,1.0,289.0,850,4.0,2.0,2.0,0.0,2.0,4.0,1.0,1,1,0.0,0.0,0.0,0.0,1969.0,0.0,7,0,0.0,2.0,1.0,1.0
9957,5,4,1830,1,1,1,1.0,1.0,289.0,850,4.0,2.0,2.0,0.0,2.0,4.0,1.0,1,1,0.0,0.0,0.0,0.0,1969.0,0.0,10,0,0.0,2.0,1.0,1.0
9958,5,4,1830,1,1,1,1.0,1.0,289.0,850,4.0,2.0,2.0,0.0,2.0,4.0,1.0,1,1,1.0,0.0,0.0,0.0,1988.0,0.0,7,0,0.0,2.0,1.0,1.0
9959,5,4,1830,1,1,1,1.0,1.0,289.0,850,4.0,2.0,2.0,0.0,2.0,4.0,1.0,1,1,1.0,0.0,0.0,0.0,1988.0,0.0,10,0,0.0,2.0,1.0,1.0
9960,6,17,2145,2,1,1,1.0,3.0,145.0,850,3.0,2.0,2.0,0.0,1.0,1.0,1.0,1,1,4.0,0.0,0.0,0.0,1981.0,2.0,30,0,0.0,2.0,1.0,1.0
9961,6,17,2145,2,1,1,1.0,3.0,145.0,850,3.0,2.0,2.0,0.0,1.0,1.0,1.0,1,1,4.0,0.0,0.0,0.0,1981.0,2.0,10,0,0.0,2.0,3.0,19.0
9962,6,17,2145,2,1,1,1.0,3.0,145.0,850,3.0,2.0,2.0,0.0,1.0,1.0,1.0,1,1,2.0,0.0,0.0,0.0,1969.0,2.0,30,0,0.0,2.0,1.0,1.0
9963,6,17,2145,2,1,1,1.0,3.0,145.0,850,3.0,2.0,2.0,0.0,1.0,1.0,1.0,1,1,2.0,0.0,0.0,0.0,1969.0,2.0,10,0,0.0,2.0,3.0,19.0
9964,6,27,1800,1,2,1,1.0,1.0,182.0,850,3.0,2.0,2.0,0.0,0.0,1.0,1.0,1,4,4.0,0.0,0.0,0.0,1971.0,1.0,7,0,0.0,2.0,3.0,15.0
9965,6,27,1800,1,2,1,1.0,1.0,182.0,850,3.0,2.0,2.0,0.0,0.0,1.0,1.0,1,4,4.0,0.0,0.0,0.0,1971.0,2.0,7,0,0.0,2.0,3.0,1.0
9966,6,27,1800,1,2,1,1.0,1.0,182.0,850,3.0,2.0,2.0,0.0,0.0,1.0,1.0,1,4,0.0,0.0,0.0,0.0,1947.0,1.0,7,0,0.0,2.0,3.0,15.0
9967,6,27,1800,1,2,1,1.0,1.0,182.0,850,3.0,2.0,2.0,0.0,0.0,1.0,1.0,1,4,0.0,0.0,0.0,0.0,1947.0,2.0,7,0,0.0,2.0,3.0,1.0
9968,7,1,2130,2,1,1,2.0,7.0,37.0,850,4.0,0.0,0.0,0.0,0.0,1.0,2.0,1,1,4.0,0.0,0.0,0.0,1977.0,0.0,36,0,8.0,0.0,7.0,1.0
9969,7,27,2000,1,1,1,1.0,3.0,182.0,850,3.0,2.0,1.0,0.0,1.0,1.0,1.0,1,1,4.0,0.0,0.0,0.0,1990.0,2.0,30,0,0.0,2.0,3.0,10.0
9970,7,27,2000,1,1,1,1.0,3.0,182.0,850,3.0,2.0,1.0,0.0,1.0,1.0,1.0,1,1,4.0,0.0,0.0,0.0,1990.0,2.0,7,0,0.0,2.0,2.0,1.0
9971,7,27,2000,1,1,1,1.0,3.0,182.0,850,3.0,2.0,1.0,0.0,1.0,1.0,1.0,1,1,4.0,0.0,0.0,0.0,1998.0,2.0,30,0,0.0,2.0,3.0,10.0
9972,7,27,2000,1,1,1,1.0,3.0,182.0,850,3.0,2.0,1.0,0.0,1.0,1.0,1.0,1,1,4.0,0.0,0.0,0.0,1998.0,2.0,7,0,0.0,2.0,2.0,1.0
9973,8,3,2315,3,2,1,1.0,1.0,37.0,850,3.0,2.0,2.0,0.0,1.0,3.0,1.0,1,1,4.0,0.0,0.0,0.0,1996.0,2.0,7,0,0.0,2.0,8.0,1.0
9974,8,3,2315,3,2,1,1.0,1.0,37.0,850,3.0,2.0,2.0,0.0,1.0,3.0,1.0,1,1,4.0,0.0,0.0,0.0,1996.0,1.0,7,0,8.0,2.0,8.0,13.0
9975,8,3,2315,3,2,1,1.0,1.0,37.0,850,3.0,2.0,2.0,0.0,1.0,3.0,1.0,1,1,4.0,0.0,0.0,0.0,1968.0,2.0,7,0,0.0,2.0,8.0,1.0
9976,8,3,2315,3,2,1,1.0,1.0,37.0,850,3.0,2.0,2.0,0.0,1.0,3.0,1.0,1,1,4.0,0.0,0.0,0.0,1968.0,1.0,7,0,8.0,2.0,8.0,13.0
9977,9,5,950,1,2,1,1.0,6.0,41.0,850,3.0,2.0,2.0,0.0,1.0,4.0,1.0,1,1,4.0,0.0,0.0,0.0,1938.0,1.0,7,0,0.0,1.0,1.0,13.0
9978,9,5,950,1,2,1,1.0,6.0,41.0,850,3.0,2.0,2.0,0.0,1.0,4.0,1.0,3,4,4.0,6.0,9.0,3.0,1949.0,1.0,7,0,0.0,1.0,1.0,13.0
9979,9,5,950,1,2,1,1.0,6.0,41.0,850,3.0,2.0,2.0,0.0,1.0,4.0,1.0,3,4,4.0,6.0,9.0,3.0,1950.0,1.0,7,0,0.0,1.0,1.0,13.0
9980,9,5,950,1,2,1,1.0,6.0,41.0,850,3.0,2.0,2.0,0.0,1.0,4.0,1.0,3,1,4.0,6.0,9.0,3.0,1955.0,1.0,7,0,0.0,1.0,1.0,13.0
9981,9,16,1030,1,1,1,2.0,7.0,252.0,850,3.0,2.0,1.0,0.0,1.0,1.0,2.0,1,1,3.0,0.0,0.0,0.0,1931.0,1.0,7,0,2.0,0.0,7.0,1.0
9982,10,2,1400,1,1,1,1.0,3.0,67.0,850,3.0,2.0,2.0,0.0,0.0,1.0,1.0,1,1,4.0,0.0,0.0,0.0,1993.0,1.0,33,0,0.0,2.0,1.0,1.0
9983,10,2,1400,1,1,1,1.0,3.0,67.0,850,3.0,2.0,2.0,0.0,0.0,1.0,1.0,1,1,4.0,0.0,0.0,0.0,1993.0,2.0,7,0,0.0,2.0,8.0,15.0
9984,10,2,1400,1,1,1,1.0,3.0,67.0,850,3.0,2.0,2.0,0.0,0.0,1.0,1.0,1,1,4.0,0.0,0.0,0.0,1944.0,1.0,33,0,0.0,2.0,1.0,1.0
9985,10,2,1400,1,1,1,1.0,3.0,67.0,850,3.0,2.0,2.0,0.0,0.0,1.0,1.0,1,1,4.0,0.0,0.0,0.0,1944.0,2.0,7,0,0.0,2.0,8.0,15.0
9986,10,30,2000,3,1,1,1.0,7.0,5.0,850,3.0,2.0,0.0,0.0,1.0,1.0,1.0,1,1,4.0,0.0,0.0,0.0,1981.0,2.0,7,0,13.0,0.0,2.0,1.0
9987,12,2,2345,3,1,1,1.0,6.0,14.0,850,3.0,2.0,1.0,0.0,1.0,2.0,1.0,1,1,1.0,0.0,0.0,0.0,1997.0,1.0,7,0,13.0,0.0,1.0,14.0
9988,3,25,2210,3,1,1,8.0,6.0,237.0,850,3.0,2.0,2.0,0.0,1.0,1.0,2.0,1,1,9.0,0.0,0.0,0.0,1989.0,1.0,33,0,13.0,0.0,1.0,1.0
9989,8,17,1930,1,1,1,1.0,1.0,188.0,850,3.0,2.0,0.0,0.0,1.0,1.0,1.0,1,1,4.0,0.0,0.0,0.0,1946.0,1.0,7,0,0.0,2.0,3.0,13.0
9990,8,17,1930,1,1,1,1.0,1.0,188.0,850,3.0,2.0,0.0,0.0,1.0,1.0,1.0,1,1,4.0,0.0,0.0,0.0,1946.0,2.0,7,0,0.0,2.0,3.0,1.0
9991,8,17,1930,1,1,1,1.0,1.0,188.0,850,3.0,2.0,0.0,0.0,1.0,1.0,1.0,4,1,0.0,0.0,0.0,0.0,1987.0,1.0,7,0,0.0,2.0,3.0,13.0
9992,8,17,1930,1,1,1,1.0,1.0,188.0,850,3.0,2.0,0.0,0.0,1.0,1.0,1.0,4,1,0.0,0.0,0.0,0.0,1987.0,2.0,7,0,0.0,2.0,3.0,1.0
9993,8,17,1930,1,1,1,1.0,1.0,188.0,850,3.0,2.0,0.0,0.0,1.0,1.0,1.0,1,1,4.0,0.0,0.0,0.0,1991.0,1.0,7,0,0.0,2.0,3.0,13.0
9994,8,17,1930,1,1,1,1.0,1.0,188.0,850,3.0,2.0,0.0,0.0,1.0,1.0,1.0,1,1,4.0,0.0,0.0,0.0,1991.0,2.0,7,0,0.0,2.0,3.0,1.0
9995,8,17,1930,1,1,1,1.0,1.0,188.0,850,3.0,2.0,0.0,0.0,1.0,1.0,1.0,4,4,0.0,0.0,0.0,0.0,1967.0,1.0,7,0,0.0,2.0,3.0,13.0
9996,8,17,1930,1,1,1,1.0,1.0,188.0,850,3.0,2.0,0.0,0.0,1.0,1.0,1.0,4,4,0.0,0.0,0.0,0.0,1967.0,2.0,7,0,0.0,2.0,3.0,1.0
9997,8,17,1930,1,1,1,1.0,1.0,188.0,850,3.0,2.0,0.0,0.0,1.0,1.0,1.0,4,1,0.0,0.0,0.0,0.0,2003.0,1.0,7,0,0.0,2.0,3.0,13.0
9998,8,17,1930,1,1,1,1.0,1.0,188.0,850,3.0,2.0,0.0,0.0,1.0,1.0,1.0,4,1,0.0,0.0,0.0,0.0,2003.0,2.0,7,0,0.0,2.0,3.0,1.0
9999,9,6,1515,1,1,2,1.0,1.0,205.0,850,3.0,0.0,0.0,0.0,0.0,1.0,1.0,1,1,4.0,0.0,0.0,0.0,1937.0,1.0,3,0,0.0,2.0,7.0,1.0